0.03996,0.00014547,0.035588,0.020962,0.13443,0.0060781,0.064097,0.10109,0.051576,0.069072,1.0589e-06,0.028729,0.11681,0.039319,2.4632e-05,0.020761,0.079956,0.15105,0.097204,0.24893,0.00068413,0.056166,0.18344,0.083054,0.19494,0.14914,0.041714,0.069272,0.060982,0,0.068865,0.049507
0.12067,0.15172,0.12863,0.069372,0.19779,0.22598,0.026308,0.10939,0.092956,0.13571,0.072757,0.092293,0.01468,0.094774,0.11072,0.10642,0.055636,0.11199,0.028005,0.10808,0.13645,0.043597,0.03132,0.040596,0.012308,0.095225,0.062197,0.078565,0.077639,0.054231,0.014106,0.074676
0.064539,0.0094661,0.056711,0.1392,0.12529,0.057428,0.050602,0.05999,0.054594,0.15536,0.00023251,0.095245,0.041579,0.12048,0.025255,0.10376,0.13989,0.067817,0.13735,0.031842,0.15273,0.031829,0.075061,0.1461,0.158,0.042376,0.13556,0.042665,0.14353,0.14954,0.055881,0.14677
0.044751,0.0096373,0.016621,0.17916,0.083976,0.18511,0.10534,0.11543,0.12481,0.014507,0.014104,0.16657,0.013453,0.12256,0.024719,0.045653,0.022727,0.099323,0.061779,0.0045967,0.014346,0.057789,0.07442,0.026033,0.00012852,0.0056318,0.1718,0.071768,0.01618,0.19436,0.048681,0.041757
0.1938,0.090849,0.01007,0.27158,0.11886,0.13038,0.13918,0.12043,0.1375,0.15685,0.0062563,0.15672,0.077933,0.124,0.023139,0.21647,0.20086,0.059558,0.18203,0.12383,0.163,0.30983,0.25909,0.15972,0.11425,0.011292,0.18934,0.044657,0.22402,0.0011598,0.29736,0.21771
0.27861,0.49213,0.51302,0.23234,0.12796,0.26028,0.29738,0.1404,0.16664,0.14712,0.52644,0.16768,0.51083,0.094707,0.70331,0.1566,0.19121,0.061033,0.1702,0.11045,0.17493,0.3463,0.23335,0.18755,0.1189,0.4771,0.25105,0.41283,0.22395,0.2161,0.28494,0.17994
0.041621,0.014675,0.014005,0.033012,0.076872,0.060251,0.080755,0.1306,0.12014,0.012169,0.015619,0.14697,0.021532,0.13208,0.0055153,0.046975,0.016241,0.093375,0.04105,0.0072108,0.024907,0.056051,0.052731,0.016505,0.00077212,0.0097955,0.064948,0.072518,0.013673,0.064491,0.06713,0.03864
0.054697,0.018124,0.035891,0.031215,0.059659,0.034429,0.056045,0.058242,0.078138,0.15689,0.0089667,0.070705,0.039936,0.11625,0.00039821,0.090373,0.15444,0.098232,0.14401,0.023002,0.17178,0.030051,0.024006,0.1684,0.19358,0.064834,0.042911,0.041444,0.1214,0.21787,0.02205,0.13785
0.1297,0.21299,0.14636,0.0063741,0.045215,0.036736,0.04802,0.095431,0.11235,0.10854,0.31803,0.053067,0.02635,0.11927,0.074992,0.16537,0.054198,0.088532,0.026489,0.051645,0.14919,0.029051,0.014463,0.070716,0.021429,0.051944,0.015068,0.064408,0.053162,0.071659,0.048733,0.066741
0.031659,0.00026884,0.043093,0.016783,0.029957,0.003333,0.13227,0.068991,0.061292,0.043789,0.037589,0.02203,0.1369,0.036563,0.031929,0.047626,0.084843,0.16908,0.11187,0.29042,0.011989,0.039333,0.052125,0.10132,0.18571,0.092667,0.02542,0.10188,0.06546,0.03059,0.092247,0.046407
0.34329,0.052118,0.15542,0.15933,0.0059778,0.083986,0.25595,0.35904,0.49864,0.097013,0.048023,0.21343,0.10881,0.51528,0.15516,0.52275,0.47196,0.31506,0.50572,0.092409,0.20668,0.10223,0.16033,0.62016,0.030656,0.22996,0.097818,0.45282,0.42548,0.098739,0.70456,0.1441
0.11026,0.14425,0.26521,0.22905,0.042575,0.23038,0.040263,0.52547,0.048281,0.30142,0.28766,0.34552,0.28444,0.062694,0.22884,0.29754,0.15216,0.0662,0.056358,0.21419,0.35084,0.13078,0.30678,0.097552,0.39818,0.056781,0.24211,0.054596,0.077437,0.20865,0.21374,0.20329
0.17514,0.39791,0.3193,0.17313,0.25192,0.3083,0.032942,0.097812,0.096515,0.33337,0.65154,0.21423,0.00033866,0.12315,0.25248,0.15418,0.058979,0.066076,0.057666,0.5275,0.34293,0.27296,0.24812,0.17425,0.5573,0.0067291,0.11838,0.13498,0.085453,0.25769,0.059661,0.12692
0.18485,0.3345,0.23245,0.16241,0.53577,0.19557,0.0199,0.0011042,0.15353,0.23545,0.010907,0.10934,0.20126,0.15293,0.219,0.022658,0.12491,0.36503,0.083784,0.12181,0.085638,0.28983,0.070001,0.076911,0.011207,0.0034167,0.15836,0.14429,0.16339,0.25966,0.015469,0.17751
0.13501,0.058614,0.027356,0.16682,0.10795,0.12111,0.012313,0.0025302,0.11514,0.028948,0,0.023386,0.20829,0.10724,0.12355,0.0028119,0.1649,0.18482,0.206,0.0085702,0.013168,0.16699,0.06741,0.029843,0.0019491,0.090874,0.2103,0.11832,0.12978,0.16808,0.00067134,0.15666
0.048156,0.012033,7.9382e-05,0.1007,0.03178,0.044802,0.037637,0.005596,0.080753,0.00026818,3.0284e-06,0.024649,0.12953,0.027041,0.013211,6.3985e-05,0.025009,5.6998e-06,0.05186,0.010623,0.00073793,5.8548e-06,0.080357,0.0010438,0.00035522,0.19104,0.12636,0.065036,0.075045,0.0024361,0.0012695,0.13745
0.0022761,0.00034989,5.4912e-06,0.0073547,0.010194,0.0055291,0.25567,0.0042066,0.00582,0.00092895,0.0001381,0.020823,1.2021e-05,0.0032748,0.00076354,0,6.7154e-06,2.4868e-05,0.016582,0.0090934,8.1379e-06,0.00040357,0.048355,3.8666e-06,0,0.19912,0.029143,0.019149,0.018878,0,0.0009095,0.024378
0.00014514,0,9.656e-06,2.7715e-06,0.0070714,0.0050897,0.34453,0.0041609,0.00017566,0.0011152,0.00085657,0.023811,0.0072281,0.0048738,0.0027188,0,0.00069969,0.00012416,0.0080871,0.0060199,0,0.021464,0.013882,3.1862e-05,9.189e-07,0.096397,0.0090402,0.00455,0.009646,0.0029635,0.0012322,0.013899
0.00023877,1.2656e-06,3.1156e-05,0.00029629,0.0037274,0.0026323,0.00078826,8.3256e-05,0.00024876,0.00080518,0.00082187,0.008148,0.03152,0.0034895,0.0032548,0,0.0013718,0.0011856,0.0089186,0.0050475,0,0.013162,0.0021694,0.00020876,0.00024162,0.047728,0.0023718,0.0046505,0.011024,0.0017778,0.00088888,0.013192
0.00063436,0.00022339,0.0001309,0.00089993,0.0030351,0.0026035,0,9.7754e-07,0.00088925,0.00068738,5.4899e-05,0.016671,0.028574,3.3956e-05,0.0010137,0,8.9181e-06,0.0014775,0.0050247,0.0047384,0,0.0021747,0.0025991,0,0.000107,0.077961,0.0061281,0.0016047,0.0038703,4.9779e-06,0.0016036,0.0025911
0.056322,0.036258,0.029855,0.084885,0.12285,0.073424,0.022361,0.052892,0.17896,0.054978,0.0028796,0.050892,0.13603,0.063012,0.10222,0.071317,0.068459,0.007837,0.12769,0.11823,0.090193,0.015395,0.076695,0.11572,0.068904,0.046428,0.072932,0.066422,0.067162,0.074933,0.052183,0.071892
0.059914,0.040901,0.034273,0.087491,0.14424,0.066208,0.021023,0.060048,0.21367,0.065512,0.0082158,0.069181,0.13963,0.064473,0.12306,0.052931,0.058517,0.022202,0.12326,0.10336,0.079672,0.021551,0.059016,0.13143,0.10022,0.049538,0.081666,0.057906,0.055921,0.069632,0.43035,0.089374
0.053199,0.06382,0.4356,0.10965,0.11745,0.072832,0.20248,0.062976,0.26774,0.051434,0.018151,0.060181,0.1487,0.059585,0.094722,0.07795,0.062173,0.058311,0.14444,0.10401,0.102,0.015421,0.23966,0.13645,0.079991,0.037658,0.073655,0.061378,0.07242,0.07478,0.10867,0.077627
0.05422,0.044064,0.060292,0.11112,0.10534,0.11017,0.040514,0.062428,0.25211,0.065893,0.049167,0.059701,0.059088,0.070113,0.10647,0.08539,0.067927,0.095044,0.16774,0.12275,0.11668,0.020888,0.065762,0.24554,0.063202,0.044159,0.073749,0.074218,0.05768,0.10631,0.099261,0.0984
0.056152,0.045509,0.048265,0.099411,0.076657,0.091493,0.049745,0.06337,0.059272,0.071875,0.45991,0.083368,0.27005,0.066262,0.10936,0.066553,0.061861,0.15437,0.19805,0.11289,0.16149,0.43318,0.059223,0.068928,0.10679,0.043391,0.094013,0.060299,0.061348,0.086327,0.11897,0.093288
0.053527,0.049834,0.0371,0.096383,0.083224,0.11791,0.070068,0.08502,0.0094084,0.078303,0.31593,0.084694,0.18534,0.085278,0.10059,0.093936,0.11308,0.20694,0.19744,0.096819,0.059631,0.072253,0.058644,0.05308,0.13464,0.041372,0.095121,0.064737,0.08991,0.091666,0.18642,0.1581
0.071466,0.027404,0.054175,0.099077,0.071987,0.12598,0.081501,0.091583,0.0070618,0.10019,0.083096,0.084174,0.014884,0.081076,0.10162,0.17195,0.091025,0.20092,0.018053,0.094059,0.054919,0.069952,0.055398,0.048972,0.087363,0.035299,0.071479,0.060359,0.090698,0.11757,0.0016396,0.12993
0.073509,0.02974,0.057199,0.10612,0.11171,0.12557,0.082345,0.11063,0.0050073,0.10894,0.033709,0.091969,0.011399,0.11202,0.09761,0.031482,0.07261,0.18413,0.0082305,0.071872,0.049237,0.069277,0.074426,0.041568,0.082394,0.069201,0.079676,0.12751,0.089137,0.12912,7.2284e-05,0.055178
0.062294,0.033589,0.061982,0.097939,0.16112,0.09772,0.096357,0.15735,0.0034122,0.12361,0.014096,0.12863,0.0069371,0.13204,0.08335,0.09168,0.15,0.059228,0.0090036,0.07085,0.1142,0.076952,0.12832,0.056118,0.11779,0.074417,0.11898,0.35267,0.14858,0.2436,0.0010048,0.087775
0.4594,0.62888,0.18125,0.10792,0.005425,0.11869,0.33361,0.2537,0.0033694,0.27926,0.014846,0.28721,0.027944,0.26615,0.08101,0.25681,0.25435,0.011013,0.0060856,0.10516,0.17198,0.20513,0.18285,0.1022,0.1587,0.55854,0.23873,0.074502,0.26714,0.0060683,0.0014252,0.13843
0.0087192,0.00024332,0.21944,0.016176,0.088442,0.081654,0.2738,0.0018113,0.020264,0.0010479,0.00035478,0.0050505,0.035969,0.042323,0.0011304,0.082536,0.082056,0.045395,0.031422,0.0066359,0.12421,0.15844,0.023862,0.033161,6.2486e-05,0.055379,0.043456,0.049191,0.023816,0.0016714,0.52696,0.042859
0.021684,0.00057433,0.2848,0.017823,0.088358,0.080154,0.14077,0.0014689,0.067376,0.10284,0.00029063,0.22431,0.035237,0.14952,0.0013836,0.11,0.09459,0.050298,0.045776,0.014022,0.20794,0.46626,0.10169,0.029379,0.001272,0.10848,0.09359,0.044974,0.05539,0.0018771,0.10017,0.066272
0.022806,0.011692,0.070108,0.080648,0.61709,0.19046,0.18544,0.0056628,0.76334,0.78833,0.51051,0.56807,0.38717,0.75744,0.63037,0.16223,0.53392,0.30245,0.28642,0.38999,0.26222,0.085669,0.3291,0.54205,0.0031852,0.17174,0.10493,0.21508,0.1176,0.001366,0.096474,0.30739
0.65705,0.55659,0.10862,0.37764,0.17285,0.43012,0.21916,0.51709,0.090812,0.07397,0.038009,0.12202,0.19731,0.032389,0.10602,0.45816,0.20532,0.36996,0.58192,0.32792,0.27887,0.12625,0.42861,0.35442,0.37835,0.26445,0.24088,0.57229,0.70695,0.12295,0.051604,0.42955
0.22965,0.30518,0.2355,0.48372,0.029948,0.17765,0.094315,0.39498,0.054099,0.033819,0.3714,0.056936,0.28773,0.017947,0.19092,0.14925,0.055407,0.15905,0.036656,0.12181,0.10127,0.097242,0.095036,0.027529,0.6029,0.29401,0.42521,0.0769,0.085773,0.84871,0.058977,0.13195
0.049577,0.12543,0.064363,0.021617,0.0012458,0.037126,0.085852,0.070349,0.0027169,0,0.078456,0.018152,0.046348,0,0.061721,0.037523,0.023304,0.071563,0.01694,0.13355,0.025488,0.058506,0.021706,0.013448,0.005895,0.098866,0.072064,0.027396,0.0068836,0.022755,0.14227,0.011565
0.010517,0.00028943,0.017163,0.0023511,0.00067184,0.0025276,0.00066877,0.0075771,0.0013439,0,0.00025583,0.0022787,0.0087756,0,0.0030869,0.00025101,0.0053922,0.0012693,0.00038688,0,0,0.0024504,0,4.9426e-06,0.0058163,0.004969,0.015429,0.014173,0.0025445,0.00067251,0.017093,0.0087756
0,0,5.1517e-06,0,0.0013927,0.00030378,0,0.00077374,4.414e-05,0,0.00046551,0.0031822,0.0014652,9.5012e-05,0.0051856,5.2557e-05,1.2008e-05,1.2267e-05,0.00047836,0.006083,0,0.0049313,0,1.0038e-05,0.0025188,0.0021053,0.0044373,0,0.00066206,0,0.0062943,0.0016413
0,0,0,1.6877e-05,0,0,0,0.00028644,0,0,0.00025401,0,0,0.00029154,0.00018489,0,0,0,0,0,0,0.00025264,0,0,0,0,0,0,0.00037773,0,0.00015797,0
0,0,0,0,0,0,0,0,0,0,0,0,0,0,0,0,0,0,0,0,0,0,0,0,0,0,0,0,0,0,0,0
0,0,0,0,0,0,0,0,0,0,0,0,0,0,0,0,0,0,0,0,0,0,0,0,0,0,0,0,0,0,0,0
0,0.00010536,0.026116,0.00014367,0.0037315,0.073708,0.13095,0,0,0.0012697,0,0.00056144,0,0.070781,0.00012144,0,0,0,0,0,0.049148,0.3952,0,0,0,0,0.0013609,0,0,0,0.4348,0
0.00084693,0.00011929,0.96704,0.35012,0.98657,0.82273,0.86905,0.011325,0.99889,0.95345,0.010387,0.82746,0.18077,0.92922,0.23471,0.50244,0.99936,0.34491,0.46531,0.04017,0.91841,0.59602,0.56109,0.96712,0.0002971,0.090209,0.31717,0.20466,0.15482,0,0.5652,0.39343
0.80629,0.99741,0.0068413,0.64974,0.0096986,0.10357,0,0.5143,0.0011079,0.045278,0.98961,0.17198,0.81923,0,0.76517,0.49756,0.00063532,0.65509,0.53469,0.95983,0.032447,0.0087832,0.43891,0.032883,0.13046,0.90979,0.68147,0.79534,0.84518,0.035239,0,0.60657
0.19287,0.0023707,0,0,0,0,0,0.47437,0,0,0,0,0,0,0,0,0,0,0,0,0,0,0,0,0.86924,0,0,0,0,0.96476,0,0
0,0,0,0,0,0,0,0,0,0,0,0,0,0,0,0,0,0,0,0,0,0,0,0,0,0,0,0,0,0,0,0
0,0,0,0,0,0,0,0,0,0,0,0,0,0,0,0,0,0,0,0,0,0,0,0,0,0,0,0,0,0,0,0
0,0,0,0,0,0,0,0,0,0,0,0,0,0,0,0,0,0,0,0,0,0,0,0,0,0,0,0,0,0,0,0
0,0,0,0,0,0,0,0,0,0,0,0,0,0,0,0,0,0,0,0,0,0,0,0,0,0,0,0,0,0,0,0
0,0,0,0,0,0,0,0,0,0,0,0,0,0,0,0,0,0,0,0,0,0,0,0,0,0,0,0,0,0,0,0
0.0077163,6.2823e-05,0.072352,0.12194,0.00055948,0.10057,0.08844,0,0.00070732,0.00020761,0.00055187,0.0034182,0.019071,0.00081448,0.094545,0.0027249,0.00069328,0.002051,0,0.044246,0.0097905,0.15122,0.0032558,0,0,0.0010623,0.11704,0.00018848,0.0011422,0,0.26281,0.0013511
0.0038072,6.7929e-06,0.058376,0.068966,0.001829,0.068258,0.057,0,0,0,0.00028397,0.0048119,0.0026373,0.0020798,0.044216,0.00010331,0,0.0025727,0,0.060253,0.0047858,0.076638,0.029626,0,0,0.00016634,0.053692,0,0,0,0.084249,0.00064767
0.0025561,1.7803e-05,0.039361,0.033858,0.00010436,0.03463,0.030797,0,0.00041641,6.7385e-06,8.4472e-06,0.0033293,0.0061404,0.0005283,0.013089,0.00046722,0.00052975,0.0011471,0.00043015,0.030346,0.0049271,0.04174,0.019963,0,0,0,0.028583,0.0011835,0.0013559,0,0.036601,0.0021003
0.0010244,7.6385e-06,0.039406,0.024074,0.00090562,0.033176,0.050766,0,0,0,0.0048386,0.0024518,0.0090581,0,0.010696,0.0013009,0,0.004577,0.00067933,0.031076,0.0051413,0.043503,0.019627,0,0,0,0.022167,0.0022275,3.9293e-05,0,0.049948,0.0033869
0.00089001,1.3266e-06,0.034127,0.023706,8.1521e-05,0.043083,0.032667,0,2.6471e-06,8.4878e-05,0.004244,0.003088,0.02094,0.00064307,0.014886,0.00064779,7.2622e-05,0.0039308,0,0.016684,0.0022004,0.026589,0.0093718,0,0,0.00085192,0.018017,0,0,0,0.024752,0.0019085
0.00051758,0,0.023272,0.01883,0.00061328,0.052109,0.03542,0,0,9.3523e-05,4.9396e-05,0.0034735,0.018545,0.0015459,0.013781,0.00066383,0.0016677,0.0027548,0,0.024961,0,0.03539,0.010545,0,0,0,0.015926,0.0028275,0.00080628,0,0.026088,0.0014173
0.0001278,1.2638e-05,0.021299,0.016547,0.00061525,0.091414,0.029398,5.0905e-05,3.3004e-05,0,0.0041075,0.0055013,0.0019025,0.00036337,0.010482,0.0014794,8.4688e-06,0.0059111,0.00014476,0.014059,0.0043969,0.033909,0.0091296,0,0,0,0.020505,0.00061291,0,0,0.021725,0.00075449
0.00079406,6.4398e-05,0.016831,0.025012,0.00022225,0.044182,0.036183,0.00045722,0.00044538,0,0.018024,0.0059498,0.020232,0,0.0079496,0.0026362,0.00065653,0.0042203,0.0013882,0.013825,0.004212,0.02883,0.0096135,1.1638e-06,0,0,0.010619,0.0017031,0.00030904,0,0.022429,0.00065373
0.00079166,0.0031286,0.017278,0.020292,0.00038178,0.042452,0.029317,0.00013684,0.00074721,1.447e-06,0.0007591,0.011592,0.01822,0.0019386,0.0047881,3.4684e-05,1.4898e-05,0.0038988,0,0.0086288,0.0035636,0.01824,0.011244,0.00038918,0,0,0.020297,0.0018602,0,0,0.010911,0.002324
0.98178,0.9967,0.6777,0.64677,0.99469,0.49013,0.61001,0.99935,0.99765,0.99961,0.96713,0.95638,0.88325,0.99209,0.78557,0.98994,0.99636,0.96894,0.99736,0.75592,0.96098,0.54394,0.87762,0.99961,1,0.99792,0.69316,0.9894,0.99635,1,0.46048,0.98546
0.15612,0.15869,0.061297,0.4704,0.55972,0.65635,0.16044,0.84715,0.13321,0.81176,0.17499,0.57413,0.23707,0.091927,0.36725,0.15557,0.12681,0.34161,0.1622,0.51692,0.10186,0.16304,0.50632,0.13109,0.19234,0.078196,0.2932,0.10328,0.14765,0.11325,0.1353,0.15575
0.11754,0.19472,0.037145,0.18559,0.11484,0.14067,0.14694,0.03545,0.11776,0.048772,0.20783,0.19448,0.13959,0.097926,0.17482,0.16142,0.12978,0.13894,0.14673,0.1823,0.11971,0.17778,0.13074,0.14972,0.22184,0.072171,0.15119,0.10259,0.12265,0.18137,0.12161,0.13144
0.10044,0.13541,0.035535,0.088942,0.037733,0.040629,0.13577,0.010701,0.10199,0.012818,0.12738,0.051431,0.081411,0.069404,0.075117,0.10126,0.11242,0.063325,0.11513,0.057187,0.074485,0.10373,0.080097,0.099418,0.16524,0.051695,0.077864,0.076036,0.087553,0.16329,0.10124,0.10781
0.089292,0.09452,0.027403,0.058823,0.031978,0.025327,0.14115,0.009826,0.077222,0.0047431,0.093271,0.014859,0.042866,0.064012,0.055876,0.078746,0.079621,0.046113,0.082905,0.032559,0.085357,0.063065,0.052761,0.077804,0.10401,0.068915,0.054487,0.068186,0.082742,0.12065,0.09012,0.070255
0.059144,0.048306,0.019842,0.031069,0.01658,0.01312,0.071457,0.0076856,0.072462,0.010004,0.076502,0.01335,0.046651,0.04909,0.043583,0.068237,0.068573,0.033314,0.076304,0.031698,0.059605,0.05208,0.032752,0.06237,0.043296,0.049367,0.034848,0.055111,0.055752,0.062803,0.073333,0.051609
0.047935,0.028721,0.024795,0.032168,0.030083,0.0045575,0.062141,0.007453,0.053199,0.0068677,0.030115,0.015037,0.037864,0.065091,0.025437,0.039148,0.051921,0.034717,0.047498,0.014524,0.045778,0.044374,0.024781,0.054656,0.038525,0.053058,0.027406,0.052075,0.042658,0.05637,0.065135,0.047473
0.039738,0.022053,0.024483,0.033025,0.021806,0.0026639,0.036118,0.0037544,0.05416,0.0069338,0.018274,0.018664,0.019414,0.043472,0.020741,0.029606,0.052294,0.024496,0.043818,0.018084,0.037968,0.036264,0.019606,0.037611,0.044758,0.038052,0.029941,0.037633,0.041137,0.044101,0.063442,0.03379
0.031438,0.024499,0.029974,0.014508,0.010415,0.0035002,0.01332,0.00056378,0.029981,0.0071696,0.0082888,0.0093583,0.028662,0.038008,0.0187,0.03077,0.034616,0.015605,0.027089,0.0091316,0.042447,0.020002,0.011922,0.02964,0.034775,0.0341,0.017743,0.02955,0.035512,0.015419,0.057151,0.025564
0.027773,0.02024,0.02245,0.0046773,0.0018122,0.00464,0.036199,0.0035358,0.030772,0.0077915,0.013566,0.0065544,0.012317,0.044366,0.016634,0.035854,0.026353,0.016661,0.018262,0.0087718,0.015649,0.030891,0.014983,0.030361,0.018022,0.022775,0.013143,0.02864,0.028051,0.025371,0.020485,0.021231
0.33058,0.27283,0.71707,0.080799,0.17503,0.10855,0.19646,0.073886,0.32925,0.083138,0.24977,0.10214,0.35416,0.4367,0.20184,0.29939,0.31761,0.28521,0.28007,0.12883,0.41714,0.30878,0.12604,0.32733,0.1372,0.53167,0.30018,0.4469,0.3563,0.21738,0.27219,0.35508
0.00022181,0,0,0.027608,0.076135,0.21046,3.326e-05,0.00014004,0.0063263,0.065742,1.3669e-05,0.096705,0.070072,0.0087775,0.0064939,1.1116e-05,0.029323,1.6341e-06,0.041995,0.0033883,0,0.1234,0.071165,0.0015537,0,0,0.16482,0.017502,0.011887,0,0.027187,0.03177
0.063212,2.4408e-05,0.050061,0.17576,0.18142,0.33255,4.49e-05,0.020751,0.022016,0.90618,7.114e-05,0.45801,0.11755,0.0087771,0.066724,0.00062622,0.027657,0.011784,0.047953,0.0032963,0,0.44846,0.31802,0.041945,0.00024642,0.017134,0.12219,0.067925,0.014294,0.00040272,0.10524,0.080092
0.070873,0.017097,0.11621,0.35449,0.71518,0.44128,0.017784,0.093356,0.0081119,0.025212,0.0053116,0.34831,0.040432,0.047881,0.13864,0.10867,0.11627,0.057854,0.044398,0.36381,0,0.37469,0.37828,0.056253,4.4893e-05,0.066237,0.17967,0.074989,0.033233,0.014427,0.12648,0.13543
0.097999,0.029124,0.20524,0.35022,0.0041165,0.007094,0.048041,0.87021,0.10129,0.00089285,0.0096548,0.013385,0.57795,0.054588,0.089065,0.20018,0.13659,0.076197,0.04938,0.30264,0,0.033025,0.11078,0.049169,0.030529,0.1957,0.12894,0.094728,0.1362,0.07125,0.11749,0.15132
0.26175,0.21934,0.62843,0.0020471,0.0080361,0.0036161,0.13319,0.002589,0.074295,0.0007156,0.045045,0.042727,0.0239,0.04553,0.12651,0.34438,0.095567,0.49297,0.05509,0.29454,7.0693e-06,0.020054,0.12175,0.052526,0.0033569,0.38277,0.34034,0.056612,0.16699,0.12872,0.22925,0.14864
0.23338,0.73442,4.8486e-05,0.0036833,0.0076579,0.004992,0.25837,0.0046319,0.065492,0.00089521,0.82634,0.040862,0.036269,0.041106,0.35142,0.024438,0.074861,0.055855,0.051386,0.016115,0.065582,0.00037592,0,0.051907,0.11968,0.33816,0.013608,0.11444,0.11253,0.7852,0.39117,0.10974
0.27256,0,0,0.07947,0.0074529,0,0.347,0.005471,0.060257,0.00036113,0.11357,0,0.038612,0.042551,0.22115,0.060691,0.039539,0.0047353,0.11236,0.0073916,0.6307,0,0,0.06399,0.84614,0,0.026481,0.5375,0.068503,0,0.0012495,0.12912
0,0,0,0.0067229,0,0,0.19553,0.0028481,0.66221,0,0,0,0.0094726,0.048366,0,0.26101,0.48019,0.1479,0.59744,0.008822,0.14904,0,0,0.68266,0,0,0.023952,0.036301,0.45637,0,0.0019402,0.21388
0,0,0,0,0,0,0,0,0,0,0,0,0.085738,0.70242,0,0,0,0.1527,0,0,0.15467,0,0,0,0,0,0,0,0,0,0,0
0,0,0,0,0,0,0,0,0,0,0,0,0,0,0,0,0,0,0,0,0,0,0,0,0,0,0,0,0,0,0,0
0.61886,0.0012486,0,0.39953,0.66351,0.031858,0.18683,0.97714,0.66999,0.0017427,0.069572,0.14242,0.13619,0.71613,0.25682,0.33798,0.49885,0.36349,0.66557,0.014695,0.51405,0.0017297,0.22836,0.68994,0.96221,0.6823,0.26604,0.46148,0.50242,0.96595,0.00088746,0.33958
0.15322,0.95267,0,0.26427,0.1667,0.18836,0.31909,0.018264,0.061384,0.9058,0.85976,0.51866,0.049603,0.046605,0.31582,0.31883,0.05477,0.53224,0.062616,0.022179,0.40655,0.0063628,0.34612,0.058904,0.035711,0.23311,0.31174,0.21033,0.069088,0.010211,0.002658,0.12538
0.098729,0.024836,0.28294,0.16123,0.12542,0.38403,0.16869,0.0040871,0.057863,0.09023,0.050284,0.31385,0.70889,0.041008,0.10404,0.20887,0.052384,0.086439,0.054068,0.41303,0.079405,0.024639,0.31956,0.053292,0.0017774,0.062987,0.081737,0.061668,0.13931,0.010545,0.0013851,0.1328
0.07988,0.011962,0.55488,0.050646,0.042949,0.19961,0.20095,0.00050507,0.075221,0.00085426,0.013233,0.020167,0.081235,0.038258,0.088146,0.133,0.090206,0.013996,0.04978,0.54606,1.5702e-06,0.026008,0.042142,0.055125,7.541e-06,0.021605,0.15703,0.078786,0.1716,0.012763,0.56459,0.14859
0.046506,0.0091842,0.13779,0.055817,0.00093353,0.10722,0.071041,1.3338e-06,0.10547,0.00056298,0.0067701,0.0048973,0.019781,0.050882,0.12009,0.0011461,0.13162,0.0033211,0.053947,0.0034968,0,0.16191,0.036993,0.056395,4.8653e-06,0,0.12441,0.086225,0.083797,0.00052912,0.14521,0.10968
0.0026979,5.2418e-05,0.01282,0.054235,0.00049405,0.039249,0.046673,0,0.020819,0.00071598,0.00035986,0,0.0043047,0.057938,0.082529,0.00017969,0.11914,0.00051276,0.04099,0.00054699,0,0.43402,0.021399,0.056056,4.4893e-05,0,0.057978,0.070374,0.019711,0,0.088671,0.066672
0.00011025,4.2259e-05,0.011567,0.014268,0,0.037284,0.0066608,0,0.0091903,9.7793e-05,1.6552e-05,0,1.4683e-06,0.03279,0.032555,0,0.03595,0,0.065328,0,0,0.28887,0.0054308,0.02877,0.00024642,0,0.0010594,0.023723,0.010026,0,0.1085,0.060502
0,9.3666e-06,0,0,0,0.012395,2.7791e-05,0,6.123e-05,0,0,0,0,0.0078879,0,0,0.01706,0,0.0077037,0,0,0.056461,0,0.0015188,0,0,0,0.0074107,0.004057,0,0.070907,0.016796
0,0,0,0,0,0,3.1977e-05,0,0,0,0,0,0,0.0084974,0,0,1.7835e-05,0,0,0,0,0,0,0,0,0,0,0,0,0,0.017195,0
0,0,0,0,0,0,0,0,0,0,0,0,0,0,0,0,0,0,0,0,0,0,0,0,0,0,0,0,0,0,0,0
0,0.00013284,4.602e-07,0,0,0,0,0,0,0,0,0,0,0,0,0,0,0,0,0,0,0,0,0,0,0,0,0,0,0,0,0
0.00071635,9.1817e-05,0.01693,0.02309,0.0062414,0.0039683,0.95942,1.3659e-07,0.22398,0.0020726,0.001593,0,0.12703,0.9985,0.0057257,0,0.14644,0.29357,0,0.024141,0.28797,0.0015242,0.00094885,0.0075492,0.00026442,0,0.0072703,0.0055971,0,0,0.94791,0.022231
4.5019e-05,0,0.82175,0.11406,0.017787,0.028604,0.040579,0.011066,0.74915,0.00066963,0.97214,0,0.041372,0.0014997,0.86493,0.32127,0.83052,0.03478,0.99375,0.2429,0.64615,0.89934,0.0019423,0.99239,8.5115e-05,0,0.043981,0.93622,0.96788,0,0.052089,0.70027
0.42603,0.97314,0.16132,0.067691,0.0057796,0.055502,0,0.0041965,0.026867,0.00025407,0.019128,0.044714,0.5579,0,0.091902,0.36992,0.023036,0.45938,0.0062533,0.50579,0.065888,0.073955,0.19708,6.353e-05,0.96804,0.037387,0.15008,0.058184,0.028961,0.0056332,0,0.24635
0.55822,0.024668,0,0.14952,0.0030012,0.3084,0,0.00053453,0,0.00010473,0.0071421,0.028283,0.055694,0,0.037445,0.30434,0,0.12505,0,0.18637,0,0.024286,0.038029,0,0.010957,0.80675,0.38488,0,0.0031592,0.8297,0,0.031151
0.014989,0.0019633,0,0.33484,0.035852,0.46551,0,0.13452,0,0.0038071,0,0.21044,0.14351,0,0,0.0044708,0,0.087219,0,0.028648,0,0.00089252,0.2174,0,0.020651,0.15065,0.37027,0,0,0.11108,0,0
0,0,0,0.26918,0.8836,0.084111,0,0.76617,0,0.92068,0,0.59863,0.074502,0,0,0,0,0,0,0.0028332,0,0,0.46468,0,0,0.005211,0.038534,0,0,0.052092,0,0
0,0,0,0.041615,0.047543,0.042122,0,0.07961,0,0.053747,0,0.10252,0,0,0,0,0,0,0,0.0040207,0,0,0.064844,0,0,0,0.0049777,0,0,0.0014929,0,0
0,0,0,0,0.00019524,0.011779,0,0.0038953,0,0.018664,0,0.013824,0,0,0,0,0,0,0,0.0053004,0,0,0.01348,0,0,0,0,0,0,0,0,0
0,0,0,0,0,0,0,0,0,0,0,0.0015887,0,0,0,0,0,0,0,0,0,0,0.0015941,0,0,0,0,0,0,0,0,0
0.018765,0,0,0.042007,0.02584,0.00037993,0,0.059498,0.056314,0.058392,0,0.010557,0.035582,0.030687,0,0.1103,0.020729,0.28057,0,0.40428,0,0,0.020714,0.03013,0.0032237,0.076016,0.0073503,0,0.019997,0,0,0.0059021
0.035363,0,0,0.051511,0.032208,0.023221,0,0.0814,0.13765,0.082999,0,0.052481,0.013233,0.080088,0,0.025229,0.087603,0.053155,0.0031009,0.04673,0.0095928,0,0.070203,0.042457,0.0046101,0.1042,0.064932,0,0.029381,0,0,0.0051202
0.041748,0,0,0.17889,0.044646,0.095789,0.00041928,0.091999,0.043128,0.096712,0,0.094915,0.0030552,0.10453,0,0.0037738,0.046861,0.043747,0.021322,0,0.0067621,0.0019465,0.083813,0.051118,0.016877,0.018035,0.022073,0.0022127,0.066018,0.10568,0,0.009329
0.038116,0,0,0.074451,0.12268,0.077747,0.0012788,0.10187,0.025167,0.10996,0,0.1671,0.00092301,0.096134,0,0.0033865,0.027541,0.060425,0.073966,0,0.016176,0.004926,0.043527,0.063931,0.052578,0.041287,0.12144,0.0046317,0.062761,0.13503,0,0.024131
0.3615,0.50792,0.50814,0.088153,0.29431,0.10275,0.49043,0.13322,0.23528,0.10664,0.51372,0.16056,0.46227,0.24255,0.46398,0.33733,0.30738,0.025936,0.49608,0.02673,0.42341,0.49571,0.14432,0.31896,0.57399,0.22734,0.25854,0.49818,0.36394,0.34989,0.39154,0.4253
0.39494,0.49208,0.49116,0.017752,0.1436,0.0062471,0.50615,0.12001,0.22688,0.10955,0.48628,0.15685,0.4327,0.22762,0.53602,0.3796,0.29525,0.026533,0.32805,0.01834,0.51583,0.49742,0.12545,0.29055,0.30682,0.25632,0.23788,0.48959,0.26417,0.17447,0.60846,0.47268
0.02281,0,0.00069104,0.023427,0.085692,0.0363,0.0015846,0.093955,0.02696,0.1123,0,0.13145,0.00099767,0.084717,0,0.0010008,0.029436,0.032851,0.060774,0,0.012953,0,0.11058,0.078331,0.036075,0.029353,0.014364,0.0030343,0.051747,0.093113,0,0.024154
0.039079,0,0,0.21305,0.093932,0.27937,0.00013516,0.098491,0.050006,0.12369,0,0.11196,0.0039848,0.074157,0,0.014616,0.034757,0.026211,0.015204,0,0.0085804,0,0.17803,0.068045,0.0058304,0.014124,0.012827,0.002354,0.062963,0.14182,0,0.020939
0.028713,0,0,0.26117,0.07156,0.37786,0,0.12604,0.14149,0.12334,0,0.10422,0.0067131,0.036948,0,0.017756,0.1233,0.027912,0.001505,0.12927,0.0066977,0,0.1801,0.044493,0,0.13856,0.23937,0,0.060623,0,0,0.0044502
0.018964,0,0,0.049593,0.085517,0.00033863,0,0.093523,0.057134,0.076416,0,0.0099046,0.040534,0.022563,0,0.10701,0.027156,0.42266,0,0.37465,0,0,0.04326,0.011975,0,0.094768,0.021212,0,0.018394,0,0,0.0079951
0.0043175,1.2656e-06,5.3207e-06,0.00017872,0.010925,0.00076419,0.015317,0.00044301,0.024001,0.00050285,0.00037462,0.0062884,0.0060808,0.014988,0.00051918,0,0.0012151,0.00025531,0.017332,0.002668,0,0.066103,0.0038798,0.015381,9.8089e-05,0.022847,0.090222,0.012057,0.046205,5.0489e-05,0.015341,0.0040383
0.013049,2.3374e-06,1.0492e-05,0.00028651,0.030029,0.001313,0.022362,0.0011251,0.019055,0.0010776,0.00037407,0.014185,0.0082365,0.02273,0.00061334,0,0.00028972,0.00017977,0.029555,0.0093793,0,0.084327,0.00076491,0.017929,5.3716e-05,0.023259,0.067652,0.012328,0.024293,0.00045877,0.013083,0.0065025
0.013879,9.4762e-07,3.3669e-06,0,0.01555,0.0081257,0.10031,0.0078015,0.026414,0.001046,0.00069133,0.066699,0.0075095,0.021534,0.0020189,0,0.0016743,6.6343e-05,0.036989,0.020421,0,0.11103,0.0015266,0.025452,7.4333e-05,0.02255,0.028101,0.026816,0.024192,0.00028352,0.025047,0.016143
0.022804,1.5344e-06,1.67e-06,7.5433e-05,0.00023878,0.0048654,0.11308,0.0082315,0.029018,0.00014203,0.00037492,0.021397,0.0052377,0.027133,0.0015946,0,0.0072215,1.8511e-06,0.045838,0.00018449,0.012067,0.082196,0.0002828,0.030773,5.8014e-05,0.024338,0.022413,0.029193,0.024,1.879e-05,0.031471,0.015386
0.04219,0,0.0088892,0.043815,0.013169,0.0047753,0.14247,6.5141e-05,0.032237,0.0027483,2.7102e-05,0.011326,0.002521,0.024852,0.0011454,5.655e-06,0.033111,0.0172,0.03463,0.0026362,0.024813,0.046891,0.0070461,0.037225,0.00069306,0.10237,0.011698,0.056305,0.028549,0.0038595,0.014885,0.031471
0.094411,0.0024145,0.083249,0.17211,0.0056321,0.033481,0.10033,0,0.039484,0.0099211,2.3764e-05,0.020767,0.005864,0.031643,0.024833,0.072887,0.063387,0.039511,0.051068,0.002479,0.050122,0.13918,0.20686,0.043317,0.019868,0.012253,0.032948,0.047962,0.028969,0.239,0.015765,0.12509
0.47543,0.98747,0.20938,0.56145,0.02097,0.17065,0.056511,0,0.050573,0.020306,5.7132e-06,0.079838,0.03546,0.047234,0.11151,0.3985,0.096847,0.018303,0.062571,0.0017341,0.18137,0.20228,0.12901,0.077299,0.010678,0.10179,0.21664,0.22992,0.038387,0.45767,0.018406,0.17233
0.019808,0.0081897,0.63001,0.046683,0.11171,0.51028,0.044315,1.5579e-05,0.34001,0.051929,0.9921,0.34159,0.0098314,0.37301,0.77261,0.05826,0.29027,0.0221,0.084594,0.17628,0.50655,0.14528,0.20282,0.16435,0.020141,0.16232,0.31395,0.14215,0.20745,0.19883,0.031315,0.22512
0.017714,0.0015738,0.059769,0.043282,0.14296,0.15516,0.0648,0.024833,0.047625,0.394,0.0047302,0.22551,0.019613,0.028734,0.042241,0.05732,0.094279,0.4794,0.16523,0.42064,0.19257,0.084247,0.41084,0.097009,0.066383,0.21619,0.052975,0.054267,0.15775,0.070874,0.069245,0.16355
0.2964,0.00034883,0.0086768,0.13212,0.64881,0.11059,0.34051,0.95749,0.39159,0.51832,0.0012944,0.21239,0.89965,0.40814,0.042922,0.41302,0.41171,0.42298,0.4722,0.36357,0.032514,0.038458,0.036974,0.49126,0.88195,0.31207,0.1634,0.38901,0.4202,0.028959,0.76544,0.24038
0.0014321,0,0.02525,0.0016479,0.016295,0.00074673,0.024262,0,0,9.2704e-06,0,0.000374,0.00019101,0,1.5402e-05,0.011892,0.00019059,0.0035228,0.0018734,1.2325e-05,0,0.013465,3.6115e-05,0,0,0.0091777,0.019061,0.02045,0.0082884,0,0.0047768,0.00094943
0.0018334,1.0622e-05,2.7256e-07,0.006922,0.0010654,0.00022418,0,0,0,3.3324e-06,0,6.1658e-05,0,0,0,0,0,0.018888,0,0,0,2.8577e-06,0,0,0,0.025364,0.00228,0.03071,0,0,2.0051e-05,0
0,0,0,0,0,0,0,0,0,0,0,0,0,0,0,0,0,0,0,0,0,0,0,0,0,0.03047,0,0,0,0,0.00015395,0
0,0,0,0,0,0,0,0,0,0,0,0,0,0,0,0,0,0,0,0,0,0,0,0,0,0,0,0,0,0,0,0
0,0,0,0,0,0,0.006959,0,0,0,0,0,0,0,0,0,0,0,0,0,0,0,0,0,0,0,0,0,0,0,0,0
0,0,0,0,0,0,0,0,0,0,0,0,0,0,0,0,0,0,0,0,0,0,0,0,0,0,0,0,0,0,0,0
0,0,0,0,0,0,0,0,0,0,0,0,0,0,0,0,0,0,0,0,0,0,0,0,0,0,0,0,0,0,0,0
0,0,0,0,0,0,0,0,0,0,0,0,0,0,0,0,0,0,0,0,0,0,0,0,0,0,0,0,0,0,0,0
0,0,0,0,0,0,0,0,0,0,0,0,0,0,0,0,0,0,0,0,0,0,0,0,0,0,0,0,0,0,0,0
0.036694,0.00013485,0.010338,0.012392,0.11707,0.0051072,0.032877,0.10109,0.051576,0.06906,1.0589e-06,0.028293,0.11662,0.039319,9.23e-06,0.0088684,0.079765,0.12864,0.095331,0.24892,0.00068413,0.042698,0.1834,0.083054,0.19494,0.084127,0.020373,0.018111,0.052694,0,0.063914,0.048557
0,1.5236e-05,0.061478,0.002402,0.0057822,0,0.0043851,0,1.3777e-05,0,0,0,0,0,0,0.0060909,0,0.00068631,4.1437e-06,0,0.018047,0.01882,9.0026e-05,0,0,0.0066561,0.0023773,0.00073449,0,0,0.0031067,0.0036137
0,0,0,0,0,0,0,0,0,0,0,0,0,0,0,0,0,0,9.505e-05,0,0,0,0,0,0,0.031928,0,0.00083054,0,0,0,0
0,0,0,0,0,0,0,0,0,0,0,0,0,0,0,0,0,0,0,0,0,0,0,0,0,0.01092,0,0,0,0,0,0
0,0,0,0,0,0,0.0023837,0,0,0,0,0,0,0,0,0,0,0,0,0,0,0,0,0,0,0,0,0,0,0,0,0
0,0,0,0,0,0,0,0,0,0,0,0,0,0,0,0,0,0,0,0,0,0,0,0,0,0,0,0,0,0,0,0
0,0,0,0,0,0,0,0,0,0,0,0,0,0,0,0,0,0,0,0,0,0,0,0,0,0,0,0,0,0,0,0
0,0,0,0,0,0,0,0,0,0,0,0,0,0,0,0,0,0,0,0,0,0,0,0,0,0,0,0,0,0,0,0
0,0,0,0,0,0,0,0,0,0,0,0,0,0,0,0,0,0,0,0,0,0,0,0,0,0,0,0,0,0,0,0
0,0,0,0,0,0,0,0,0,0,0,0,0,0,0,0,0,0,0,0,0,0,0,0,0,0,0,0,0,0,0,0
0.12067,0.1517,0.067156,0.06697,0.192,0.22598,0.01954,0.10939,0.092942,0.13571,0.072757,0.092293,0.01468,0.094774,0.11072,0.10033,0.055636,0.11131,0.027906,0.10808,0.1184,0.024777,0.03123,0.040596,0.012308,0.045721,0.059819,0.077,0.077639,0.054231,0.010999,0.071063
0.00086526,0,0.0076174,0.00014495,0,0,0.013457,0,0.0013669,0,0,8.2353e-05,0.0035075,0,0,9.0743e-05,0.00063031,0.0031526,0.0011273,0,0.0031334,0.018287,0,0,0,0,0.0048526,0.0039367,0,0,0.0016096,0.0016473
0,0,0,0,0,0,0,0,0,0,0,0,0,0,0,0,0,0,0,0,0,0.00017317,0,0,0,0.0045208,0,0.011251,0,0,0,0
0,0,0,0,0,0,0,0,0,0,0,0,0,0,0,0,0,0,0,0,0,0,0,0,0,0.011242,0,0,0,0,0,0
0,0,0,0,0,0,0.00013845,0,0,0,0,0,0,0,0,0,0,0,0,0,0,0,0,0,0,0.0019526,0,0,0,0,0,0
0,0,0,0,0,0,0.0010085,0,0,0,0,0,0,0,0,0,0,0,0,0,0,0,0,0,0,0,0,0,0,0,0,0
0,0,0,0,0,0,0.0011177,0,0,0,0,0,0,0,0,0,0,0,0,0,0,0,0,0,0,0,0,0,0,0,0,0
0,0,0,0,0,0,0,0,0,0,0,0,0,0,0,0,0,0,0,0,0,0,0,0,0,0,0,0,0,0,0,0
0,0,0,0,0,0,0,0,0,0,0,0,0,0,0,0,0,0,0,0,0,0,0,0,0,0,0,0,0,0,0,0
0,0,0,0,0,0,0,0,0,0,0,0,0,0,0,0,0,0,0,0,0,0,0,0,0,0,0,0,0,0,0,0
0.063673,0.0094661,0.049094,0.13905,0.12529,0.057428,0.03488,0.05999,0.053227,0.15536,0.00023251,0.095163,0.038072,0.12048,0.025255,0.10367,0.13926,0.064665,0.13623,0.031842,0.1496,0.013369,0.075061,0.1461,0.158,0.024661,0.13071,0.027477,0.14353,0.14954,0.054271,0.14512
4.5207e-05,6.6285e-05,0.0043323,0,0.00038649,0,0.020251,0.00052651,0.00086658,0,0,8.3833e-05,0.0028547,0,0,0,6.3615e-05,0.0049533,0.00018169,0,0,0.0059826,0,0,0,0,0.0093721,0.0035988,0,0,0,0.00022238
0,0,0,0,0,0,0,0,0,0,0,0.0024622,0,0,0,0,0,0,0,0,0,0.00017081,0,0,0,0.0033117,0,0,0,0,0.00048619,0
0,0,0,0,0,0,0,0,0,0,0,0,0,0,0,0,0,0,0,0,0,0,0,0,0,0,0,0,0,0,0,0
0,0,0,0,0,0,0,0,0,0,0,0,0,0,0,0,0,0,0,0,0,0,0,0,0,0.00094296,0.00043009,0,0,0,0,0
0,0,0,0,0,0,0,0,0,0,0,0,0,0,0,0,0,0,0,0,0,0,0,0,0,0.00077551,0,0,0,0,0,0
0,0,0.00099703,0,0,0,0,0,0,0,0,0,0,0,0,0,0,0,0,0,0,0,0,0,0,0,0,0,0,0,0,0
0,0,0,0,0,0,0,0,0,0,0,0,0,0,0,0,0,0,0,0,0,0,0,0,0,0,0,0,0,0,0,0
0,0,0,0,0,0,0,0,0,0,0,0,0,0,0,0,0,0,0,0,0,0,0,0,0,0,0,0,0,0,0,0
0,0,0,0,0,0,0,0,0,0,0,0,0,0,0,0,0,0,0,0,0,0,0,0,0,0,0,0,0,0,0,0
0.044705,0.009571,0.011292,0.17916,0.083589,0.18511,0.085088,0.11491,0.12394,0.014507,0.014104,0.16403,0.010599,0.12256,0.024719,0.045653,0.022663,0.094369,0.061598,0.0045967,0.014346,0.051636,0.07442,0.026033,0.00012852,0.00060167,0.16199,0.068169,0.01618,0.19436,0.048195,0.041535
0.0029154,0,0.00045919,0.0023908,0.00053785,0,0.008761,7.5368e-05,0.0019011,0,0,0.0001216,0.0357,0,0,0,0,0,0,0,0,0.019031,0,0,0,0,0.031363,0.00247,0,0,0.0012906,0
0,0,0,0,0.00063984,0,0,0,0,0,0,0.00035845,0,0,0,0,0,0,0,0,0,0,0,0,0,0,0.0034393,0,0,0,0,0
0,0,0.0014929,0,0.00026661,0,0,0,0,0,0,0,0,0,0,0,0,0,0,0,0,0,0,0,0,0,0.0016884,0.00066755,0,0,0,0
0,0,0,0,0,0,0,0,0,0,0,0,0,0,0,0,0,0,0,0,0,0.00018522,0,0,0,0,0.00015239,0,0,0,0,0
0,0,0,0,0,0,0,0,0,0,0,0,0,0,0,0,0,0,0,0,0,0,0,0,0,0,0.00034781,0,0,0,0,0
0,0,0,0,0,0,0,0,0,0,0,0,0,0,0,0,0,0.0019426,0,0,0,0,0,0,0,0.00012799,0,0,0,0,0,0
0,0,0,0,0,0,0,0,0,0,0,0,0,0,0,0,0,0,0,0,0,0,0,0,0,0.00069778,0,0,0,0,0,0
0,0,0,0,0,0,0,0,0,0,0,0,0,0,0,0,0,0,0,0,0,0,0,0,0,0.00019542,0,0,0,0,0,0
0,0,0,0,0,0,0,0,0,0,0,0,0,0,0,0,0,0,0,0,0,0,0,0,0,0.00034611,0,0,0,0,0,0
0.19088,0.090849,0.0081181,0.26919,0.11741,0.13038,0.13042,0.12036,0.1356,0.15685,0.0062563,0.15624,0.042233,0.124,0.023139,0.21647,0.20086,0.057616,0.18203,0.12383,0.163,0.29062,0.25909,0.15972,0.11425,0.0099248,0.15234,0.041519,0.22402,0.0011598,0.29607,0.21771
0.0019678,0,0.0079335,0.010466,0.0027302,0.0093759,0.003971,0.00074188,0.0042104,0,0,0,0.017247,0.00022575,0,0,0.00036053,0,0,0,0.00098943,0.036395,0,0,0,0.0028906,0.031433,0.005473,0.00063693,0,0.0012356,0
0,0,0,0,0,0.00012224,0,0,0,0,0,0.00084119,0.00014041,0,0,0,0,0,0,0,0,0,0,0,0,0,0.00055733,0.0018626,0,0,0,0
0,0,0,0,0,0,0,0,0,0,0,0,0,0,0,0,0,0,0,0,0,0,0,0,0,0,0.0076547,0,0,0,0,0
0,0,0,0,0,0,0,0,0,0,0,0,0,0,0,0,0,0,0,0,0,0,0,0,0,4.2955e-05,0,0,0,0,0,0
0,0,0,0,0,0,0,0,0,0,0,0,0.029614,0,0,0,0,0,0,0,0,0,0,0,0,0.00015006,0,0.00059575,0,0,0,0
0,0,0,0,0,0,0,0,0,0,0,0,0,0,0,0,0,0,0,0,0,0,0,0,0,0.00017383,0,0,0,0,0,0
0,0,0,0,0,0,0,0,0,0,0,0,0,0,0,0,0,0,0,0,0,0,0,0,0,0.00099934,0,0,0,0,0,0
0,0,0,0,0,0,0,0,0,0,0,0,0,0,0,0,0,0,0,0,0,0,0,0,0,0,0,0,0,0,0,0
0,0,0,0,0,0,0,0,0,0,0,0,0,0,0,0,0,0,0,0,0,0,0,0,0,0.00036508,0,0,0,0,0,0
0.27664,0.49213,0.50509,0.22187,0.12523,0.25078,0.29341,0.13966,0.16243,0.14712,0.52644,0.16684,0.46383,0.094481,0.70331,0.1566,0.19085,0.061033,0.1702,0.11045,0.17394,0.30991,0.23335,0.18755,0.1189,0.47247,0.2114,0.4049,0.22332,0.2161,0.28371,0.17994
4.9415e-06,3.1564e-05,0.0060606,0.00083905,0.0067431,0.0086148,0.032871,0,0,0,0,0,0,0,0,0,0.0019094,0,0.00099677,0,0,0.013305,0,7.9088e-05,0,0,0.010311,0.0054832,0,0,0.0032306,0
0,0,0,0,0,0,0,0.00022636,0,0,0,0.00073326,0,0,0,0,0,0,0,0,0,0.00045688,0,0,0,6.753e-05,0,0.0027164,0,0,0.00072143,0
0,0,0,0,0,0,0,0,0,0,0,0,0,0,0,0,0,0,0,0,0,0,0,0,0,0.00078344,0,0.0019957,0,0,0,0
0,0,0,0,0,0,0,0,0,0,0,0,0,0,0,0,0,0,0,0,0,0,0,0,0,0.00080985,0,0.0037628,0,0,0,0
0,0,0,0,0,0,0,0,0,0,0,0,0,0,0,0,0,0,0,0,0,0,0,0,0,0.00091667,0,0,0,0,0,0
0,0,0,0,0,0,0,0,0,0,0,0,0,0,0,0,0,0,0,0,0,0,0,0,0,0,0,0,0,0,0,0
0,0,0,0,0,0,0.0014045,0,0,0,0,0,0,0,0,0,0,0,0,0,0,0,0,0,0,0,0,0,0,0,0,0
0,0,0,0,0,0,0,0,0,0,0,0,0,0,0,0,0,0,0,0,0,0,0,0,0,0,0,0,0,0,0,0
0,0,0,0,0,0,0,0,0,0,0,0,0,0,0,0,0,0,0,0,0,0,0,0,0,0,0,0,0,0,0,0
0.041616,0.014644,0.007944,0.032173,0.070129,0.051636,0.046479,0.13037,0.12014,0.012169,0.015619,0.14623,0.021532,0.13208,0.0055153,0.046975,0.014332,0.093375,0.040053,0.0072108,0.024907,0.042289,0.052731,0.016426,0.00077212,0.0072181,0.054636,0.05856,0.013673,0.064491,0.063178,0.03864
4.0214e-06,0,0.0059445,0.00038735,0.0099407,0,0.0070548,0,0.0014584,0,0,0,0.0020486,0,0,0,0,0,0.0017821,0,0,0.0021337,0,0,0,0.0076125,0.0033017,0.0066315,0,0,0.00097697,0.0021451
0,0,0,0.0021075,0,0,0,0.00048258,0,0,0,0.0012581,0,0,0,0,0,0,0,0,0,0.00017795,0,0,0,0.012395,0,0.013841,0,4.3599e-06,0,0
0,0,0,0,0,0,0,0.00041234,0,0,0,0,0,0,0,0,0,0,0,0,0,0.001688,0,0,0,0.040456,0,0.0045662,0,0,0,0
0,0,0,0,0,0,0,0,0,0,0,0,0,0,0,0,0,0,0,0,0,0,0,0,0,0.00066774,0,0,0,0,0,0
0,0,0,0,0,0,0,0,0,0,0,0,0,0,0,0,0,0,0,0,0,0,9.0628e-05,0,0,0,0,0,0,0,0,0
0,0,0,0,0,0,0,0,0,0,0,0,0,0,0,0,0,0,0,0,0,0,0,0,0,0,0,0,0,0,0,0
0,0,0,0,0,0,0,0,0,0,0,0,0,0,0,0,0,0,0,0,0,0,0,0,0,0,0,0,0,0,0,0
0,0,0,0,0,0,0,0,0,0,0,0,0,0,0,0,0,0,0,0,0,0,0,0,0,0,0,0,0,0,0,0
0,0,0,0,0,0,0,0,0,0,0,0,0,0,0,0,0,0,0,0,0,0,0,0,0,0,0,0,0,0,0,0
0.054693,0.018124,0.029946,0.02872,0.049719,0.034429,0.04899,0.057347,0.076679,0.15689,0.0089667,0.069447,0.037887,0.11625,0.00039821,0.090373,0.15444,0.098232,0.14223,0.023002,0.17178,0.026051,0.023916,0.1684,0.19358,0.0037028,0.039609,0.016406,0.1214,0.21787,0.021073,0.1357
0.022765,0,0.052953,0.00026904,0.0001375,0.00064312,0.0026668,0,0,0,0,0,0.0018431,0,0,0.064381,8.4688e-06,3.8822e-05,0,0,0.011557,0.011661,0,0,0,0.0094656,0.0039305,0.010857,0,0,0.0012743,0.00039631
0.034592,0,0,0.00098579,0,0,0,0.00028644,0,0,0,0.00052002,0,0,0,0.013202,0,0,0,0,0,0,0,0,1.1767e-05,0.012303,0,0.023056,0,0,0,0
0.03039,0,0,0,0,0,0,0,0,0,0,0,0,0,0,0.00086454,0,0,0,0,0,0,0,0,0,0.013052,0,0.0020824,0,0,0,0
0,0,0,0,0,0,0,0,0,0,0,0,0,0,0,0,0,0,0,0,0,0,0,0,0,0,0,0,0,0,0,0
0,0,0,0,0,0,0,0,0,0,0,0,0,0,0,0,0,0,0,0,0,0,0,0,0,0,0,0,0,0,0,0
0,0,0,0,0,0,0,0,0,0,0,0,0,0,0,0,0,0,0,0,0,0,0,0,0,0,0,0,0,0,0,0
0,0,0,0,0,0,0,0,0,0,0,0,0,0,0,0,0,0,0,0,0,0,0,0,0,0,0,0,0,0,0,0
0,0,0,0,0,0,0,0,0,0,0,0,0,0,0,0,0,0,0,0,0,0,0,0,0,0,0,0,0,0,0,0
0,0,0,0,0,0,0,0,0,0,0,0,0,0,0,0,0,0,0,0,0,0,0,0,0,0,0,0,0,0,0,0
0.041952,0.21299,0.093411,0.0051193,0.045078,0.036093,0.045353,0.095144,0.11235,0.10854,0.31803,0.052547,0.024506,0.11927,0.074992,0.086924,0.05419,0.088493,0.026489,0.051645,0.13764,0.01739,0.014463,0.070716,0.021417,0.017123,0.011138,0.028413,0.053162,0.071659,0.047459,0.066344
0,0,0.015988,0,0.011601,0,0.02272,0,0.00049587,0,0,0,0.037103,0,0,0,0,0.0043564,0,0,0,0.016316,0,0,0,0,0.0028307,0.00099362,0.0025593,0,0.03785,0
0,0,0,0,0,0.00030378,0,0,0,0.00011448,0,0,0.012097,0,0,0,0.00012327,0.029151,0.0017069,0.0012391,0,0,0,0,0,0.029799,0,0.0050101,0.00037773,0,0,0.003012
0.0005586,0,0,0,0,0,0,0,0,0,0,0.00063884,0,0,0,0,0,0,0,0,0,0.00055409,0,1.4896e-05,0,0.010254,0,0,0,0,0,0
0,0,0,0,0,0,0.013453,0,0,0,0,0,0,0,0,0,0,0,0,0,0,0,0,0,0,0,0,0,0,0,0,0
0,0,0,0,0,0,0.0085511,0,0,0,0,0,0,0,0,0,0,0,0,0,0,0,0,0,0,0,0,0,0,0,0,0
0,0,0,0,0,0,0,0,0,0,0,0,0,0,0,0,0,0,0,0,0,0,0,0,0,0,0,0,0,0,0,0
0,0,0,0,0,0,0,0,0,0,0,0,0,0,0,0,0,0,0,0,0,0,0,0,0,0,0,0,0,0,0,0
0,0,0,0,0,0,0,0,0,0,0,0,0,0,0,0,0,0,0,0,0,0,0,0,0,0,0,0,0,0,0,0
0,0,0,0,0,0,0,0,0,0,0,0,0,0,0,0,0,0,0,0,0,0,0,0,0,0,0,0,0,0,0,0
0.031101,0.00026884,0.027105,0.016783,0.018357,0.0030292,0.087546,0.068991,0.060796,0.043675,0.037589,0.021391,0.0877,0.036563,0.031929,0.047626,0.084719,0.13558,0.11016,0.28918,0.011989,0.022462,0.052125,0.10131,0.18571,0.052615,0.022589,0.095873,0.062523,0.03059,0.054397,0.043395
0,0,2.0856e-07,0,0.0074833,0,0,0,0,0,0,0.0004435,0,0,0,0,0,4.8017e-06,0.0022914,0.0090886,0,6.6137e-07,0,0,0.00039763,0,0,0,0,0,0.006367,0
0,0,1.0008e-05,0,0.051493,0.0032923,0,0,0,0.00014828,1.3201e-05,0,1.2021e-05,0.0016154,0.0003038,0,0.0053115,4.5782e-05,0,0.0014603,0,5.7896e-05,0.0067971,0.0036494,0,0.0095452,0,0.018694,0.0033372,0,0.0066574,0.0088805
0.0062138,0.006392,1.2868e-05,0.0045868,0.013004,0.0060432,0,4.7041e-07,0.040516,0.0011915,0.00024117,0.0081601,0.0072281,0.022102,0.0010323,0,0,3.8839e-05,0,0,0,0,0.023738,0.00065973,0.00012509,0.03371,0.023713,0.015712,0.020822,0,0.00044249,0.018849
0.0071499,0.00046364,3.9006e-05,0.0010429,0.0079973,0.00098105,0,0,0.00076656,0.001528,0.00037922,0.019313,0.015267,0.0031851,0.0012314,0,0.00096565,0.0010769,0.0051399,0.0034248,0,0,0.015502,4.815e-07,1.2021e-05,0.070913,0.04153,0.0045074,0.014505,0,0.0014461,0.012991
0.00057415,5.9066e-05,0,0.00014371,0.0053539,0.0026602,0,0,0.00015621,0.0010071,0.00014577,0.021843,0.010416,0.00306,0.0020575,0,1.2761e-05,0,0.0013223,0.0014903,0,0.00061924,0.0016309,6.0629e-05,0,0.032792,0.029295,0.0044335,0.009241,0,0.00091432,0.012285
0.00011834,0,0,2.7715e-06,0.00048269,0.00068488,0.050431,0,0.00049939,0,2.7156e-06,0.019042,0,0.0048273,0.00031731,0,0,0,0,0,0,0.00011371,0.0022838,0.00017999,0,0.059994,0.0072552,0.0022241,0.010137,0,0.0011381,0.0046401
0.00019826,6.644e-05,0,0.00019355,0,0,0.0065094,0,0.00062679,0,0,0.016378,0,0.00059961,0,0,0,0,0,0,0,0,0,0,0,0.0058052,0.0036965,0,0.0026832,0,0.0016444,0.00051619
0.00033826,0.00015822,0,0.00055574,0,0,0.00012226,0,0,0,0,0.018131,0,0,0,0,0,0,0,0,0,0,0,0,0,0,0.0032767,0,0,0,0.00065512,0
0.00033661,0,0,0.00044693,0,0,2.121e-06,0,0,0,0,0.0080509,0,0,0,0,0,0,0,0,0,0,0,0,0,0,0.0033116,0,0,0,0,0
0,0,0,0,0,0,0,0,0,0,0,0.016687,0,0,0,0,0,0,0,0,0,0,0,0,0,0,0,0,0,0,0,0
0,0,1.8703e-06,0,0.039066,0,0,0,0,0,0,0.00011794,0,0,0.0032279,0,0,1.6478e-06,0.006257,0.002045,0,1.3071e-06,0,0,0.00072993,0,0,0,0,0,0.0057785,0
0,0,2.0908e-06,0.0033721,0.015308,0.0089603,0,0,0,0,0,0.013232,0,0.0034945,0.0059121,0,0.0033931,8.6113e-06,0.0032976,0.0091317,0,5.446e-05,0.010939,0.0073665,0,0.0088946,0,0,0,2.4287e-06,0.0056297,0.0039646
0.010102,0.017439,5.1517e-06,0.013944,0,0,0,2.4098e-05,0.02051,0,0,0.022239,0,0.016436,0,0,2.9338e-05,0.00061549,0.0094159,0.0065894,0,0.0021767,0.031151,0,0.00021242,0.027639,0.029236,0.018785,0.030853,3.8532e-07,0,0.01597
0.009816,0.00012891,0.00010503,0.043339,0,0.0024645,0,0,0,0,0.00069911,0.012694,0,0,0.0017138,0,0.00044135,0.0010257,0.0056802,0.0046597,0,0.011797,0.0035854,0,0,0.010469,0.057029,0,0.0069084,0,0,0
0.0011409,0.00026654,0,0.012609,0,0.0013771,0,0,0,0,0.00039328,0,0.034411,0,0.0012803,0,0,0,0,0,0,0.011611,0,0,0,0.025761,0.016855,0,0,0,0,0
0,0,0,0,0,0,0.0060326,0,0,0,0,0,0,0,0,0,3.2417e-07,0,0,0,0,3.5817e-05,0,0,0,0.022566,0,0,0,0,0,0
0,0,0,0,0,0,0.06049,0,0,0,0,0,0,0,0,0,0,0,0,0,0,0,0,0,0,0,0,0,0,0,0,0
0,0,0,0,0,0,0.0055237,0,0,0,0,0.00088154,0,0,0,0,0,0,0,0,0,0,0,0,0,0,0,0,0,0,0,0
0,0,0,0,0,0,2.0188e-05,0,0,0,0,8.1493e-05,0,0,0,0,0,0,0,0,0,0,0,0,0,0,0,0,0,0,0,0
0,0,0,0,0,0,0,0,0,0,0,0,0,0,0,0,0,0,0,0,0,0,0,0,0,0,0,0,0,0,0,0
0,0,2.3114e-06,0,0.02854,0,0,0,0,0,0,0,0,0,0.010018,0,0,0,0.0074366,0.0012525,0,3.1977e-07,0,0,0.00073857,0,0,0,0,0,0.0081985,0
0,0,4.7876e-07,0,0.012934,0.015475,0,0.0020554,0,5.4574e-05,0,0.0089046,0,0,0.008146,0,0.0099781,0,0.015727,0,0,2.1597e-06,0.0098462,0.007167,5.2196e-06,0.0055215,0,0,0,0.00065629,0.01139,0
0.0044829,0.014835,0,0.033444,0,0.0024663,0,0.00038402,0.022863,0,0,0.021693,0,0.024478,0,0,1.842e-07,0,0.00037677,0,0,0.0022621,0.03099,0.0013234,0,0.036662,0.010059,0.018141,0.027099,8.342e-05,0,0.029449
0.031873,0.0010837,0,0.069761,0,0,0,0,0.0020899,0,0,0.04009,0,0,0,0,3.4397e-07,0,0,0,0,0.0084734,0,0,0,0.060479,0.067585,0,0.0033451,0,0,0.0045061
0.0013419,0,0,0.015111,0,0,0,0,0,0,0,0,0,0,0,0,0.00059016,0,0,0,0,0,0,0,0,0,0.0062545,0,0,0,0,0
0,0,0,0,0,0,0,0,0,0,0,0,0,0,0,0,4.4843e-05,0,0,0,0,0,0,0,0,0,0,0,0,0,0,0
0,0,0,0,0,0,0.0048966,0,0,0,0,0,0,0,0,0,0,0,0,0,0,0,0,0,0,0,0,0,0,0,0,0
0,0,0,0,0,0,0.0474,0,0,0,0,0,0,0,0,0,0,0,0,0,0,0,0,0,0,0,0,0,0,0,0,0
0,0,0,0,0,0,0.071591,0,0,0,0,0,0,0,0,0,0,0,0,0,0,0,0,0,0,0,0,0,0,0,0,0
0,0,0,0,0,0,0.033745,0,0,0,0,0,0,0,0,0,0,0,0,0,0,0,0,0,0,0,0,0,0,0,0,0
0,0,5.7072e-06,0,0.052868,0,0,0.00033493,0,0.00019954,0,0,0,0,0.014138,0,0,0,0.0075875,0,0,5.7287e-07,0,0,6.4815e-05,0,0,0,0,0,0.0046781,0
0,0,0,0,0.018814,0.020398,0,0.0050873,0,0.00048683,0,0.0050017,0.0089223,0,0.022323,0,0.026121,0,0.0014439,0,0,0,0.0047138,0.00032608,0.00016908,0,0,0.0012544,0,0.0040038,0.0096748,0
0,0.004897,0,0.023144,0,0.019314,0,0.00056554,0.00056849,0.0037787,0,0.015899,0,0.028065,0,0,0,0,0,0,0,0,0.036169,0.011382,0,0,0,0.037628,0.0052132,0,0,0.0055499
0.027772,0.046507,0,0.071879,0,0,0,0,0.040906,0.0066984,0,0.041136,0,0.011639,0,0,0.0032811,0,0,0,0,0,0.0050627,0.00021588,0,0.091512,0.043561,0.0067963,0.045511,0,0,0.045794
0.052688,0.032572,0,0.013936,0,0,0,0,0.0083988,0,0,0.035166,0,0,0,0,0.0026688,0,0,0,0,0,0,0,0,0.064814,0.076073,0,0.0088755,0,0,0.0094452
0.0022281,0,0,0,0,0,0,0,0,0,0,0.0013663,0,0,0,0,0,0,0,0,0,0,0,0,0,0.0025526,0.0054498,0,0,0,0,0
0,0,0,0,0,0,0,0,0,0,0,0,0,0,0,0,0,0,0,0,0,0,0,0,0,0,0,0,0,0,0,0
0,0,0,0,0,0,0,0,0,0,0,0,0,0,0,0,0,0,0,0,0,0,0,0,0,0,0,0,0,0,0,0
0,0,0,0,0,0,0.017039,0,0,0,0,0,0,0,0,0,0,0,0,0,0,0,0,0,0,0,0,0,0,0,0,0
0,0,0,0,0,0,0.31634,0,0,0,0,0,0,0,0,0,0,0,0,0,0,0,0,0,0,0,0,0,0,0,0,0
0,0,2.8778e-06,0,0.019075,0,0,0.0035242,0,0.0013716,0,0,0.00020517,0,0.0091004,0,0,0,0.011311,3.0225e-05,0,6.4187e-07,0,0,0,0,0,0,0,0,0.0063703,0
0,0,0,0,0.095984,0.022004,0,0,0,0.0060641,0,0,0.01517,0,0.036312,0,0.014227,0,0.012266,0,0,0,0.00048829,0,1.4307e-06,0,0,0.015978,0,0,0.010043,0
0,0,0,0.00090959,0.091468,0.041607,0,0,0,0.017415,0,0.0070465,0.072102,0,0.011592,0,0.047653,0,0.0054889,0,0,0,0.023796,0.0016849,1.1351e-05,0,0,0.0081307,0,0,0,0
0,0.022819,0,0.036464,0.10583,0.023862,0,0,0,0.059,0,0.028184,0.080027,0.053383,0,0,0.021207,0,0,0,0,0,0.042486,0.013702,0.00059626,0.013928,0.0070347,0.03273,0.005167,0,0,0.016949
0.03995,0.1887,0,0.07323,0.058014,0,0,0,0.039491,0.089645,0,0.063319,0.045198,0.063218,0,0,0.012817,0,0,0,0,0,0,0.015424,0,0.063858,0.029257,0.04555,0.0516,0,0,0.082005
0.092706,0.18536,0,0.04544,0.00061833,0,0,0,0.052731,0.073955,0,0.066291,0.001204,0.029044,0,0,0.025349,0,0,0,0,0,0,0.023515,0,0.041539,0.071928,0.0164,0.06008,0,0,0.062816
0.061339,0.097764,0,0.0038514,0,0,0,0,0.060461,0.06825,0,0.04544,0.0012596,0,0,0,0.03232,0,0,0,0,0,0,0.013346,0,0.0098846,0.049048,0,0.057769,0,0,0.024967
0.021166,0.0031968,0,0,0,0,0,0,0.036357,0.060594,0,0.040326,0.00053768,0,0,0,0.023903,0,0,0,0,0,0,0,0,0.0034123,0.013646,0,0.037203,0,0,0
0,0,0,0,0,0,0.0064356,0,0.00088649,0.041333,0,0.039734,7.0117e-05,0,0,0,0.00084017,0,0,0,0,0,0,0,0,0.0003609,0,0,0.0056824,0,0,0
0,0,0,0,2.5469e-05,0,0.023225,0,0,0.013001,0,0.040161,0,0,0,0,0,0,0,0,0,0,0,0,0,1.3071e-05,0,0,0,0,0,0
0,0,3.0939e-05,0,3.2238e-05,0,0,0.00085427,0,0.0052354,2.7073e-06,0,0.0020099,0,0.010236,0,0,0.00040022,0.013214,0,0,5.916e-06,0,0,0,0,0,0,0,0,0.0039395,0
0,0,1.3742e-05,0,0.0088095,0.018755,0,0,0,0.029134,3.4656e-06,0,0.034254,0,0.02743,0,0,0.016518,0.016375,0,0,5.9145e-06,0,0,0,0,0,0.016302,0,0,0.0078566,0.0025997
0,0,0.00044487,0,0.017212,0.02195,0,0,0,0.034585,0,0,0.081942,0,0.052692,0,0,0.026486,0.029082,0,0,7.5524e-06,0.0021306,0,8.023e-05,0,0,0,0,0,0.0011028,0.024369
0,0,0.010163,0.00079139,0.096448,0.068634,0,0,0,0.043622,0.0022154,0.0028524,0.095327,0,0.058148,0,0.016535,0.089401,0.039595,0,0,0.0011764,0.035797,0,0.0062425,0,0.052147,0,0,0,0.023387,0.021436
0,0,0.022522,0.013038,0.1073,0.089387,0,0,0,0.041565,0.16003,0.017975,0.064267,0,0.044211,0,0.035302,0.13409,0.053013,0.023167,0,0.019863,0.077012,0,0.042131,0,0.063731,0.0057181,0,0,0.041475,0.00066784
0,0.048225,0.019424,0.047976,0.056349,0.084966,0,0,0,0.045266,0.035343,0.03662,0.0065806,0.02439,0.031898,0,0.044351,0.12536,0.055288,0.025274,0,0.095808,0.10572,0.0019147,0.23139,0,0.025727,0.032991,0,0,0.074725,0.00097643
0.027051,0.13419,0.013901,0.090282,0.031609,0.08052,0.0026538,0,0,0.059742,0.00026686,0.053762,0.0027195,0.050081,0.021485,0,0,0.13693,0.058344,0.031476,0,0.13925,0.10809,0.047342,0.60804,0,0.027927,0.076725,0.013114,0,0.10706,0.030089
0.066992,0.13369,0.025622,0.099024,0.01034,0.059494,0.010229,0,0.017317,0.073998,0,0.059348,0.00065101,0.045714,0,0,0.025378,0.087249,0.053908,0.034624,0,0.042582,0.11626,0.080759,0.073805,0.0024032,0.03054,0.045267,0.054127,0,0.10102,0.089477
0.1011,0.046331,0.010999,0.093301,0.0057436,0.046492,0.012192,0.014521,0.060292,0.088027,0,0.070533,0.0028725,0.043715,0,0,0.10196,0.039013,0.035803,0.024747,0,0.0037487,0.09484,0.10907,0.0036413,0.0087672,0.034458,0.046585,0.10325,0,0.1114,0.078588
0.097835,0.014861,0,0.06908,0.0020282,0.035554,0.00074849,0.039096,0.15393,0.11326,0,0.081857,0,0.084304,0,0,0.096409,0.0053842,0,0.01768,0,0,0.095206,0.13578,0.031608,0.0018149,0.021826,0.046936,0.074334,0,0.086433,0.06216
0,0,0.00012146,0,6.745e-05,0,0,0.00043902,0,0.011571,3.9509e-05,0,0.0027472,0,0.012953,0,0,0.0012771,0.0007529,0.00053427,0,2.6168e-06,0,0,0,0,0,0.0014194,0,0,0.010347,0
0,0,0.0019715,0,0.0052843,0.018873,0,0,0,0.0027931,0.0028395,0,0.017023,0,0.032125,0,0,0.0024833,0,0.010769,0,9.0696e-06,0,0,0,0,0.0039618,0.011229,0,0,0.026002,0.017151
0,0,0.01617,0,0.010688,0.035004,0,0,0,0,0.016772,0,0,0,0.03765,4.5092e-06,0,0,0,0.073125,1.7493e-07,0.00024125,0,0,0,0,0.013241,0,0,0.00092534,0.045919,0.004273
0,0,0.10028,0.0054988,0.0040175,0.038716,0,0.009819,0,0,0.052632,0,0,0,0.049106,1.4891e-05,0.0040043,0,0,0.122,2.2766e-06,0.0049589,0,0,0,0,0.016105,0,0,0.029899,0.060119,0
0,0,0.12162,0.021074,0,0.034845,0,0.068691,0.0013678,0,0.34485,0,0.039515,0,0.065574,0,0.088127,0,0,0.10328,0,0.01565,0.0077034,0.035265,0,0,0.046463,0,0.036041,0.10013,0.042208,0.0064975
0.017533,0,0.10924,0.015623,0,0.033268,0.00053483,0.12654,0.053602,0,0.23395,0,0.097874,0.011774,0.068778,0,0.077188,0.047835,0,0.078131,0,0.097629,0.017102,0.070022,0,0.021247,0.028319,0.013972,0.05053,0.15328,0.029761,0.034953
0.043369,0,0.11608,0.01135,0,0.035775,0.027995,0.12655,0.057958,0,0.081743,0,0.08365,0.069867,0.079941,0,0.030387,0.070386,0.028906,0.070999,0,0.19962,0.019354,0.081039,0,0.057368,0,0.060563,0.057395,0.18082,0.0017201,0.039172
0.041213,0,0.12151,0.0014833,0,0.037519,0.0015806,0.12568,0.056685,0,0.032885,0,0.0033384,0.068908,0.093664,0,0.02919,0.04263,0.082587,0.059559,0,0.15156,0.023548,0.08442,0,0.043144,0,0.05844,0.046582,0.18539,0,0.045719
0.04054,0,0.15695,0.0014157,0,0.035441,0,0.10816,0.059545,0,0.015071,0,0.0030359,0.058174,0.081869,0,0.0058048,0.02518,0.11304,0.051357,0,0.084972,0.028087,0.056561,0,0.011024,0,0.051671,0.012981,0.17054,0,0.036724
0.016235,0,0.11381,0.016575,0,0.035776,0,0.077695,0.025113,0,0.014696,0,0,0.047267,0.075203,0.0013962,0,0.0043044,0.089419,0.048415,0,0.030274,0.019972,0.0029712,0,0.00059644,0,0.057396,0,0.089048,0,0.03365
0,0,0.00096624,0,4.4562e-05,0,0,0.00065788,0,0.0037436,0.00034362,0,0.0044724,0,0.012234,0,0,0.00023166,0.00042285,0.001358,0,1.1371e-06,0,0,0,0,0,0.002395,0,0,0.0083987,0.00041653
0,0,0.013586,0,0.0057895,0.0079094,0,0,0,0,0.0043538,0,0,0,0.011424,2.5741e-06,0,0,0,0.051288,0,2.7304e-05,0,0,0,0,0.011772,0.0092575,0,0.0017987,0.029885,0.0079799
0,0,0.011041,0.0097274,0,0.0095311,0,0.0083628,0,0,0,0,0,0,0,3.9601e-05,0,0,0,0.055645,1.3586e-05,0.0056112,0,0.00092566,0,0,0.00030459,0,0.00083224,0.031146,0.028895,0
0.0042603,0,0.00053739,0.012981,0,0,0,0.097783,0.018529,0,0,0,0.043054,0,0,0.0012564,0.064214,0.0037973,0,0,0.0060779,0.0046252,0,0.063107,0,0,0.0028784,0,0.051041,0.017547,0.002838,0.014783
0.047457,0,0,0,0,0,0,0.081667,0.067419,0,0,0,0.026792,0.060788,0,0.020501,0.039668,0.054643,0.015867,0,0.054103,0,0,0.031983,0,0.0099638,0.011968,0.056711,0.022734,0,0,0.030878
0.032124,0,0,0,0,0,0.0054823,0.017239,0.012462,0,0,0,0.034668,0.065383,0,0.059185,0,0.032125,0.072679,0,0.15363,0,0,0,0,0.047808,0,0.051588,0,0,0,0.0025183
0.00044335,0,0,0,0,0,0.034559,0,0,0,0,0,0.00036497,0,0,0.13874,0,0,0.050142,0,0.20597,0,0,0,0,0.011302,0,0.0024771,0,0,0,0
0,0,0,0,0,0,0,0,0,0,0,0,0,0,0,0.28476,0,0,0,0,0.18236,0.0013697,0,0,0,0,0,0,0,0,0,0
0,0,0,0,0,0,0,0,0,0,0,0,0,0,0,0.20943,0,0,0,0,0.16173,0.049389,0,0,0,0,0,0,0,0,0,0
0,0,0,0,0,0,0,0,0,0,0,0,0,0,0,0.032666,0,0,0,0,0.11154,0.0089624,0,0,0,0,0,0,0,0,0,0
0,0,0.0030461,0,0,0,0,0.0010846,0,0.0017322,9.6743e-05,0,0.0016583,0,0.0043354,0,0,8.6516e-05,0,0.00077131,0,0,0,0,0,0,0,0.0010415,0,0,0.01042,0.0040176
0,0,0.0053955,0,0.001545,0,0,0,0,0,0,0,0,0,0,9.964e-05,0,0,0,0.05184,5.0604e-06,0.00039268,0,0,0,0,0.0065899,0.0073767,0,0.01715,0.0186,0.0032479
0,0,0,0.014655,0,0,0,0.013255,0,0,0,0,0.0099513,0,0,0.0023193,0.032149,0,0,0,0,0.0024931,0,0.043609,0,0,0,0,0.024077,0.0038201,0.010766,0.0013142
0.040233,0,0,0,0,0,0,0.03748,0.053119,0,0,0,0.035301,0.036814,0,0.0064357,0.028277,0.039732,0.0010363,0,0,0,0,0.015069,0,0.0064868,0,0.033405,0.016773,0,0,0.025863
0.011659,0,0,0,0,0,0,0,0,0,0,0,0,0.026349,0,0.0010788,0,0.0011287,0.056841,0,0.040276,0,0,0,0,0.040055,0,0.020542,0,0,0,0
0,0,0,0,0,0,0,0,0,0,0,0,0,0,0,0,0,0,0,0,0.047279,0,0,0,0,0.0049414,0,0,0,0,0,0
0,0,0,0,0,0,0.049305,0,0,0,0,0,0,0,0,0.09412,0,0,0,0,0,0,0,0,0,0,0,0,0,0,0,0
0,0,0,0,0,0,0.0083072,0,0,0,0,0,0,0,0,0.050872,0,0,0,0,0,0,0,0,0,0,0,0,0,0,0,0
0,0,0,0,0,0,0,0,0,0,0,0,0,0,0,0,0,0,0,0,0,0,0,0,0,0,0,0,0,0,0,0
0,0,0,0,0,0,0,0,0,0,0,0,0,0,0,0,0,0,0,0,0,0,0,0,0,0,0,0,0,0,0,0
0,0,0.0043752,0,0,0,0,0.0014206,0,0,0,0,0.00070833,0,0.00033871,0,0,8.3103e-06,0,0.0044575,0,3.3304e-05,0,0,0,0,0,0.00064304,0,0,0.011522,0.0026737
0,0,0,0,0.0083568,0,0,0.0012499,0,0,0,0,0,0,0,3.2603e-05,0,0,0,0.020333,0,0.00076534,0,0,0,0,0.0069449,0.0093497,0,0.013753,0.02317,0.0015844
0,0,0,0.0087188,0.0039808,0,0,0.02341,0.010561,0,0,0,0.013192,0,0,0.00042679,0.049899,0,0,0,0,0.0017565,0,0.040157,0,0,0,0,0.030157,0,0,0.010789
0.040426,0,0,0,0,0,0,0.00637,0.024271,0,0,0,0,0.041325,0,0,0,0.010501,0.022221,0,0.0039447,0,0,0,0,0.02396,0,0.033036,0,0,0,0.0058556
0,0,0,0,0,0,0,0,0,0,0,0,0,0,0,0,0,0,0.016427,0,0.033064,0,0,0,0,0.0064911,0,0,0,0,0,0
0,0,0,0,0,0,0,0,0,0,0,0,0,0,0,0.027551,0,0,0,0,0,0,0,0,0,0,0,0,0,0,0,0
0,0,0,0,0,0,0.19623,0,0,0,0,0,0,0,0,0.069071,0,0,0,0,0,0,0,0,0,0,0,0,0,0,0,0
0,0,0,0,0,0,0.0003725,0,0,0,0,0,0,0,0,0,0,0,0,0,0,0,0,0,0,0,0,0,0,0,0,0
0,0,0,0,0,0,0,0,0,0,0,0,0,0,0,0,0,0,0,0,0,0,0,0,0,0,0,0,0,0,0,0
0,0,0,0,0,0,0,0,0,0,0,0,0,0,0,0,0,0,0,0,0,0,0,0,0,0,0,0,0,0,0,0
0,0.00014814,0.0023388,0,0.0075112,0,0,0,0,0,0,0,0,0,0,0,0.0028263,0,0,0.00075252,0,1.5897e-06,0,0,0.00069631,0,0,0,0,0,0.0044332,0
0,2.6994e-05,0.00031526,0.0022485,0.079847,0,0,0.0021414,0,0.00020363,0,0,0,0,0,0,0.0032617,0,0.015573,0.010387,0,1.554e-06,0,0.0049066,3.2692e-06,0.0039917,0.0088081,0,0,0,0.015308,0.0059083
0.0093295,0,6.7967e-06,0.004342,0.02225,0.0079694,0,0.0049287,0.033362,0.0011361,0,0,0.0027804,0.024502,0,0,1.9747e-05,0,0.018659,0.011751,0,6.0702e-05,0.012531,0.0013247,4.9376e-05,0.015014,0.029943,0.01083,0.018476,2.4202e-05,0.0022782,0.019624
0.0012642,7.6054e-07,9.656e-06,0.00090881,0.0093667,0.0058255,0.017102,0.0023192,0.0090547,0.0015573,0,0,0.0073134,0.0047812,0,0,3.2077e-07,0,0.0044399,0.009691,0,0.00043767,0.035682,1.0572e-05,0.00023065,0.061985,0.034387,0.032329,0.0044754,0.0001648,0.00082458,0.013191
8.0676e-05,0.0002064,4.846e-05,0.00031336,0.0045942,0.0030683,0.019664,0.00021366,0.00017566,0.00097791,0,0,0.018887,0.0016263,0,0,0.00079637,0,0.0097437,0.0060956,0,0.0010229,0.021338,1.6157e-05,0,0.014556,0.0077968,0.0052951,0.0018339,0,0.0012227,0.011959
0.00022277,0,0.0001136,6.3828e-06,0.0031304,0.003374,0.00010385,1.6791e-05,0.00018357,0,0,0,0.0025762,0.005131,0,0,0.0012837,0,0.0061646,0.0061221,0,0.0022238,0.0026089,0.000203,0,0.014991,0.0044238,0.0033644,0.012129,0,0.0010529,0.005391
0.0001736,0,0,0.00029268,0,0,2.0686e-05,0,0.00095444,0,0,0,0,0.0021507,0,0,3.2417e-07,0,0,0,0,0.00092917,0.0025991,2.1457e-05,0,0.074961,0.0025805,0.0030736,0.0039075,0,0.00083175,0.00075449
0.00055128,0,0,0.00073293,0,0,0,0,0,0,0,0,0,1.2437e-06,0,0,0,0,0,0,0,0,0,0,0,0,0.0045244,0.00078492,0,0,0.0019445,0
0,0,0,0.000167,0,0,0,0,0,0,0,0,0,0,0,0,0,0,0,0,0,0,0,0,0,0,0,0,0,0,0.00012936,0
0,0,0,0,0,0,0,0,0,0,0,0,0,0,0,0,0,0,0,0,0,0,0,0,0,0,0,0,0,0,0,0
0,0.00087406,0.005163,0,0.020146,0,0,0,0,0,0,0,0,0,0,0,0.00027118,0,0,0.0010234,0,1.4434e-06,0,0,0.0004923,0,0,0,0,0,0.0056715,0
0,0.00010247,0.00076769,0.006068,0.034334,0.0087916,0,0,0,0,1.8965e-06,0,0,0,0,0,0.010533,0,0.015604,0,0,5.6106e-06,0,0.0072428,0.00045889,0.0033204,0.012996,0,0,0,0.019791,0.0035317
0.013364,0.00011127,0,0.022713,0,0.0085778,0,0,0.022558,0,0,0,0,0.020957,0,0,0.0010281,0,0.015857,0,5.0604e-06,1.6376e-05,0.014592,9.4075e-05,4.012e-05,0.037512,0.031584,0,0.032338,9.6399e-05,0,0.018923
0.0034861,0,0,0.043453,0,0,0,0.0040477,0.0002549,0,0,0,0.0059129,0,0,0,1.6857e-06,0,0.0075009,0,0,0.0018922,0.034484,0,2.9385e-05,0.020836,0.038244,0.023874,0.017013,0.00071842,0,0
4.2524e-06,1.749e-05,0,0.0019075,0,0.00030378,0.04639,0.0040147,0,0,0,0,0.029865,0,0,0,0,0,0.0013443,0.0010226,0,0.018447,0.0080501,0,0,0.044906,0,0,0.008406,0,0,0
0,0,0,0,0,4.2593e-05,0.0027988,0,0,0,0,0,0,0,0,0,0,0,0,0,0,0.008897,0,0,0,0.038263,0,0,0.00038519,0,0,0
0,0,0,0,0,0,0.00027371,0,0,0,0,0,0,0,0,0,0,0,0,0,0,0.0032785,0,0,0,0.00055827,0,0,0,0,0,0
0,0,0,0,0,0,0,0,0,0,0,0,0,0,0,0,0,0,0,0,0,0,0,0,0,0,0,0,0,0,0,0
0,0,0,0,0,0,0,0,0,0,0,0,0,0,0,0,0,0,0,0,0,0,0,0,0,0,0,0,0,0,0,0
0,0,0,0,0,0,0,0,0,0,0,0,0,0,0,0,0,0,0,0,0,0,0,0,0,0,0,0,0,0,0,0
0,0.0027849,0.0022282,0,0.027242,0,0,0.00022053,0,0,0,0,0,0,0,0,0,0,0,0.0056117,0,3.4399e-05,0,0,0,0,0,0.0010084,0,0.00020341,0.0043662,0
0,0.00045244,0.0025569,0.0027493,0.049559,0.017076,0,0,0,2.0568e-05,2.9759e-05,0,0,0,0,0,0.020103,0,0.0031389,0.00041096,0,5.7009e-06,0,0.0037061,0.0004472,0,0.00034724,0.007957,0,0,0.019087,0
0.017624,0.00022805,1.5926e-07,0.037312,0,0.021805,0,0,0.011444,0,0,0,0,0.026239,0,0,0.0072441,0,0.025071,0,0,0,0.014019,0.0050798,0,0.0045316,0.043428,0.023784,0.02295,0,0,0.027504
0.010056,0,0,0.063399,0,0,0,0,0.016523,0,0,0,0,0,0,0,0.011481,0,0,0,1.1114e-05,0,0.029957,0,0,0.080606,0.04038,0.038301,0.0079101,0.0037425,0,0.0041105
0,0,0,0.0015069,0,0,0.0072895,0,0,0,0,0,0,0,0,0,0,0,0,0,0,0,0.011155,0,0,0.038193,0,0,0,0,0,0
0,0,0,0,0,0,0.040755,0,0,0,0,0,0,0,0,0,0,0,0,0,0,0,0,0,0,0,0,0,0,0,0,0
0,0,0,0,0,0,0.02316,0,0,0,0,0,0,0,0,0,0,0,0,0,0,0,0,0,0,0,0,0,0,0,0,0
0,0,0,0,0,0,0.0034459,0,0,0,0,0,0,0,0,0,0,0,0,0,0,0,0,0,0,0,0,0,0,0,0,0
0,0,0,0,0,0,0,0,0,0,0,0,0,0,0,0,0,0,0,0,0,0,0,0,0,0,0,0,0,0,0,0
0,0,0,0,0,0,0,0,0,0,0,0,0,0,0,0,0,0,0,0,0,0,0,0,0,0,0,0,0,0,0,0
0,0.0050503,0,0,0.0088671,0,0,0.00092258,0,4.077e-05,0,0,0,0,7.8138e-06,0,0,0,0,0.0041858,0,4.0604e-05,0,0,0,0,0,0.0094715,0,0.00034738,0.0051982,0
0,0.0032507,0.0079105,0,0.079495,0.019753,0,0.0024419,0,0.00052084,0.00022782,0,1.5071e-05,0,0,0,0,0,0,0.025181,0,9.8562e-06,0,0,8.6914e-06,0,0,0.023466,0,0,0.010769,0
0.0084539,8.9919e-07,0.00036145,0.029469,0.0004027,0.03435,0,9.9265e-07,0,0.0036111,0,0,0.0054437,0.015617,0,0,0,0,0.014353,0,0,0,0.011718,0.010491,0,0,0.017231,0.0068753,0.0020106,0,0,0.0067996
0.036049,0,1.0066e-05,0.068623,0,0.01147,0,0,0.028233,0.0042069,0,0,0,0.03878,0,0,0.015743,0,0.038196,0,0.0020424,0,0.034346,0.0022303,0,0.0032142,0.071925,0.015321,0.04002,0,0,0.043074
0.010098,0,0,0,0,0,0,0,0.027751,0,0,0,0,0,0,0,0.030331,0,0.015226,0,0,0,0.016645,0,0,0.13055,0.0075739,0.044907,0.017877,0,0,0.012023
0,0,0,0,0,0,0,0,0,0,0,0,0,0,0,0,0.00064978,0,0,0,0,0,0,0,0,0.0020908,0,0.0014453,0,0,0,0
0,0,0,0,0,0,0.01446,0,0,0,0,0,0,0,0,0,0,0,0,0,0,0,0,0,0,0,0,0,0,0,0,0
0,0,0,0,0,0,0.043928,0,0,0,0,0,0,0,0,0,0,0,0,0,0,0,0,0,0,0,0,0,0,0,0,0
0,0,0,0,0,0,0.14033,0,0,0,0,0,0,0,0,0,0,0,0,0,0,0,0,0,0,0,0,0,0,0,0,0
0,0,0,0,0,0,0.039253,0,0,0,0,0,0,0,0,0,0,0,0,0,0,0,0,0,0,0,0,0,0,0,0,0
0,0,0,0,2.6301e-05,0,0,0.0033854,0,0.0013742,0,0,0.00014272,0,3.0096e-05,0,0,0,0,0.057332,0,3.5675e-05,0,0,0,0,0,0.0059255,0,0.0043331,0.010898,0
0,0.014515,0.013539,0,0.024315,0.016739,0,0.014734,0,0.0053071,0.0006173,0,0.0020593,0,0,0,0,0,0,0.047128,0,7.8254e-07,0,0,0,0,0,0,0,0.0012526,0.011003,0
0,0.00013125,0.0091662,0.0060135,0.10392,0.019516,0,0.058214,0,0.015154,0,0,0.054233,0,0,0,0,0,0,0.060184,0,3.481e-06,0.0027893,0,7.7105e-05,0,0,0,0,0.00085665,0,0
0.015071,0,0.049144,0.046533,0.15043,0.071015,0,0.058817,0,0.061468,0,0,0.177,0.028157,0,0,0,0,0.0011863,0.067059,0.035314,0.00089583,0.03251,0.010415,0.0047804,0,0.026916,0,0.0013722,5.6651e-06,0,0.013461
0.079846,0,0.044618,0.074227,0.10934,0.030012,0,0.05236,0.021015,0.087168,0,0,0.015633,0.063351,0,0,0.014334,0,0.035812,0.051955,0.00028735,0.014586,0.070156,0.015827,0.0017708,0.02433,0.081937,0.010425,0.036162,0,0,0.083696
0.06454,0,0.00060001,0.02782,0.011625,0,0,0.046898,0.054616,0.074113,0,0,0.00064437,0.054286,0,0,0.055025,0,0.058814,0.0025354,0,0.042143,0.064856,0.018909,0,0.058582,0.05129,0.056931,0.058189,0,0,0.059319
0.016443,0,0,0,0.00086821,0,0,0.040509,0.061779,0.066552,0,0,0.0016851,0.010712,0,0,0.054074,0,0.062163,0,0,0.073956,0.040756,0.035886,0,0.01831,0.011056,0.066508,0.058611,0,0,0.030307
0,0,0,0,1.9055e-05,0,0,0.029688,0.054222,0.060059,0,0,0.001537,0,0,0,0.047814,0,0.027519,0,0,0.0099342,0.0043133,0.0080158,0,0.0087083,0,0.024429,0.048628,0,0,0
0,0,0,0,4.6966e-05,0,0.029587,0.017809,0.018093,0.041178,0,0,0.00078469,0,0,0,0.022455,0,0,0,0,0,0,0,0,0.0034457,0,0.0010199,0.014859,0,0,0
0,0,0,0,0.00019199,0,0.20513,0.0021174,0,0.011435,0,0,0.00013275,0,0,0,0,0,0,0,0,0,0,0,0,0.00024849,0,0,0,0,0,0
0,0,0,0,8.3438e-05,0,0,0.0086526,0,0.0047475,0.00011746,0,0.00079507,0,0.00027723,0,0,0,0,0.004305,0,0.00013523,0,0,0,0,0,0.0044449,0,0.016222,0.0080248,0
0,0.0077328,0,0,0.0043256,0.021187,0,0.025669,0,0.02825,0.00036411,0,0.018128,0,0,7.6899e-06,0,0,0,0.043153,0.002004,4.8303e-05,0,0,0,0,0,0,0,0.022841,0.026616,0.00094029
0,0.02498,0.019004,0,0.018937,0.032303,0,0.04029,0,0.037078,0,0,0.091225,0,0,1.2922e-06,0,0,0,0.034169,0.020216,0.0020433,0,0,0,0,0,0,0,0.028943,0.033752,0.024774
0,0.090534,0.059143,0.0027045,0.047544,0.048778,0,0.060314,0,0.044502,0,0,0.12231,0,0,0,0,0,0,0.053983,0.054278,0.0056399,0.0060812,0,0.0016879,0,0.033008,0,0,0.039734,0.057256,0.023882
0,0.13481,0.091699,0.020885,0.062185,0.095262,0,0.064785,0,0.042261,0,0,0.028353,0,0,0,0,0,0,0.065519,0.16123,0.020666,0.02274,0,0.040709,0,0.027977,0,0,0.086729,0.070261,0
0.027401,0.12092,0.12848,0.062934,0.047539,0.1077,0,0.068326,0,0.045768,0,0,0.0080735,0.00031474,0,0,0,0,0,0.10252,0.16205,0.11635,0.05142,0,0.23476,0,0.020249,0,0,0.13462,0.10291,0.00051381
0.066644,0.090205,0.11029,0.089683,0.030271,0.11228,0,0.067951,0,0.058627,0,0,0.0043859,0.040274,0,0,0,0,0,0.099485,0.14632,0.20957,0.091707,0.014737,0.5973,0,0.05743,0.011902,0.0097708,0.16494,0.10519,0.026757
0.088534,0.030012,0.13654,0.097815,0.0099348,0.090382,0,0.081612,0,0.076283,0,0,0.0021718,0.044445,0,0,0.073081,0,0.048118,0.093043,0.13946,0.11319,0.12782,0.071815,0.080833,0,0.043564,0.04277,0.036062,0.11771,0.10027,0.087443
0.099668,0,0.13631,0.084826,0.0058953,0.072325,0,0.091001,0.050348,0.089444,0,0,0.0033114,0.044533,0,0,0.093969,0,0.13848,0.071858,0.11717,0.018462,0.13539,0.10216,0.0040154,0.0017786,0.033482,0.094099,0.059174,0.049907,0.10835,0.081784
0.087111,0,0.17964,0.059783,0.0019635,0.062274,0.022509,0.12739,0.17717,0.11534,0,0,0.00012933,0.10181,0,0,0.13784,0,0.084036,0.063541,0.10703,0,0.099738,0.18145,0.031609,0.012066,0.021059,0.10483,0.13914,0.018676,0.091537,0.066465
0,0,0,0,0.00038419,0,0,0.0095819,0,0.01198,0.00017628,0,0.0010935,0,0.00057784,0,0,0,0,0,0.0058911,0.00016982,0,0,0,0,0,0.0025851,0,0.0036603,0.010818,0
0,0,0,0,0.0075849,0.016183,0,0.0020612,0,0.0037025,0,0,0.0020694,0,0.00078678,7.1935e-06,0,0,0,0,0.021029,0.0018736,0,0,0,0,0,0,0,0,0.029024,0.017374
0,0,0,0,0.00086567,0.011043,0,0,0,0,0,0,0,0,0,8.3941e-05,0,0,0,0,0.01157,0.0068025,0,0,0,0,0.0018828,0,0,0,0.031346,0.0035925
0,0.0079351,0,0.0027876,0,0.0092683,0,0,0,0,0,0,0,0,0,0.00072481,0,0,0.0011454,0,0.00093919,0.00066955,0,0,0,0,0.031456,0.0078898,0,0,0.025695,0
0,0.073465,0,0.019965,0,0.0041163,0,0,0.015968,0,0,0,0.017249,0,0,0.0062068,0.014698,0,0.048109,0,0,0,0,0.036634,0,0,0.070043,0.05177,0.021203,0,0.0079011,0.0058692
0,0.10155,0,0.015798,0,0.0065162,0,0,0.060326,0,0,0,0.12367,0.033523,0,0.028238,0.050272,0,0.062942,0,0,0.015084,0,0.067965,0,0.0064732,0.046489,0.060348,0.05377,0,0,0.035257
0.02316,0.12954,0,0.01254,0,0.0061113,0,0,0.05645,0,0,0,0.05704,0.068533,0,0.074018,0.052727,0,0.066394,0,0,0.064837,0,0.078626,0,0.068684,0.004487,0.050295,0.050183,0.011736,0,0.036933
0.045086,0.099045,0,0.004211,0,0.0058921,0.0021003,0,0.058087,0,0,0,0.0038825,0.065103,0,0.11256,0.061824,0,0.054901,0,0,0.099623,0,0.079367,0,0.035289,0,0.02794,0.051391,0.049117,0,0.046323
0.041562,0.044133,0,0.0074532,0,0.0087886,0.017519,0,0.048056,0,0,0,0.0031574,0.057173,0,0.071205,0.036346,0,0.0054589,0,0,0.11342,0,0.054206,0,0.025516,0,0.0036748,0.026722,0.1136,0,0.035501
0.028409,0.017234,0,0.028633,0,0.0094425,0.0079631,0,0.0052891,0,0,0,0,0.035918,0,0.023078,0.0005007,0,0,0,0,0.028224,0,0.0029712,0,0.001927,0,0,0.0018915,0.12841,0,0.035468
0,0,0,0,0.00061078,0,0,0.0037933,0,0.004203,0.0001381,0,0.00046178,0,0,6.5256e-06,0,0,0,0,0.0067989,0.00015665,0,0,0,0,0,0.0021959,0,0.00076471,0.010771,0.00082681
0,0,0,0,0.0015389,0.00046222,0,0,0,0,0,0,0,0,0.0028318,0.00027633,0,0,0,0,0,0.0016528,0,0,0,0,0,0,0,0,0.01935,0.00797
0,0,0,0.00441,0,0,0,0,0,0,0,0,0,0,0,0.0031432,0,0,0.0015949,0,0,0,0,0.0014465,0,0,0.014155,0.0063915,0,0,0.0052508,0
0,0,0,0.017398,0,0,0,0,0.036997,0,0,0,0.060886,0.0023464,0,0.0090384,0.043497,0,0.048396,0,0,0,0,0.064572,0,0,0.00063636,0.051096,0.039354,0,0,0.014974
0.017976,0,0,0.0019645,0,0,0,0,0.05196,0,0.0013883,0,0.05697,0.076568,0,0.023587,0.043298,0,0.010053,0,0,0,0,0.028281,0,0.0085851,0.022622,0.0073919,0.034019,0,0,0.031273
0.054289,0,0,0,0,0,0,0,0,0,0.48959,0,0,0.038325,0,0.047172,0.0014983,0,0,0,0,0,0,0,0,0.054908,0.020304,0,0,0,0,0.0025159
0.024983,0,0,0,0,0,0,0,0,0,0.30639,0,0.038148,0,0.04301,0.11271,0,0,0,0,0,0,0,0,0,0.0055722,0,0,0,0,0,0
0,0,0,0,0,0,0.01665,0,0,0,0.073971,0,0,0,0.13405,0.19527,0,0,0,0,0,0,0,0,0,0,0,0,0,0,0,0
0,0,0,0,0,0,0.019466,0,0,0,0.028538,0,0,0,0.12676,0.09344,0,0,0,0,0,0,0,0,0,0,0,0,0,0,0,0
0,0,0,0,0,0,0,0,0,0,0.017864,0,0,0,0.10247,0.0023109,0,0,0,0,0,0,0,0,0,0,0,0,0,0,0,0
0,0,0,0,0.0013264,0,0,0.0021696,0,0.0017322,8.4442e-05,0,0,0,0,2.2297e-05,0,0,0,0,0.0033862,0.00043942,0,0,0,0,0,0.001357,0,0.00064111,0.010893,0.0032041
0,0,0,0,0.0002429,0,0,0,0,0,0,0,0,0,0.001811,0.0014,0,0,0,0,0,0.0013271,0,0,0,0,0.0060215,0,0,0,0.013478,0.0029234
0,0,0,0.017783,0,0,0,0,0.0065914,0,0,0,0.0041909,0,0,0.00069976,0.010695,0,0.027412,0,0,0,0,0.041826,0,0,0.0054919,0.025295,0.013115,0,0,0.00075412
0.0093439,0,0,0.0014308,0,0,0,0,0.039398,0,7.9965e-05,0,0.016463,0.051796,0.014994,0,0.039967,0,0.0047106,0,0,0,0,0.009371,0,0.0085683,0,0.0036473,0.029247,0,0,0.024808
0.052768,0,0,0,0,0,0,0,0,0,0.033485,0,0,0.0054572,0.071349,0,0,0,0,0,0,0,0,0,0,0.035273,0,0,0,0,0,0
0,0,0,0,0,0,0,0,0,0,0.040504,0,0,0,0.16648,0.042694,0,0,0,0,0,0,0,0,0,0.003747,0,0,0,0,0,0
0,0,0,0,0,0,0,0,0,0,0,0,0,0,0.12068,0.067592,0,0,0,0,0,0,0,0,0,0,0,0,0,0,0,0
0,0,0,0,0,0,0,0,0,0,0,0,0,0,0.0097209,0,0,0,0,0,0,0,0,0,0,0,0,0,0,0,0,0
0,0,0,0,0,0,0.041932,0,0,0,0,0,0,0,0,0,0,0,0,0,0,0,0,0,0,0,0,0,0,0,0,0
0,0,0,0,0,0,0.028871,0,0,0,0,0,0,0,0,0,0,0,0,0,0,0,0,0,0,0,0,0,0,0,0,0
0,0,0,0,0.0010756,0,0,0.00060154,0,0,3.4062e-05,0,0,0,0,0,0,0,0,0,0.0029699,0.0005843,0,0,0,0,0,0.00023317,0,0,0.0063783,0.0033451
0,0,0,0,0.0080186,0,0,0,0,0,8.3247e-05,0,0,0,0.0006648,2.5322e-05,0,0,0,0,0,0.00016572,0,0,0,0,0.011534,0,0,0,0.010107,0.0015844
0,0,0,0.0061909,0.0021418,0,0,0,0.028581,0,0,0,0.0091813,0,0.0010842,0,0.037613,0,0.021886,0,0,0,0,0.040197,0,0.00063786,0.0007376,0.022518,0.026736,0,0,0.010724
0.03153,0,0,0,0,0,0,0,0.004557,0,0.0054319,0,0,0.037591,0.067227,0,0.0028959,0,0,0,0,0,0,0,0,0.02598,0,0,0.00067071,0,0,0.0066442
0.014878,0,0,0,0,0,0,0,0,0,0.00087895,0,0,0,0.12747,0,0,0,0,0,0,0,0,0,0,0.0012859,0,0,0,0,0,0
0,0,0,0,0,0,0,0,0,0,0,0,0,0,0.0077101,0.084484,0,0,0,0,0,0,0,0,0,0,0,0,0,0,0,0
0,0,0,0,0,0,0,0,0,0,0,0,0,0,0,0,0,0,0,0,0,0,0,0,0,0,0,0,0,0,0,0
0,0,0,0,0,0,0,0,0,0,0,0.064267,0,0,0,0,0,0,0,0,0,0,0,0,0,0,0,0,0,0,0,0
0,0,0,0,0,0,0.012491,0,0,0,0,0.19643,0,0,0,0,0,0,0,0,0,0,0,0,0,0,0,0,0,0,0,0
0,0,0,0,0,0,0.1968,0,0,0,0,0.7393,0,0,0,0,0,1,0,0,0,0,0,0,0,0,0,0,0,0,0,0
