0.12267,0.11436,0.13007,0.057153,0.079316,0.3612,0.10599,0.09665,0.10293,0.011418,0.107,0.18185,0.069417,0.011129,0.030717,0.060641,0.11776,0.030312,0.028725,0.073739,0.10186,0.034731,0.054657,0.093976,0.25586,0.13022,0.028171,0.05562,0.36052,0.10909,0.041436,0.022571,0.036227,0.11731,0.26102,0.06647,0.023265,0.052323,0.024118,0.055525,0.11565,0.10625,0.038909,0.066797,0.057815,0.060094,0.15287,0.47575,0.071302
0,0,0.015854,0.0321,0,0,0,0,0,0,0.0043572,0.0016677,0.016511,0,0.058614,0.0045634,0.026279,0.013112,0.0031003,0.0049227,0.0027486,0.026145,0,0.030419,0,0,0.0051593,0.0085488,0.0042774,2.2319e-05,0,0,0.024862,0,0.0056407,0.0038608,0.00024235,0,0.026061,0.0060512,0.0047211,0,0.02144,0.003346,0.043865,0.00023529,0.00018886,0.0001618,0.0087134
0.0004858,0.017807,0.027815,0.004229,0,0,0,0,0,0,0,0,0.0078012,0.0002919,0.010686,0.005004,0,0.0076899,0.00502,0.015601,0.0013475,0.054486,0.0041601,0.11967,0.0047699,0.026277,0.0030391,0.0038396,0.0096941,0.0077116,0.0036232,0,0.0045953,0.0066605,0.024574,0.011776,0.057446,0.019066,0.037694,0,0.0015528,0.0038291,0.021314,0.057015,0.083379,0.016828,0.028039,0.0080916,0.023274
0,0,0.026107,0.086995,0,0,0,0.011609,0,0.0027745,0,0,0.0058294,0.00048356,0.0043234,0.00943,0.018595,0.0098806,0.021383,0.015615,0.0049941,0.041021,0.0004655,0.019821,0,0,0.0027742,0.007396,0.0018093,0.001712,0,0,0.0017627,0.00034139,0.11314,0.046042,0.051969,0.0044305,0.064727,0.0024568,0.0022891,0.0014451,0.038722,0.01952,0.054786,0.10723,0.0085146,0.0035888,0.028306
0.035854,0,0.034845,0.082475,0,0,0.081091,0,0.0086955,0.81571,0.10238,0,0.033438,0.71238,0.46799,0.17163,0,0.0057593,0.10704,0.11954,0.0087825,0.053577,0.080448,0.0088817,0.011079,0,0.0093144,0.018863,0.12629,2.5334e-05,0,0,0.042174,0.0010415,0.059673,0.23159,0.10145,0.17247,0.060196,0.0023227,0,0.017066,0.25889,0.17734,0.059379,0.039463,0.12467,0.14916,0.1027
0.5394,0.56821,0.10231,0.38045,0.70756,0.34793,0.35624,0.61504,0.18224,0.16018,0.30001,0.48818,0.24971,0.040212,0.14674,0.31713,0.30529,0.39912,0.35881,0.11009,0.42751,0.14263,0.35487,0.37623,0.28739,0.42562,0.45491,0.48227,0.22811,0.32152,0.34298,0.49694,0.41358,0.46134,0.1172,0.1829,0.09121,0.15798,0.37635,0.6654,0.62626,0.11733,0.27195,0.19893,0.14084,0.10775,0.40776,0.1345,0.28438
0,0,0.045091,0.096041,0,0,0,0.001712,0.0048842,0.00075841,0,0.0014191,0,0,0.0055206,0.022439,0,0.076405,0.0064189,0.0094384,0.0096297,0.043959,0.0010941,0.027685,0,0,0.00067405,0.0010705,0.00050417,0.0039002,0,0,0.0045682,0,0.1349,0.03954,0.066477,0.012533,0.037678,0.0044251,0.012391,0.014669,0.062586,0.015541,0.016256,0.049857,0.036869,0.0010346,0.073093
0,0.011011,0.060616,0.0033586,0,0,0.18172,0,0.0036642,0.00042055,0.052456,0.0005751,0,0,0.0040123,0.012796,0,0.05923,0.0087636,0.0030387,0.0094219,0.035701,0.012202,0.1065,0.0044523,0.016868,0.020553,0.035571,0.014174,0.013342,0.0072574,0.0095347,0.022036,0.012574,0.070872,9.1444e-05,0.04992,0.015059,0.05005,0.0050989,6.1641e-05,0,0.043162,0.062405,0.030438,0.031672,0.019085,0.004329,0.020268
0,0,0.021599,0.0040899,0,0,0,0,0.0032354,0.0012444,0.0046754,0.00014924,5.9385e-06,0,0.084407,0.016483,0,0.0068329,0.0082046,0.002891,0.0083217,0.030442,0,0,0,0,0.0069491,0.0030209,2.943e-06,0.0081411,0,0,0.035294,0,0.0011991,0.00041076,0.0039875,0.00017149,0.02626,0.001458,0.0083012,0.089407,0.0002884,0.0085775,0.039616,0.0063129,0.024167,3.9668e-05,0.020459
0.30159,0.28862,0.5357,0.25311,0.21312,0.29087,0.27496,0.27499,0.69436,0.0074952,0.42913,0.32616,0.61729,0.2355,0.187,0.37988,0.53207,0.39166,0.45254,0.64513,0.42539,0.5373,0.49211,0.21681,0.43645,0.40102,0.46846,0.3838,0.25462,0.53453,0.60471,0.47095,0.4149,0.40073,0.21178,0.41732,0.55403,0.56597,0.29687,0.25726,0.22878,0.65,0.24274,0.39052,0.47362,0.58056,0.19783,0.22335,0.3675
0.1076,0.049724,0.084812,0.11369,0.056777,0.32749,0.044848,0.059781,0.12159,0.021127,0.037428,0.025902,0.1339,0.093763,0.10844,0.011479,0.17644,0.044748,0.026407,0.032629,0.20255,0.096264,0.026085,0.12115,0.027548,0.017599,0.012258,0.017422,0.050037,0.018642,0.015555,0.017498,0.020663,0.1196,0.036203,0.048277,0.024609,0.058293,0.077039,0.065333,0.046767,0.14529,0.027149,0.066508,0.099538,0.052592,0.015888,0.021312,0.017032
0.07089,0.024734,0.01676,0.017717,0.060234,0.00022756,0.05425,0.042396,0,0.0076166,0.025163,0.026847,0.073261,0.094926,0.040486,0.0067061,0.00056883,0.019933,0.034055,0.051556,0.0055187,0.080134,0.028799,0.16984,0.024941,0.016227,0.01258,0.040029,0.03669,0.017825,0.016387,0.025754,0.026353,0.036749,0.035739,0.040298,0.022208,0.043478,0.14932,0.047023,0.041743,0.0014096,0.031041,0.12871,0.059236,0.04284,0.04319,0.027302,0.020333
0.10879,0.038856,0.00050669,0.028209,0.045189,0.0056158,0.038413,0.047208,0.0026982,0.04159,0.019361,0.023651,4.8531e-05,0.08666,0.074811,0.0094695,0.0085962,0.013009,0.053343,0.029462,0.037991,0.030001,0.025266,0.017382,0.025154,0.010831,0.014255,0.031129,0.045657,0.013346,0.017683,0.027627,0.040753,0.033803,0.047412,0.1342,0.02808,0.073824,0.10471,0.041526,0.031309,0.0040478,0.034022,0.035882,0.062289,0.045919,0.053047,0.038235,0.018055
0.098704,0.026927,0.0022223,0.029388,0.040006,0.019522,0.049283,0.045531,0.0073743,0.15376,0.022191,0.036734,0.00092037,0.12234,0.070285,0.011026,0.029565,0.046633,0.043657,0.014652,0.048358,0.030395,0.027973,0.0011483,0.019039,0.012288,0.016601,0.035445,0.043565,0.012783,0.018726,0.036741,0.025685,0.027394,0.070824,0.075461,0.030964,0.033621,0.065711,0.049247,0.048661,0.0069651,0.033209,0.043897,0.041996,0.036377,0.064355,0.025018,0.024462
0.08055,0.030814,0.0066026,0.045807,0.051528,0.030968,0.053833,0.066261,0.0072312,0.22502,0.11327,0.051454,0.0024943,0.12909,0.061744,0.018404,0.04258,0.064273,0.050636,0.010921,0.043436,0.060291,0.033943,0.010013,0.026723,0.0089988,0.018477,0.028053,0.028834,0.021293,0.025229,0.041398,0.040772,0.036349,0.084877,0.10845,0.027651,0.020118,0.059187,0.035983,0.050155,0.0094421,0.023199,0.044659,0.029173,0.034755,0.0487,0.021018,0.021478
0.027186,0.03859,0.011408,0.048298,0.047557,0.025911,0.062996,0.038695,0.0018285,0.28963,0.1472,0.035142,0.0041891,0.10743,0.055732,0.01662,0.032268,0.09142,0.080193,0.013722,0.039552,0.023386,0.032225,0.01653,0.025543,0.01031,0.019707,0.027474,0.029461,0.018985,0.021035,0.046645,0.038958,0.028138,0.079823,0.070437,0.029698,0.019842,0.054958,0.044694,0.046343,0.020153,0.034157,0.024886,0.038228,0.028031,0.065517,0.027471,0.017657
0.011469,0.032203,0.0056214,0.074124,0.068457,0.0039903,0.071062,0.033919,0.0049204,0.14827,0.019244,0.02881,0.00014186,0.048121,0.057981,0.014079,0.018799,0.066676,0.041106,0.012074,0.027999,0.0019347,0.02982,0.025262,0.018702,0.0042861,0.012122,0.019976,0.023416,0.017471,0.012891,0.035661,0.044979,0.033552,0.058245,0.04004,0.10875,0.025633,0.03407,0.017655,0.052674,0.02238,0.041992,0.016572,0.042011,0.024956,0.072547,0.021113,0.024573
0.0058413,0.17092,0.0017759,0.058537,0.036729,4.7491e-05,0.046861,0.015434,0.0022713,0.051592,0.010743,0.021679,0,0.032011,0.063725,0.11813,0.023916,0.040695,0.095757,0.0076471,0.021904,0.00060922,0.017856,0.068743,0.013677,0.0021805,0.0087195,0.019704,0.017254,0.022375,0.002045,0.028867,0.029797,0.036508,0.060917,0.017933,0.093055,0.044697,0.029955,0.58269,0.04809,0.01042,0.1298,0.033735,0.0094775,0.018781,0.13404,0.012311,0.022709
0.29408,0.045014,0.00030898,0.019503,0.058634,0,0.018069,0.17895,0.00023323,0.028048,0.05868,0.27808,6.4896e-06,0.077841,0.060073,0.34488,0.0021607,0.43918,0.4648,0.0016493,0.42258,0.00013414,0.013246,0.033324,0.0099524,0.1785,0.29979,0.35541,0.016183,0.061007,0.69409,0.52301,0.23271,0.029085,0.0081711,0.011371,0.069954,0.015477,0.015729,0.0058341,0.1755,0.006569,0.28656,0.35822,0.0032186,0.0062323,0.055598,0.011155,0.3363
0.19489,0.54222,0.86998,0.56472,0.53489,0.58623,0.56039,0.47183,0.85185,0.033342,0.54672,0.47171,0.78504,0.20781,0.40672,0.44921,0.66511,0.17344,0.11004,0.82569,0.15011,0.67685,0.76479,0.5366,0.80872,0.73878,0.58549,0.42536,0.7089,0.79627,0.17636,0.2168,0.49933,0.61882,0.51779,0.45353,0.56503,0.66502,0.40932,0.11001,0.45876,0.77332,0.35888,0.24693,0.61483,0.70952,0.44712,0.79506,0.4974
0.050684,0.015401,0.17565,0.1633,0.02604,0.064029,0.36185,0.047511,0.088717,0.2297,0.12403,0.053024,0.091763,0.046057,0.25635,0.021001,0.18863,0.41809,0.042222,0.10281,0.12867,0.070718,0.04831,0.0041544,0.0274,0.13577,0.12217,0.00892,0.0034052,0.0022725,0.0020273,0.04346,0.12294,0.030977,0.019483,0.09325,0.017226,0.011963,0.30235,0.0079685,0.0040876,0.35532,0.13849,0.15643,0.087543,0.11688,0.11001,0.03763,0.0019891
0.055835,0.011616,0.086722,0.17641,0.036087,0.12883,0.096639,0.077319,0.016608,0.12871,0.086057,0.040457,0.10751,0.1018,0.24031,0.027195,0.14278,0.13548,0.046598,0.056253,0.14691,0.12164,0.048355,0.011806,0.029333,0.22977,0.14261,0.0088419,0.0070371,0.0039375,0.0043147,0.051751,0.010969,0.024459,0.089335,0.088052,0.020085,0.011745,0.090934,0.0049981,0.0047124,0.24497,0.029201,0.077426,0.12192,0.12985,0.07594,0.044501,0.0023176
0.042754,0.013862,0.081193,0.14724,0.034443,0.073664,0.087022,0.063557,0.025043,0.069636,0.075547,0.044656,0.091681,0.18661,0.17944,0.033874,0.074835,0.12326,0.03436,0.08514,0.17712,0.17135,0.053052,0.028295,0.032623,0.25225,0.19035,0.0096109,0.012915,0.0077907,0.0087607,0.045401,0.01147,0.028306,0.09936,0.076045,0.053336,0.024969,0.043309,0.0050586,0.0046073,0.16705,0.035893,0.057617,0.084547,0.12957,0.040777,0.074113,0.0049128
0.029286,0.015368,0.075446,0.12872,0.047944,0.10501,0.081785,0.065026,0.056995,0.089591,0.058738,0.057421,0.097322,0.1828,0.070086,0.041863,0.089241,0.12146,0.043889,0.113,0.10145,0.11113,0.049748,0.10965,0.046437,0.14342,0.18494,0.012645,0.020579,0.013287,0.012568,0.04462,0.017266,0.035316,0.1148,0.07781,0.18865,0.03868,0.063397,0.017048,0.006394,0.11251,0.075068,0.076706,0.078099,0.13021,0.089573,0.17787,0.010819
0.19034,0.011958,0.059111,0.064387,0.034679,0.16642,0.0411,0.072599,0.087869,0.065777,0.054899,0.056247,0.11209,0.24036,0.058999,0.029351,0.11723,0.072483,0.042278,0.10274,0.10832,0.10984,0.063728,0.186,0.055947,0.080465,0.13898,0.014868,0.029444,0.029367,0.023923,0.050074,0.017749,0.05064,0.10188,0.05674,0.084566,0.044096,0.050032,0.08652,0.0072112,0.061566,0.095598,0.081355,0.06288,0.12788,0.088899,0.10401,0.019472
0.36356,0.0082251,0.049911,0.016654,0.32434,0.073975,0.13001,0.052059,0.11153,0.033132,0.19824,0.044926,0.097823,0.14286,0.065759,0.014717,0.078237,0.069655,0.046602,0.10385,0.12308,0.076296,0.070478,0.099259,0.064641,0.042703,0.062944,0.01438,0.06175,0.047094,0.060366,0.04849,0.024822,0.065222,0.096241,0.25978,0.1008,0.069349,0.04421,0.098081,0.0072568,0.030726,0.10768,0.090835,0.086229,0.12071,0.18623,0.060527,0.031266
0.022402,0.0055942,0.048612,0.0057185,0.18165,0.050163,0.059706,0.040231,0.12411,0.0091064,0.16718,0.039012,0.032089,0.038345,0.048413,0.003292,0.094998,0.047884,0.053788,0.10292,0.076303,0.097247,0.078868,0.186,0.08497,0.018528,0.028857,0.20907,0.21994,0.23009,0.18101,0.057542,0.035197,0.084601,0.074659,0.2899,0.1285,0.25421,0.075321,0.1304,0.018181,0.016484,0.089072,0.1831,0.089574,0.05147,0.17218,0.064029,0.1125
0.030157,0.15474,0.066425,0.011102,0.034667,0.036296,0.0074609,0.035286,0.11701,0.0068262,0.052791,0.32574,0.061639,0.031545,0.044183,0.38086,0.06501,0.0082669,0.089803,0.13087,0.06533,0.10023,0.068027,0.061195,0.14025,0.0089593,0.0084629,0.4438,0.18468,0.099193,0.13176,0.061787,0.066881,0.10053,0.10817,0.025456,0.15431,0.17619,0.081498,0.24854,0.025569,0.0081082,0.13658,0.16218,0.10488,0.048368,0.13542,0.083757,0.2653
0.042111,0.31516,0.15791,0.11425,0.14237,0.053683,0.036511,0.33188,0.18159,0.016138,0.050892,0.19663,0.11844,0.020904,0.022032,0.17612,0.057218,0.0033939,0.32562,0.13353,0.050826,0.090393,0.097219,0.10155,0.18881,0.0029965,0.10677,0.13252,0.16232,0.1334,0.1544,0.19641,0.13015,0.10962,0.14153,0.02342,0.13057,0.11222,0.085967,0.27121,0.1138,0.0027499,0.17425,0.094889,0.11284,0.061143,0.067822,0.11009,0.39844
0.17287,0.44808,0.19901,0.17222,0.13779,0.24793,0.097918,0.21453,0.19052,0.35139,0.13163,0.14189,0.18964,0.0087185,0.014422,0.27172,0.091821,2.4825e-05,0.27484,0.068882,0.021996,0.051159,0.42222,0.2121,0.32958,0.085133,0.013925,0.14534,0.29792,0.43356,0.42086,0.40046,0.56256,0.47032,0.15454,0.0095525,0.12195,0.25658,0.16298,0.13018,0.80819,0.0005085,0.11817,0.019462,0.17148,0.083915,0.03315,0.24347,0.15299
0.11946,0.021146,0.010207,0.15438,0.14186,0.0024532,0.052308,0.17031,0.0031786,0.46538,0.13903,0.13506,0.038995,0.67961,0.34444,0.20653,0.00031475,0.057527,0.41841,0.0083913,0.14577,0.08475,0.50484,0.088225,0.21598,0.2444,0.27594,0.16642,0.038136,0.4427,0.34453,0.35669,0.19752,0.056658,0.018213,0.14001,0.070852,0.07262,0.050994,0.18102,0.13263,0.038908,0.18537,0.27158,0.033895,0.02157,0.018159,0.22415,0.23502
0.14779,0.049399,0.59864,0.17607,0.14376,0.040976,0.37055,0.13355,0.077946,0.43961,0.36817,0.18778,0.042133,0.11373,0.12812,0.19929,0.086174,0.16123,0.18146,0.02202,0.20108,0.11402,0.17461,0.13622,0.19897,0.048483,0.19237,0.19094,0.69769,0.3411,0.14095,0.18212,0.17343,0.26201,0.30286,0.59375,0.55824,0.69291,0.079155,0.14873,0.11993,0.39999,0.2279,0.18996,0.052009,0.38937,0.35829,0.65982,0.23422
0.21592,0.17451,0.081103,0.18243,0.42706,0.60006,0.21732,0.14543,0.65774,0.043962,0.089242,0.18971,0.53486,0.1645,0.32155,0.35177,0.71035,0.31977,0.12512,0.38298,0.25274,0.41045,0.17631,0.3103,0.12999,0.13193,0.2125,0.23255,0.10883,0.03484,0.28646,0.17521,0.056897,0.49911,0.29814,0.12724,0.1724,0.091018,0.23839,0.26198,0.26,0.43408,0.19705,0.16115,0.43223,0.34167,0.086321,0.038943,0.17446
0.26234,0.54138,0.059208,0.30166,0.12879,0.25068,0.2406,0.37971,0.082484,0.034727,0.1796,0.1884,0.28686,0.04136,0.15822,0.11764,0.065156,0.32712,0.16547,0.4421,0.33252,0.29055,0.096348,0.16598,0.32335,0.16016,0.10321,0.089018,0.03421,0.058483,0.17587,0.1904,0.34411,0.09623,0.27153,0.063384,0.14007,0.048024,0.3937,0.31403,0.37328,0.061923,0.18631,0.18163,0.30336,0.14236,0.30262,0.013196,0.17354
0.20462,0.19498,0.095361,0.17601,0.029204,0.092718,0.10584,0.1492,0.16009,0.013223,0.16765,0.25774,0.084512,0.00052884,0.038252,0.077013,0.11975,0.12952,0.079435,0.11083,0.067891,0.068197,0.045721,0.1418,0.12355,0.40418,0.1389,0.29732,0.0848,0.074288,0.050767,0.093338,0.19518,0.082093,0.086475,0.05028,0.030094,0.065801,0.22405,0.08573,0.059496,0.044419,0.15733,0.15061,0.13472,0.068091,0.18641,0.057585,0.12505
0.040593,0.018588,0.14576,0.0094515,0.088956,0.0063278,0.0094527,0.021801,0.010009,0.0030952,0.053355,0.040342,0.012644,0.00026644,0.0082539,0.026721,0.012532,0.0048389,0.026123,0.029254,0,0.032039,0.0021696,0.14308,0.0081688,0.010843,0.075718,0.022738,0.035013,0.037385,0,0.0021107,0.031931,0.0039042,0.021575,0.024417,0.02741,0.029629,0.012116,0.008505,0.031647,0.020642,0.042765,0.045079,0.034516,0.0339,0.048205,0.0061903,0.051551
0.0092832,0,0.0097213,0,0.036637,0.0067884,0.0039426,0,0.0068364,0,0.0029631,0.00096445,0,0,0.0011675,0.021026,0.0057176,0,0.0039791,0.0044367,0,0,0,0.014397,0,0,0.0013555,0.0010118,0.001329,0.0091421,0.0011636,0,0.00092815,0,7.5833e-06,0,0.00092381,0,0.0015909,0,0.017413,3.5074e-05,0.0032813,0,0.0072352,0.0030359,0,0.00011265,0.0057315
0,0,0,0,0.0037402,0,0,0,0.001712,0,0,0,0,0,0,0,0,0,0,0,0,0,0,0,0,0,3.3652e-06,0,0,0.0018442,0.00026365,0.00013383,0,0,0.0011991,0,0,0,0,0,0.0056111,0,0,0,0.0020381,0,0,0,0.00041847
0,0,0,0,0,0,0,0,0,0,0,0,0,0,0,0,0,0,0,0,0,0,0,0,0,0,0,0,0,0.00021838,0,0,0,0,0,0.00092512,0,0,0,0,0,0,0,0,0,0,0,0,0
0,0,0,0,0,0,0,0,0,0,0,0,0,0,0,0,0,0,0,0,0,0,0,0,0,0,0,0,0,0,0,0,0,0,0,0,0,0,0,0,0,0,0,0,0,0,0,0,0
0,0,0,0.085744,0.0011557,0,0,0,0,0.5758,0,0,0,0.52914,0.28652,0,0,0,0.19896,0,0.11231,0.0011936,0.29023,0,0.057853,0,0,0,0,0.0017438,0.18739,0.24215,0,0,0,0.0308,0,2.6118e-05,0,0,0.0084733,0,0,0,0,0,0,0.15488,0
0.0002202,0.0039546,0.27911,0.23909,0.59085,0,0.57109,0.074154,0.015629,0.36159,0.46928,0.08484,0.015236,0.28468,0.30665,0.68164,0.0030517,0.060302,0.47073,0,0.2236,0.32084,0.55556,0.37187,0.28307,0,0.0077965,0.021556,0.69046,0.84596,0.64817,0.4743,0.22859,0.056013,0.090199,0.92307,0.61001,0.92023,0.048243,0.23038,0.40436,0.51711,0.1308,0.13874,0.13445,0.23317,0.47949,0.83566,0.073783
0.46094,0.76011,0.62438,0.66342,0.30436,0.91177,0.043626,0.59735,0.8384,0.0018236,0.39779,0.71403,0.69544,0.18618,0.38551,0.23001,0.99383,0.92301,0.30302,0.24069,0.50189,0.13108,0.15421,0.41903,0.49478,0.91833,0.88808,0.78176,0.30954,0.15229,0.039226,0.037747,0.61913,0.94399,0.6597,0.046135,0.31516,0.079744,0.55884,0.52066,0.34535,0.44594,0.6784,0.74729,0.26616,0.57496,0.24601,0.0094615,0.79989
0.53884,0.15345,0.096511,0.011739,0.10363,0.088226,0.38528,0.3285,0.13367,0.060785,0.12894,0.18686,0.28932,0,0.021319,0.088347,0.0031174,0.016688,0.027282,0.69704,0.1622,0.54688,0,0.2091,0.1643,0.076654,0.088988,0.056784,0,0,0.12521,0.24581,0.15228,0,0.2501,0,0.074823,0,0.38611,0.24896,0.24182,0.036955,0.18665,0.11397,0.55268,0.19187,0.26832,0,0.12632
0,0.082483,0,0,0,0,0,0,0.012295,0,0.0039878,0.014269,0,0,0,0,0,0,0,0.062269,0,0,0,0,0,0.0050169,0.015132,0.1399,0,0,0,0,0,0,0,0,0,0,0.006803,0,0,0,0.0041534,0,0.046705,0,0.006183,0,0
0,0,0,0,0,0,0,0,0,0,0,0,0,0,0,0,0,0,0,0,0,0,0,0,0,0,0,0,0,0,0,0,0,0,0,0,0,0,0,0,0,0,0,0,0,0,0,0,0
0,0,0,0,0,0,0,0,0,0,0,0,0,0,0,0,0,0,0,0,0,0,0,0,0,0,0,0,0,0,0,0,0,0,0,0,0,0,0,0,0,0,0,0,0,0,0,0,0
0,0,0,0,0,0,0,0,0,0,0,0,0,0,0,0,0,0,0,0,0,0,0,0,0,0,0,0,0,0,0,0,0,0,0,0,0,0,0,0,0,0,0,0,0,0,0,0,0
0,0,0,0,0,0,0,0,0,0,0,0,0,0,0,0,0,0,0,0,0,0,0,0,0,0,0,0,0,0,0,0,0,0,0,0,0,0,0,0,0,0,0,0,0,0,0,0,0
0,0,0,0,0,0,0,0,0,0,0,0,0,0,0,0,0,0,0,0,0,0,0,0,0,0,0,0,0,0,0,0,0,0,0,0,0,0,0,0,0,0,0,0,0,0,0,0,0
0.14007,0.10682,0.45881,0.1614,0.18466,0.22075,0.2518,0.13185,0.43533,0.40064,0.20274,0.18462,0.4758,0.19041,0.25523,0.2991,0.4138,0.09589,0.12361,0.42204,0.21942,0.29958,0.46074,0.12427,0.22288,0.076052,0.1569,0.10671,0.45282,0.2746,0.27928,0.24212,0.23545,0.29154,0.32013,0.36611,0.42938,0.44976,0.1167,0.14628,0.11232,0.57933,0.077249,0.11374,0.39634,0.4439,0.40759,0.81139,0.1865
0.012243,0.082288,0.15921,0.139,0.08238,0.12964,0.10056,0.032685,0.08864,0.14149,0.11484,0.072996,0.033271,0.055581,0.117,0.081975,0.069303,0.0497,0.043354,0.056985,0.050699,0.061504,0.082842,0.063623,0.083117,0.018867,0.091206,0.075912,0.13037,0.13606,0.048779,0.050466,0.093698,0.1066,0.077432,0.079575,0.066484,0.069975,0.051676,0.086111,0.056535,0.11195,0.04976,0.047537,0.073345,0.088115,0.10329,0.065158,0.081665
0.018063,0.05937,0.13343,0.13257,0.089652,0.12263,0.086119,0.032642,0.049345,0.060685,0.081735,0.057428,0.056926,0.16032,0.070289,0.057877,0.084984,0.057629,0.032334,0.052284,0.030226,0.051685,0.044297,0.077814,0.087252,0.025474,0.048046,0.042687,0.087217,0.11283,0.011709,0.026745,0.067594,0.057329,0.04499,0.037823,0.030355,0.064454,0.03369,0.048092,0.074583,0.082075,0.086192,0.054007,0.046717,0.045089,0.035289,0.034434,0.05611
0.01357,0.062172,0.083834,0.10243,0.064653,0.097807,0.045808,0.042783,0.021943,0.073699,0.047782,0.052357,0.048057,0.55754,0.050491,0.080671,0.088806,0.039891,0.017951,0.030609,0.025962,0.031469,0.039135,0.048207,0.077316,0.016943,0.04966,0.037336,0.060987,0.07396,0.017438,0.015027,0.042915,0.030923,0.035026,0.041482,0.030724,0.048952,0.028147,0.043762,0.046104,0.051802,0.056778,0.04905,0.039253,0.040318,0.048266,0.012597,0.041004
0.014689,0.031742,0.020201,0.099722,0.051959,0.074799,0.069206,0.037075,0.030023,0.042392,0.05024,0.025577,0.022071,0.01653,0.067206,0.056293,0.050164,0.03292,0.017241,0.023395,0.022066,0.045674,0.030207,0.036494,0.070425,0.022594,0.053298,0.03595,0.061016,0.027281,0.011583,0.0097235,0.04543,0.034898,0.024784,0.042114,0.015111,0.062112,0.021479,0.024196,0.031345,0.034608,0.050643,0.028331,0.030815,0.020531,0.027964,0.011913,0.033635
0.0050378,0.052549,0.0044185,0.034267,0.034944,0.07408,0.034577,0.032121,0.037486,0.094068,0.029884,0.019359,0.046316,0.0016804,0.054189,0.039159,0.03584,0.048417,0.018241,0.028856,0.015668,0.044007,0.01869,0.066685,0.051614,0.018443,0.025959,0.028002,0.049652,0.030615,0.011914,0.011795,0.021387,0.029781,0.027867,0.029231,0.017159,0.01935,0.01249,0.026182,0.022034,0.043875,0.024933,0.02832,0.025616,0.027209,0.030061,0.0055357,0.030669
0.0036156,0.039506,0.0093068,0.0096465,0.033853,0.047341,0.043768,0.051306,0.030165,0.031042,0.039747,0.024492,0.040648,0.00025984,0.019213,0.06647,0.033907,0.026279,0.022441,0.024315,0.021008,0.065275,0.015086,0.036345,0.031674,0.019268,0.026954,0.039602,0.018081,0.015003,0.0028227,0.011388,0.0044772,0.027618,0.02379,0.021606,0.01595,0.022572,0.029559,0.025977,0.015528,0.02066,0.030382,0.028258,0.01594,0.026445,0.021328,0.0013645,0.03127
0.0025913,0.028739,0.0070779,0.031098,0.016381,0.043181,0.047746,0.040632,0.041658,0.033341,0.023936,0.011168,0.022145,0.0015806,0.015407,0.01738,0.0086225,0.033291,0.020064,0.01057,0.015383,0.032213,0.024617,0.062468,0.012043,0.0041499,0.011108,0.021664,0.016227,0.014362,0.026479,0.0045617,0.013276,0.023092,0.018444,0.015785,0.0088757,0.01503,0.026409,0.02539,0.016306,0.017484,0.019917,0.02169,0.0085866,0.020056,0.026427,0.00096241,0.027541
0.007787,0.045907,0.0021686,0.027916,0.027285,0.045118,0.0080471,0.026372,0.033058,0.041658,0.022672,0.030272,0.013771,7.5489e-05,0.020842,0.040329,0.022554,0.027257,0.021344,0.020501,0.0082338,0.035254,0.010751,0.069422,0.017744,0.0099266,0.015169,0.027471,0.017959,0.021441,0.0053672,0.013905,0.020937,0.013508,0.012974,0.0049148,0.0058737,0.0092024,0.012548,0.014445,0.013445,0.002582,0.026582,0.019856,0.0058754,0.018906,0.016693,0.0045647,0.035686
0.78234,0.49091,0.12155,0.26195,0.41423,0.14466,0.31236,0.57253,0.23236,0.08098,0.38642,0.52173,0.24099,0.01602,0.33014,0.26074,0.19202,0.58873,0.68342,0.33044,0.59134,0.33334,0.27363,0.41468,0.34594,0.78828,0.52169,0.58466,0.10567,0.29385,0.58463,0.61427,0.45484,0.38471,0.41456,0.36136,0.38009,0.2386,0.66731,0.55956,0.6118,0.055632,0.57756,0.60921,0.35751,0.26943,0.28309,0.052076,0.47592
0.25669,0.24581,0.72571,0.29847,0.2413,0.45469,0.40599,0.18922,0.6046,0.3673,0.26673,0.21673,0.62415,0.83599,0.5622,0.34353,0.58235,0.28388,0.2291,0.69397,0.40906,0.54083,0.45252,0.19529,0.29918,0.1211,0.24368,0.20706,0.59673,0.327,0.44989,0.33981,0.18498,0.41008,0.50344,0.4889,0.5583,0.62073,0.25367,0.29112,0.14758,0.7071,0.1663,0.20823,0.51034,0.61677,0.51045,0.75006,0.16146
0.091979,0.15986,0.046638,0.11341,0.12312,0.12148,0.11146,0.10568,0.066773,0.24161,0.12087,0.088433,0.047139,0.053296,0.15106,0.13639,0.12358,0.15314,0.14957,0.054576,0.15298,0.09477,0.06743,0.12767,0.11308,0.11204,0.11653,0.11765,0.12517,0.10842,0.1243,0.15294,0.12393,0.086642,0.061134,0.0643,0.071103,0.083096,0.098394,0.08993,0.065536,0.09435,0.12393,0.090439,0.091209,0.081413,0.14112,0.094711,0.12524
0.078714,0.091933,0.032859,0.10466,0.093311,0.080213,0.10792,0.053867,0.070065,0.041498,0.057663,0.07658,0.05186,0.027122,0.074295,0.07733,0.055099,0.13585,0.089602,0.052642,0.10515,0.067601,0.05458,0.062304,0.096407,0.07379,0.073384,0.091471,0.065824,0.077065,0.092277,0.12976,0.11605,0.073955,0.039501,0.04281,0.041779,0.013062,0.068446,0.047329,0.059616,0.031008,0.085566,0.057048,0.039244,0.03687,0.097303,0.06032,0.077545
0.064103,0.04355,0.036448,0.080159,0.044541,0.05311,0.055781,0.047515,0.024167,0.038945,0.044709,0.058576,0.04007,0.011212,0.042245,0.062091,0.046897,0.075228,0.066063,0.032089,0.083034,0.060673,0.062041,0.071121,0.081167,0.096313,0.05712,0.059379,0.019221,0.045773,0.083129,0.060294,0.060474,0.044824,0.049399,0.024776,0.027453,0.015797,0.059409,0.043405,0.04454,0.015535,0.066538,0.062017,0.031611,0.027823,0.04881,0.023473,0.070359
0.048793,0.042145,0.043603,0.077692,0.048759,0.030226,0.026162,0.045013,0.016851,0.067845,0.055485,0.04591,0.014094,0.0056742,0.024795,0.038503,0.019273,0.051055,0.040161,0.032823,0.043022,0.027271,0.035388,0.039564,0.058922,0.086312,0.034289,0.031846,0.019385,0.030781,0.037245,0.02716,0.033037,0.02936,0.026825,0.0066269,0.015556,0.027524,0.059735,0.037288,0.054988,0.0083355,0.049815,0.043721,0.042691,0.022352,0.026718,0.010583,0.034383
0.038743,0.046458,0.0097888,0.03186,0.036114,0.024677,0.017089,0.027068,0.019974,0.05196,0.045971,0.034512,0.012455,0.0086071,0.0079156,0.052082,0.019276,0.032661,0.053549,0.019716,0.024742,0.053541,0.023434,0.057944,0.052129,0.040301,0.035162,0.029402,0.0073199,0.030715,0.035901,0.024478,0.011258,0.031387,0.01662,0.014369,0.017031,0.019827,0.036249,0.034271,0.0469,0.024966,0.043231,0.054496,0.049825,0.0068348,0.031197,0.0050158,0.034067
0.026271,0.036535,0.011461,0.021205,0.03081,0.013208,0.02367,0.032855,0.013918,0.043717,0.041608,0.024967,0.010534,0.0093389,0.0064016,0.033511,0.011734,0.021983,0.030681,0.008551,0.016783,0.042721,0.017932,0.035843,0.028722,0.039102,0.025226,0.037437,0.01285,0.021617,0.020407,0.01074,0.026853,0.012626,0.016378,0.0073665,0.010795,0.005092,0.019046,0.016749,0.033832,0.0082686,0.033708,0.07593,0.036962,0.0090292,0.040934,0.0082734,0.034809
0.024457,0.010669,0.0042449,0.018079,0.025898,0.018033,0.018139,0.030729,0.012559,0.049225,0.02644,0.025715,0.005593,0.0039819,0.0079547,0.016811,0.012496,0.012987,0.028615,0.015889,0.018901,0.015744,0.0074377,0.0102,0.021743,0.031305,0.016928,0.0385,0.0060861,0.023321,0.0090359,0.012939,0.022039,0.021304,0.020774,0.016421,0.011058,0.011585,0.017222,0.023508,0.020123,0.0092508,0.019314,0.028907,0.033551,0.015406,0.0055203,0.0045589,0.032338
0.031811,0.0096695,0.0059819,0.015226,0.034789,0.014176,0.012456,0.021013,0.014397,0.048728,0.042541,0.017935,0.0049392,0.00093387,0.014825,0.021728,0.0018008,0.019554,0.013444,0.014859,0.008187,0.014255,0.0071077,0.029596,0.012996,0.030244,0.020389,0.024722,0.012288,0.02118,0.013554,0.012232,0.0098898,0.012623,0.018918,0.014727,0.010485,0.0056544,0.023113,0.030086,0.01893,0.0080032,0.02747,0.029198,0.010668,0.0088921,0.0083148,0.0027683,0.019133
0.33844,0.31338,0.083261,0.23924,0.32136,0.19018,0.22134,0.44703,0.15669,0.049168,0.29798,0.41064,0.18916,0.043847,0.10831,0.21802,0.12749,0.21366,0.29922,0.074887,0.13814,0.082591,0.27213,0.37047,0.23566,0.36949,0.37729,0.36254,0.13513,0.31413,0.13425,0.22965,0.41148,0.2772,0.24701,0.3197,0.23644,0.19763,0.36472,0.38632,0.50796,0.093186,0.38413,0.35001,0.1539,0.17461,0.089638,0.040233,0.41067
0.15581,0.071162,0.11047,0.12075,0.044015,0.13623,0.070861,0.18413,0.33441,0.44335,0.20912,0.19254,0.21202,0.81854,0.50623,0.16606,0.23282,0.26701,0.35923,0.39067,0.45574,0.3863,0.32371,0.11933,0.42016,0.041081,0.16215,0.11385,0.28654,0.30703,0.39652,0.34519,0.18224,0.2065,0.21048,0.27484,0.33397,0.23652,0.18055,0.1817,0.12159,0.53255,0.048813,0.29225,0.29233,0.35349,0.13004,0.51348,0.1323
0.081558,0.40063,0.27303,0.30283,0.1813,0.31113,0.198,0.11444,0.20606,0.28512,0.29818,0.13127,0.3076,0.13432,0.37087,0.29963,0.30318,0.22867,0.26938,0.24801,0.25108,0.26251,0.14268,0.28425,0.17304,0.11276,0.15266,0.30905,0.18041,0.36351,0.16805,0.25361,0.14816,0.16354,0.19373,0.18727,0.21611,0.22603,0.20437,0.28556,0.17995,0.17087,0.35768,0.29527,0.29431,0.16163,0.47022,0.18846,0.14788
0.26716,0.3198,0.52264,0.38234,0.34815,0.43598,0.3257,0.33416,0.30128,0.19836,0.20343,0.41844,0.46872,0.044838,0.12287,0.43561,0.45554,0.21101,0.062282,0.32103,0.29229,0.33221,0.26502,0.20624,0.2289,0.62123,0.57643,0.37246,0.26818,0.1863,0.30722,0.15077,0.36357,0.24282,0.21351,0.17787,0.19151,0.31253,0.25383,0.25609,0.27817,0.21241,0.40003,0.2647,0.22871,0.21741,0.39008,0.28104,0.5624
0.090141,0.053121,0.063899,0.15344,0.020157,0.030398,0.083585,0.15152,0.047543,0.071797,0.11521,0.059509,0.011663,0.0022949,3.1446e-05,0.0030254,0.0084597,0.28076,0.10465,0.040294,0.00089337,0.018979,0.043406,0.071228,0.084212,0.15836,0.012868,0.019255,0.019302,0.0032835,0.0029438,0.014036,0.16596,0.048728,0.02589,0.17193,0.061108,0.085048,0.08354,0.25903,0.087509,0.015068,0.062064,0.11255,0.054926,0.021005,0.0096577,0.017018,0.035827
0.22725,0.15529,0.029965,0.034382,0.013526,9.8988e-06,0.12787,0.21575,0.058497,0.0013759,0.11765,0.17885,0,0,0,0.010633,0,0.012548,0.14652,0,0,0,0.014047,0.1064,0.093693,0.022926,0.066866,0.058831,0.050247,0.0077768,0.052803,0.10835,0.031275,0.033477,0.010317,0.12018,0.047278,0.045986,0.27771,0.017611,0.015125,0.0054968,0.094828,0.035222,0.12501,0.0074122,0,0,0.040839
0.17808,0,0,0.0062419,0.047335,6.6218e-05,0.19146,0,0.038986,0,0.0014477,0.019383,0,0,0,0.023313,0,0,0.057933,0,0,0,0.16021,0.098305,0,0.043635,0.029024,0.12654,0.11224,0.0091528,0.072459,0.11138,0.1088,0.029847,0.031947,0.0108,0.012183,0.028278,0,0,0.049852,0.00097765,0.036586,0,0.0047007,0.0099031,0,0,0.080759
0,0,0,0,0.062711,0.086181,0.0025242,0,0.013224,0,0.054975,0,0,0,0,0.060663,0,0,0,0,0,0,0.050923,0.11424,0,0,0,0,0.083081,0.031181,0,0.01666,2.6588e-06,0.037587,0.13772,0.0050146,0.014657,0.021828,0,0,0.15241,0.03538,0,0,0,0.091025,0,0,0
0,0,0,0,0.28281,0,0,0,0,0,0,0,0,0,0,0.0010631,0,0,0,0,0,0,0,0,0,0,0,0,0,0.091766,0,0,0,0.058248,0.1764,0.028974,0.12318,0.012752,0,0,0.11539,0.027249,0,0,0,0.13812,0,0,0
0,0,0,0,0,0,0,0,0,0,0,0,0,0,0,0,0,0,0,0,0,0,0,0,0,0,0,0,0,0,0,0,0,0.17925,0,0.023125,0,0.028865,0,0,0,0,0,0,0,0,0,0,0
0,0,0,0,0,0,0,0,0,0,0,0,0,0,0,0,0,0,0,0,0,0,0,0,0,0,0,0,0,0,0,0,0,0,0,0,0,0.0021632,0,0,0,0,0,0,0,0,0,0,0
0.51113,0.25389,0.1157,0.00088491,0.3816,0.086272,0.20306,0.29744,0.095554,0.0052661,0.11689,0.47822,0.0065338,0,0,0.20049,0.077666,0.026859,0.35456,0.054512,0.0094358,3.8221e-05,0,0.096739,0,0.082708,0.3316,0.48238,0.0076192,0,0.19614,0.26778,0.13154,0.24088,0.41126,0.09657,0.16572,0.071309,0.45526,0.27521,0.3361,0.06958,0.38036,0.24698,0.19759,0.24687,0.014896,0.0067652,0.30794
0.093508,0.080571,0.013535,0.021961,0.074342,9.8988e-06,0.088102,0.39837,0.052512,0.014457,0.12772,0.27239,0.14868,0.00051616,0.00079041,0.16504,0.081308,0.2273,0.096453,0.10757,0.1761,0.061725,0.19929,0.26678,0.0079303,0.0026473,0.37591,0.26838,0.036545,0.095913,0.16469,0.18729,0.044631,0.06401,0.045265,0.16751,0.12658,0.072869,0.17588,0.060966,0.12169,0.011729,0.44331,0.26161,0.093821,0.038782,0.13591,0.0018862,0.3467
0.17578,0.41205,0.00060633,0.041558,0.054569,3.0485e-06,0.064181,0.10499,8.2086e-05,0.063193,0.03874,0.06533,0.069966,0.04335,0.12631,0.19342,8.9217e-05,0.40951,0.17533,0.12029,0.20764,0.104,0.053197,0.11444,0.1965,0.32526,0.098866,0.16349,0.19721,0.063507,0.13036,0.1885,0.03433,0.050395,0.017728,0.07472,0.089198,0.09659,0.14286,0.069892,0.20911,0.0020496,0.11808,0.19254,0.088418,0.0034199,0.16963,0.012332,0.14788
0.073881,0.25304,0.00020384,0.27123,0.0743,0.018533,0.048902,0.038908,1.8577e-06,0.040678,0.035122,0.036003,0.32204,0.071007,0.20351,0.15854,1.343e-06,0.22133,0.15898,0.18449,0.24064,0.28558,0.067999,0.10048,0.17408,0.43053,0.046181,0.029785,0.077964,0.033381,0.063425,0.071641,0.32087,0.069621,0.004057,0.052829,0.052368,0.056742,0.073653,0.089086,0.15909,0.0042948,0.036925,0.15115,0.19516,0.0013238,0.18618,0.023128,0.077616
0.1404,0.00044336,0.022512,0.37359,0.057796,0.48821,0.036994,0.043178,0.17556,0.063124,0.098113,0.028139,0.19302,0.14573,0.22266,0.08999,0.24232,0.11492,0.050389,0.16304,0.2584,0.22669,0.14129,0.076661,0.09681,0.098077,0.037046,0.019112,0.05321,0.056584,0.076978,0.043255,0.19474,0.16979,0.03303,0.05455,0.0093301,0.058434,0.1323,0.088798,0.077007,0.053822,0.0055866,0.14315,0.12786,0.051577,0.066083,0.030655,0.019933
0.0053002,4.834e-06,0.39764,0.20283,0.1292,0.26987,0.24701,0.029091,0.20926,0.14739,0.36688,0.041153,0.13148,0.1251,0.14267,0.048845,0.29415,7.9922e-05,0.021203,0.36733,0.039269,0.26436,0.13929,0.22589,0.12909,0.030102,0.034039,0.012428,0.25936,0.44606,0.054598,0.019731,0.11226,0.15401,0.16921,0.16379,0.12946,0.1798,0.020048,0.10787,0.040198,0.2043,0.0028407,0.0045118,0.10345,0.20466,0.18659,0.076302,0.044885
0,1.0275e-06,0.28866,0.087929,0.19263,0.099389,0.19877,0.087539,0.16393,0.20045,0.16374,0.018151,0.12829,0.065371,0.19202,0.035791,0.14792,0,0.02729,0.002773,0.042173,0.05761,0.072594,0.11087,0.17349,0.029207,0.032522,0.014778,0.16994,0.2089,0.045054,0.022308,0.065647,0.091729,0.12924,0.13085,0.17398,0.17054,0,0.1654,0.026828,0.23778,0.012896,5.913e-05,0.19371,0.1492,0.16646,0.33912,0.014591
0,0,0.097001,1.9467e-05,0.035518,0.037706,0.11297,0.00047836,0.3031,0.2883,0.049634,0.060613,0,0.54619,0.079741,0.10788,0.15655,0,0.041012,0,0.026342,0,0.083682,0.0081308,0.14895,0.001463,0.043839,0.0096488,0.092495,0.083973,0.038095,0.039332,0.059929,0.15213,0.15751,0.08037,0.13078,0.097523,0,0.1357,0.017703,0.41355,0,0,0,0.25898,0.051158,0.19341,0.040453
0,0,0.06415,0,3.8632e-05,0,0,0,0,0.17683,0.0031538,0,0,0.0027135,0.026394,0,0,0,0.018664,0,0,0,0.078474,0,0.045561,0,0,0,0.10566,0.010016,0.061402,0.05409,0.03605,0.0074411,0.032697,0.17881,0.12258,0.19619,0,0.0070769,0.011504,0.0028874,0,0,0,0.045198,0.023101,0.31524,0
0,0,0,0,3.8265e-06,0,0,0,0,0.00030591,0,0,0,2.3177e-05,0.0059057,0,0,0,0.056126,0,0,0,0.16419,0,0.027592,0,0,0,0,0.0016711,0.16926,0.10607,0,0,0,0,0,0,0,0,0.00076236,0,0,0,0,0,0,0.0011629,0
0,0,0,0,3.8265e-06,0,0,0,0,0.010105,0,0,0,0.0071354,0.086284,0,0,0,0.067092,0,0,0,0.18432,0,0.042857,0,0,0,0,0.077862,0.19418,0.13437,0,0,0,0.12756,0,0.0069117,0,0,0.0048206,0,0,0,0,0,0,0.18092,0
0,0,0.86939,0.078674,0.29626,0,0.53153,0,0,0.59172,0.13828,0.015853,0,0.15459,0.015018,0,0,0,0.026873,0,0,0,0.17775,0.02312,0.056373,0,0,0,0.6462,0.070691,0.053069,0.039332,0.048842,0.46767,0.25437,0.51113,0.49794,0.72959,0,0.16626,0.028332,0.37418,0,0,0,0.31409,0.41234,0.60829,0
0,0,0.00043321,0.38958,0.37363,0.56259,0.079562,0.029182,0.85184,0.25496,0.27849,0.054918,0,0.4414,0.053378,0.21904,0.76797,0,0.037389,0,0.043083,0,0.4794,0.45696,0.25796,0.0099398,0.060983,0.020035,0.18672,0.62933,0.033768,0.037326,0.18067,0.36925,0.52177,0.063345,0.22515,0.056995,0,0.35613,0.22585,0.50356,0,0,0,0.5463,0.0077055,0.081969,0.048137
0,0.0012917,8.3406e-05,0.28456,0.14012,0.43659,0.26565,0.067342,0.04213,0.042339,0.37652,0.019177,0.73684,0.12576,0.33349,0.14794,0.072963,0.23451,0.022301,0.073867,0.049872,0.34892,0.097156,0.24765,0.55571,0.21342,0.022159,0.0069326,0.061972,0.16337,0.054812,0.10041,0.58558,0.053089,0.069035,0.054086,0.057011,0.039961,0,0.01573,0.26632,0.049267,0.024176,0.029936,0.54081,0.067869,0.003645,0.036193,0.088901
0.34624,0.237,0.0080856,0.13877,0.085632,0.00076839,0.086176,0.14905,0.062187,0.037279,0.10366,0.19838,0.048049,0.10712,0.19819,0.19546,0,0.064042,0.15107,0.75174,0.10823,0.4944,0.034236,0.16435,0.061948,0.74285,0.095151,0.17756,0.047159,0.025556,0.21304,0.14394,0.12298,0.044934,0.027069,0.056963,0.038015,0.037773,0.43302,0.10403,0.24262,0.040119,0.13906,0.10936,0.14396,0.023712,0.19158,0.03142,0.14203
0.5704,0.50901,0.038378,0.077329,0.077057,1.5384e-05,0.028579,0.61566,0.043595,0.028675,0.086426,0.23675,0.034286,0.14886,0.25786,0.17554,9.9584e-07,0.4537,0.38634,0.057911,0.68221,0.080236,0.02548,0.048959,0.015923,0.020077,0.28754,0.18653,0.024328,0.015515,0.2654,0.27398,0.027723,0.028907,0.024357,0.032864,0.028108,0.06515,0.34446,0.060607,0.089481,0.019274,0.19498,0.44701,0.14595,0.01166,0.19664,0.028131,0.31343
0.082418,0.14827,0.063542,0.021488,0.019802,3.0485e-06,0.0064058,0.10979,9.5856e-05,0.012725,0.013961,0.38064,0.14653,0.015131,0.051808,0.14086,0.1451,0.18172,0.25116,0.1024,0.094824,0.074743,0.0016627,0.024086,0.0059041,0.011754,0.47483,0.32958,0.0142,0.017684,0.17485,0.25158,0.017689,0.036153,0.053271,0.050277,0.067574,0.033865,0.075169,0.21007,0.075014,0.0048451,0.35611,0.20352,0.094722,0.016035,0.12164,0.022256,0.40384
0.00073126,0.091951,0.019911,0.0077976,0.007415,2.2951e-05,0.0015773,0.028762,0,0.020163,0.0016242,0.055927,0.034236,0,0.0039295,0.11263,0.013467,0.046825,0.049059,0.012253,0.016093,0.0016106,0,0.027833,0.0033251,0.0019513,0.056697,0.24543,0.011163,0,0.010714,0.015106,0.014762,0,0.043234,0.064176,0.062488,0.023798,0.10603,0.074176,0.06755,0.0046919,0.2831,0.13564,0.065359,0.018772,0.06197,0.0036488,0.0036553
0.00019477,0.012481,0.00017258,0.001801,7.4826e-05,2.2577e-06,0.00051458,0.00022684,0.00010536,0.0020234,0.00073785,0.038196,5.9182e-05,0,3.5449e-05,0.0085326,0.00049722,0.016932,0.0086441,0.0018338,0.0056921,8.0757e-05,0,0.0070451,0,0,0.0026238,0.033684,0.0055756,0,0.00017415,0.0028733,0.0017577,0,0.0068959,0.037887,0.021933,0.0033127,0.04106,0.012143,0,0.0040605,0.0025813,0.071084,0.009199,0.0015647,0.0041274,0.0071764,0
9.0082e-06,0,6.7779e-06,0,0,0,0,0,4.3992e-05,0,0.00030469,0.00016603,0,0,0,0,0,0.0022635,7.5215e-05,0,0,0,0,0,0,0,1.2586e-05,0.00025261,0.002681,0,0,0.00109,0,0,0,0.0017158,0.0017814,0.0026397,0.00026089,0.00086135,0,0,0,0.0034555,0,0,0.00035699,0,0
0.26185,0.0324,0.68213,0.53356,0.24292,0.29471,0.30749,0.14176,0.72188,0.00042635,0.43176,0.22407,0.64477,0.14224,0.24926,0.21542,0.54113,0.21157,0.19817,0.71296,0.37251,0.59482,0.043375,0.22067,0.22956,0.42976,0.26824,0.11374,0.24276,0.12512,0.42069,0.25545,0.20697,0.35794,0.22608,0.39413,0.50699,0.56552,0.22115,0.33956,0.036933,0.74471,0.033908,0.17228,0.552,0.55714,0.17403,0.0048596,0.3646
0.0013597,0.11272,0.0056973,0.0011994,0.00065273,0,0.00046222,0.031884,0,0.0024506,0.001706,0.052719,0.011899,0.063301,0.00066637,0.045922,0,0.21651,0.081345,0.00026418,0.076989,0.0088273,0.0053601,0.035193,0.0022427,0.00072388,0.07036,0.079852,0.0010301,0.0019278,0.18825,0.10033,0.063981,0.0067189,0.0037272,0.0069624,0.0067937,0.0019761,0.025126,0,0.042193,0.00020651,0.046979,0.17261,0.0040652,0.0035526,0.0060811,0.00039621,0.015096
1.7294e-05,0.00013201,0.0044058,0.00047063,2.1267e-05,0,0,0.062328,0,0.011485,9.5903e-05,0.012283,0,0.032505,0.009576,0.017009,0,0.018241,0.13416,0.0001381,0.0030312,0.017108,0.0066904,0.050198,0.001143,0.00075368,0.0034056,0.035678,0.0022257,0.0013471,0.0002922,0.068952,0.016731,0.016008,0.10873,0.0029071,0.057974,0.0019576,0.0017186,0.0003365,0.015718,0,0.027517,0.0088696,0.0072204,0.032286,0.024338,0.00052552,0.005216
2.1344e-05,0.0011914,0.015192,0.067838,3.6907e-05,0,0,0.05683,0,0.030901,0,0.01987,0,0.046625,0.0063032,0.046774,0,0.11562,0.0097077,0.00061548,0.0010136,0.015092,0.00047121,0.031913,0.00078674,0.00014716,0.0010052,0.047136,0,0.010321,1.4539e-05,0.0061261,0.0032413,0.0051909,0.10193,0.013429,0.059597,0.019892,0.014818,0.00016905,0.016408,0.0081066,0.036008,0.0098182,0.011184,0.07591,0.034188,0.0020631,0.010569
0.28494,0.27405,0.025853,0.044277,0.21563,0.043241,0.21475,0.20498,0.011463,0.42092,0.18342,0.18637,0.00089359,0.1056,0.079292,0.21387,0.064294,0.11568,0.21485,0.059345,0.099103,0.027533,0.061134,0.078159,0.10898,0.041005,0.076606,0.19348,0.11997,0.087267,0.090307,0.1879,0.094244,0.15711,0.022831,0.18797,0.07861,0.11618,0.2446,0.19897,0.18261,0.038234,0.24212,0.085565,0.057924,0.018473,0.23185,0.10113,0.086467
0.22616,0.17741,0.040921,0.064744,0.20829,0.043041,0.21394,0.18447,0.015094,0.46374,0.14273,0.10309,0.006852,0.5652,0.38513,0.23241,0.094117,0.026923,0.20501,0.11289,0.13165,0.12443,0.1701,0.11403,0.081206,0.042105,0.043697,0.096525,0.16189,0.063779,0.039532,0.14252,0.075467,0.18515,0.023867,0.25187,0.074939,0.13937,0.2532,0.12023,0.20317,0.026143,0.2169,0.2129,0.14206,0.018455,0.15085,0.10569,0.077601
0,0.0065193,0.022397,0.14148,0.00023426,0,0.00022129,0.031473,0,0.045453,5.7151e-05,0.0047848,0.00041881,0.018,0.057899,0.0098285,0.00042807,0.040558,0.10013,0.00098933,0.0079498,0.1265,0.0070891,0.017603,0.00097189,0.00015413,0.0014829,0.01656,0.00023068,0.0021649,2.3679e-05,0.077481,0.001963,0.011959,0.10407,0.020055,0.067236,0.049383,0.070149,0.0064824,0.031066,0.0055456,0.043435,0.010432,0.077963,0.093097,0.065333,0.0012685,0.0047304
2.6624e-06,0.041015,0.007481,0.0093927,0.0013948,0,0.00010862,0.097928,0,0.016285,0.0007339,0.0071332,0.0011159,0.012509,0.061814,0.003816,8.4293e-05,0.033134,0.052917,6.4239e-05,0.0016993,6.623e-05,0.0099663,0.087579,0.0015728,0.00048657,0.0021167,0.030231,7.0023e-05,0.0044929,0.024238,0.14722,0.0096727,0.03187,0.07204,0.0013653,0.085663,0.0031126,0.0059281,0.00071592,0.035822,0.0015182,0.047353,0.0030099,0.013577,0.036327,0.0092656,0.001097,0.0025972
0.026826,0.10091,0.0034711,0.048388,0.0051205,0,0,0.13388,0,0.0047924,0.001284,0.062944,0.053752,0.0020179,0.059498,0.025918,6.3118e-05,0.12981,0.0028065,6.3237e-05,0.075152,0.0032637,0.0239,0.063307,0.0054658,0.00071282,0.063226,0.09348,0.00022924,0.010857,0.21282,0.013986,0.041877,0.024115,0.0022115,0.0026541,0.00088942,0.00019477,0.012118,0.0021461,0.08511,8.7974e-05,0.10918,0.10191,0.0049925,0.0022586,0.022642,0.0014696,0.020714
0.19882,0.25366,0.19245,0.088649,0.32569,0.619,0.26304,0.054458,0.25156,0.0035496,0.23821,0.32673,0.2803,0.012011,0.090557,0.18903,0.29989,0.091952,0.00089855,0.11267,0.23091,0.082357,0.67191,0.30135,0.56807,0.48415,0.46986,0.29332,0.47159,0.69272,0.023831,2.4512e-05,0.48586,0.20393,0.33451,0.11866,0.061303,0.10242,0.15119,0.3314,0.35097,0.17545,0.1966,0.22261,0.12901,0.1625,0.28143,0.7815,0.41241
0.51097,0.22942,0.028215,0.01843,0.41612,0.086282,0.33599,0.34262,0.026408,0.17161,0.10065,0.22666,0.007012,0.079188,0.093786,0.073087,0.15741,0.016181,0.32298,0.043094,0.1194,0.00012517,0.22527,0.00086199,0.17554,0.082194,0.10856,0.20462,0.20117,0.1321,0.12913,0.24494,0.087424,0.21463,0,0.099886,0,0.020278,0.055441,0.24179,0.34353,0,0.13554,0.19679,0.10822,0,0.11736,0.14461,0.11386
7.9061e-05,0.021549,1.4874e-06,0.054248,0.0030307,0,0.090051,0.012867,6.3096e-05,0.086547,0.049111,0.02847,0.00073358,0.11503,0.19321,0.015978,0.00099978,0.11365,0.014831,0.0056365,0.04666,0.0040807,0.0028812,0,0.0078148,0.00072776,0.0064144,0.017013,0.069947,0.0097833,0.00040843,0.019544,0.033317,0.031493,0,0.19765,0.00059003,0.094721,0.04096,0.063752,0.03785,0.052385,0.082727,0.034554,0.0099311,0,0.098502,0.034189,0.036641
6.3019e-05,0.0012006,4.5441e-05,0.14817,0.0012447,0,0.0015512,0.0034031,4.2259e-05,0.11358,0.022074,0.0015873,5.1368e-06,0.10566,0.065074,0.011191,4.4765e-05,0.10964,0.0071194,0.0025749,0.011522,0.012794,0.0069581,0.0014419,0.0028105,0.00040109,0.00095123,0.0021291,0.00090574,0.010249,0,0.0066966,0.01354,0.023045,0,0.10372,0.0012842,0.059875,0.039252,0.0086438,0.010441,0.024469,0.041437,0.020943,0.025886,0,0.033552,0.0024054,0.012953
4.5484e-06,0.00013821,9.8424e-07,0.085985,0.00148,0,8.2209e-05,0.0018783,0,0.18467,0.0057597,0.0018156,1.5393e-05,0.069641,0.032445,0.0060064,0.0003833,0.044604,0.0043065,0.0063207,0.0096595,0.026525,0.0022227,0.039013,6.8637e-05,7.0709e-05,0.00040146,0.0070078,0.00015523,0.004658,1.494e-05,0.0021678,0.0012453,0.012447,0.18858,0.046345,0.029769,0.027152,0.059194,0,0.0045652,0.0011749,0.016092,0.008182,0.0094289,0.18385,0.020057,0.0017869,0.0025289
2.3549e-05,0.0002212,4.7608e-05,0.0098894,0.00033371,0,0,0.0023599,0,0.30462,0.002646,0.004351,2.8001e-05,0.073071,0.022221,0.0039422,4.0933e-06,0.035391,0.0033516,0.015325,0.0047695,0.016061,0.004625,0.097996,0.00051531,0.0001341,0.00012658,0.0022005,0,0.0065844,1.7039e-05,0.0041549,0.0072835,0.011993,0.19258,0.005231,0.17488,0.023141,0.11424,0.0046597,0,0.0015116,0.011567,0.0047264,0.011482,0.075442,0.061118,0.0032001,0.0025482
4.1946e-06,0.00059639,2.7818e-05,0.0032485,0.00047923,0,0.00019966,0.002187,0,0.055036,0.0065768,0.0072225,4.6431e-05,0.066372,0.036558,0.0023765,3.3056e-05,0.0086999,0.0036948,0.051423,0.0089159,0.010301,0.0031645,0.051866,0.00030969,0.00034325,0.00033011,0.00012634,0.00019604,0.0018817,0,0.0010422,0.019168,0.010591,0.020596,0,0.0055401,0.01933,0.14715,9.6859e-06,0.0042437,0,0.014406,0.0012548,0.028681,0.005073,0.033068,0.0036188,0.0019765
0.00013894,0.0018354,7.7919e-05,0.0018765,1.2145e-05,0,0,0.005264,0,0.019959,8.2823e-06,0.0039948,2.9218e-05,0.047528,0.018401,0.0017685,4.7144e-05,0.0019184,0.0082209,0.039603,0.0044095,0.010738,0.0039738,0.095364,0.0010759,0.00051198,0.00023598,0.005374,0.00089489,0.0051056,0,0.0018673,0.09451,0.010523,0.012123,0.0032983,0.010859,0.015356,0.13175,0.00034365,0.0032204,6.5785e-06,0.0097524,0.0073041,0.085141,0.0027153,0.018032,0.002629,0.0033208
0.00022003,0.0073052,0.00026817,0.00064708,0.00072541,0,4.5913e-05,0.0063474,0,0.0091156,0.0050368,0.0148,0.010105,0.05581,0.038616,0.00086565,5.4402e-06,0.037169,0.014169,0.0087381,0.0092048,0.010768,0.011468,0.0319,0.0029687,0.0007137,0.00045021,0.01234,0.0023722,0.0044434,9.5258e-06,0.0078042,0.0082716,0.023546,0.0070731,4.4134e-05,0.015049,0.013947,0.0050038,0.0011531,0.0067165,0.00029448,0.016717,0.02308,0.028308,0.0063994,0.026511,0.0025641,0.0061089
0.0027738,0.023535,0.0039324,0.0016518,0.0026329,3.0485e-06,0.00051952,0.035748,0,0.016322,0.017939,0.027564,0.076095,0.11514,0.045466,0.088632,5.4159e-05,0.073712,0.080655,0.0015069,0.013797,0.043615,0.01239,0.025542,0.0090297,0.00083134,0.0093832,0.023649,0.008274,0.017045,0.0049714,0.016665,0.011868,0.031568,0.021698,0.012183,0.031134,0.0081663,0.00040908,0.002941,0.018985,0.0024679,0.056967,0.055369,0.029382,0.0042602,0.037482,0.01273,0.004818
0.48572,0.7142,0.96738,0.67585,0.57395,0.91371,0.57156,0.58733,0.97349,0.038548,0.79019,0.68353,0.90593,0.27256,0.45422,0.79615,0.84102,0.55904,0.54067,0.82578,0.77166,0.86499,0.72705,0.65602,0.79986,0.91407,0.87315,0.72554,0.71609,0.80815,0.86545,0.69512,0.72337,0.63017,0.55736,0.53164,0.7309,0.71804,0.4066,0.6767,0.57045,0.91769,0.61479,0.6478,0.66354,0.72226,0.55432,0.79226,0.81525
0.054415,0,1.4339e-06,0.00018417,0,0,0.00035825,0.033838,0,0.00053819,0.017647,0.021088,0,1.1117e-05,0.0022563,0.010474,0,0.00031484,0.0070485,0,0,0.011895,0,5.4914e-05,6.6934e-05,0.0023726,0,0.0073926,0.0038742,0.001035,0,0,0.00013394,4.4389e-05,0,4.0032e-06,0.0023053,0.0017617,0,0.035913,0.016748,0.0019523,0.0019969,0.013302,0.0019376,0,0,0,0.0075077
0,0,0,0.0016143,0,0,0,0,0,0,0.031435,0,0,0,0,0,0,0,0,0,0,0,0,0,0,0,0,0,0,0,0,0,0.0021094,0,0,0.00017667,0.011934,0,0,0,0,0.0024142,0,0,0,0,0.0054635,0,0
0,0,2.5362e-05,0,0,0,0.00013397,0,0,0,0,0,0.04929,0,0,0,0,0.0039752,0.00045886,0.001292,0,0.01387,0,0,0,0,0,0,0,0,0,0,0,0,0,0.0003394,0,0.008502,0,0,0,0.0030873,0,0.042425,0.00086296,0,0,0,0
0,0,0.0099573,0.029622,0,0,0,0.006082,0.041508,0,0,0,0,0,0,0,0,0,0,0.0023333,0.075224,0,0,0.0003527,0,0,0,0,0,0,0,0,0,0.037021,0,0.024669,0,0.0053669,0,0,0,0.069188,0,0,0.014617,0,0,1.1043e-05,0
0,0,0,0.0053495,0,0.15053,0,0,0,0,0,0,0,0,0,0,0,0,0,0,0,0,0,0,0,0,0,0,0,0,0,0,0,0,0,0.0048291,0,0,0,0,0,0,0,0,0,0,0,0,0
0,0,0,0,0,0,0,0,0,0,0,0,0,0,0,0,0.07585,0,0,0,0,0,0,0,0,0,0,0,0,0,0,0,0,0,0,0,0,0,0,0,0,0,0,0,0,0,0,0,0
0,0,0,0,0,0,0,0,0,0,0,0,0,0,0,0,0,0,0,0,0,0,0,0,0,0,0,0,0,0,0,0,0,0,0,0,0,0,0,0,0,0,0,0,0,0,0,0,0
0,0,0,0,0,0,0,0,0,0,0,0,0,0,0,0,0,0,0,0,0,0,0,0,0,0,0,0,0,0,0,0,0,0,0,0,0,0,0,0,0,0,0,0,0,0,0,0,0
0,0,0,0,0,0,0,0,0,0,0,0,0,0,0,0,0,0,0,0,0,0,0,0,0,0,0,0,0,0,0,0,0,0,0,0,0,0,0,0,0,0,0,0,0,0,0,0,0
0.068257,0.11436,0.12009,0.020383,0.079316,0.21067,0.1055,0.05673,0.061418,0.01088,0.057916,0.16076,0.020127,0.011118,0.028461,0.050166,0.041911,0.026022,0.021217,0.070113,0.026636,0.008966,0.054657,0.093568,0.25579,0.12785,0.028171,0.048227,0.35665,0.10806,0.041436,0.022571,0.033984,0.080246,0.26102,0.036451,0.0090256,0.036692,0.024118,0.019611,0.098899,0.029612,0.036912,0.011071,0.040397,0.060094,0.14741,0.47574,0.063794
0,0,0.00066578,0,0,0,0,0,0,0,0.0043572,0.0016677,0,0,0,0.0045634,0,0.0019835,0,0,0,6.8e-05,0,0,0,0,0,0.0039464,0.0042774,1.5848e-05,0,0,0.011749,0,0.0056407,0,0.00024235,0,0,0.0040345,0.00088277,0,0.011082,0.0033221,0.0038646,0.00023529,0.00018886,0,0.0028113
0,0,0.00029202,0,0,0,0,0,0,0,0,0,0,0,0,0,0,0,0,0,0,0.00014427,0,0,0,0,0,0,0,0,0,0,0.012892,0,0,0,0,0,0,0,0,0,0,0,0,0,0,0,0
0,0,0,0,0,0,0,0,0,0,0,0,0,0,0,0,0,0.00015601,0,0.00095859,0,0.003939,0,0,0,0,0,0,0,0,0,0,0,0,0,0,0,0,0,0,0,0,0,2.3948e-05,0.010449,0,0,0,0
0,0,0.0029245,0,0,0,0,0,0,0,0,0,0,0,0,0,0,0.010258,0,0.0032626,0,0.014099,0,0,0,0,0,0.0043049,0,0,0,0,0,0,0,0.0030917,0,0,0,0,0,0,0,0,0.010478,0,0,0.00015713,0
0,0,0,0.029272,0,0,0,0,0,0,0,0,0,0,0.031503,0,0,0,0,0,0,0,0,0,0,0,0,0,0,0,0,0,0,0,0,0,0,0,0,0,0,0,0,0,0,0,0,4.6645e-06,0
0,0,0,0,0,0,0,0,0,0,0,0,0,0,0.0045416,0,0,0,0,0,0,0,0,0,0,0,0,0,0,0,0,0,0,0,0,0,0,0,0,0,0,0,0,0,0,0,0,0,0
0,0,0,0,0,0,0,0,0,0,0,0,0,0,0,0,0,0,0,0,0,0,0,0,0,0,0,0,0,0,0,0,0,0,0,0,0,0,0,0,0,0,0,0,0,0,0,0,0
0,0,0,0,0,0,0,0,0,0,0,0,0,0,0,0,0,0,0,0,0,0,0,0,0,0,0,0,0,0,0,0,0,0,0,0,0,0,0,0,0,0,0,0,0,0,0,0,0
0,0,0,0,0,0,0,0,0,0,0,0,0,0,0,0,0,0,0,0,0,0,0,0,0,0,0,0,0,0,0,0,0,0,0,0,0,0,0,0,0,0,0,0,0,0,0,0,0
0,0,0.011972,0.0028277,0,0,0,0,0,0,0,0,0.016511,0,0.022569,0,0.026279,0.00071429,0.0031003,0.00070148,0.0027486,0.007895,0,0.030419,0,0,0.0051593,0.00029757,0,6.4706e-06,0,0,0.00022102,0,0,0.00076913,0,0,0.026061,0.0020167,0.0038383,0,0.010358,0,0.019074,0,0,0,0.0059021
0,0,0,0,0,0,0,0,0,0,0,0,0,0,0,0.00032685,0,0,0,0,0,0.013052,0.00017724,0.0025324,0.0010398,0.0078745,0.0028328,0.00091021,0.00042731,0.0013422,0.00088526,0,0.003654,0,0.0011729,0,0.023463,0.0012274,0,0,0,0.00031108,0.0054731,0.017081,0.00050942,0.0002552,0.00069156,0.0032965,0.0036618
0,0,0.0019622,0,0,0,0,0,0,0,0,0,0,0,0,0,0,0,0,0,0,0.0023582,0,0.0078646,0,0,0,5.5733e-05,0,0,0,0,0,0,0.0081101,0,0.02189,0,0,0,0,0,0,0.0047801,0.0010906,0.0020546,0.0048965,0,0
0,0,0.0014919,0,0,0,0,0,0,0,0,0,0,0,0,0,0,0.0017519,0,0,0,0.019566,0,0.00031759,0,0,0,0,0,0,0,0,0,0,0.0037645,0,0,0,0,0,0,0,0,0.00076327,0.007086,0.0030399,0,0,0
0,0,0,0,0,0,0,0,0,0,0,0,3.5495e-05,0,0,0,0,0.00065015,0,0.0027128,0,0.0052621,0,1.1446e-05,0,0,0,0,0,0,0,0,0,0,0,0.00018846,0,0.0047409,0,0,0,0,0,0.0021103,0.0078247,0,0,0,0
0,0,0,1.4452e-05,0,0,0,0,0,0,0,0,0,0,0,0,0,0,0.00099507,0,0,0,0,0,0,0,0,0,0,0,0,0,0,0,0,0.0057039,0,0.0049408,0,0,0,0,0,0,0,0,0,3.243e-05,0
0,0,0,0,0,0,0,0,0,0,0,0,0,0,0,0,0,0,0,0,0,0,0,0.00042438,0,0,0,0,0,0,0,0,0,0.0014302,0,0.0044133,0,0,0,0,0,0,0,0,0,0,0,0,0
0,0,0,0,0,0,0,0,0,0,0,0,0,0,0,0,0,0,0,0,0,0,0,0,0,0,0,0,0,0,0,0,0,0,0,0,0,0,0,0,0,0,0,0,0,0,0,0,0
0,0,0,0,0,0,0,0,0,0,0,0,0,0,0,0,0,0,0,0,0,0,0,0,0,0,0,0,0,0,0,0,0,0,0,0,0,0,0,0,0,0,0,0,0,0,0,0,0
0,0,0,0,0,0,0,0,0,0,0,0,0,0,0,0,0,0,0,0,0,0,0,0,0,0,0,0,0,0,0,0,0,0,0,0,0,0,0,0,0,0,0,0,0,0,0,0,0
0.0004858,0.017807,0.024361,0.0042146,0,0,0,0,0,0,0,0,0.0077657,0.0002919,0.010686,0.0046771,0,0.0052879,0.004025,0.012888,0.0013475,0.014248,0.0039829,0.10852,0.0037302,0.018402,0.00020623,0.0028737,0.0092668,0.0063694,0.002738,0,0.00094133,0.0052304,0.011527,0.0014704,0.012093,0.0081565,0.037694,0,0.0015528,0.003518,0.01584,0.03228,0.066868,0.011478,0.022451,0.0047626,0.019612
0,0,0,0.0025897,0,0,0,0,0,0,0,0,0,0,0,0.001815,0,0,0,0.0023112,0,0.00038921,0,0,0,0,0,0.00053873,0.0018002,0.0017004,0,0,0,0,0.00059809,0.0054505,0.0017128,0.00018161,0.0034544,0,8.5621e-05,0,0.0012938,0.0046439,0.00063638,0,0.00042119,0,0.0016412
0,0,0.0018816,0.01318,0,0,0,0,0,0,0,0,0,0,0,0.00012126,0,0,0.0056957,0,0,0,0,0.0067688,0,0,0.00049419,0,0,0,0,0,0.00090861,0,9.3873e-05,0.00035969,0.00017851,0.00037236,0,0,0,6.4391e-07,0.00089083,0,0.00049129,0.00078673,0,0,0.0014183
0,0,0.00028714,0.015826,0,0,0,0,0,0,0,0,0,0,0,0,0,0,0,0,0,0.00041644,0.0004655,0.00054457,0,0,0.00035753,0,0,0,0,0,0,0,0.0057576,0,0.0026846,0,0,0,0,3.666e-05,0,0,0.0011815,0.0023152,0.00035932,0,0
0,0,0.00018981,0.0096388,0,0,0,0,0,0,0,0,0,0,0,0,0,0.0059239,0,0,0,0,0,0,0,0,0,0,0,0,0,0,0,0,0,0,0,0,0,0,0,0.00036243,0,0,0,0,5.0843e-05,0,0
0,0,0,0,0,0,0,0,0,0,0,0,0,0,0,0,0,0.00076023,0,0,0,0,0,0,0,0,0,0,0,0,0,0,0,0,0,0,0,0,0,0,0,0,0,0,0,0,0,0,0
0,0,0,0,0,0,0,0,0,0,0,0,0,0,0,0,0,0,0,0,0,0,0,0,0,0,0,0,0,0,0,0,0,0,0,0,0,0,0,0,0,0,0,0.0010435,0,0,0,0,0
0,0,0,0,0,0,0,0,0,0,0,0,0,0,0,0,0,0,0,0,0,0,0,0,0,0,0,0,0,0,0,0,0,0,0,0,0,0,0,0,0,0,0,0,0,0,0,0,0
0,0,0,0,0,0,0,0.0037082,0,0,0,0,0,0,0,0,0,0,0,0,0,0,0,0,0,0,0,0.0051354,0,0,0,0,0,0,0,0,0,0,0,0,0,0,0,0,0,0,0,0,0
0,0,0,0,0,0,0,0,0,0,0,0,0,0,0,0,0,0,0,0,0,0,0,0,0,0,0,0,0,0,0,0,0,0,0,0,0,0,0,0,0,0,0,0,0,0,0,0,0
0,0,0.023749,0.045762,0,0,0,0.0079006,0,0.0027745,0,0,0.0058294,0.00048356,0.0043234,0.0074937,0.018595,0.0031964,0.015687,0.013303,0.0049941,0.040215,0,0.012508,0,0,0.0019225,0.0017218,9.1156e-06,1.159e-05,0,0,0.00085409,0.00034139,0.10669,0.040232,0.047393,0.0038765,0.061272,0.0024568,0.0022035,0.0010454,0.036537,0.013833,0.052477,0.10413,0.0076832,0.0035888,0.025246
0,0,0,0.0011181,0,0,0,0,0,0,0,0,0,0,0,0.0016926,0,0.00012126,0.079149,0.001921,0,0.0036861,0.0011479,0,0,0,0,0,0.00024237,2.5334e-05,0,0,0,0,3.6263e-06,0.0061537,0.0023398,0.0049874,0.0068557,0,0,0.0011725,0.0078631,0.001385,0,0,0.0040416,0.0047312,0.0056609
0,0,0,0.00072227,0,0,0,0,0,0.0019001,0.00063064,0,0,0.0037507,0,2.8105e-06,0,6.5609e-05,0,0,0,0,0,0,0,0,0.00021756,0,6.6192e-05,0,0,0,0,0,0.00015038,0.00061678,0,0.00019472,0,0,0,0.00069844,0.00043301,0.0031753,0,0,0.00079602,0.0016434,0.00016479
0.012751,0,0,0.0029535,0,0,0,0,0,0,0,0,0,0,0.028091,0.00041703,0,0.00052096,0.003583,0,0,0,0,0,0.0094551,0,0,0.0001966,0.00014431,0,0,0,0,0,0,0.0017958,0.014333,0.0085932,0,0,0,0.0003366,0,0.0028145,0,0,0.0020037,0.0003848,0.00026444
0.0015359,0,0,0.0008498,0,0,0,0,0,0,0,0,0,0,0,0.061172,0,0.0018392,0.0013939,0,0,0,0,0,0.001624,0,0.00081225,0,0,0,0,0,0,0,0,0.0032068,0.0031421,0.0063035,0,0,0,3.5499e-05,0.0010341,0.0031754,0,0,0.00016634,0,0.00020958
0,0,0,0,0,0,0,0,0,0,0,0,0,0,0,0.0007965,0,0.0030935,0,0,0,0,0,0,0,0,0,0,0,0,0,0,0,0,0,0.00017641,0.0034674,0.00080564,0,0,0,0,0.00043571,0.0020658,0,0,0,0,0
0,0,0,0,0,0,0,0,0,0,0.017858,0,0,0,0,0,0,0,0.00029599,0,0,0,0.018113,0,0,0,0,0,0,0,0,0,0,0,0,0,0,0.0036039,0,0,0,0,0.00016799,0,0,0,0,0,0
0,0,0,0,0,0,0,0,0,0,0,0,0,0,0.0021849,0,0,0,0,0,0,0,0,0,0,0,0,0,0,0,0,0,0,0,0,0,0,0.0015815,0,0,0,0,0,0,0,0,0,0,0.0024419
0,0,0,0,0,0,0,0,0,0,0,0,0,0,0,0.0051714,0,0,0,0,0,0,0.020482,0,0,0,0,0,0,0,0,0,0.022382,0,0,0,0,0,0,0,0,0,0,0,0,0,0,0,0
0,0,0,0,0,0,0,0,0,0,0,0,0,0,0,0,0,0,0,0,0,0,0,0,0,0,0,0,0,0,0,0,0,0,0,0,0,0,0,0,0,0,0,0,0,0,0,0,0
0.021567,0,0.034845,0.076831,0,0,0.081091,0,0.0086955,0.81381,0.083891,0,0.033438,0.70863,0.43771,0.10238,0,0.00011884,0.022622,0.11762,0.0087825,0.049891,0.040705,0.0088817,0,0,0.0082846,0.018667,0.12584,0,0,0,0.019793,0.0010415,0.059519,0.21964,0.078172,0.1464,0.05334,0.0023227,0,0.014823,0.24896,0.16473,0.059379,0.039463,0.11766,0.1424,0.093956
0.00023581,0,0.00021849,0.0089409,0.090058,0.024996,0.0001326,0.12867,0,0.001498,0.0054362,0.0035778,0,0.0065457,0.022641,0.001026,0,0,0.0057118,0,0,0.014759,0.0013464,0.025564,0,0.0051508,0.00020826,0.0092017,0,0,0,0.0038716,0.0015155,0,0.0037726,0.00061292,0,0.0053905,0.013117,0.21564,0.0042688,0.00014801,0.0093082,0.0050565,0.0031676,0.00045065,0,0,0.0024308
0,0,0,0.013028,0.0033167,0,0.00012341,0,0,0.0027162,0.004089,0.0055081,0,0.021764,0,0,0,0,0,0,0,0,0,0,0,2.1411e-05,0,0,0,0,0,0,0.0017886,0,0,0.0035474,0,0.0082396,0,0,0.0010568,6.0616e-05,0,0.0012899,0,0,0,0,0
0.11561,0,0,0.0002561,0.026224,0,0,0,0,0,0.077983,0.15174,0,0,0.042262,1.9596e-06,0,0,0,0,0,0.00058398,0,0,0,0.016156,0,0.054642,0.00038965,0.016763,0,0,0.023972,0,0,0,0.0029575,0.00061718,0.00011134,0.063622,0.050453,0,0,0,0,0,0.008493,0,0
0.034763,0,0,0,0.075975,0,0.020244,0.15183,0,0,0,0,0,0,0,0.098866,0,0,0,0,0,0,0,0.080991,0.0432,0.012886,0.085911,0.00010373,6.4535e-05,0.017576,0.0010101,0,0.073882,0,0,0.0013877,0,0,0,0.054705,0,3.713e-05,0.0030572,0,0,0,0.0040746,0,0.065377
0,0.15689,0,0,0.079959,0,0,0.013992,0,0,0,0.0027593,0,0.0055843,0,0,0,0,0.0030262,0,0,0,0.0026354,0,0,0,0,0,0,0.0063012,0,0,0,0.089225,0,0,0,0,0,0,0,0,0.0044999,0,0,0,0,0,0.0011653
0,0,0,0,0,0,0,0,0,0,0.021778,0,0,0,0,0,0,0,0.050575,0,0,0,0.038212,0.012246,0,0,0,0,0,0,0.0018657,0.17069,0,0,0,0,0,0,0,0,0.12817,0,0.0385,0.00022433,0,0,0,0,1.0644e-05
0,0,0,0,0.002374,0,0,0,0,0,0,0,0,0,0.0099381,0.0011209,0,0,0,0,0,0,0.0024059,0.0016675,0,0,0.04091,0,0,0,0,0,0,0,0,0.00072254,0,0,0,0.14269,0,0,0,0,0,0,0,0,0
0,0,0,0,0,0,0,0.0926,0,0,0,0.093231,0,0,0,0.0024927,0,0,0.005036,0,0,0,0.035964,0,0.12232,0.037168,0,0.0075823,0,0,0,0.0060913,0.046459,0.071528,0,0.00081587,0,0,0,4.9109e-05,0,0,0,0,0,0,0,0,0
0,0,0,0,0,0,0,0,0,0,0,0,0,0,0,0,0,0,0,0,0,0,0,0,0,0,0,0,0,0.074933,0,0,0,0,0,0,0,0,0,0,0,0,0,0,0,0,0,0,0
0.38879,0.41132,0.10209,0.35822,0.42966,0.32293,0.33574,0.22795,0.18224,0.15596,0.19072,0.23137,0.24971,0.0063176,0.071896,0.21362,0.30529,0.39912,0.29446,0.11009,0.42751,0.12729,0.2743,0.25576,0.12187,0.35424,0.32788,0.41074,0.22765,0.20595,0.3401,0.31629,0.26596,0.30059,0.11343,0.17581,0.088252,0.14373,0.36312,0.1887,0.44231,0.11709,0.21658,0.19236,0.13768,0.1073,0.39519,0.1345,0.2154
0,0,0,0.0082237,0,0,0,0.001712,0,0.00075841,0,0,0,0,0,0,0,0,0,0,0,0.0037703,0,0,0,0,5.4097e-05,0,9.1825e-07,0,0,0,0,0,0,0.0033707,0,0,0.011166,0,3.9509e-06,0.00021682,0,0.0066368,0,0,0,0,0.00030773
0,0,0,0.0006745,0,0,0,0,0,0,0,0,0,0,0,0,0,0,0,0,0,0,0,0,0,0,0,0,4.2682e-05,0,0,0,0,0,0,0.010864,0,0,0.0085144,0,0,0,0,0,0,0,0,0,0
0,0,0.000485,0,0,0,0,0,0,0,0,0,0,0,0,0,0,0,0,0,0,0,0,0,0,0,0,0,0.00018226,0,0,0,0,0,0,0.0010395,0,0,0.00083927,0,0,0,0,0,0,0,0.0029848,0,0
0,0,0,0,0,0,0,0,0,0,0,0.00087917,0,0,0,0,0,0,0,0,0,0,0,0,0,0,0,0,0,0,0,0,0,0,0,0,0.00058119,0,0,0,0,0,0,0,0,0,0.0010505,0,0
0,0,0,0,0,0,0,0,0,0,0,0,0,0,0,0,0,0,0,0,0,0,0,0,0,0,0.00012699,0,0,0,0,0,0,0,0,0,0,0,0,0,0,0,0.0074612,0,0,0,0,0,0
0,0,0,0,0,0,0,0,0,0,0,0,0,0,0,0,0,0,0.00085689,0,0,0,0,0,0,0,0,0,0,0,0,0,0,0,0,0,0.0012309,0,0,0,0,0,0,0,0,0,0,0,0
0,0,0,0,0,0,0,0,0,0,0,0,0,0,0,0,0,0,0,0,0,0,0,0,0,0,0,0,0,0,0,0,0,0,0,0,0,0,0,0,0,0,0,0,0,0,0,0,0
0,0,0,0,0,0,0,0,0,0,0,0,0,0,0,0,0,0,0,0,0,0,0,0,0,0,0.00023818,0,0,0,0,0,0,0,0,0,0,0,0,0,0,0,0,0,0,0,0,0,0
0,0,0,0,0,0,0,0,0,0,0,0,0,0,0,0,0,0,0,0,0,0,0,0,0,0,0,0,0,0,0,0,0,0,0,0,0,0,0,0,0,0,0,0,0,0,0,0,0
0,0,0.044606,0.087143,0,0,0,0,0.0048842,0,0,0.00053994,0,0,0.0055206,0.022439,0,0.076405,0.005562,0.0094384,0.0096297,0.040189,0.0010941,0.027685,0,0,0.00025479,0.0010705,0.00027831,0.0039002,0,0,0.0045682,0,0.1349,0.024266,0.064665,0.012533,0.017158,0.0044251,0.012387,0.014452,0.055124,0.0089045,0.016256,0.049857,0.032834,0.0010346,0.072786
0,0,0,0,0,0,0,0,0,0.00042055,0,0,0,0,0.0017182,0.00082284,0,0,0,0,0,0.010372,0,0.0023939,0,0,2.1825e-05,0.00099651,0,0,0,0.00066801,0.0050764,0,0,0,0,0,0,0,0,0,0.0018298,0.012191,0,0.00022851,0,0,0.0038177
0,0,0,0,0,0,0,0,0,0,0,0,0,0,0,0,0,0,0,0,0,7.8176e-05,0,0,0,0,0,0,0,0,0,0,0,0,0,0,0,0,0,0,0,0,0,0,0,0,0,0,0
0,0,0.00062227,0,0,0,0,0,0,0,0,0,0,0,0,0,0,0,0,0,0,0,0,0,0,0,0,0,0,0,0,0,0,0,0,0,0,0,0,0,0,0,0,0,0,0,0,0,0
0,0,0,0,0,0,0,0,0,0,0,0,0,0,0,0,0,0,0,0,0,0,0,0,0,0.0028064,0,5.1417e-05,0,0,0,0,0,0,0,0,0,0,0,0,0,0,0,0,0,0,0,0,0
0,0,0,0,0,0,0,0,0,0,0,0,0,0,0,0,0,0,0,0,0,0,0,0.00029648,0,0,0,0,0,0,0,0,0,0,0,0,0,0,0,0,0,0,0,0,0,0,0,0,0
0,0,0,0,0,0,0,0,0,0,0,0,0,0,0,0,0,0,0,0,0,0,0,0,0,0,0,0,0,0,0,0,0,0,0,0,0,0,0,0,0,0,0,0,0,0,0,0,0
0,0,0,0,0,0,0,0,0,0,0,0,0,0,0,0,0,0,0,0,0,0,0,0,0,0,0,0,0,0,0,0,0,0,0,0,0,0,0,0,0,0,0,0,0,0,0,0,0
0,0,0,0,0,0,0,0,0,0,0,0,0,0,0,0,0,0,0,0,0,0,0,0,0,0,0,0,0,0,0,0,0,0,0,0,0,0,0,0,0,0,0,0,0,0,0,0,0
0,0,0,0,0,0,0,0,0,0,0,0,0,0,0,0,0,0,0,0,0,0,0,0,0,0,0,0,0,0,0,0,0,0,0,0,0,0,0,0,0,0,0,0,0,0,0,0,0
0,0.011011,0.059993,0.0033586,0,0,0.18172,0,0.0036642,0,0.052456,0.0005751,0,0,0.0022942,0.011973,0,0.05923,0.0087636,0.0030387,0.0094219,0.025251,0.012202,0.10381,0.0044523,0.014062,0.020531,0.034523,0.014174,0.013342,0.0072574,0.0088667,0.01696,0.012574,0.070872,9.1444e-05,0.04992,0.015059,0.05005,0.0050989,6.1641e-05,0,0.041333,0.050214,0.030438,0.031444,0.019085,0.004329,0.01645
0,0,0,0,0,0,0,0,0,0.0012444,0,0,0,0,0.021078,0,0,0,0,0.00086653,0,0.0095699,0,0,0,0,0,0,0,0,0,0,0,0,0,0,0,0,0,0,0,0,0,0.0072311,0.00099269,0,0,0,0.0044417
0,0,0,0,0,0,0,0,0,0,0,0,0,0,0,4.3099e-05,0,0,0,0,0,0,0,0,0,0,0,0,0,0,0,0,0,0,0,0,0.0013802,0,0,0,0,0,0,0,0,0,0,0,0
0,0,0,0,0,0,0,0,0,0,0,0,5.9385e-06,0,0,0,0,0,0,0,0,0,0,0,0,0,0,0,0,0,0,0,0,0,0,0,0.001176,0,0,0,0,0,0,0,0,0,0,0,0
0,0,0,0,0,0,0,0,0,0,0,0,0,0,0,0,0,0,0,0,0,0,0,0,0,0,0,0,0,0,0,0,0,0,0,0,0,0,0,0,0,0,0,0,0,0,0,0,0
0,0,0,0,0,0,0,0,0,0,0,0,0,0,0,0,0,0,0,0,0,0,0,0,0,0,0,0,0,0,0,0,0,0,0,0,0,0,0,0,0,0,0,0,0,0,0,0,0
0,0,0,0,0,0,0,0,0,0,0,0,0,0,0,0,0,0,0,0,0,0,0,0,0,0,0,0,0,0,0,0,0,0,0,0,0,0,0,0,0,0,0,0,0,0,0,0,0
0,0,0,0,0,0,0,0,0,0,0,0,0,0,0,0,0,0,0,0,0,0,0,0,0,0,0,0,0,0,0,0,0,0,0,0,0,0,0,0,0,0,0,0,0,0,0,0,0
0,0,0,0,0,0,0,0,0,0,0,0,0,0,0,0,0,0,0,0,0,0,0,0,0,0,0,0,0,0,0,0,0,0,0,0,0,0,0,0,0,0,0,0,0,0,0,0,0
0,0,0,0,0,0,0,0,0,0,0,0,0,0,0,0,0,0,0,0,0,0,0,0,0,0,0,0,0,0,0,0,0,0,0,0,0,0,0,0,0,0,0,0,0,0,0,0,0
0,0,0.021599,0.0040899,0,0,0,0,0.0032354,0,0.0046754,0.00014924,0,0,0.063329,0.01644,0,0.0068329,0.0082046,0.0020244,0.0083217,0.020872,0,0,0,0,0.0069491,0.0030209,2.943e-06,0.0081411,0,0,0.035294,0,0.0011991,0.00041076,0.0014313,0.00017149,0.02626,0.001458,0.0083012,0.089407,0.0002884,0.0013464,0.038623,0.0063129,0.024167,3.9668e-05,0.016017
0.031711,0,9.7599e-05,7.2768e-05,0.00064237,0,0,0.026725,0,0,0.035592,0.012799,0,0.0051096,0,0.011847,0,0.0065163,0.032235,0,0,0.027537,0.0002338,0.0065166,0.070243,0.097197,0.028038,0.022969,0.0023108,0.011718,0.00017418,0.0079524,0.0041145,0.0080482,0,0.00010809,0.007193,0.0091007,0.0099195,0.0027916,0.035759,0.0043448,0.012167,0.02539,0.0015349,0.03035,0.0023537,2.5398e-05,0.033136
0,0,0,0,0,0,0,0,0,0,0.0065637,0,0,0.00033146,4.3731e-06,0,0,0.0047544,0,3.1767e-06,0,0.00092955,0,0,0,0,0,0,0.00057299,0,0,0,0.0019791,0,0,2.161e-05,0.00011647,0.0010397,0,0,0,0.010169,0,0.0012743,0.00012517,0.0039319,0.00012804,3.7067e-05,0
1.4316e-05,0,2.9679e-06,0,0,0,0,0,0,0,0,0,0.011053,0,0,0,0,0.019959,0,0.00012772,0,0.0070147,0,0,0,0,0,0,0,0,0,0,0,0,0.0001621,0.0024725,0.0017371,0.001807,0.00013948,0.00095346,0,0.013261,0,0.019514,0.0047166,0.0044011,0.00020971,0.00025491,0
0,0,0.010782,5.8507e-05,0,0,0,0.0062804,0.0050212,0,0,0,0,0,3.1305e-05,0,0,0.00084207,0,0.004134,0.061592,0.0031294,0,0.015741,0,0,0,0,0,0,0,0,0,0.036288,0.00055649,0.0042508,0.00037184,0.00040374,0.0085262,0,0,0.20161,0,0,0.020364,0.0030655,0,0.0020966,0
0,0,0,0,0.00048796,0.00046867,0,0,0,0,0,0,0,0,0.0073044,0,0,0,0,0,0,0,0,0,0,0,0,0,0,0,0,0,0,0,0,0,0,0,0,0,0,0,0,0,0,0,0,0,0
0,0,0,0,0,0,0,0,0,0,0,0,0,0,0,0,0.021258,0,0,0,0,0,0,0,0,0,0,0,0,0,0,0,0,0,0,0,0,0,0,0,0,0,0,0,0,0,0,0,0
0,0,0,0,0,0,0,0,0,0,0,0,0,0,0,0,0,0,0,0,0,0,0,0,0,0,0,0,0,0,0,0,0,0,0,0,0,0,0,0,0,0,0,0,0,0,0,0,0
0,0,0,0,0,0,0,0,0,0,0,0,0,0,0,0,0,0,0,0,0,0,0,0,0,0,0,0,0,0,0,0,0,0,0,0,0,0,0,0,0,0,0,0,0,0,0,0,0
0,0,0,0,0,0,0,0,0,0,0,0,0,0,0,0,0,0,0,0,0,0,0,0,0,0,0,0,0,0,0,0,0,0,0,0,0,0,0,0,0,0,0,0,0,0,0,0,0
0.26986,0.28862,0.52482,0.25298,0.21199,0.2904,0.27496,0.24199,0.68934,0.0074952,0.38697,0.31336,0.60623,0.23006,0.17966,0.36803,0.51081,0.35959,0.4203,0.64086,0.3638,0.49869,0.49187,0.19455,0.36621,0.30382,0.44042,0.36083,0.25173,0.52282,0.60453,0.463,0.40881,0.35639,0.21106,0.41047,0.54461,0.55362,0.27828,0.25351,0.19302,0.42061,0.23057,0.34434,0.44688,0.53881,0.19514,0.22093,0.33437
0,0,4.7608e-05,0,0,0,0,0,0,0,0.00090641,0,0,0,0,0,9.1327e-05,0,0,0,0,0,0,0,0,0,0,0,1.1799e-05,0,0,0,0,0,0,0,0,0,0,0,0,0,0,0,0,0,0,0,0
0,0,0,0,0,0,0,5.0291e-05,0,0,0,0,0,0,0,0,0.00017062,5.2768e-05,0,0,0,0,0,0,0,0,0,0,2.5335e-05,4.8097e-05,0,0,0,0,0.0010731,0.0030607,0,0.0003097,0,0,0,0,8.9525e-06,0,0,0.00025879,0,0,0
0,0,0,0,0,0,0,0.00010827,0,0,0,0.00219,0,0,0,0,0,0,0,0.00093343,0,0,0.0029706,0,0,0,0.00098481,0,0,0,0,0,0.001141,0.00064851,0,0,0,0,0,0,0.00028851,0.020139,0,0,0,0,0,2.6462e-05,0
0,0,0,0,0,0,0,0,0,0,0,0,0,0,0,0,0,0,0,0.00010733,0,0,0,0,0.014136,0.00078546,0,0,0,0,0,0,0,0,0,0,0,0,0,0,0.0015776,0.00021467,0,0,0,0,0,0.0002424,0.00066573
0,0,0,0,0,0,0,0,0,0,0,0,0,0,0,0,0,0,0,0,0,0,0,0,0,0,0,0.00066428,0,0,0,0,0,0,0,0,0,0,0,0,0,0,0,0,0,0.016311,0,0.00084616,0
0,0,0,0,0,0,0,0,0,0,0,0,0,0,0,0.062773,0,0,0,0,0,0,0,0,0,0,0,0.0051543,0,0,0,0,0,0,0,0,0,0,0,0,0,0,0,0,0,0,0,0.026918,0
0,0,0,0,0,0,0,0,0,0,0,0,0,0,0,9.9437e-06,0,0,0,0,0,0,0,0,0,0,0,0,0,0,0,0,0,0,0,0,0,0,0,0,0,0,0,0,0,0,0,0,0
0,0,0,0,0,0,0,0,0,0,0,0,0,0,0,0,0,0,0,0,0,0,0,0,0,0,0,0,0,0,0,0,0,0,0,0,0,0,0,0,0,0,0,0,0,0,0,0,0
0,0,0,0,0,0,0,0,0,0,0,0,0,0,0,0,0,0,0,0,0,0,0,0,0,0,0,0,0,0,0,0,0,0,0,0,0,0,0,0,0,0,0,0,0,0,0,0,0
0,0,0,0,0,0,0,0,0,0,0,0,0,0,0,0,0,0,0,0,0,0,0,0,0,0,0,0,0,0,0,0,0,0,0,0,0,0,0,0,0,0,0,0,0,0,0,0,0
0,0,1.9618e-05,0,0,0,0,0,0,0,0,0,0,0,0,0,0.00019045,0,0,0,0,0,0,0,0,0,0,0,0,0,0.00021845,2.1128e-05,0,0,0,0,4.8112e-06,0,0,0,0,0,0,0,0,0,0,0,0
0,0,0,0,0,0,0,0,0,0,0,0,0,0,0,0,0.00015486,0,0,0.0046222,0,0,0,0,0,0,0,0,0.00032611,0.00055182,0,0,0,0,0.0044575,0.012863,0,0.0019818,0,0,0,0,7.3594e-05,0,0.00020896,0.0012322,0,2.477e-06,0
0,0,0,0.0469,0,0,0,0.00082442,0,0,0,0.0077002,0,0,0.00021144,0,0,0.00022623,0,0.0016719,0,0,0.0062699,0,0,0,0.0067505,0,0,0.00024281,0,0,0.013181,0.00094612,0.0027356,0,0,0,0,0,0,0.046441,0,0,0.00036919,0.0011923,4.7873e-05,0.00012713,0
0,0,0,0.036871,0,0,0,0,0,0,0.00015124,0,0,0,0,0,0,0,0,6.5747e-06,0.0060251,0,0.014763,0,0.055185,0.0060397,0.00089469,0,0,0,0,0,0,0.0061699,0,0,0,0,0,0,0.0091636,0.026324,0,0,0,0.0002552,0.00063185,0.0015386,0.0059409
0,0,0,0.079924,0,0,0,0,0,0,0,0,0,0,3.8438e-05,0,0,0,0,0.00062577,0.0052937,0,0,0,0,0.00075581,0,0.068161,0,0,0,0,0,0,0,0,0,0,0,0,0.0022325,0,0,0,0,0.020522,0,0.0091312,0
0,0,0,0.059912,0,0,0,0,0,0,0,0,0,0,0,0.20323,0,0,0,0,0,0,0,0,0,0,0,0.13624,0,0,0,0,0,0,0.00058473,0,0,0,0,0,0,0,0,0,0,0.027667,0,0.075842,0
0,0,0,0.032855,0,0,0,0,0,0,0,0,0,0,0,0.17378,0,0,0,0,0,0,0,0,0,0,0,0.045692,0,0,0,0,0,0,0,0,0,0,0,0,0,0,0,0,0,0,0,0.12255,0
0,0,0,0.0043681,0,0,0,0,0,0,0,0,0,0,0,0.016041,0,0,0,0,0,0,0,0,0,0,0,0,0,0,0,0,0,0,0,0,0,0,0,0,0,0,0,0,0,0,0,0,0
0,0,0,1.9149e-05,0,0,0,0,0,0,0,0,0,0,0,0,0,0,0,0,0,0,0,0,0,0,0,0,0,0,0,0,0,0,0,0,0,0,0,0,0,0,0,0,0,0,0,0,0
0,0,0,1.0776e-05,0,0,0,0,0,0,0,0,0,0,0,0,0,0,0,0,0,0,0,0,0,0,0,0,0,0,0,0,0,0,0,0,0,0,0,0,0,0,0,0,0,0,0,0,0
2.3403e-05,0,4.1135e-05,0,0,0,0,0,0,0,0.0023875,0,0,0,0,0,0.00044456,0,0,0.0020804,0,0,0,0,0,0,0,0,0,0,0.00013623,4.2789e-05,0,0,0,0,0,0,0,0.00028046,0,0,0,0,0,0,0,1.1521e-06,0
0,0,0.00012018,0.02435,0,0,0,0,0,0,0,0,0,0,0.0036329,0,0.00030409,0,0,0.0029377,0,0,0,0,0,0,0,0,0.0013526,0,0.0013144,0,0,0,0.002568,0.042308,1.6401e-05,0.0059911,0,0,0,0,4.8248e-05,0,0.00157,0.0012678,0,9.7058e-06,0
0,0,0,0.0082518,0,0,0,0.0017778,0,0,0,0.0068526,0,0,0.0013244,0,0.0002444,0.00090719,0,0,0.0068761,2.2137e-05,0,0,0,0,0,0,9.5351e-05,0.0074882,0,0,0.0087749,0,0.035654,0,0,0.0086288,0,0,0,0,0.00035355,0,0.012489,0.011419,0,0.0011163,0
0,0,0,0,0,0,0,0.0089798,0,0,0.045787,0.03496,0,0,0,0,0,0.0010327,0,0,0.012312,0,0.069965,0,0.035774,0,0.044714,0,0,0,0,0,0.077782,0.021088,0.013534,0,0,0,0,0,0.0097785,0.097202,7.6855e-06,0,0.0014495,0.0041666,0.0051262,0.014204,0.0055132
0,0,0,0,0,0.0020835,0,0,0,0,0.084143,0.00054369,0,0,0.0014836,0,0,0,0,0.0069061,0.016967,0,0.065368,0,0.19571,0.25635,0.0079752,0,0,0,0,0,0.0013744,0.063645,0.0028516,0,0,0,0,0,0.21562,0.029946,0,0,0,0.0028489,0.0041599,0.023569,0.053062
0,0,0,0,0,5.9224e-05,0,0,0,0.00016368,0.0032505,0,0,0,0.021469,0.14861,0,0,0,0.028436,0.02781,0,0,0,0.025423,0.36332,0,0.090138,0,0,0,0,0,0.0063742,0.0011841,0,0,0,0,0,0.040132,0,0,0,0,0.03825,0.00013973,0.0044575,0.016985
0,0,0,0,0,0,0,0,0,0.00070223,0,0,0,0,0.016209,0.10193,0,0,0,0,0,0,0,0,0,0.012215,0,0.20105,0,0,0,0,0,0,0.018736,0,0,0,0,0,0,0,0,0,0,0.063444,0,0.076344,0
0,0,0,0,0,0,0,0,0,0,0,0,0,0,0.0019134,0.14288,0,0,0,0,0,0,0,0,0,0,0,0.10933,0,0,0,0,0,0,0.058834,0,0,0,0,0,0,0,0,0,0,0.042804,0,0.23817,0
0,0,0,0.0064186,0,0,0,0,0,0,0,0,0,0,0,0.032486,0,0,0,0,0,0,0,0,0,0,0,0.030355,0,0,0,0,0,0,1.0914e-06,0,0,0,0,0,0,0,0,0,0,0,0,0.21349,0
0,0,0,0.55496,0,0,0,0,0,0,0,0,0,0,0,0.0024928,0,0,0,0,0,0,0,0,0,0,0,0,0,0,0,0,0,0,0,0,0,0,0,0,0,0,0,0,0,0,0,0.0074074,0
0.00016885,0,7.8365e-05,0,0,0,0,0,0,0,0.0042802,0,0,0,0,0,7.6415e-05,0,0,0.0016664,0,0,0,0,0,0,0,0,0,0,0,7.0395e-05,0,0,0,0,0,0,0.00097063,3.3456e-05,0,0,0,0,0.00026572,0,0,2.7955e-05,0
0.00023156,0,6.0339e-05,0.013252,0,3.7205e-06,0,0,2.3355e-05,0,0,0,3.8301e-05,0,0.0060225,0,0.00028344,0,0,0,0,0,0,0,0,0,0,0,0.00054028,0,0.006026,0.0010949,0,0,0.0027809,0.021737,0.00036102,0,6.3836e-05,0,0,0,0,0,0.0025123,0.00044612,0,6.7183e-05,0
0,0,6.2909e-05,0,1.6857e-06,0,0,0,0.0019079,0,0,0.0082361,5.7596e-05,2.2241e-05,0,0,5.1934e-05,0,0,0,0.017254,4.1146e-05,0,0,0,0,0,0,0.011625,0.0038998,0.0077588,0,0.0084637,0,0.031895,0.11916,0.0029762,0.056351,0,0,0,0,0.00065001,0,0.00087452,0.012958,0,0.0037623,0
0,0,0.00032813,0,0.0002426,0,0.0004892,0.0064234,0.0055906,0,0,0.067445,0,0.00057441,0,0,0.0080578,0.0055895,8.5469e-06,0,0.00052731,0,0.0048358,0,0,0,0,0,0.023314,0.10318,0,0,0.069265,0,0,0.073164,4.534e-05,0.24554,0,0.0079519,0,0.0031456,0.0053591,0.0002648,0.02935,0,0.10036,0.031808,0
0,0,0.0028513,0,0,0.0030459,0.00083266,0.029542,0.00076251,0,0.022934,0.1043,0,0.00038081,0,0,0.044344,0.015537,7.2739e-05,0,0,0,0.068972,0.012613,0.07227,0,0.24962,0,0,0.18166,0.00097828,0.0001501,0.26536,0.041093,0,0,0,0.097929,0,0.041758,0.02573,0.034195,0.0067136,0.0045165,0.048614,0,0.063598,0.0026626,0
0,0,0,0,0,0.027502,0.014178,0.077407,0,3.2719e-06,0.11588,0.083578,0,0,0,0,0.052135,0.022319,0,0.0052372,0.0063326,0,0.18363,0.039686,0.21652,0.13901,0.28419,0,0,0.090551,0.0089681,0.00046549,0.15123,0.12351,0,0,0,0,0,0.017863,0.066087,0.075208,0.0040045,0.01539,0.039238,0,0.029743,0,0.33365
0,0,0,0,0,0.074119,0.018065,0.057421,0,0.0024026,0.031189,0.07127,0,0,0.046471,0,0.0063121,0.0027628,0,0.091091,0.061074,0,0.19654,0.051645,0.10637,0.10451,0.15759,0.00532,0,0,0,0,0.081306,0.076979,0,0,0,0,0,0.00071266,0.1615,0.13283,0.0027546,0.023506,0.0083059,0,0.043017,0,0.30365
0,0,0,0,0,0.27941,0.11617,0.030758,0,0.020414,0.066847,0.025749,0,0,0.27899,0.013045,0,0.00024838,0,0.14293,0.095085,0,0.10078,0.072566,0.061238,0.025082,0.024046,0.077037,0,0,0,0,0.015669,0.056176,0.018776,0,0,0,0,0,0.071123,0.19622,0,7.9326e-06,0.0052606,0.059734,0.18722,0,0.098327
0,0,0,0,0,0.14963,0.18481,0,0,0.0084379,0.1484,0,0,0,0.068038,0.043705,0,0.008305,0,0.2408,0.14082,0,0.015349,0.026995,0.021587,0.007298,0.00091771,0.050522,0,0,0,0,0,0.13836,0.15795,0,0,0,0,0,0.025402,0.10601,0,0.045254,0,0.16738,0.16856,0.001584,0.002632
0,0,0,0,0,0.029376,0.23821,0,0,0.0046976,0.060528,0,0,0,0.024246,0.0010622,0,0.021165,0,0.30958,0.20484,0,0,0,0.001261,0.0015757,0,0.011016,0,0,0,0,0,0.0085219,0.26249,0,0,0,0,0,0.0056195,0.00038683,0,0.083417,0,0.276,0.010263,0.033776,7.867e-06
0,0,0,0,0,0,0,0,4.3992e-05,0,0.0014926,0,0,0,0,0,0.00051085,0,0,0.0048563,0,0,0,0,0,0,0,0,6.3982e-06,0,0,0,0,0,0,0,0,0,0.0017407,0.00063874,0,0,0,0,0.0023046,0,0,5.7029e-05,0
0.0012036,3.0074e-06,0,0.0064693,0,0.00014243,0,0,0,0,0.0073407,0,6.4896e-06,0,0.010545,0,0.00052308,0,0,0,0.003959,0,0,0,0,0,0,0,1.4324e-05,0,0,0.00041456,0,0,0,0,0,0,0.001915,0.012917,0,0,0,0,0,0,0,0.00021155,0
0.0050668,2.8541e-06,0,0,0,0,0,0,3.2106e-05,0,0.0075899,0,0.00047955,0,0,0,0,0,0,0,0.016781,0.00087885,0,0,0,0,0,0,1.4097e-05,0,0.019489,0.01402,0.0036301,0,0.046987,0,0.0024184,0,0.00038142,0.045156,0,3.5499e-05,0,0,0,0.014782,0,0.0077394,0
0.010601,0,0,0,0.012083,0,0.0039046,0,0.013347,0,0.0025689,0,0.0030016,0.0089245,0,0,0,0,0,0,0,0.0059453,0,0,0,0,0,0,0.0091092,0.0025789,0.10017,0.059089,0.015741,0,0.0093975,0.069619,0.02749,0,0.011627,0.084492,0,0.022985,0,0,0,0.003473,0.0057627,0.030013,0
0.017596,0.017354,0,0,0.064772,0,0.0076906,0.01415,0.0406,0,0.00035623,0.028325,0.0093267,0.056036,0,0,0,0,0.00042381,0,0,0.014375,0,0.0056897,0,0,0,0,0.064368,0.024508,0.16292,0.13919,0.026792,0,0,0.083017,0.10853,0.1184,0.031687,0.083729,0,0,0.0014018,0,0,0,0.076993,0,0
0.035787,0.24572,0.020731,0,0.083177,0,0.063721,0.0253,0.069194,0,0.12055,0.03379,0.02329,0.064599,0,0,0.050956,0.0027953,0.077366,0,0,0.024779,0.003067,0.055057,0,0,0.054638,0,0.094418,0.12765,0.25422,0.37247,0.0038202,0,0,0.027832,0.18879,0.074559,0.073168,0.062524,0.0062197,0,0.043802,0.015123,0.029397,0,0.041438,0,0
0.057608,0.20305,0.065928,0,0.39799,0,2.8001e-05,0.045864,0.14236,0.021269,0.02972,0.080968,0.057237,0.056777,0.068508,0.005151,0.19042,0.066474,0.086377,0,0,0.044205,0.0060176,0.053213,0.00014263,0.0016382,0.037201,0.0035622,0.17025,0.14339,0.26614,0.13346,0.028279,0,0,0.0071058,0.24317,0.052288,0.11642,0.051684,0.15417,0,0.47732,0.053695,0.12906,0,0.021802,0,0.00061183
0.093428,0.062617,0.29356,0,0.022833,0,0,0.24014,0.27986,0.038675,0.0054363,0.17206,0.15122,0.06325,0.022406,0.034182,0.23912,0.092363,0.019982,0,0,0.086348,0.035766,0.18498,0.0096399,0.011597,0.012727,0.10658,0.16922,0.094256,0.042083,0.019327,0.030962,0,0,0.00041511,0,0.016991,0.17333,0.021723,0,0,0.19952,0.087938,0.27758,0,0.0011214,0,0.054569
0.26717,0.014382,0.48646,0,0,0,0,0.13785,0.24661,0.044916,0.0026507,0.053956,0.53167,0.012901,0,0.0024654,0.058822,0.16968,0.0021065,0,0,0.22636,0.03723,0.10105,0.041416,0.011085,0.015092,0.0022167,0.12695,0.083733,7.7116e-05,0,0.03228,0.14347,0,0,0,0.0032282,0,0.0024057,0,0.0083804,0.0002188,0.22485,0.032637,0,0,0,0.010687
0,0,0,0,0,0.020999,0,0.00033311,0.051564,0.0042951,0.018198,0.0031038,0.0087166,0,0,0,0.014057,0.24385,0,0,0,0.27398,0.00069738,0,0.0031145,0.0053726,0.00099695,0,0.054603,0.0092554,0,0,0.001181,0.025819,0,0,0,0.00098828,0,0.00019058,0,0.0035163,0,0.091416,0,0,0.0083257,0,0
0,0,0.00010222,0,0,0,0,0,0.00010536,0,0.0051621,0,0,0,0,0,0.00022197,0,0.00010973,0.001925,0,0,0,0,0,0,0,0,0,0,0,0,0,0,0,0,0,0,0.002037,0.0023049,0,0,0,0,0.0024071,0,0,1.426e-05,0
0,0,0,0.010114,0,0.00064104,0,0,0,0,0.0089849,0,0,0,0.021369,0,0.0034603,0,0.00087888,0,0.0029667,2.6919e-05,0,0,0,0,0,0,0,0,0,0,0,0,0,0,0,0,0.0024635,0.010446,0,0,0,0,0,0,0,0.00021565,0
0,0,0,0,0,0.00046983,0,0,0,0,0.0064683,0,0,0,0,0,0,0,0.0053634,0,0.021685,0,0,0,0,0,0,0,0,0,0,0,0,0,0.00031063,0,0.11342,0,0,0.048101,0,0.0069039,0,0,0,0.0017488,0,0.015431,0
0,0.0021352,0,0,0,0,0.0035846,0,0,0,0.0029014,0,0,0.017831,0,0,0,0,0.029914,0,0,0,0,0,0,0,0,0,0,0,0,0,0.0012761,0,0.061548,0,0.024777,0,0,0.08699,0,0.012542,0,0,0,0.022175,0.00024917,0.034254,0
3.75e-05,0.074677,0,0,0,0,0.020514,0,0,6.276e-05,0.00011348,0,0,0,0,0,0,0,0.10739,0,0,0,0,0.01611,0,0,0,0,0.012307,0,0,0,0.0085976,0,0.029408,0.0046792,0.0025632,0,0,0.044978,0,0,0,0,0,0.011811,0.018566,0,0
0.0065955,0.11147,0,0,0.015513,0,0.093849,0,0,0.0029429,0.091793,0,0,0,0,0,0,0.0021657,0.23555,0,0,0,0.0087452,0.052826,0,0,0,0,0.0089724,0,0,0,0.021127,0,0,0.035553,0,0.0018168,0,0.05057,0.008002,0,0.0060442,0.014941,0,0,0.054262,0,0
0.0055933,0.038087,0,0,0.085831,0,0,0,0,0.036304,0.039393,0,0,0,0,0,0,0.11293,0.086387,0,0,0,0.01116,0,0,0.001518,0,0.00023772,0,0,0,0.038077,0.0055135,0,0,0.010401,0,0.064859,0,0.032759,0.13054,0,0.063793,0.043302,0,0,0.076065,0,0
0,0.025435,0,0,0,0,0,0.051431,0,0.44605,0,0.096488,0,0.018144,0,0.016159,0,0.034103,0.11796,0,0,0,0.034347,0,0.010332,0.021895,0.0066357,0.05672,0.0085904,0,0.037142,0.062555,0.056893,0,0,0,0,0.02764,0,0.078751,0,0,0.039819,0.0062184,0,0,0.029534,0,0.049769
0,0.0013793,0,0,0,0,0,0.12232,0,0.029218,0,0.038192,0,0.020675,0,0,0,0,0.018783,0,0,0,0.036063,0,0.059284,0.018426,0.051244,0,0.084233,0.049106,0.013068,0,0.055536,0.091283,0,0,0,0.0021395,0,0.0070839,0,0,0,0,0,0,0,0,0.016471
0,0,0,0,0,0,0,0,0,0,0,0.016553,0,0,0,0,0,0,0,0,0,0,0.0045477,0,0.020585,0.011521,0.0011334,0,0.0012222,0.036726,0,0,0,0.016871,0,0,0,0,0,0,0,0,0,0,0,0,0,0,0
0,0,0.00039893,0,0,0,0,0,0,0,0.0022846,0,0,0,0,0,0.00084552,0,0,0.0022452,0,0,0,0,0,0,0,0,0,0,0,0,0,0,0,0,0,0,0.0033309,0,0,0,0,0,0.0020567,0,0,0,0
0,0,0,0.0092546,0,0.0046683,0,0,0,0,0,0,0,0,0.030815,0,0.014845,0,0,0.0035601,0.0012113,0.00011439,0,0,0,0,0,0,0,0,0,0,0,0,0,0,0,0,0.0053253,0,0,0,0,0,0.0015814,0,0,0.00030854,0
0,0,0,0.054972,0,0.0053616,0,0,0,0,0,0,0,0,0.0039176,0,0,0,0,0,0.026451,0,0,0,0,0,0,0,0,0,0,0,0,0,0,0,0.072743,0,0,0,0,0.0025044,0,0,0,0,3.7113e-06,0.0018456,0
0,0,0,0.048195,0,0,0.00055393,0,0,0,0,0,0,0.0070882,0,0,0,0,0,0,0.0059603,0,0,0,0,0,0,0,0,0,0,0,0,0,0,0,0.053113,0,0,0,0,0.01372,0,0,0,0.0015527,0.00027722,0.01552,0
0,0,0,0,0,0,0.017329,0,0,0.0011558,0,0,0,0.03158,0,0,0,0,0,0,0,0,0,0.0040463,0,0,0,0,0.0012668,0,0,0,0,0,0.054515,0,0.022427,0,0,0,0,0,0,0,0,0.017015,0.0060585,0.004023,0
0.0065585,0.011371,0,0,0,0,0.016535,0,0,0.010876,0.0035516,0,0,0,0,0,0,0.010779,0,0,0,0,0,0.013996,0,0,0,0,0.034618,0,0,0,0,0,0.052628,0.14504,0.013997,0.0013654,0,0,0,0,0,0.0058254,0,0.035444,0.032405,0,0
0.081667,0.040132,0,0,0.070146,0,0.05728,0,0,0.0025918,0.053555,0,0,0,0,0,0,0.093334,0,0,0,0,0.013731,0,0,0,0,0,0.0090875,0,0,0.0057636,0,0,0.042791,0.04315,0.0017207,0.1076,0,0,0.055871,0,0.0082717,0.034529,0,0.038144,0.010809,0,0
0.037275,0.036672,0,0,0.071924,0,0.0021667,0.0017799,0,0.18485,0,0.0074756,0,0,0,0,0,0,0.045157,0,0,0,0.019016,0,0.0024392,0,0,0,0,0,0.010622,0.066087,0.0057084,0,0.032513,0.013895,0,0.022605,0,0.062795,0.010932,0,0.051131,0.049855,0,0.032019,0.0032818,0,0.0064057
0,0.021243,0,0,0.0021306,0,0,0.094325,0,0.096674,0,0.025254,0,0,0,0,0,0,0.10985,0,0,0,0.028421,0,0.011163,0,0.014472,0,0.023598,0,0.043099,0.0531,0.0091109,0.0052204,0.0061486,0.0033867,0,0.012755,0,0.089975,0,0,0.037487,0.017177,0,0.0022932,0,0,0.037343
0,0.0042224,0,0,0,0,0,0.053211,0,0,0,0.031002,0,0,0,0,0,0,0.029182,0,0,0,0.023871,0,0.036406,0,0.028175,0,0.068456,0.04118,0.015864,0.0018835,0,0.17384,0,0,0,0.0061699,0,0.012747,0,0,0.0032806,0.0050222,0,0,0,0,0.0037083
0,0,0.00021491,0,0,0,0,0,8.3882e-05,0,0.0017657,0,0,0,0,0,0.00046557,0,0,0,0,0,0,0,0,0,0,0,0,0,0,0,0,0,0,0,0,0,0.0019663,0,0,0,0,0,0,0,0,5.8867e-05,0
0,0,0.0029564,0.0025558,0,0.0033528,0,0,0.00090518,0,0,0,9.4905e-06,0,0.014644,0,0.0057553,0,0,0.0036992,0,0.00044082,0,0,0,0,0,0,0,0,0,0,0,0,0,0,0,0,0.012574,0,0,0,0,0,0.037172,0,0,3.059e-05,0
0,0,0,0.00026947,0,0.02913,0,0,0,0,0,0,7.4871e-05,0,0.045968,0,0.0071096,0,0,0,0.017716,0.00023549,0,0,0,0,0,0,0,0,0,0,0,0,0,0,0,0,0,0,0,0.00035919,0,0,0.011846,0,0,0.00058959,0
0,0,0,0,0,0.0042063,0,0,0,0,0,0,0,0,0.0064477,0,0,0,0,0,0.033059,0,0,0,0,0,0,0,0,0,0,0,0,0,0,0,0,0,0,0,0,0.0094706,0,0,0,0,5.829e-05,0,0
0,0,0,0,0,0,0.0022904,0,0,0,0,0,0,0.057013,0,0,0,0,0,0,0.0056827,0.0028341,0,1.3817e-06,0,0,0,0,0,0,0,0,0,0,0,0,0.0063845,0,0,0,0,0,0,0,0,0,6.7958e-05,0,0
0,0,0,0,0,0,0.016741,0,0,0.001045,0,0,0,0.16881,0,0,0,0.0027034,0,0,0,0,0,0.00080329,0,0,0,0,0.0045358,0,0,0,0,0,0,0.0047159,0.015262,0,0,0,0,0,0,0,0,0,4.8188e-05,0,0
0.023008,0.0088193,0,0,0,0,0.023763,0,0,0.010591,0,0,0,0.089016,0,0,0,0.025959,0,0,0,0,0,0.027785,0,0,0,0,0.015566,0,0,0,0,0,0,0.17754,0.028357,0.06661,0,0,0,0.024736,0,0.012347,0,0,0,0,0
0.12562,0.028044,0.00076709,0,0.020418,0,0.04859,0,0,0.0083156,0,0,0.015179,0,0,0,0,0.0048225,0,0,0.077402,0,0.007878,0.048824,0,0,0,0,0.001297,0,0,0,0,0,0.0032095,0.067467,0.032338,0.0032446,0,0,0,0.0015588,0.0028926,0.045139,0,0.0078926,0,0,0
0.11993,0.023942,0.035034,0,0.090823,0,0.034971,0,0,0.0059032,0,0,0.037966,0,0,0,0,0,0,0,0.073817,0,0,0.052262,0,0,0,0,0,0,0.00077287,0.0091829,0,0,0.017785,0.0055249,0.019271,0,0,0.033518,0,0,0.023671,0.063403,0.01237,0.023521,0,0,0
0.075871,0.029246,0.038176,0,0.062112,0,0.0021101,0,0.021541,0,0,0,0.080744,0,0,0,0,0,0.027146,0,0,0,0,0.069208,0,0,0,0,0,0,0.0089274,0.023541,0,0,0.026652,0.0038772,0.019818,0,0,0.0049181,0,0,0.021374,0.018894,0.050408,0.039974,0,0,0
0,0,0.00014348,0,0,0,0,0,0.00039323,0,0.0014378,0,0,0,0,0,0.0006269,0,0,0,0,0,0,0,0,0,0,0,0,0,0,0,0,0,0,0,0,0,0.0024268,0,0,0,0,0,0,0,0,0,0
0,0,0.0030245,7.8067e-05,0,0,0,0,0.0013513,0,0,0,0,0,0,0,0.004333,0,0,0.0087859,0,3.9874e-05,0,0,0,0,0,0,0,0,0,0,0,0,0,0,0,0,0.013076,0,0,0,0,0,0.00046444,0,0,0,0
0,0,0.0084498,0,0,0.0049968,0,0,0.00019039,0,0,0,0.0017091,0,0.0059541,0,0.018956,0,0,0.0029047,0,0.0013946,0,0,0,0,0,0,0,0,0,0,0,0,0,0,0,0,0.023828,0,0,0,0,0,0.033827,0,0,0,0
0,0,0.0015148,0,0,0.025969,3.917e-06,0,0,0,0,0,0.0050318,0,0.057973,0,0.031337,0,0,0.002836,0.01127,0.008455,0,0,0,0,0,0,0,0,0,0,0,0,0,0,0,0,0.027045,0,0,0.0022018,0,0,0,0,0,0,0
0,0,0,0,0,0.0066562,0,0,0,0,0,0,0.00044375,0,0.075364,0,0.0099725,0,0,0.019294,0.039741,0.033883,0,0,0,0,0,0,0,0,0,0,0,0,0,0,0,0,0.033238,0,0,0.0038295,0,0,0.0054417,0,0,0,0
0,0,0,0,0,1.6627e-05,0,0,0,0,0,0,0,0,0.052198,0,0,5.8963e-06,0,0.01815,0.0096137,0.058854,0,0.0030724,0,0,0,0,0,0,0,0,0,0,0,0,0,0,0.022649,0,0,0.017087,0,0.0086374,0.03606,0,0,0,0
0,0,0.00014666,0,0,0.0087025,0.0023303,0,0,0,0,0,0.0066541,0.034008,0.014212,0,0,0.0019697,0,0.018084,0.00069483,0.020906,0,0.10757,0,0,0,0,0,0,0,0,0,0,0,0,0,0,0.067163,0,0,0.098455,0,0.027548,0.061168,0,0,0,0
0,0,0.0060388,0,0,0.27757,0.0049677,0,0.0026742,0.0011614,0,0,0.046107,0.10419,0.06921,0,0,0.036637,0,0.041896,0.014787,0.022783,0,0,0,0,0,0,0,0,0,0,0,0,0,0.016725,0,0,0.12113,0,0,0,0,0.0016851,0.025973,0,0,0,0
0.010864,0,0.019736,0,0,0.0408,0.0043176,0,0.059768,0.012171,0,0,0.018732,0.098148,0.029712,0,0.058076,0.021281,0,0.0055889,0.035896,0.067075,0,0,0,0,0,0,0,0,0,0,0,0,0,0.007769,0,0,0.077345,0,0,0,0,0,0.018772,0,0,0,0
0.018095,0,0.00084541,0,0,0,0,0,0.036184,0.0041038,0,0,0.00068047,0.090033,0,0,0.11378,0,0,0,0,0.10082,0,0,0,0,0,0,0,0,0,0,0,0,0,0,0,0,0.047132,0,0,0,0,0,0.00020872,0,0,0,0
0,0,0,0,0,0,0,0,0,0,0,0,0,0,0,0,0.00089097,0,0,0,0,0,0,0,0,0,0,0,0,0,0,0,0,0,0,0,0,0,0,0,0,0,0,0,0,0,0,1.1043e-05,0
0,0,0.00084883,0,0,0,0,0,0.0013065,0,0,0,0,0,0,0,0.0018211,0,0,0,0,0,0,0,0,0,0,0,0,0,0,0,0,0,0,0,0,0,0.0043058,0,0,0,0,0,0,0,0,0,0
0,0,0.0041691,0,0,0,0,0,0.0048736,0,0,0,0,0,0,0,0.0024252,0,0,0.006321,0,0,0,0,0,0,0,0,0,0,0,0,0,0,0,0,0,0,0.016816,0,0,0,0,0,0.0091344,0,0,0,0
0,0,0.004439,0,0,0,0,0,0.0058398,0,0,0,0,0,0,0,0.0080548,0,0,0.0036182,0,0,0,0,0,0,0,0,0,0,0,0,0,0,0,0,0,0,0.031102,0,0,0,0,0,0.029526,0,0,0,0
0,0,0.0017591,0,0,0.00045647,0,0,0.0087657,0,0,0,0.00047662,0,0,0,0.027714,0,0,0.0040007,0,0,0,0,0,0,0,0,0,0,0,0,0,0,0,0,0,0,0.034047,0,0,3.5821e-06,0,0,0.032188,0,0,0,0
0,0,0.00012345,0,0,0.00021093,0,0,0.0026982,0,0,0,0.00010031,0,0,0,0.015592,0,0,0.0071434,0,0,0,0,0,0,0,0,0,0,0,0,0,0,0,0,0,0,0.029333,0,0,0.0034511,0,6.5958e-05,0.0065184,0,0,0,0
0,0,0.00075933,0,0,0.00040776,0,0,0,0,0,0,0.00053382,0,0.00070778,0,0.0018484,0,0,0.0050464,9.3373e-05,0.0050645,0,0,0,0,0,0,0,0,0,0,0,0,0,0,0,0,0.010354,0,0,0,0,3.0515e-05,0.0013946,0,0,0,0
0,0,6.1683e-05,0,0,1.0701e-05,0,0,0.0005972,0,0,0,0.00051024,0,0,0,2.8277e-05,0,0,0.0004127,0,0,0,0,0,0,0,0,0,0,0,0,0,0,0,0,0,0,0,0,0,0,0,0,0,0,0,0,0
0,0,0,0,0,0,0,0,0.00082759,0,0,0,0,0,0,0,0.0045685,0,0,0,0,0,0,0,0,0,0,0,0,0,0,0,0,0,0,0,0,0,0,0,0,0,0,0,0,0,0,0,0
0,0,0,0,0,0,0,0,0,0,0,0,0,0,0,0,0,0,0,0,0,0.00014301,0,0,0,0,0,0,0,0,0,0,0,0,0,0,0,0,0,0,0,0,0,0,0,0,0,0,0
0,0,0,0,0,0,0,0,0,0,0.0040503,0,0,0,0,0,0,0,0,0,0,0,0,0,0,0,0.00013137,0,0,0,0,0,0,0,0,0.0015355,0,0,0,0,5.8891e-05,0.006771,0,0,0,0,0,0,0
2.3403e-05,0,0,0,0,0,0,0,0,0,0.0055201,0.00023906,0,0,0,0,0,5.0449e-05,0,0,0,0,0,0,0.0053637,0,0,0,0,0,0,0,3.2288e-05,0,0,0,0,0,0,0,0,0.0001436,0,0,0,0.0013367,0,0.00059556,0.00010842
0,0,0,0,0,0,0,0,0,0,0,0,0,0,0,0,0.00050841,0,0,0,0,0,0,0,0,0,0,0,0,0,0,0,0,0,0,0,0,0,0,0,0,0,0,0,0,0,0,0,0
0,0,0,0,0,0,0,0,0,0,0,0,0,0,0,0,0.00013649,0,0,0,0,4.6808e-05,0,0,0,0,0,0,0,0,0,0,0,0,0,0,0,0,0,0,0,0,0,0,0,0,0,0,0
0,0,0,0,0,0,0,0,0,0,0,0,0,0,0,0,0,0,0,0,0,0,0,0,0,0,0,0,0,0,0,0,0,0,0,0,0,0,0,0,0,0,0,0,0,0,0,0,0
0,0,0,0,0,0,0,0,0,0,0,0,0,0,0,0,0,0,0,0,0,2.2137e-05,0.00033724,0,0,0,0,0,0,0,0,0,0,0,0,0,0,0,0,0,0,0,0.00019082,0,0,0,0,0,0
0,0,0,0,0,0,0,0,0,0,0,0,0,0,0,0,0,0,0,0,0,0,0.011018,0,0,0,0,0,0,0,0,0,0,0,0,0,0,0,0,0,0,0,0,0,0,0,0,0,0
0,0,0,0,0,0,0,0,0,0,0,0,0,0,0,0,0,0,0,0,0,0,0,0,0,0,0,0,0,0,0,0,0,0,0,0,0,0,0,0,0,0,0,0,0,0,0,0,0
0,0,0,0,0,0,0,0,0,0,0,0,0,0,0,0,0,0,0.34535,0,0,0,0,0,0,0,0,0,0,0,0,0,0,0,0,0,0,0,0,0.15702,0,0,0,0,0,0,0,0,0
0,0,0,0,0,0,0,0,0,0,0,0,0,0,0,0,0,0,0.20236,0,0,0,0,0,0,0,0,0,0,0,0,0,0,0,0,0,0,0,0,0.84298,0,0,0,0,0,0,0,0,0
0,0,0,0,0,0,0,0,0,0,0.0014378,9.2882e-05,0,0,0,0,0,0,0,0,0,0,0,0,0,0,0,8.0341e-05,2.2406e-05,0,0,0,0,0,0,0,0,0,0,0,0.00022404,0,0,0,0,0,0,0,0
0.00016129,0,0,0,0,0,0,0,0,0,0.0020541,0.0015167,0,0,0.00045216,0,0.0045765,0.00011003,0,4.8814e-06,0,0,0,0,0.012006,0,0,0,0,0,0,0,0.0017299,0,0,0,0,0,0,0,0,0.0073263,0,0,0.0012136,0.0071106,0.00013396,0.0031069,0.00032237
0,0,0,0,0,0,0,0,0,0,0,0,0,0,0.0011948,0,0.0012215,0,0,0,0,0.0015001,0,0,0,0,0,0,0,0,0,0,0,0,0,0,0,0,0,0,0,0,0,0,0.0023751,0,0,0,0
0,0,0,0,0,0,0,0,0,0,0,0,0,0,0,0,9.9584e-07,0,0,0,0,0.00059035,0,0,0,0,0,0,0,0,0,0,0,0,0,0,0,0,0,0,0,0,0,0,0.00033683,0,0,0,0
0,0,0,0,0,0,0,0,0,0,0.017888,0,0,0,7.6891e-05,0,0,0,0,0,0,0.00010466,0,0,0,0,0,0,0,0,0,0,0,0,0,0,0,0,0,0,0,0,0,0,0,0,0,0,0
0,0,0,0,0,0,0,0,0,0,0,0,0,1.1124e-05,0.00014004,0,0,0,0,0,0,0.0057834,0,0,0,0,0,0,0,0,0,0,0,0,0,0,0,0,0,0,0,0,0.0013566,0,0,0,0,0,0
0,0,0,0,0,0,0,0,0,0,0,0,0,0,0,0,0,0,0.025016,0,0,0.0010042,0.080577,0,0,0,0,0,0,0,0,0,0,0,0,0,0,0,0,0,0,0,0.0033523,0,0,0,0,0,0
0,0,0,0,0,0,0,0,0,0.00090907,0,0,0,0,0,0,0,0,0.15036,0,0,0,0.082761,0,0,0,0,0,0,0,0,0,0,0,0,0,0,0,0,0,0,0,3.7332e-05,0,0,0,0,0,0
0,0,0,0,0,0,0,0,0,0,0,0,0,0,0,0,0,0,0.1628,0,0,0,0,0,0,0,0,0,0,0,0,0,0,0,0,0,0,0,0,0,0,0,0,0,0,0,0,0,0
0,0,0,0,0,0,0,0,0,0,0,0,0,0,0,0,0,0,0.11411,0,0,0,0,0,0,0,0,0,0,0,0,0,0,0,0,0,0,0,0,0,0,0,0,0,0,0,0,0,0
0,0,0,0,0,0,0,0,0,0,0,0,0,0,0,0.0010379,0,0,0,1.822e-05,0,0,0,0,0,7.0099e-05,0.00085344,0.00036045,9.6445e-05,0,0,0,0,4.1266e-05,0,0.0072958,4.8112e-06,0.0003097,3.7682e-06,0,0.00036475,0,0,0,0,0,0,0,0
0.00031991,0,0,0,0,0,0,0,0,0,0.013839,0.0053578,0,0,0.0058345,0,0.0075021,0.00018316,0,7.6681e-05,0,0,0,0,0.031632,0,0,0,0,0,0,0,0.0085658,0,0,0,0,0,0,0,0.00048746,0.024776,0,0,0.0052326,0.014808,0.00019142,0.0078135,0.0016224
0.00063517,0,0,0,0,0,0,0,0,0,0.0018283,0,6.2196e-05,0,0.0025927,0,0,0,0,0,0.00368,0.0051422,0,0,0.0068621,0,0,0,0,0,0,0,0.0013216,0,0,0,0,0,0,0,0,0.0001637,0,0,0.00077795,0.0014863,0.00064031,0.0093094,0
0,0,0,0,0,0,0,0,0,0,0,0,0.00038293,0,0,0,0,0,0,0,0.019169,0,0,0,0,0,0,0,0,0,0,0,0,0,0,0,0,0,0,0,0,0,0,0,0.02563,0,0,0,0
0,0,0,5.0209e-06,0,0,0,0,0,0,0.08069,0,0,0,0,0,0.0042996,0,0,0,0.010236,0,0,0,0,0,0,0,0,0,0,0,0,0,0,0,0,0,0,0,0,0,0,0,0.0036183,0,0,0,0
0,0,0,0,0,0,0,0,0,0,0.13898,0,0,0.00035515,0.012369,0,0.021208,0,0,0,0,0,0,0,0,0,0,0,0,0,0,0,0,0,0,0,0,0,0,0,0,0,0,0,8.2323e-05,0,0,0,0
0,0,0,0,0,0,0,0,0,3.2719e-06,0.033017,0,0,0.0011422,0.055119,0,0,0,0,0,0,0.027115,0,0,0,0,0,0,0,0,0,0,0,0,0,0,0,0,0,0,0,0,0.0060369,0,0,0,0,0,0
0,0,0,0,0,0,0,0,0,0.012434,0,0,0,0.0017267,0.016265,0,0,0,0,0,0,0.05549,0.22488,0,0,0,0,0,0,0,0,0,0,0,0,0,0,0,0,0,0,0,0.0095998,0,0,0,0,0,0
0,0,0,0,0,0,0,0,0,0.025551,0,0,0,0,0,0,0,0,0,0,0,0.025108,0.2877,0,0,0,0,0,0,0,0,0,0,0,0,0,0,0,0,0,0,0,0.087142,0,0,0,0,0,0
0,0,0,0,0,0,0,0,0,0.008443,0,0,0,0,0,0,0,0,0,0,0,0.00064704,0.068623,0,0,0,0,0,0,0,0,0,0,0,0,0,0,0,0,0,0,0,0.026673,0,0,0,0,0,0
0,0,0,0,0,0,0,0,0,0,0,0,0,0,0,0.0016539,0.010749,0,0,0.00028174,0,0,0,0,0,0.00032713,0.00027823,0.00050343,0.0002665,1.5277e-05,0,0,0,0.0001276,0,0.020495,3.0326e-06,0.00032362,0.0020104,0,0.00017421,0,0,0,0.0012949,0,0,7.5388e-07,0
0,0,0,0,0,0,0,0,0,0,0.0045304,0.0032959,0,0,0.013526,0,0,0.00022558,0,3.0633e-05,0,0,0,0,0,0.0002086,0.0064722,0.0021361,0.00029472,0,0,0,0.0017272,0,0,0.011347,1.3368e-05,0,0.0011435,0,0.0041716,0.041626,0,0,0.00072129,0,0,0.0023506,0.0009976
0.0027496,0,0,0,0,0,0,0,0,0,0.0095935,0.020441,0,0,0,0,0,0.0028271,0,0.0018017,0.0093397,0.018679,0,0,0.094787,0,0,0,0,0,0,0,0.02527,0,1.7663e-06,0,0,0,0,0,0.0023599,0.078073,0,0,0,0.041293,0.004719,0.039278,0.015872
0.00686,0,0,0,0,4.7643e-05,0,0,0,0.00066758,0.0041011,0.0076153,0.00062188,0,0,0,0,0.004238,0,0.0032171,0.0028003,0,0,0,0.1129,0,0,0,0,0,0,0,0.12948,0,0.0064557,0,0,0,0,0,0,0.0015906,0,0.00055512,0,0.045152,0.0097183,0.071306,0.015774
0.0045617,0,0,0.0043801,0,0.0099653,0,0,0,0.0045012,0,0,0.0052615,0.018251,0,0,0,0,0,0,0.0080111,0,0,0,0.0041718,0,0,0,0,0,0,0,0.015905,0,0.020078,0,0,0,0,0,0,0.00015103,0,0.0050544,0.038804,0,0.0043649,0.039046,8.44e-05
4.7412e-05,0,0,0.00028927,0,0.030629,0,0,0,0.00013489,0.0067272,0,0.013683,0.031566,0,0,0.0097318,0,0,0,0.034546,0,0,0,0,0,0,0,0,0,0,0,0,0,0,0,0,0,0,0,0,0,0,0.010343,0.053091,0,0.00072457,0,0
0.00040124,0,0,0,0,0.042919,0,0,0,0.23462,0.042616,0,0.021899,0.05164,0.0054915,0,0.078028,7.0361e-06,0,0,0.05314,0,0,0,0,0,0,0,0,0,0,0,0,0,0,0,0,0,0,0,0,0,0.0044154,4.1682e-06,0.10913,0,0,0,0
0.0017024,0,0,4.6585e-05,0,0.060052,0,0,0,0.098462,0.051674,0,0,0.052475,0.27442,0,0.19098,4.0099e-05,0,0,0.095624,0,0,0,0,0,0,0,0,0,0,0,0,0,0,0,0,0,0,0,0,0,0.25113,7.9326e-06,0.12286,0,0,0,0
0,0,0,0.010623,0,0,0,0,0,0.020724,0.14514,0,3.4156e-05,0.047474,0.089149,0,0.24243,0,0,0,0.094239,0.10074,0.050161,0,0,0,0,0,0,0,0,0,0,0,0,0,0,0,0,0,0,0,0.23588,0.00079709,0.069304,0,0,0,0
0,0,0,0,0,0,0,0,0,0.0042114,0.11012,0,0.0010183,0.073429,0.0256,0,0.11783,0,0,0,0.092605,0.46094,0.023835,0,0,0,0,0,0,0,0,0,0,0,0,0,0,0,0,0,0,0,0.17936,0.010917,0,0,0,0,0
0,0,0,0,0,0,0,0,0,0,0,0,0,0,0,0.007858,0.0034732,0,0,0.00036255,0,0,0,0,0,0,0,0,4.9717e-05,0.00056303,0,0,0,0.0012137,0,0,0,0.002244,0.0024181,0,0.00022598,0,0,0,0.0040448,0,0,2.0002e-05,0
0,0,0,0,0,0,0,0,0,0,0,0,0,0,0.019505,0.057668,0,0,0,0,0,0,0,0,0,0.0031859,0.007738,0.0046084,0.0031433,0.0046386,0,0,0.0011751,0.010776,0,0.063103,0.0012268,0.024459,0.0026073,0,0.00056721,0,0,0,0,0,0,0.0014958,0
0,0,0,0,0,0,0,0,0,0,0.0028248,0.039315,0,0,0,0.05758,0,0,0,0,0.016121,0.046167,0,0,0.005996,0.011991,0.041518,0.039278,0.015371,0.042209,0,0,0.014425,0.044235,0.0021426,0.14864,0.0062436,0.11711,0.00023773,0,0.02181,0.0024764,0,0,0,0.0012006,0.026664,0.0050677,0
0,0,0,0.034302,0,0,0,0,0,0.0010612,0.0057921,0.10349,0,0,0,0.11124,0,0.003001,0,0.010026,0,0,0,0,0.098776,0.41798,0.11724,0.13097,0.037331,0.14031,0,0,0.11707,0.14704,0.00068736,0.11776,0.033417,0.29032,0.0089754,0,0.1625,0.063927,0,0,0,0.010969,0.066756,0.010068,0.029416
0.0087736,0.00044086,0,0.0034328,0,0,0,0,0,0.012783,0.00089087,0.12072,0,0.024938,0,0.11882,0,0.014141,0,0.037394,0,0,0,0,0.24013,0.37449,0.25261,0.091565,0.07337,0.19321,0.003823,0.0012987,0.13538,0.091644,0.014215,0.065975,0.11663,0.13897,0.030253,0,0.064348,0.036898,0,0,0,0.071811,0.042177,0.069674,0.16909
0.025994,0.11876,0,0,0,0,0,0,0,0.01318,0.21102,0.12265,0,0,0,0.059998,0,0.021174,0,0.090047,0,0,0,0,0.1094,0.082656,0.15438,0.079433,0.11063,0.14475,0.058077,0.16,0.13383,0.063397,0.099993,0.013095,0.22126,0.063193,0.061739,0,0.057551,0.07359,0,0.017524,0,0.11711,0.035395,0.11611,0.45143
0.040155,0.1619,0,0,0,0.044062,0,0,0,0.44809,0.017819,0.094675,0.0023003,0,0.059925,0.010363,0,0.027952,0,0.15467,0,0,0,0,0.069569,0.019948,0.027381,0.060873,0.1894,0.10967,0.099504,0.032225,0.1133,0.11041,0.2068,0.00069777,0.17949,0.018709,0.10982,0,0.088041,0.11679,0.01066,0.072565,0,0.20716,0.12391,0.1409,0.1295
0.062143,0.055357,0,0.0050973,0,0.21421,0,0,0,0,0,0.16177,0.058817,0,0.011218,0.00074678,0,0.069499,0,0.23926,0,0,0.049801,0,0.025488,0.0048754,0.0041679,0.02935,0.15027,0.0578,0.0010442,0.0010088,0.031087,0.088413,0.17018,0.00023681,0,0.0052811,0.19559,0,0.047653,0.17497,0.052459,0.077238,0.062709,0.19412,0.1735,0.19882,0.015117
0.16224,0.0049707,0,0.23024,0,0.13525,0,0,0,0,0,0.064695,0.1754,0,0,0,0,0.12454,0,0.28919,0.023154,0,0.041839,0,0.0015842,0.00090602,0.00039125,0.0077506,0.11621,0.009531,0,0,0.014283,0,0,0,0,0.0025886,0,0,0.018423,0.13843,0.015064,0.28714,0.1263,0,0.094319,0.0608,8.4469e-05
0.17296,0,0,0.31538,0,0.04909,0,0,0,0,0,0,0.50556,0.043333,0,0,0,0.35423,0,0,0.13624,0,0,0,0,0,0,2.5902e-06,0.010144,0,0,0,0.0019257,0,0,0,0,0,0,0,0.0048435,0.0068261,0,0.15755,0,0,0.0095758,0.026419,0
0,3.0074e-06,0,0,0,0,0,0,0,0,0,0,0,0,0,0,0.0035287,0,0,0.00095613,0,0,0,0,0,0,0,0,0.00010152,0,0,0,0,0,0,0,0,0,0.0030076,0,0,0,0,0,0.001111,0,0,0.0001101,0
0,2.8541e-06,0,0,0,3.1422e-05,0,0,0,0,0,0,9.4905e-06,0,0.027985,0,0,0,0,0,0,0,0,0,0,0,0,0,0.00010432,0,0.0099598,0.0023649,0,0,0.0057438,0,0,0,0.0029733,0,0,0,0,0,0.0043881,0.0014054,0,0.00045432,0
0,0,0,0,0,0,0,0,0,0,0,0,0,0,0,0.033859,0,0,0,0,0.020412,0.034456,0,1.0168e-05,0,0,0,0.079057,8.0302e-05,0.013839,0.033422,0.019303,0.00062148,0,0.0045353,0,0.0055714,0,0,0,0,0,0,0,0,0.0039559,0.021262,0.001655,0
0,0,0,0.043075,0,0,0,0,0,0.0017278,0,0,0,0,0,0.30747,0,0,0,0,0,0,0,0.015889,0,0,0.086148,0.073213,0.00065608,0.032207,0.13577,0.081271,0.01946,0,0,0,0.022457,0,0,0,0.042762,0.0069119,0,0,0,0,0.040668,0.011023,0
0,0.073158,0,0,0,0,0,0,0,0.010119,0,0,0,0.11145,0,0.062064,0,0,0,0,0,0,0,0.056596,0,0,0.13614,0.0615,0.011039,0.043138,0.19097,0.18569,0.031986,0,0,0.0031524,0.014268,0,0,0,0.021946,0.0070374,0,0,0,0,0.064703,0.00050199,0
0.0068809,0.2355,0.014476,0,0,0,0,0,0.00018116,0,0.040096,0,0,0,0,0.0056679,0,0,0,0,0,0,0,0.39758,0,0,0.0415,0.04523,0.0040355,0.024149,0.25821,0.22835,0.020241,0,0,0.021911,0,0.010195,0,0,0.022172,0,0,0.0089567,0,0,0.03669,0,0
0.021367,0.090405,0.50101,0,0,0,0,0,0.30846,0.07245,0.037771,0,0,0,0,0.019863,0,0.021998,0,0,0,0,0,0.053481,0,0,0.0065112,0.040146,0.00029054,0.010211,0.077689,0.071285,0.0048079,0.016945,0,0.0091008,0,0.061215,0,0,0.16991,0,0.013941,0.035384,0,0,0.051869,0,0.0068239
0.0024749,0.031049,0,0,0,0,0,0,0.21192,0,0,0.045094,0,0,0,0.03278,0,0.091154,0,0,0,0,0.036032,0,0.037621,0.00099358,0.024547,0.072188,0.030071,0.0068504,0.015517,0.0047719,0.00092026,0.13855,0,0,0,0.0099031,0,0,0.016021,0,0.059131,0.004898,0,0,0.0071043,0,0.056567
0,0.00027428,0,0,0,0,0,0,0,0,0,0.078822,0,0,0,0.00043383,0,0,0,0,0,0,0.042436,0,0.035596,0.021523,0.0027475,0.024615,0.045868,0.083021,0.00012158,0,0.081563,0.0065429,0,0,0,0,0,0,0,0,0.013979,0,0,0,0,0,0.007907
0,0,0,0,0,0,0,0,0,0,0,0,0,0,0,0,0,0,0,0,0,0,0,0,0,0,0,0,0,0,0,0,1.6799e-05,0,0,0,0,0,0,0,0,0,0,0,0,0,0,0,0
0,0,0,0,0,0,0,0,0,0,0,0,0,0,0,0,0.005047,0,0,0.0009884,0,0,0,0,0,0,0,0,1.1799e-05,0,0.0012827,0.00026692,0,0,0,0,0,0,0.0019109,0,0,0,0,0,0,0,0,0,0
0,0,0,0,0,0.00015632,0,0,0,0,0,0,0.00013237,0,0.027289,0,0.00051157,0,0,0,0,0,0,0,0,0,0,0,1.4324e-05,0,0.00020263,9.7579e-05,0,0,0.017619,0,0,0,0.0047354,0,0,0,0,0,0.0239,0.0064155,0,0.00010411,0
0,0,0,0,0,0.00064167,0,0,1.3379e-05,0,0,0,0,0,0.0075215,0,0,0,0,0,0.022351,0.022405,0,0,0,0,0,0,0,0,0,0,0,0,0.0062055,0,0.10682,0,0,0,0,0,0,0,0,0.0033807,0,0.0021639,0
0,0,0.0027325,0.058115,0,0,0,0,0.027031,0.00098887,0,0,0,0,0,0.03795,0,0,0,0,0.0055477,0.018985,0,0.018225,0,0,0,0,0,0,0,0,0,0,0,0,0.059134,0,0,0,0,0.011703,0,0,0,0,0,0.013403,0
0,0,0.036146,0,0,0,0.0044889,0,0.081074,0.011878,0,0,0,0.078685,0,0,0,0,0,0,0,0.023052,0,0.061262,0,0,0,0,0.0070854,0,0,0,0,0,0,0.00025608,0.0099934,0,0,0,0,0.015535,0,0,0,0,0.010785,0.021882,0
0.002215,0,0.17987,0,0,0,0.32216,0,0.17161,0.0083269,0.0033954,0,0,0.12142,0,0,0,0,0,0,0,0,0,0.017199,0,0,0,0,0.024918,0,0,0,0.0047934,0,0,0.12041,0,0,0,0,0,0,0,0.0038371,0,0,0.046093,0,0
0.089314,0.019367,0.13536,0,0,0,0.22568,0,0.048261,0,0.0065829,0,0,0,0,0,0,0.020226,0,0,0,0,0,0,0,0,0,0,0.0027631,0,0,0.022469,0.0049454,0,0,0.018165,0,0.065421,0,0,0.011706,0,0,0.038589,0,0,0.055901,0,0
0.09949,0.083474,0,0,0,0,0,0,0,0,0,0,0,0,0,0.023198,0,0.12446,0,0,0,0,0,0,0,0,0.02048,0.00087114,0,0,0.035318,0.099193,0.0034572,0.0099464,0,0.0070207,0,0.0064112,0,0,0.1409,0,0.012887,0.045966,0,0,0.04914,0,0.011556
0.0085059,0.010095,0,0,0,0,0,0,0,0,0,0.077565,0,0,0,0.032509,0,0,0,0,0,0,0,0,0.063216,0.025398,0.042552,0.09202,0.054668,0.027258,0.043256,0.023838,0.055523,0.098796,0,0.0014577,0,0.014425,0,0,0.025466,0,0.0167,0.012224,0,0,0,0,0.058956
0,0,0,0,0,0,0,0,0,0,0,0.052649,0,0,0,0,0,0,0,0,0,0,0,0,0.03951,0.035449,0.0034094,0.050709,0.068101,0.056633,0.0028623,0,0.025141,0.038859,0,0,0,0.0054729,0,0,0,0,0,0,0,0,0,0,0.01479
0,0,0,0,0,0,0,0,0,0,0,0,0,0,0,0,0.0044416,0,0,0.00093916,0,0,0,0,0,0,0,0,3.4552e-06,0,0,7.0072e-06,0,0,0,0,0,0,0.0037343,0,0,0,0,0,0,0,0,0,0
0,0,0,0,0,0.00017583,0,0,0,0,0,0,0.0016516,0,0.009311,0,0.0077439,0,0,0.0013054,0,0,0,0,0,0,0,0,2.943e-06,0,0,0,0,0,0.027851,0,0,0,0.012851,0,0,0,0,0,0.036075,0.0053549,0,0.00016334,0
0,0,0.00013589,0,0,0.010718,0,0,0.00080225,0,0,0,0.00016569,0,0.041841,0,0,0,0,0,0.010107,0.003235,0,0,0,0,0,0,0,0,0,0,0,0,0.047605,0,0.022971,0,0,0,0,0,0,0,0.00079629,0.020006,0,0.00032337,0
0,0,0.00017857,0.054535,0,0.0073503,0,0,0.002487,0,0,0,0,0,0.0098292,0,0,0,0,0,0.035681,0.0036645,0,0,0,0,0,0,0,0,0,0,0,0,0.062548,0,0.041943,0,0,0,0,0.0040239,0,0,0,0.019561,0,0.0025855,0
0,0,0,0,0,0,0.027149,0,0,0.0059194,0,0,0,0,0,0,0,0,0,0,0.0067124,0.055334,0,0.023087,0,0,0,0,0,0,0,0,0,0,0.055774,0,0.022804,0,0,0,0,0.019626,0,0,0,0.027204,0.00018596,0.023646,0
0,0,0,0,0,0,0.032093,0,0,0.0028126,0,0,0,0.028445,0,0,0,0,0,0,0,0.089525,0,0.040866,0,0,0,0,0.0057311,0,0,0,0,0,0.083682,0.032706,0.031064,0,0,0,0,0,0,0,0,0.028734,0.0045562,0.028134,0
0.0085194,0,0,0,0,0,0,0,0,0,0,0,0.0083786,0.10854,0,0,0,0.0092273,0,0,0,0,0,3.7083e-05,0,0,0,0,0.027186,0,0,0,0,0,0.055043,0.21567,0.030698,0.063393,0,0,0,0,0,0.0036377,0,0.039972,0.016324,0.023125,0
0.061556,0.0094043,0,0,0,0,0,0,0,0,0,0,0.043015,0.095879,0.0033834,0,0,0.044578,0,0,0,0,0,0,0,0,0,0,0.010674,0,0,0,0,0,0.038984,0.064258,0.029155,0.099871,0,0,0,0,0,0.037949,0.00079641,0.042091,0.0019346,0.0042198,0
0.11961,0.055579,0,0,0,0,0,0,0,0,0,0,0.048289,0.036631,0.00066715,0.0026106,0,0,0,0,0.014611,0,0,0,0,0,0.0011404,0,0,0,0.0054885,0.03308,0,0,0.032184,0.0059972,0.022021,0,0,0,0.064661,0,0,0.077489,0.02079,0.034351,0,0,0
0.090341,0.05027,0,0,0,0,0,0,0,0,0,0,0.070694,0,0,0.014635,0,0,0,0,0.018706,0,0,0,0.0053884,0,0.021666,0.013539,0,0,0.027437,0.033465,0,0.13307,0.036203,0.0045946,0.022815,0.00018147,0,0,0.010658,0,0,0.048939,0.047605,0.052592,0,0,0.013984
0,0,0,0,0,0,0,0,0,0,0,0,0,0,0,0,0,0,0,0,0,0,0,0,0,0,0,0,0,0,0,7.1672e-06,0,0,0,0,0,0,0.0010196,0,0,0,0,0,0,0,0,0,0
0,0,0,0,0,0,0,0,0,0,0,0,0,0,0,0,0.019932,0,0,0.0086567,0,0,0,0,0,0,0,0,0,0,0,0,0,0,0.0047201,0,0,0,0.01299,0,0,0,0,0,0,0.0010191,0,2.6462e-05,0
0,0,0.00010169,0,0,0.0043527,0,0,7.8005e-06,0,0,0,0.0041055,0,0.017497,0,0.020948,0,0,0.0069232,0,0,0,0,0,0,0,0,0,0,0,0,0,0,0,0,0,0,0.027713,0,0,0,0,0,0.028334,0,0,0.00012713,0
0,0,0,0.0056892,0,0.028212,0,0,0,0,0,0,0.001681,0,0.064949,0,0,0,0,0.0010416,0.0082681,0,0,0,0,0,0,0,0,0,0,0,0,0,0,0,0,0,0.031699,0,0,0,0,0,0.01992,0,0,0.00035494,0
0,0,0,0.056142,0,0.025831,0,0,0,0,0,0,0,0,0.061343,0,0,0,0,0,0.038295,0.00025941,0,0,0,0,0,0,0,0,0,0,0,0,0,0,0,0,0.03391,0,0,0.0028822,0,0,0.018328,0,0,0.0012457,0
0,0,0,0.0099551,0,0.0061049,0.082598,0,0,0,0,0,0.00042822,0,0.035539,0,0,0,0,0,0.037484,0,0,0.0052326,0,0,0,0,0,0,0,0,0,0,0,0,0,0,0.030308,0,0,0.0090976,0,0.00063494,0.050479,0,2.0566e-06,0.0077766,0
0,0,0,0,0,0,0.087577,0,0,0,0,0,0.01843,0,0.03299,0,0,6.2633e-05,0,0.010827,0.013494,0,0,0.0026084,0,0,0,0,0,0,0,0,0,0,0,0,0,0,0.072781,0,0,0.0022709,0,0.026762,0.048628,0,0,0.023132,0
0,0,0,0,0,0,0.078952,0,0,0,0,0,0.015472,0,0.065926,0,0,0.0017265,0,0.0058684,0.00035427,0,0,0.15747,0,0,0,0,0,0,0,0,0,0,0,0.017806,0,0,0.11853,0,0,0.0094339,0,0.014735,0.028637,0,0,0.024889,0
0,0,0.024104,0.0076236,0,0.2789,0.069535,0,0.0014347,0,0,0,0.0018738,0.049227,0.0010511,0,0.095585,0.030531,0,0.033158,0.065554,0,0,0.064179,0,0,0,0,0,0,0,0,0,0,0,0.027317,0,0,0.0715,0,0,0.12599,0,0,0.0047329,0,0,0.0061938,0
0,0,0.071502,0.091853,0,0.044604,0.069763,0,0.10973,0,0,0,0,0.023379,0,0,0.080649,0.033823,0,0.023833,0.10341,0,0,0.081781,0,0,0,0,0,0,0,0,0,0,0,0,0,0,0.047132,0,0,2.4562e-06,0,0,0,0,0,0,0
0,0,0,0,0,0,0,0,0,0,0,0,0,0,0,0,0,0,0,0,0,0,0,0,0,0,0,0,0,0,4.4372e-05,0,0,0,0,0,0,0,0,0,0,0,0,0,0,0,0,0,0
0,0,0,0,0,0,0,0,0,0,0,0,0,0,0,0,0,0,0,0,0,0,0,0,0,0,0,0,0,0,0,0,0,0,0.00075528,0,0,0,0.0048198,0,0,0,0,0,0,0.00039335,0,0,0
0,0,0.00029275,0,0,0,0,0,0.00014935,0,0,0,0,0,0,0,0.013691,0,0,0.0050272,0,0,0,0,0,0,0,0,0,0,0,0,0,0,0,0,0,0,0.016014,0,0,0,0,0,0.010116,0,0,0,0
0,0,0.0023826,0,0,0,0,0,0.0039378,0,0,0,0,0,0,0,0.031655,0,0,0.011497,0,0,0,0,0,0,0,0,0,0,0,0,0,0,0,0,0,0,0.027008,0,0,0,0,0,0.011151,0,0,6.6273e-07,0
0,0,0.014436,0,0,0.00059196,0,0,0.0035857,0,0,0,4.8531e-05,0,0,0,0.019169,0,0,0.0091748,0,0,0,0,0,0,0,0,0,0,0,0,0,0,0,0,0,0,0.032487,0,0,0,0,0,0.013727,0,0,6.4733e-05,0
0,0,0.0086705,0.012383,0,0.0018777,0,0,0.0088118,0,0,0,0.00023596,0,0,0,0.0037348,0,0,0.0086364,0,0,0,0,0,0,0,0,0,0,0,0,0,0,0,0,0,0,0.024705,0,0,0,0,0.00012744,0.0029552,0,0,0.00026108,0
0,0,0.0026465,0.024898,0,0.00023534,0,0,0.010038,0,0,0,0.00033123,0,0,0,0.00048662,0,0,0.01568,0,0,0,0,0,0,0,0,0,0,0,0,0,0,0,0,0,0,0.0033669,0,0,0.001096,0,0.00018033,0,0,0,0.0002616,0
0,0,0.00022162,0.015136,0,0.0024292,6.5236e-06,0,3.4315e-05,0,0,0,1.0876e-05,0,0,0,4.68e-05,0,0,0.016252,0.00011034,0,0,0.0044941,0,0,0,0,0,0,0,0,0,0,0,0,0,0,0,0,0,0.0098236,0,0,0,0,0,0,0
0,0,0.0032297,0.015559,0,0.0015558,0,0.68714,0.0048942,0,0,0,0,0,0,0,0.00015567,0,0,0.012165,0,0,0,0,0,0,0,0,0,0,0,0,0,0,0,0,0,0,0,0,0,4.2479e-05,0,0,0,0,0,0,0
0,0,0.0025171,0.0012375,1,0,0,0.31286,0.0055332,0,0,0,0,0,0,0,0,0,0,0.00068904,0,0,0,0,0,0,0,0,0,0,0,0,0,0,0,0,0,0,0,0,0,0,0,0,0,0,0,0,0
