0.015895,0.016958,0.033041,0.11613,0.041942,0.026495,0.04641,0.064936,0,0.037604,0.02989,0.0316,0.025646,0.10063,0.05641,0.011583,0.0061311,0.063986,0.022295,0.008904,0.11409,0.077887,0.0036945,0.21296,0.089136,0.069683,0.10518,0.24966,0.03944,0.013182,0.0070506,0.11196,0.038906,0.10441,0.028301,0.029025,0.13188,0.05837,0.0058861,0.064036,0.24868,0.020597,0.014544,0.033958
0.050672,0.071422,0.022149,0.069797,0.05962,0.035632,0.060781,0.08476,0.079404,0.035781,0.050232,0.075981,0.087957,0.091567,0.048974,0.037805,0.02432,0.066098,0.0099071,0.03313,0.18156,0.060327,0.0072077,0.27146,0.19678,0.089761,0.11247,0.010031,0.05726,0.038843,0.02139,0.014014,0.051276,0.057971,0.047108,0.026006,0.1056,0.04033,0.059966,0.088716,0.0039813,0.03681,0.082804,0.039789
0.057976,0.10835,0.024787,0.053023,0.071608,0.019662,0.044963,0.038885,0.10868,0.055605,0.08571,0.084595,0.14494,0.07721,0.079047,0.10481,0.016552,0.11237,0.044113,0.068688,0.0027861,0.076716,0.058881,0.00052972,0.052437,0.080968,0.1311,0.0066283,0.054251,0.071128,0.058489,0.0019482,0.051148,0.03539,0.049712,0.032744,0.041407,0.031589,0.094585,0.055019,0.01985,0.040487,0.096567,0.035093
0.06738,0.20666,0.028729,0.053047,0.095335,0.013351,0.072729,0.074182,0.13701,0.11521,0.045224,0.064249,0.14734,0.056194,0.097145,0.11907,0.060064,0.11355,0.064253,0.091195,0.11174,0.10578,0.027877,0.0097711,0.16173,0.059405,0.043254,0.0031442,0.10553,0.053712,0.091521,0.0076593,0.036136,0.072939,0.085648,0.026938,0.046761,0.038652,0.13414,0.11133,0.00046281,0.065767,0.14402,0.092892
0.20466,0.20521,0.070769,0.1141,0.14227,0.2052,0.087037,0.063084,0.17247,0.17501,0.15744,0.13038,0.19306,0.15342,0.12783,0.28457,0.092465,0.057453,0.033668,0.22426,0.10013,0.23258,0.026704,0.015133,0.28402,0.081218,0.23285,0.012475,0.15081,0.095218,0.15033,0.11757,0.34456,0.33325,0.090796,0.064099,0.28124,0.098629,0.14344,0.15079,0.0040071,0.28405,0.18717,0.22095
0.22967,0.2759,0.59291,0.20054,0.20947,0.44294,0.22556,0.43541,0.21586,0.23604,0.4377,0.15976,0.19888,0.39894,0.27402,0.23805,0.49629,0.45506,0.63837,0.26904,0.40153,0.21342,0.70178,0.35859,0.12156,0.26992,0.039719,0.3046,0.33647,0.23772,0.29315,0.55902,0.30373,0.21559,0.47294,0.54224,0.22343,0.29442,0.18498,0.17771,0.59064,0.31774,0.19015,0.25321
0.14455,0.059235,0.038915,0.05423,0.13724,0.046485,0.14545,0.015179,0.18649,0.19327,0.0716,0.11657,0.10249,0.043632,0.12352,0.089729,0.079833,0.014838,0.033571,0.13234,0.024056,0.10052,0.031634,0.012794,0.0076963,0.058462,0.0098754,0.0093775,0.064342,0.052094,0.1851,0.01532,0.026627,0.040684,0.076083,0.082072,0.012706,0.20677,0.12837,0.1275,0.0078706,0.080745,0.12218,0.099314
0.099446,0.027263,0.054378,0.15635,0.12033,0.066616,0.12026,0.093049,0.070502,0.07126,0.071257,0.17569,0.061876,0.022587,0.088046,0.080944,0.094582,0.023799,0.03083,0.10719,0.0095314,0.072802,0.027369,0.014289,0.026971,0.064488,0.07281,0.0079529,0.079411,0.30916,0.13851,0.0024572,0.038651,0.056497,0.074277,0.057659,0.017615,0.11395,0.13035,0.069529,0.0085996,0.056416,0.075827,0.047921
0.076864,0.020338,0.036814,0.13291,0.06489,0.073685,0.11293,0.024983,0.026385,0.056262,0.039277,0.10607,0.026642,0.022796,0.054132,0.020538,0.02208,0.04591,0.018267,0.055201,0.027494,0.044332,0.0041706,0.049277,0.04579,0.097026,0.14933,0.0077413,0.089382,0.099465,0.051787,0.010439,0.057997,0.045601,0.047159,0.11075,0.052328,0.073423,0.092933,0.095929,0.0050834,0.056051,0.065674,0.094441
0.052895,0.0086673,0.097504,0.049871,0.057297,0.069937,0.083885,0.10553,0.0031917,0.023961,0.011678,0.055101,0.011165,0.033018,0.050868,0.012902,0.10768,0.046946,0.10473,0.010043,0.027093,0.015634,0.11068,0.055194,0.013878,0.12906,0.10341,0.38839,0.023102,0.029477,0.0026683,0.15961,0.050969,0.03767,0.02798,0.028468,0.087031,0.043862,0.025346,0.059437,0.11082,0.04133,0.021057,0.082431
0.13008,0.42867,0.15349,0.46781,0.047265,0.2012,0.36773,0.36502,0.59617,0.37524,0.36305,0.041145,0.5107,0.5954,0.061048,0.35207,0.15657,0.28102,0.18562,0.27502,0.89906,0.034663,0.04636,0.04524,0.66787,0.52258,0.60777,0.76006,0.67045,0.33792,0.14877,0.11288,0.2597,0.050357,0.2171,0.28231,0.56727,0.43036,0.14544,0.022033,0.32279,0.052488,0.35203,0.039696
0.25131,0.2037,0.15249,0.11888,0.040909,0.29139,0.22907,0.14874,0.3015,0.28818,0.13432,0.037093,0.16108,0.25917,0.033392,0.23515,0.29862,0.15823,0.072651,0.13556,0.069082,0.035579,0.17307,0.011742,0.2488,0.10192,0.20238,0.01435,0.20354,0.1258,0.17244,0.31326,0.23359,0.023741,0.25814,0.12584,0.20646,0.12496,0.13107,0.01665,0.41739,0.11649,0.18147,0.013077
0.22326,0.078351,0.27616,0.043395,0.067639,0.20162,0.12866,0.11347,0.085114,0.23031,0.22405,0.043283,0.07986,0.078347,0.042736,0.14497,0.24682,0.12537,0.088043,0.1654,8.3481e-06,0.042141,0.25269,0.068457,0.058916,0.30588,0.072283,0.014994,0.016466,0.099858,0.21176,0.31201,0.27125,0.19064,0.19677,0.27611,0.081837,0.025471,0.24048,0.06106,0.13592,0.44444,0.12672,0.017877
0.066492,0.10348,0.19493,0.018641,0.089881,0.13752,0.0091375,0.052113,0.011866,0.08042,0.12823,0.17432,0.17896,0.0024022,0.13671,0.12354,0.17065,0.13556,0.097338,0.25199,0.031043,0.11639,0.14441,0.19021,0.003548,0.068907,0.042286,0.025524,0.00059087,0.19566,0.23135,0.086446,0.11599,0.46021,0.12526,0.11237,0.072553,0.053419,0.15809,0.24117,0.080942,0.10609,0.11899,0.070106
0.052373,0.082633,0.10717,0.0091606,0.33562,0.035417,0.016269,0.29754,3.6739e-05,0.02202,0.065875,0.47869,0.063328,0.00017126,0.26028,0.092718,0.10897,0.12035,0.17978,0.13251,0.00080186,0.23859,0.10212,0.45882,0.015342,0.000707,0.018753,0.024525,0.083096,0.19599,0.14601,0.044831,0.077848,0.11525,0.16865,0.16961,0.036118,0.092171,0.15433,0.18945,0.015336,0.055582,0.11517,0.43351
0.093502,0.057455,0.088332,0.29794,0.28445,0.11519,0.030429,0.023027,0,0.0036845,0.078932,0.20151,0.0058401,0.017821,0.23221,0.051478,0.012565,0.085792,0.17368,0.035337,0,0.32127,0.096237,0.152,0.0055007,0,0.0011148,0.029048,0.024817,0.044448,0.066131,0.018012,0.032444,0.08415,0.034067,0.021925,0.00037943,0.19819,0.10051,0.19233,0.0076439,0.053606,0.09017,0.37022
0.055826,0.042827,0.023854,0.043246,0.067676,0.016787,0.14881,9.3801e-05,0.0036977,0.00013916,0.005512,0.023358,0.00022663,0.043934,0.17511,6.8875e-05,0.0033733,0.049058,0.080189,0.0041175,0,0.13127,0.072965,0.062921,2.0535e-05,0,0.0029829,0.033163,0.001037,0.00032448,0.023108,0.11205,0.0017633,0.043265,1.3906e-05,0.0070401,4.7088e-05,0.063687,0.049036,0.21181,0.015471,0.053736,0.015267,0.051686
0.050385,0.0026862,0.003559,0.00083739,0.029419,0.00087914,0.055134,0,0.0016114,6.3813e-07,3.1697e-05,0.00051099,0,0.0027576,0.030768,0,0.0022226,0.028919,0.056163,6.7512e-05,0,0.024235,0.057344,0.0094506,0,0,0.049727,0.033676,0,0,0.00043119,0.00052249,0.0062776,0.020142,0,0.0047347,0.0052682,0.010972,0.010686,0.063843,0.0044644,0.054801,0.00017302,0.0018147
0.072774,0.00019624,1.5895e-05,9.246e-05,0.024544,0,0.013885,0,0,0,0,7.9871e-05,0,0,0.013039,0,0.00019675,0.01397,0.036965,0,0,0.035247,0.037588,0.00092765,0,0,0.0026268,0.034178,0,0,0,0,0.0011382,0.0080773,0,6.0611e-05,0.024279,0.0007708,0.0095091,0.0010343,4.0903e-05,0.040937,0,0.0013903
0.0040002,0,0,0,0.012603,0,0.00086661,0,0,0,0,0,0,0,0.014708,0,3.0965e-06,0.0017302,0.029576,0,0,0.020603,0.017218,0.00023232,0,0,7.6825e-05,0.03048,0,0,0,0,0,0.0041687,0,0,0.0057901,0,0.00084859,0.00061752,0,0.021824,0,0.00061681
0.2008,0.38625,0.11178,0.47198,0.22034,0.083147,0.054144,0.68437,0.45751,0.085113,0.42521,0.48467,0.54226,0.38061,0.14175,0,0.01789,0.21479,0.01788,0.65276,0.96815,0.14208,0.030723,0.19896,0.33042,0.56574,0.101,0.2498,0.70749,0.32857,0.21829,0.084641,0.13242,0.1756,0.36817,0.47057,0.018129,0.068199,0.32389,0.1326,0.058576,0.30013,0.68225,0.030023
0.2972,0.40628,0.023987,0.23515,0.39551,0.028527,0.35047,0.00013393,0.53857,0.16086,0.23542,0.28026,0.31033,0.57686,0.29024,0,0.11019,0.19248,0.021853,0.0068449,0,0.23127,0.033049,0.21965,0.41323,0.07717,0.090124,0.21846,0.18376,0.14438,0.093413,0.081122,0.59771,0.22452,0.34371,0.074063,0.038846,0.28494,0.1898,0.24936,0.048676,0.18441,0.11522,0.039856
0.061663,0.0097525,0.032143,0.037809,0.074408,0.34784,0.41617,0.0039166,0,0.12663,0.039126,0.10738,0.013124,0.0075305,0.29327,0.018341,0.050165,0.34861,0.043531,0.01519,0,0.30151,0.06203,0.5203,0.23548,0.022879,0.08218,0.19244,0.0015869,0.10844,0.11154,0.10918,0.2625,0.4819,0.042481,0.078005,0.036503,0.2384,0.2245,0.45683,0.045992,0.028474,0.038836,0.063751
0.053216,0.010094,0.10073,0.041932,0.084332,0.33615,0.1418,0.019962,0,0.10849,0.042233,0.038963,0.015123,0.0089808,0.054383,0.15107,0.066457,0.039911,0.059223,0.035963,6.5962e-05,0.0747,0.082746,0.0083358,2.8141e-05,0.032065,0.10327,0.20361,0.0084145,0.11292,0.12086,0.096648,3.8063e-05,0.018247,0.013431,0.085088,0.12576,0.24888,0.099387,0.012952,0.10023,0.030904,0.047694,0.081913
0.051566,0.019169,0.085553,0.068029,0.06476,0.051325,0.017106,0.071521,0,0.10769,0.050768,0.018234,0.027138,0.009052,0.05245,0.16149,0.12404,0.044092,0.10234,0.047898,0.00026986,0.044518,0.10522,0.0051354,0.0003591,0.071086,0.076773,0.012465,0.015266,0.062052,0.15327,0.19119,7.2197e-06,0.0082803,0.0457,0.096712,0.17432,0.039834,0.043604,0.013584,0.051941,0.039527,0.02636,0.1148
0.047708,0.027503,0.077322,0.064382,0.034883,0.054135,0.012891,0.071538,2.1143e-05,0.11413,0.036567,0.015585,0.03036,0.0069953,0.015597,0.11812,0.1774,0.041977,0.11767,0.053939,0.0013479,0.027697,0.11015,0.0076523,0.0028107,0.096743,0.095812,0.016619,0.031104,0.050772,0.15037,0.081809,1.4721e-05,0.010376,0.053296,0.085372,0.2388,0.032509,0.032497,0.014033,0.070028,0.051929,0.014722,0.14403
0.11345,0.026131,0.42069,0.04447,0.045756,0.050807,0.0063266,0.064939,0.00016794,0.11212,0.033619,0.014469,0.027675,0.0043667,0.010872,0.12215,0.14685,0.031052,0.11079,0.072323,0.0080545,0.03936,0.12236,0.005807,0.0079315,0.065531,0.087285,0.017488,0.025632,0.06078,0.091042,0.10528,0.00012349,0.011672,0.042775,0.057141,0.15648,0.048033,0.04456,0.0063181,0.063239,0.086452,0.021647,0.23261
0.10325,0.027232,0.081848,0.026577,0.042304,0.041862,0.00016122,0.040442,0.0018814,0.1086,0.051555,0.013098,0.018202,0.0030558,0.011161,0.20169,0.14954,0.040261,0.25735,0.059079,0.020724,0.058761,0.11047,0.0081077,0.0071958,0.03635,0.093806,0.025092,0.018666,0.074908,0.0391,0.15359,0.0010044,0.011996,0.048647,0.033045,0.13025,0.028938,0.036923,0.0027216,0.064168,0.11331,0.019926,0.15624
0.054801,0.038866,0.052269,0.0089152,0.030415,0.0060741,0.00058674,0.034515,0.0015649,0.062185,0.040037,0.016579,0.011136,0.0014254,0.029089,0.16214,0.12536,0.02417,0.17471,0.04686,0.0013817,0.052144,0.24938,0.0095142,0.0023268,0.021397,0.078515,0.023743,0.005755,0.03964,0.014325,0.062747,0.0011934,0.022284,0.02702,0.014378,0.07448,0.010129,0.0046282,0.019464,0.055915,0.092924,0.022313,0.070315
0.016343,0.048726,0.013686,0.00075373,0.0072879,0.0001334,0.00033805,0.0086642,0.00028207,0.014178,0.045464,0.010756,0.0046534,0.00112,0.10119,0.064993,0.032107,0.022655,0.094657,0.0091431,0,0.027959,0.09387,0.016544,0.00021168,0.011033,0.19124,0.040287,0.0023249,0.017534,0.007791,0.033805,0.0049984,0.035135,0.014775,0.005624,0.006442,0.00014076,0.00021013,0.092143,0.44123,0.071932,0.011041,0.066463
0.13682,0.036815,0.092017,0.5974,0.099276,0.076735,0.060454,0.0010418,0,0.00056079,0.086507,0.020415,0.014082,0,0.075494,0.0015118,0.12758,0.22501,0.12247,0.1569,0.37699,0.083709,0.11223,0.23986,0.0016161,0.38986,0.072907,0.0097302,0.010666,0.32278,0.28217,0.20054,0.12862,0.11765,0.084545,0.16379,0.0092443,0.44719,0.18208,0.017745,0.50866,0.035278,0.052115,0.05095
0.67094,0.078873,0.088475,0.2766,0.29957,0.14611,0.079596,0.018709,0.0046855,0.050257,0.085424,0.024743,0.071121,0.07328,0.68364,0.0042056,0.17364,0.10981,0.18406,0.07277,0.12018,0.55124,0.13796,0.2268,0.048426,0.26739,0.10112,0.011971,0.0055623,0.080284,0.1515,0.22083,0.54938,0.50708,0.21885,0.17747,0.0061219,0.30173,0.22799,0.81713,0.21961,0.038044,0.096468,0.076665
0.19145,0.056201,0.27104,0.097203,0.48697,0.44231,0.57453,0.27157,0.11594,0.22229,0.18766,0.07015,0.066643,0.41164,0.12591,0.0037594,0.33294,0.4033,0.31063,0.075701,0.040922,0.096007,0.3631,0.3612,0.43597,0.11301,0.42396,0.56894,0.096525,0.096187,0.16413,0.32756,0.25105,0.26542,0.51217,0.16135,0.034902,0.15756,0.43172,0.074758,0.17423,0.25662,0.015552,0.37794
0.00079048,0.10577,0.2375,0.023875,0.091023,0.1671,0.2654,0.34369,0.49777,0.39167,0.19223,0.32706,0.19862,0.16189,0.075677,0.23974,0.17429,0.22966,0.20197,0.30178,0.17611,0.24008,0.25591,0.16437,0.44111,0.1898,0.32248,0.28404,0.22674,0.28424,0.13616,0.18518,0.061866,0.085688,0.13652,0.20957,0.4786,0.064876,0.04828,0.059769,0.086224,0.15059,0.32327,0.3766
0,0.63797,0.21418,0.00069726,0.017902,0.11069,0.019601,0.34186,0.37743,0.30968,0.42739,0.3849,0.62611,0.18903,0.035373,0.67738,0.11229,0.030947,0.15862,0.37195,0.25747,0.028964,0.10414,0.0047443,0.069587,0.033636,0.0795,0.10675,0.59889,0.20872,0.23933,0.059727,0.0055116,0.023937,0.047904,0.22465,0.42214,0.002499,0.10746,0.024569,0.0092323,0.51299,0.50916,0.044453
0,0.079261,0.095258,0,0.0052526,0.032693,0.00036508,0.019882,0.004102,0.025536,0.020799,0.16234,0.01926,0.16415,0.0039144,0.072134,0.061851,0.0012696,0.016234,0.020052,0.018842,0,0.023249,0.0030168,0.0032111,0.0062994,3.2826e-05,0.017693,0.053961,0.0077924,0.025791,0.0061643,0.0035706,0.00022619,0,0.063169,0.039906,0.012243,0.0024756,0.0060276,0.0020475,0.0064771,0.0029063,0.073396
0,0.0041615,0.0015249,0.00063428,0,0.013856,5.1317e-05,0.0032468,7.7788e-05,0,0,0.010389,0.0041715,0,0,0.0012719,0.0093176,0,0.0060049,0,0.0020961,0,0.0018865,0,8.6831e-05,0,0,0.00087272,0.007651,0,0.00055818,0,0,0,0,0,0.0090915,0.0139,0,0,0,0,0.00053108,0
0,0.00094567,0,0.0035931,0,0.010508,0,0,0,0,0,0,0,0,0,0,0.0080934,0,1.6205e-05,0.00084965,0.0073947,0,0.00062766,0,0,0,0,0,0,0,0.00034687,0,0,0,0,0,0,0,0,0,0,0,0,0
0,0,0,0,0,0,0,0,0,0,0,0,0,0,0,0,0,0,0,0,0,0,0.0008946,0,0,0,0,0,0,0,0,0,0,0,0,0,0,0,0,0,0,0,0,0
0,0,0,0,0,0,0,0,0,0,0,0,0,0,0,0,0,0,0,0,0,0,0,0,0,0,0,0,0,0,0,0,0,0,0,0,0,0,0,0,0,0,0,0
0.065603,0,0,0.10077,0.0033566,0.0017007,0,0,0,0,0,0,0,0,0,0,0,0.11601,0,0.039881,0,0.0038808,0,0,0,0.0036963,0,0,5.1767e-05,0.28404,0.21575,0,0.00010134,0,0.0083813,0.005522,0,0.24339,0,0,0.22548,0,0.030661,0
0.84948,0.040123,0,0.89923,0.48336,0.19207,0.17942,0,0.0036667,0,0.0089748,0.035429,0.011926,0,0.81916,0,0,0.19787,0,0.30974,0,0.5476,0,0.87512,0,0.95735,0.15399,0,0.1089,0.10415,0.37386,0.43295,0.94376,0.83821,0.21511,0.50537,0,0.74517,0.39512,0.82791,0.74134,6.0683e-05,0.11772,0.035472
0.084915,0.1867,0.59264,0,0.51329,0.25373,0.81824,0.018081,0.00025074,0.15707,0.51497,0.098513,0.18217,0.026644,0.040803,0.00098306,0.79331,0.68414,0.89552,0.00011403,0.70405,0.44851,0.80641,0.12488,0.023451,0.03895,0.49765,0.62198,9.5608e-06,0.00013348,0.0066728,0.56705,0.056143,0.16179,0.74821,0.11103,0.035393,0.011434,0.5004,0.15514,0.033181,0.49529,0.11162,0.76225
0,0.0043506,0.18854,0,0,0.5525,0.0023396,0.97587,0.64777,0.52771,0.064368,0.00080632,0.038885,0.97335,0.14004,0,0.20669,0.0019876,0.058496,0.00085421,0.29595,0,0.19359,0,0.97655,0,0.34836,0.37802,0.00015194,0.51453,0.1028,0,0,0,0.028291,0.027594,0.86204,0,0.055616,0.01695,0,0.082631,0.048188,0.20227
0,0.76883,0.21881,0,0,0,0,0.0060548,0.34831,0.31522,0.41169,0.86525,0.76702,0,0,0.99902,0,0,0.04598,0.64941,0,0,0,0,0,0,0,0,0.89089,0.097139,0.30092,0,0,0,0,0.35048,0.10257,0,0.048869,0,0,0.42202,0.69182,0
0,0,0,0,0,0,0,0,0,0,0,0,0,0,0,0,0,0,0,0,0,0,0,0,0,0,0,0,0,0,0,0,0,0,0,0,0,0,0,0,0,0,0,0
0,0,0,0,0,0,0,0,0,0,0,0,0,0,0,0,0,0,0,0,0,0,0,0,0,0,0,0,0,0,0,0,0,0,0,0,0,0,0,0,0,0,0,0
0,0,0,0,0,0,0,0,0,0,0,0,0,0,0,0,0,0,0,0,0,0,0,0,0,0,0,0,0,0,0,0,0,0,0,0,0,0,0,0,0,0,0,0
0,0,0,0,0,0,0,0,0,0,0,0,0,0,0,0,0,0,0,0,0,0,0,0,0,0,0,0,0,0,0,0,0,0,0,0,0,0,0,0,0,0,0,0
0,0,0,0,0,0,0,0,0,0,0,0,0,0,0,0,0,0,0,0,0,0,0,0,0,0,0,0,0,0,0,0,0,0,0,0,0,0,0,0,0,0,0,0
0.06941,0.075025,0.063842,0.062337,0.0082031,0.093769,0.0061354,0.0061067,0,0.028918,0.075264,0.0025096,0.0051791,0.041892,0.0081426,0.010736,0.063628,0.19049,0.13989,0.016237,0.10747,0.0087388,0.1889,0.00010534,0.019286,0.084969,0.13722,0.38019,0.0002633,0.039251,0.0265,0.032894,0.094064,0.00044797,0.062054,0.062717,0,0.050823,0.0086359,0.043457,0.1334,0.1529,0.017079,0.0018483
0.016495,0.019259,0.033943,0.07286,0.0012676,0.040572,0.00012058,0.013012,0,0.021063,0.020393,0.0026672,0.0063122,0.0027037,0.0047152,0.0079999,0.065382,0.076451,0.051219,0.079315,0.075658,0.011371,0.058288,0.027687,0,0.13791,0.091784,0.062272,0.00062483,0.0090441,0.27033,0.0071352,0.015508,7.4248e-05,0.028831,0.020691,0,0.064383,0.011909,0.010803,0.032036,0.041658,0.0020082,0.0017693
0.0090412,0.014051,0.025093,0.27831,0.0038597,0.04533,0.0056007,0.0025661,0,0.029126,0.013647,0.0026809,0.034286,0.0002846,0.007301,0.0076562,0.07124,0.05343,0.044734,0.04758,0.084185,0.010076,0.042658,0.020253,0.06711,0.10286,0.067157,0.036167,0.00017138,0.14142,0.056643,0.020532,0.019272,4.8163e-06,0.01369,0.015601,0.00012233,0.14584,0.059309,0.002825,0.022386,0.041467,0.0022179,0.0003588
0.0029255,0.012444,0.017153,0.1523,0.010279,0.036353,0.0039082,0.0080318,0,0.018626,0.022569,0.0044224,0.017584,0.00075532,0.0031283,0.0081841,0.049488,0.048082,0.054941,0.013842,0.041666,0.025382,0.03631,0.024757,0.13754,0.053987,0.049278,0.030303,0.00038198,0.089114,0.063394,0.011845,0.020022,0.00065227,0.016288,0.025451,0.00033418,0.20392,0.030844,0.0023795,0.030354,0.026933,0.0030092,0.0068887
0.00029134,0.0075351,0.022905,0.12611,0.047299,0.059629,0.0018114,0.013392,0,0.017079,0.015473,0.0017963,0.014529,0.0013428,0.049244,0.0016024,0.034428,0.027878,0.038495,0.020164,0.010087,0.020687,0.036105,0.014394,0.12986,0.070611,0.0335,0.030424,0.00020775,0.055223,0.060908,0.011334,0.023543,0.00045033,0.0087489,0.029209,0.00015644,0.13575,0.028212,0.0011388,0.030452,0.041269,0.083841,0.010335
0.004303,0.0032081,0.015713,0.080481,0.12343,0.046205,0.0014228,0.0093054,0,0.015603,0.011423,0.0013372,0.013976,0.00086804,0.039456,0.0017537,0.048468,0.03321,0.071054,0.011417,0.057415,0.024227,0.036643,0.029471,0.063252,0.035419,0.024847,0.016246,0.00032086,0.018238,0.079219,0.0014576,0.020766,0.0075109,0.0099043,0.012309,0.0016433,0.1413,0.066982,0.00094572,0.018148,0.028955,0.022566,0.0074901
0.0071837,0.0043135,0.0068682,0.036911,0.11505,0.026246,0.0019044,0.027152,0,0.0031548,0.010752,0.00027401,0.009869,0.0070944,0.036531,0.003615,0.03095,0.017056,0.031729,0.014528,0.050105,0.023188,0.036672,0.028056,0.018485,0.024057,0.020528,0.019774,0,0.040935,0.063768,0.0040426,0.017139,0.01635,0.0054458,0.016941,0.0029802,0.057687,0.041016,0.0016663,0.01661,0.023814,0.010852,0.012479
0.0090944,0.0019066,0.0095753,0.052966,0.02267,0.068507,0.0048522,0.013549,0,0.012264,0.0062443,0.0020474,0.0077838,0.00014645,0.037162,0.0017747,0.04528,0.011681,0.072153,0.0086206,0.093784,0.052814,0.054876,0.024592,0.020864,0.038487,0.018998,0.019282,0,0.017551,0.031357,0.0028282,0.0078973,0.031644,0.044452,0.019194,0,0.04726,0.029401,0.0032852,0.015686,0.016042,0.003123,0.015527
0.0046405,0.00058587,0.013561,0.013876,0.024639,0.038617,0.0058431,0.0012991,0,0.0048657,0.014484,0.0019251,0.018475,0.00018781,0.027726,0.00076496,0.023313,0.0096387,0.043437,0.0067409,0.094275,0.42295,0.062808,0.027465,0.015576,0.036964,0.0034766,0.014272,6.5673e-05,0.013007,0.023756,0.010117,0.0058578,0.018293,0.015616,0.018057,0.00037881,0.047092,0.26091,0.067117,0.015152,0.032909,0.0045845,0.0031976
0.87661,0.86167,0.79135,0.12385,0.6433,0.54477,0.9684,0.90559,1,0.8493,0.80975,0.98034,0.87201,0.94472,0.78659,0.95591,0.56782,0.53209,0.45235,0.78156,0.38535,0.40056,0.44674,0.80322,0.52803,0.41473,0.55321,0.39107,0.99796,0.57622,0.32413,0.89781,0.77593,0.92457,0.79497,0.77983,0.99438,0.10596,0.46278,0.86638,0.68577,0.59406,0.85072,0.94011
0.60656,0.23487,0.18217,0.10852,0.44556,0.34213,0.5032,0.1939,0.17197,0.2258,0.23991,0.10521,0.12225,0.16079,0.63758,0.15207,0.26158,0.31093,0.44635,0.14448,0.0353,0.60425,0.55355,0.33356,0.10509,0.15598,0.2757,0.7325,0.13496,0.23241,0.39061,0.1879,0.1917,0.64634,0.2713,0.16728,0.14347,0.16315,0.076597,0.86403,0.65679,0.55821,0.17823,0.2314
0.22599,0.16459,0.10816,0.16045,0.22823,0.11486,0.17233,0.092891,0.1483,0.2044,0.1713,0.1069,0.10834,0.098353,0.040121,0.14494,0.076118,0.24526,0.15329,0.17527,0.056488,0.10357,0.1397,0.27635,0.096358,0.14731,0.21328,0.088478,0.15434,0.28372,0.25493,0.087694,0.13926,0.10232,0.13609,0.16785,0.13904,0.25021,0.10569,0.030237,0.056066,0.22863,0.1435,0.19307
0.045099,0.12891,0.065417,0.29453,0.067374,0.08424,0.060973,0.10091,0.13113,0.14688,0.12132,0.11016,0.19336,0.18145,0.043399,0.088526,0.052422,0.18361,0.084199,0.14624,0.064284,0.030437,0.066364,0.18742,0.091361,0.12324,0.11314,0.031649,0.093917,0.11904,0.085029,0.070192,0.066131,0.090763,0.075657,0.12592,0.11738,0.11292,0.19897,0.033117,0.043463,0.078374,0.13548,0.1068
0.02063,0.1019,0.039983,0.12421,0.0426,0.053168,0.04653,0.10159,0.13016,0.099524,0.07599,0.080334,0.15178,0.10462,0.025556,0.085182,0.034537,0.099212,0.044971,0.072963,0.099736,0.037468,0.039702,0.058088,0.14703,0.13946,0.092889,0.021484,0.10111,0.05532,0.086694,0.048782,0.059755,0.051714,0.098375,0.061228,0.08872,0.12942,0.040089,0.024915,0.021567,0.043708,0.14628,0.084245
0.02041,0.051151,0.052966,0.11657,0.07896,0.061794,0.036758,0.058359,0.092921,0.065662,0.059956,0.091367,0.081058,0.080111,0.12807,0.085797,0.03228,0.030128,0.03101,0.085638,0.089475,0.043354,0.029104,0.033384,0.10399,0.098745,0.064565,0.01466,0.070893,0.022314,0.028836,0.041925,0.040355,0.037985,0.053809,0.044862,0.054119,0.115,0.055173,0.018129,0.017892,0.02275,0.12372,0.048625
0.011763,0.059843,0.040655,0.060864,0.03109,0.039819,0.031036,0.059144,0.081543,0.056204,0.048502,0.086119,0.046084,0.047924,0.018107,0.052053,0.030087,0.023746,0.031994,0.062542,0.061841,0.015366,0.024785,0.02791,0.10079,0.061597,0.11232,0.0085962,0.048191,0.019207,0.019549,0.024628,0.025891,0.017045,0.077738,0.052665,0.031132,0.074169,0.06494,0.0073431,0.016152,0.014331,0.063479,0.046443
0.014939,0.021713,0.029144,0.058307,0.009965,0.014079,0.011327,0.085522,0.040631,0.030236,0.026385,0.049573,0.049543,0.030568,0.017085,0.048611,0.040373,0.010152,0.014766,0.056949,0.034174,0.014673,0.01683,0.016829,0.10266,0.05747,0.033442,0.0080627,0.088161,0.039802,0.027552,0.041506,0.029798,0.010994,0.043806,0.026795,0.044948,0.027176,0.035895,0.00346,0.011689,0.006221,0.019002,0.026888
0.0056566,0.027718,0.028313,0.01055,0.012015,0.025739,0.015593,0.058262,0.028242,0.027421,0.022471,0.057856,0.028297,0.038484,0.0086109,0.021544,0.039576,0.0085637,0.017969,0.033793,0.0556,0.013927,0.0084968,0.011383,0.07093,0.033255,0.006745,0.0057362,0.040016,0.011875,0.0049882,0.056303,0.041317,0.0054259,0.065558,0.043153,0.026329,0.008634,0.1505,0.0033893,0.0074056,0.0069306,0.022555,0.021929
0.0082713,0.038385,0.029358,0.029527,0.011049,0.04147,0.010519,0.016761,0.04369,0.0073711,0.021881,0.042065,0.032237,0.031137,0.01386,0.02721,0.022104,0.0064638,0.019676,0.029024,0.11912,0.0093486,0.0033618,0.0026276,0.062518,0.076191,0.0061269,0.0067029,0.028278,0.019265,0.010693,0.031596,0.011334,0.0078708,0.033397,0.025184,0.033799,0.018534,0.14847,0.0015949,0.013619,0.0045866,0.025088,0.015582
0.040685,0.17091,0.42384,0.036475,0.073157,0.2227,0.11173,0.23265,0.13141,0.1365,0.21227,0.27042,0.18705,0.22656,0.067604,0.29406,0.41092,0.081941,0.15578,0.1931,0.38398,0.1276,0.11811,0.052456,0.11928,0.10674,0.081783,0.082132,0.24014,0.19704,0.091121,0.40947,0.39446,0.029541,0.14427,0.28506,0.32106,0.10079,0.12367,0.013784,0.15535,0.036264,0.14267,0.22502
0.53849,0.10396,0.29493,0.26934,0.33487,0.19225,0.15238,0.0075593,2.8617e-05,0.046825,0.16377,0.051623,0.056013,0.033128,0.29153,0.00016333,0.071651,0.46128,0.38578,0.20601,0,0.65324,0.29437,0.28073,0.028137,0.072911,0.51449,0.41937,0.0051335,0.41477,0.49302,0.56969,0.34605,0.11293,0.27097,0.3438,0.027442,0.33528,0.61134,0.67659,0.67856,0.16297,0.157,0.1854
0.44059,0.084427,0.21402,0.075984,0.56823,0.13055,0.086871,0.092846,0.0055658,0.1129,0.17648,0.072414,0.059822,0.027063,0.6396,0.00078885,0.40226,0.25019,0.26205,0.10272,0.013083,0.24914,0.24635,0.50292,0.71386,0.19686,0.31646,0.29162,0.066014,0.088792,0.074382,0.23432,0.4418,0.80435,0.20169,0.11963,0.0098234,0.058747,0.22716,0.30747,0.30739,0.20118,0.033814,0.24001
0.020917,0.040473,0.26997,0.0096886,0.096896,0.23695,0.76075,0.26526,0.43735,0.24015,0.1783,0.085141,0.066308,0.055711,0.068298,0.0090964,0.25032,0.28789,0.22511,0.040975,0.018762,0.09762,0.29506,0.21635,0.25801,0.12948,0.16905,0.28742,0.28145,0.091382,0.059543,0.19599,0.21215,0.082723,0.52734,0.30344,0.015559,0.022897,0.038866,0.015941,0.01405,0.21381,0.090113,0.46001
0,0.18211,0.22108,0.04816,0,0.11425,0,0.58422,0.52965,0.2209,0.02167,0.33493,0.019139,0.051115,0.00057212,0.061668,0.11999,0.00064359,0.017419,0.026657,0.6188,0,0.084063,0,0,0.41482,0,0.0015841,0.57896,0.096404,0.022168,0,0,0,0,0.2148,0.041979,0.084884,0.049085,0,0,0.17627,0.71907,0.11458
0,0.58314,0,0.32601,0,0.15286,0,0.050114,0.02741,0.37922,0.029028,0.25007,0.024949,0.83298,0,0.68696,0.15578,0,0.016623,0.42455,0.23278,0,0.03085,0,0,0.17407,0,0,0.068437,0.081663,0.072678,0,0,0,0,0.018324,0.058001,0.3408,0.073554,0,0,0.24578,0,0
0,0.0058984,0,0.27083,0,0.14557,0,0,0,0,0.43074,0.20582,0.77377,0,0,0.24132,0,0,0.093015,0.19908,0.057164,0,0.030199,0,0,0.011863,0,0,0,0.16479,0.27821,0,0,0,0,0,0.8472,0.1574,0,0,0,0,0,0
0,0,0,0,0,0.027577,0,0,0,0,0,0,0,0,0,0,0,0,0,0,0.059417,0,0.01911,0,0,0,0,0,0,0.062205,0,0,0,0,0,0,0,0,0,0,0,0,0,0
0,0,0,0,0,0,0,0,0,0,0,0,0,0,0,0,0,0,0,0,0,0,0,0,0,0,0,0,0,0,0,0,0,0,0,0,0,0,0,0,0,0,0,0
0,0,0,0,0,0,0,0,0,0,0,0,0,0,0,0,0,0,0,0,0,0,0,0,0,0,0,0,0,0,0,0,0,0,0,0,0,0,0,0,0,0,0,0
0,0,0,0,0,0,0,0,0,0,0,0,0,0,0,0,0,0,0,0,0,0,0,0,0,0,0,0,0,0,0,0,0,0,0,0,0,0,0,0,0,0,0,0
0.008119,0.74436,0.035976,0.30542,0.069877,0.057158,0.3239,0.12419,0.56765,0.5422,0.49944,0.42527,0.83735,0.77947,0,0.60382,0.11246,0.0067039,0.29187,0.32307,0.17687,0.021847,0.031171,0.096469,0.0042261,0.47491,0.0067525,0.0804,0.32416,0.30012,0.32689,0.11564,0.072971,0.025659,0.36254,0.15189,0.96469,0.33277,0.16231,0.0072716,0.017973,0.42872,0.73155,0.59414
0.039328,0.050129,0.12973,0.19797,0.31588,0.099118,0.49016,0.47986,0.42669,0.2042,0.039414,0.31632,0.051051,0.15594,0.0024476,0.39571,0.16116,0.083452,0.0056198,0.40475,0.16438,0.080181,0.025254,0.18632,0.13611,0.15517,0.13894,0.022852,0.60862,0.071091,0.11419,0.21629,0.29916,0.13465,0.26399,0.29502,0.00013047,0.11695,0.084397,0.082789,0.067719,0.012297,0.045665,0.31521
0.17229,0.028329,0.20208,0.18708,0.23821,0.22463,0.059675,0.15071,0.0049726,0.046681,0.015205,0.18921,0.01929,2.6598e-05,0.15219,0.00028156,0.10689,0.21778,0.0079522,0.023578,0.60609,0.065457,0.039053,0.28002,0.5395,0.14245,0.20449,0.042617,0.048363,0.072072,0.038166,0.23657,0.23236,0.54325,0.060978,0.1681,0.0032079,0.14623,0.099293,0.06078,0.10281,0.013362,0.046522,0.05561
0.49346,0.048726,0.29649,0.037969,0.057012,0.17231,0.063347,0.20167,0.00062034,0.061865,0.019176,0.065472,0.022958,0.010561,0.52155,0.00018685,0.13624,0.20261,0.1385,0.03755,0.050322,0.19747,0.23202,0.23628,0.25562,0.094894,0.24659,0.24783,0.010154,0.066698,0.039937,0.29298,0.11519,0.25956,0.089675,0.1008,0.024644,0.062634,0.20509,0.17262,0.26782,0.22043,0.02828,0.017803
0.22073,0.0095422,0.16808,0.026925,0.09816,0.23464,0.05271,0.038547,5.7053e-05,0.046268,0.19038,0.0037271,0.02084,0.010927,0.15986,0,0.24128,0.15682,0.29952,0.068879,0.0023255,0.5202,0.34379,0.18816,0.064534,0.067057,0.24361,0.18453,0.0054955,0.080917,0.044759,0.058493,0.10273,0.032339,0.089996,0.078736,0.0073231,0.014519,0.15427,0.66825,0.16899,0.17217,0.024526,0.0071131
0.00063902,0.054362,0.16634,0.027048,0.1235,0.12163,0.010213,0.0048479,4.4403e-06,0.083589,0.16708,0,0.026345,0.017519,0.14591,0,0.15144,0.15747,0.13849,0.10621,4.9451e-06,0.061277,0.17178,0.012448,9.5911e-06,0.040524,0.093232,0.20735,0.0015088,0.05084,0.046516,0.041086,0.066008,0.0039971,0.057249,0.11562,0,0.017801,0.047634,0.0082905,0.18761,0.088278,0.040813,0.0093157
0.00031973,0.050471,0.0013183,0.034799,0.07697,0.066399,0,0.00017157,0,0.015194,0.06466,0,0.022167,0.025248,0.018051,0,0.090494,0.040708,0.11805,0.017702,0,0.03961,0.15693,0.00028524,0,0.010896,0.042099,0.21443,0.0010852,0.15987,0.15038,0.023184,0.061795,0.00049235,0.035665,0.056329,0,0.16741,0.21353,0,0.058031,0.047345,0.076777,0.00080791
0.00073909,0.014078,0,0.13869,0.018984,0.023536,0,0,0,3.4162e-06,0.0046476,0,0,0.00030314,0,0,3.6559e-05,0.034753,0,0.0089969,0,0.0053051,0,2.0455e-05,0,0.0084122,0.024285,0,0.00044186,0.17901,0.23379,0.015752,0.049792,5.7205e-05,0.022047,0.032227,0,0.12932,0.033479,0,0.061537,0.013633,0.0058716,0
0.010987,0,0,0.044098,0.0014122,0.00057993,0,0,0,0,0,0,0,0,0,0,0,0.030316,0,0.0069388,0,0.0068446,0,0,0,0.0056268,0,0,0.00017256,0.019382,0.0053747,0,0,0,0.016393,0.0012763,0,0.01236,0,0,0.062798,0.0030816,0,0
0.053387,0,0,0,0,0,0,0,0,0,0,0,0,0,0,0,0,0.069378,0,0.0023302,0,0.0018119,0,0,0,5.2859e-05,0,0,0,0,0,0,0,0,0.0014688,0,0,0,0,0,0.0047134,0.00068586,0,0
0.061966,0,0,0,0,0,0,0,0,0,0,0,0,0,0,0,0,0.080335,0,0.0032394,0,0.003381,0,0,0,0.00073237,0,0,0,0,0,0,0,0,0.0050547,0,0,0,0,0,0.02035,0.0010527,0,0
0.0024075,0,0,0.1242,0.0028785,0.0014881,0,0,0,0,0,0,0,0,0,0,0,0.034888,0,0.0082236,0,0.0061407,0,0,0,0.0064887,0,0,0.00040571,0.068074,0.039302,0,0.01475,0,0.0155,0.012335,0,0.090298,0,0,0.070926,0.0065258,0,0
0.00095744,0.11751,0,0.17562,0.024567,0.56706,0,0,0,3.4162e-06,0.20397,0,0,0.0017623,0,0,0.285,0.037205,0,0.013722,0.027385,0.009894,0.029342,0.00013151,0,0.087145,0.036754,0,0.00052453,0.23445,0.26368,0.021981,0.060897,0.00027935,0.025062,0.0386,0,0.27805,0.10087,0,0.063924,0.019136,0.026522,8.4256e-06
0.00010796,0.0063409,0.14057,0.26829,0.14266,0.21284,0.0044686,0.022866,0,0.20627,0.18596,2.0737e-05,0.047019,0.1289,0.18799,0.0028726,0.24849,0.11583,0.51748,0.030312,0.66474,0.090975,0.80784,0.0031233,0.0047296,0.11385,0.049648,0.61003,0.0012272,0.51594,0.34199,0.040307,0.053629,0.0030342,0.05901,0.10728,0,0.20592,0.17147,0,0.15251,0.16102,0.081111,0.0016874
0.04402,0.24636,0.57769,0.35592,0.16426,0.099861,0.05439,0.68357,0.12696,0.29039,0.48344,0.79703,0.82378,0.46215,0.15236,0.95756,0.26893,0.42538,0.21385,0.81296,0.27438,0.52565,0.11089,0.15543,0.12903,0.15691,0.27906,0.19031,0.007358,0.045652,0.21298,0.054774,0.096778,0.052189,0.086144,0.25666,0.87166,0.35671,0.11551,0.55696,0.20305,0.3606,0.05879,0.02839
0.73039,0.54546,0.18999,0.043641,0.091684,0.063366,0.064064,0.29235,0.27398,0.22107,0.041465,0.12378,0.045959,0.33627,0.57092,0.038789,0.095044,0.17529,0.051153,0.048755,0.033495,0.22921,0.039752,0.4897,0.62605,0.46974,0.38989,0.067434,0.78911,0.030065,0.039287,0.13799,0.27312,0.60491,0.19336,0.34443,0.080857,0.026923,0.3966,0.28638,0.30724,0.41995,0.64307,0.05889
0.1439,0.074604,0.085483,0.022446,0.50079,0.037372,0.72074,0.0012155,0.59905,0.2641,0.040916,0.068431,0.083007,0.033566,0.084263,0.00069964,0.095373,0.11047,0.045327,0.072642,0,0.11768,0.010838,0.29798,0.24019,0.14234,0.23571,0.088896,0.16569,0.034547,0.055694,0.57143,0.45224,0.30195,0.41675,0.20516,0.040387,0.033761,0.093072,0.048836,0.097618,0.012531,0.17706,0.54683
0.013565,0.009618,0.0062617,0.0066448,0.072854,0.016805,0.15424,0,0,0.018151,0.040752,0.010679,0.00023871,0.033719,0.0028956,7.852e-05,0.0071594,0.014872,0.034635,0.010091,0,0.017063,0.0010244,0.048609,0,0.022792,0.0089456,0.03272,0.035686,0.036547,0.040917,0.16907,0.038307,0.037577,0.18231,0.035527,0.006802,0.0083388,0.097979,0.0942,0.071958,0.014791,0.011105,0.27635
0.002331,0.00010516,0,0.003233,0.00029823,0.00059492,0.0020918,0,0,0,0.0034871,6.4325e-05,0,0.0036286,0.0015663,0,0,0.0057361,0.071538,4.7118e-05,0,0,0.00030961,0.0050285,0,0,0,0.010501,0,0.019514,0.0061497,0.0044494,0.0081241,5.9809e-05,0.016544,0,0.00029552,0,0.022948,0.013626,0.012086,0.0043943,0.0023454,0.086648
0.00035682,0,0,0,0,0.00061253,0,0,0,0,0,0,0,0,0,0,0,0,0.066016,1.0756e-05,0,0,0,0,0,0,0,0.00011113,0,0.015217,0,0,0.0021522,0,0.00026748,0,0,0,0.0015492,0,0.0003292,0,0,0.0011878
0.053012,0,0,0.071543,0.043543,0.004484,0.04601,0.073652,0.0075511,0,0,0.037149,0,0.08203,0.025431,0,0,0.055255,0.015709,0.0025214,0,0.010565,0,0.017612,0.058931,0.010079,0.091679,0.39579,0,0.017505,0.0084439,0.045491,0.0045225,0.015918,0.00089598,0,0.16476,0.067298,0.031928,0.048791,0.054947,0.025496,0.0060509,0.054962
0.083795,0.001052,0.0021799,0.22282,0.082974,0.017949,0.088489,0.078998,0.017039,0.040878,0.0056462,0.092858,0,0.089654,0.067074,0,0.012513,0.07344,0.012541,0.07071,0,0.0564,0.0017617,0.086444,0.038262,0.033188,0.22004,0.011213,0.030858,0.15652,0.07019,0.070541,0.013764,0.038046,0.051822,0.00031403,0.20667,0.074732,0.13537,0.082802,0.045107,0.060531,0.030991,0.079808
0.084328,0.018745,0.034687,0.15644,0.15326,0.060926,0.11054,0.037626,0.083156,0.073718,0.014106,0.16282,0.079596,0.045931,0.11424,0.040963,0.060518,0.076664,0.0084169,0.082846,0.00058156,0.12014,0.010279,0.10331,0.035123,0.22677,0.06013,0.0047837,0.057427,0.19733,0.1642,0.087428,0.067822,0.062408,0.12892,0.11045,0.20017,0.20643,0.18112,0.12693,0.075492,0.082511,0.096992,0.11669
0.068054,0.12927,0.033145,0.029942,0.17269,0.1021,0.13757,0.026249,0.25652,0.073351,0.043422,0.12675,0.056658,0.07723,0.11088,0.014824,0.095323,0.089414,0.096979,0.038733,0.0033636,0.13244,0.004474,0.033797,0.038095,0.29016,0.0097607,0.012085,0.029543,0.0019413,0.12773,0.094803,0.14048,0.12999,0.13516,0.20933,0.028215,0.22811,0.15299,0.16444,0.089298,0.13469,0.10401,0.16567
0.19826,0.48594,0.5347,0.050028,0.15078,0.45635,0.20197,0.35337,0.41978,0.36658,0.5792,0.13885,0.51334,0.14104,0.25031,0.49354,0.3542,0.16785,0.55605,0.38451,0.53219,0.18082,0.61774,0.017555,0.055875,0.088616,0.045465,0.19788,0.70391,0.25963,0.1972,0.20329,0.25537,0.30387,0.24353,0.44473,0.012558,0.12581,0.1164,0.12906,0.28104,0.34741,0.42841,0.20552
0.20017,0.17944,0.31265,0.10988,0.12466,0.33508,0.1973,0.14312,0.12,0.28717,0.30021,0.14507,0.2448,0.28879,0.13209,0.40501,0.29713,0.15165,0.15479,0.2724,0.44059,0.15277,0.34067,0.022233,0.18954,0.097625,0.15573,0.041385,0.16212,0.35256,0.14767,0.20522,0.46505,0.15412,0.27706,0.2246,0.040798,0.11184,0.090964,0.11466,0.10636,0.24502,0.20031,0.17302
0.15411,0.17772,0.034395,0.075871,0.076547,0.0146,0.13146,0.0926,0.094733,0.068019,0.042795,0.11427,0.071255,0.053012,0.10456,0.02407,0.10255,0.057525,0.10225,0.080203,0.023271,0.12322,0.018718,0.051766,0.18346,0.14921,0.039063,0.0042882,0.0051261,0.0021551,0.077758,0.10175,0.042022,0.080297,0.11524,0.0050437,0.069543,0.05276,0.081628,0.096055,0.05718,0.080702,0.084826,0.087034
0.091307,0.0078284,0.048235,0.10987,0.087189,0.0085133,0.06174,0.040545,0.0012182,0.087828,0.012773,0.10957,0.034348,0.066084,0.086191,0.021595,0.063582,0.15087,0.0085819,0.061396,0,0.093414,0.0057907,0.20866,0.12945,0.10436,0.046938,0.0036023,0.011016,0.0057432,0.17465,0.089627,0.010959,0.096771,0.047371,0.0055361,0.16526,0.054933,0.079299,0.10472,0.070567,0.01706,0.048409,0.061652
0.044144,0,0,0.067361,0.064517,0,0.00995,0.068104,0,0.0024571,0.0018558,0.052756,0,0.06867,0.055607,0,0.014187,0.090446,0.022501,0.0066851,0,0.072879,0.00056629,0.33957,0.12388,0,0.22375,0.00079519,0,0.0047407,0.03216,0.073852,0,0.053442,0,0,0.075949,0.039194,0.10016,0.069814,0.063413,0.0044218,0,0.041075
0.022827,0,0,0.10625,0.043847,0,0.014968,0.085737,0,0,0,0.019907,0,0.087554,0.05361,0,0,0.086889,0.022178,0,0,0.05735,0,0.11905,0.14738,0,0.10744,0.32818,0,0.0018747,0,0.027997,0,0.065134,0,0,0.036066,0.0389,0.03014,0.062734,0.1566,0.0021642,0,0.014573
0.078643,0.060977,0.051085,0.11966,0.038249,0.077045,0.066906,0.087899,0.097828,0.019847,0.089528,0.0095591,0.08773,0.23461,0.079524,0.052581,0.00043509,0.043433,0.081517,0.056224,0.035662,0.044436,0.067493,0.0080938,0.14185,0.02426,0.077916,0.098412,0.081951,0.20017,0.018145,0.13928,0.095438,0.13611,0.061917,0.058505,1.634e-05,0.086536,0.019497,0.011004,0.07979,0.077079,0.057381,0.048915
0.065255,0.10498,0.029213,0.033102,0.045228,0.036163,0.011927,0.092898,0.11382,0.031037,0.11509,0.009802,0.051536,0.091836,0.031997,0.16116,0.00057745,0.069937,0.05178,0.11924,0.093759,0.056328,0.040656,0.005771,0.052348,0.024235,0.064281,0.033332,0.071869,0.032531,0.070138,0.085465,0.067744,0.084502,0.076069,0.11666,0.0023213,0.044339,0.033056,0.014333,0.091596,0.090063,0.072787,0.043992
0.052573,0.10127,0.035806,0.031166,0.044478,0.050142,0.009757,0.073608,0.10483,0.045794,0.11483,0.019567,0.067719,0.083492,0.01798,0.13782,0.00048092,0.094452,0.024443,0.11313,0.078215,0.058458,0.026379,0.0067239,0.11263,0.094617,0.036645,0.020682,0.091642,0.029903,0.054357,0.040831,0.12228,0.050775,0.12604,0.081948,0.0036429,0.10252,0.033272,0.017352,0.03422,0.060877,0.084088,0.054716
0.057107,0.12556,0.046051,0.063462,0.041924,0.066327,0.0075369,0.041711,0.12234,0.13678,0.1515,0.022101,0.076915,0.085603,0.029181,0.15336,0.0044804,0.093378,0.012727,0.12889,0.096879,0.05941,0.017213,0.0064092,0.1296,0.066022,0.038092,0.0095072,0.10248,0.0064887,0.06347,0.036733,0.12607,0.036408,0.061618,0.087295,0.010114,0.1302,0.050874,0.029534,0.025297,0.080292,0.090779,0.049007
0.06325,0.11694,0.084916,0.098291,0.047072,0.089661,0.0091511,0.04324,0.097946,0.19475,0.045684,0.034077,0.085507,0.06319,0.021945,0.14906,0.050809,0.14766,0.017858,0.17134,0.10871,0.061623,0.010808,0.009614,0.10065,0.073596,0.031508,0.0043775,0.097115,0.053942,0.31199,0.063515,0.091102,0.032017,0.084798,0.090763,0.1276,0.1636,0.074311,0.018049,0.025032,0.083956,0.09243,0.032077
0.061111,0.10439,0.099296,0.10421,0.050353,0.11923,0.010411,0.039467,0.080822,0.13942,0.11596,0.051369,0.11947,0.080282,0.041977,0.080299,0.067003,0.12099,0.010143,0.1044,0.11016,0.062778,0.034937,0.027439,0.080488,0.069537,0.033178,0.010798,0.10939,0.10912,0.13921,0.039459,0.093037,0.032205,0.10803,0.087986,0.085012,0.1344,0.084147,0.017313,0.01934,0.053441,0.08811,0.041867
0.059957,0.088104,0.11672,0.11277,0.06499,0.092304,0.020092,0.050648,0.094127,0.11694,0.097299,0.073334,0.12194,0.078796,0.037224,0.059699,0.052149,0.11923,0.01772,0.10185,0.081536,0.063052,0.068887,0.10316,0.076439,0.13012,0.14808,0.0069907,0.12466,0.13469,0.091537,0.041729,0.094182,0.037236,0.11904,0.1399,0.11097,0.095613,0.20713,0.020268,0.030479,0.042951,0.13644,0.043802
0.082985,0.095301,0.17018,0.1821,0.07549,0.1328,0.046313,0.10752,0.097372,0.099896,0.070509,0.15919,0.14418,0.08978,0.043288,0.078476,0.078846,0.10881,0.027074,0.083611,0.14218,0.05327,0.057988,0.29796,0.083299,0.15756,0.22947,0.0056284,0.13068,0.11177,0.089676,0.097918,0.11209,0.054123,0.12974,0.17054,0.17009,0.074116,0.18971,0.016431,0.035699,0.054201,0.12426,0.040742
0.25597,0.075619,0.11465,0.12988,0.074966,0.15399,0.092026,0.24808,0.096722,0.1033,0.10059,0.23582,0.12418,0.092285,0.05136,0.062095,0.16195,0.10238,0.083837,0.056232,0.1159,0.10828,0.088124,0.22463,0.11242,0.19765,0.15767,0.020491,0.1158,0.14517,0.074055,0.13911,0.092845,0.056225,0.11612,0.09507,0.23741,0.067995,0.14678,0.026502,0.09785,0.1141,0.10952,0.080914
0.22315,0.12686,0.25207,0.12536,0.51725,0.18234,0.72588,0.21493,0.094199,0.11223,0.099001,0.38519,0.12083,0.10012,0.64552,0.065457,0.58327,0.099731,0.6729,0.065091,0.137,0.43236,0.58752,0.3102,0.11027,0.1624,0.18315,0.78978,0.074414,0.17622,0.087429,0.31596,0.10522,0.4804,0.11662,0.071341,0.25282,0.10068,0.16121,0.82922,0.5607,0.34304,0.14421,0.56397
0,0.00072001,0,0,0,0.0047572,0.0010675,0,0,0,0,0.0002555,0,0,0,0,0,0,0,0,0,0,0,0,0,0.0039626,0.0019574,3.7392e-05,0,0.010866,0,0.00014285,0,0,0,0,0,0.0025669,0,0,0,0,0,0
0.00012712,7.4288e-05,0,0,0.0016983,0.0011465,0,0,0,0,0,3.3763e-05,0,0,0,0,0,0,0,0,0,0,0,0,0,0,0,0,0,0,0,0,0.012706,0,0,0,0,0,0,0,0,0,0,0
0,4.1919e-05,0,0,0,0,0,0,0,0,0,0,0,0,0,0,0,0,0,0,0,0,0,0,0,0,0,0,0,0,0,9.7979e-06,0.020222,0,0.018569,0.0074927,0,0,0,0,0,0,0,0
0.00022555,0,0,0,0,0,0,0,0,0.0042661,0,0,0,0,0,0,0,0,0,0,0.020221,0,0,0,0,0.024395,0,0,0,0,0,0.023829,0.0041369,0,0,0,0,0.0089201,0,0,0.013946,0,0,0
0.00042283,0,0,0.064219,0,0,0,0,0,0,0,0,0,0,0,0,0,0,0,0,0,0,0,0,0.02283,0,0.052466,0,0,0,0,0.07505,0,0,0,0,0,0.024203,0,0,0,0,0,0
0,0,0,0.019958,0,0,0,0,0,0,0,0,0,0,0,0,0,0,0,0,0,0,0,0,0.05297,0,0.027251,0,0,0,0,0,0,0,0,0,0,0,0,0,0,0,0,0
0,0,0,0,0,0,0,0,0,0,0,0,0,0,0,0,0,0,0,0,0,0,0,0,0,0,0.02351,0,0,0,0,0,0,0,0,0,0,0,0,0,0,0,0,0
0,0,0,0,0,0,0,0,0,0,0,0,0,0.016164,0,0,0,0,0,0,0,0,0,0,0,0,0,0,0,0,0,0,0,0,0,0,0,0,0,0,0,0,0,0
0,0,0,0,0,0,0,0,0,0,0,0,0,0.01219,0,0,0,0,0,0,0,0,0,0,0,0,0,0,0,0,0,0,0,0,0,0,0,0,0,0,0,0,0,0
0.015119,0.016122,0.033041,0.031956,0.040243,0.020591,0.045342,0.064936,0,0.033337,0.02989,0.031311,0.025646,0.072279,0.05641,0.011583,0.0061311,0.063986,0.022295,0.008904,0.093865,0.077887,0.0036945,0.21296,0.013336,0.041326,0,0.24962,0.03944,0.0023165,0.0070506,0.012924,0.0018421,0.10441,0.0097318,0.021532,0.13188,0.02268,0.0058861,0.064036,0.23473,0.020597,0.014544,0.033958
0,0.0020631,0,0,0,0.018932,0,0,0,0,0,0.00038491,0.00012388,0,0,0,0.0090099,0,0,0,0,0,0,0,0,0.015382,0,1.294e-05,0,0,0.00052092,0,0,0,0,1.5836e-06,0,0.011522,0.0012306,0,0.0015706,0,0,5.8452e-06
0,0,0,0,0.0013184,0,0,0,0,0,0,0.0030537,7.0204e-06,0,0,0,3.3169e-05,0,0,0,0.05941,0,0,0,0,0,1.1093e-05,0,0,0,0,0,0.043821,0,0,0,0,0.001581,0,0,0,0,0,0
0.00013215,0,0.0051335,0,0,0.0021588,1.9209e-05,0,0.00049355,0,0,0,0,0,0,0,0,0,0,0,0.02272,0,0,0,0.012801,0.024137,0,0,0,0,0,0,0,0,0.018175,0.0062786,0,0.0016768,0,0,0,0,0,0
0.0014054,0,0,0.021293,0,0.0057908,0,0.016027,0,0,0,0,0,0.03105,0,0,0,0,0,0,0,0,0,0,0,0,0,0,0,0.0088444,0,0,0,0,0,0.0074234,0,0.013415,0,0,0,0,0,0
0,0,0,0.021127,0,0.00066706,0,0.0088209,0,0,0,0,0,0.002604,0,0,0,0,0,0,0,0,0,0,0.01487,0,0.084409,0,0,0,0,0,0,0,0,0,0,0,0,0,0,0,0,0
0,0.006658,0,0,0,0,0,0,0.017049,0,0,0,0,0.0096789,0,0,0,0,0,0,0,0,0,0,0,0,0,0,0,0,0,0,0,0,0,0,0,0,0,0,0,0,0,0
0,0,0,0,0,0,0,0,0,0,0,0,0,0,0,0,0,0.0053567,0,0,0,0,0,0,0,0,0.011975,0,0,0,0,0,0,0,0,0,0,0,0,0,0,0,0,0
0,0,0,0,0,0,0,0,0,0,0,0,0,0,0,0,0,0,0,0,0,0,0,0,0,0,0,0,0,0,0,0,0,0,0,0,0,0,0,0,0,0,0,0
0,0,0,0,0,0,0,0,0,0,0,0,0,0,0,0,0,0,0,0,0,0,0,0,0,0,0,0,0,0,0,0,0,0,0,0,0,0,0,0,0,0,0,0
0.049134,0.062701,0.017015,0.027377,0.058302,0.0080831,0.060761,0.059912,0.061862,0.035781,0.050232,0.072542,0.087826,0.048234,0.048974,0.037805,0.015277,0.060741,0.0099071,0.03313,0.099433,0.060327,0.0072077,0.27146,0.16911,0.050242,0.016079,0.010018,0.05726,0.029999,0.020869,0.014014,0.0074548,0.057971,0.028933,0.012302,0.1056,0.012134,0.058735,0.088716,0.0024106,0.03681,0.082804,0.039784
0,0.0014625,0,0,0,0.0014672,0.0014356,0,0,0,0.001777,0.00083119,0.00016677,0,0,0,0.013829,0,0,0,0,0.00012097,0,0,0,0.0050915,0.003735,0,0,0,9.9234e-05,0,0.0086433,5.4509e-06,0,0.0016818,0,0.0053733,0.00080124,0,0,0,0,0
7.0397e-06,0,0.0035954,0,0.00043792,0,0,0,0,0,0,0.0023492,2.2539e-06,0,0,0,0,0,0,0,0,0,0,0,0.005422,0.024008,0,0,0,0.0032666,0,0,0.03224,0,0,0.0068449,0,0.0018047,0,0,0,0,0,0
0.00053774,0,0,0.015227,0,0,0.00014161,0,0,0,0,0,0,0,0,0,0,0,0,0,0,0,0,0,0.013842,0,0,0,0,0.002222,0,0,5.5259e-05,0,0.0057958,0,0,0.0083861,0,0,0,0,0,0
0,0.0047665,0,0.012259,0,0.0092953,0.00018673,0.003056,0,0,0,0,0,0,0,0,0,0,0,0,0,0,0,0,0,0,0.0061546,0,0,0.00019649,0.0034951,0,3.0778e-05,0,0,0,0,0,9.103e-05,0,0,0,0,0
0,0.0056621,0,0,0,0.0023961,0,0,0,0,0,0,0,0,0,0.007411,0,0,0,0,0,0,0,0,0,0,0.04339,0,0,0.0027525,0,0,0,0,0,0,0,0,0,0,0,0,0.0080599,0
0,0.0052625,0,0,0,0,0,0,0,0,0,0,0,0,0,0.0059655,0,0.053923,0,0.0071867,0,0,0,0,0,0,0,0,0,0,0,0,0,0,0,0,0,0,0,0,0,0,0,0
0,0,0,0,0,0.0039715,0,0,0,0,0,0,0,0,0,0,0,0.00176,0,0,0,0,0,0,0,0,0,0,0,0,0,0,0,0,0,0,0,0,0,0,0,0,0,0
0,0,0,0,0,0,0,0,0,0,0,0,0,0,0,0,0,0,0,0,0,0,0,0,0,0,0,0,0,0,0,0,0,0,0,0,0,0,0,0,0,0,0,0
0,0,0,0,0,0,0,0,0,0,0,0,0,0,0,0,0,0,0,0,0,0,0,0,0,0,0,0,0,0,0,0,0,0,0,0,0,0,0,0,0,0,0,0
0.057431,0.091192,0.021192,0.025537,0.07117,0.0025316,0.043199,0.035829,0.10868,0.055605,0.083933,0.081415,0.14477,0.07721,0.079047,0.091437,0.0027229,0.056686,0.044113,0.061501,0.0027861,0.076595,0.058881,0.00052972,0.033173,0.051869,0.077819,0.0066283,0.054251,0.06269,0.054895,0.0019482,0.010178,0.035385,0.043917,0.024218,0.041407,0.016025,0.093692,0.055019,0.01985,0.040487,0.088507,0.035093
0.00013472,8.1674e-06,0,0,0.0018223,0.0045449,0.00058046,0,0,0,0.0070094,0.0049662,0.001606,0,0,0,0.016468,0,0,0,0,2.7292e-05,0,0,0,2.3661e-06,0.00037353,0,0,0,0,0,0.002821,3.9044e-06,0,0.0026044,1.7963e-05,0.012366,9.4076e-06,0,0.00018677,0,0,0.00016216
1.0637e-05,0,0,0,0.00027846,0.0043551,0,0,0.013889,0,0,0.0096659,0,0,0,0,0.0018382,0,0,0,0.082971,0,0,0,0.047236,0.03247,0,0,0,0,0,0,0.032661,0,0,0.00014849,0,0,0,0,0,0,0,0
0.00032879,0,0.002625,0.026876,0,0,0,0.059275,0.0029858,0,0,0.00067485,0,0.0056128,0,0,0.00025326,0,0,0,0,0,0,0,0.0039457,0,0,0,0,0.0020975,0.0029899,0,0,0,0,0,0,0.013067,0.00050411,0,0,0,0,0
0,0.01527,0.0029655,0,0,0,0,0.0012593,0,0,0,0,0,0,0,0.0018016,0,0,0,0,0,0,0,0,0,0,0,0,0,0,0.024958,0,0,0,0,0,0,0,0,0,0,0,0.0062067,0
0,0.021822,0,0,0,0,0,0.0047139,0,0,0,0,0.0039839,0,0,0.0018094,0,0.056536,0,0.012178,0,0,0,0,0,0,0,0,0,0.0015194,0.0029778,0,0,0,0,0,0,0,0,0,0,0,0.002692,0
0,0.00022382,0,0,0,0,0,0,0,0,0,0,0.0054698,0,0,0,0,0.0057749,0,0,0,0,0,0,0,0,0,0,0,0,0.003369,0,0,0,0,0,0,0,0,0,0,0,0,0
0,0,0,0,0,0,0,0,0,0,0,0,0,0,0,0.0018644,0,0,0,0,0,0,0,0,0,0,0,0,0,0,0,0,0,0,0,0,0,0,0,0,0,0,0,0
0,0,0,0,0,0,0,0,0,0,0,0,0,0,0,0,0,0,0,0,0,0,0,0,0,0,0,0,0,0,0,0,0,0,0,0,0,0,0,0,0,0.0015854,0,0
0,0,0,0,0,0,0,0,0,0,0,0,0,0,0,0,0,0,0,0,0,0,0,0,0,0,0,0,0,0,0,0,0,0,0,0,0,0,0,0,0,0.0014665,0,0
0.066906,0.16934,0.023139,0.026172,0.093234,0.0044512,0.072148,0.0089339,0.12014,0.11521,0.038215,0.048942,0.13628,0.050581,0.097145,0.11359,0.041505,0.051234,0.064253,0.079017,0.028764,0.10575,0.027877,0.0097711,0.11055,0.026933,0.04288,0.0031442,0.10553,0.050095,0.057226,0.0076593,0.00065387,0.072935,0.085648,0.024185,0.046743,0.013218,0.13363,0.11133,0.00027604,0.062716,0.13513,0.09273
0.00039877,0.0026297,0,0,0.0013443,0.0014339,0.0032912,0,0,0.016727,0.0082935,0.0072494,0.0014455,0,0,0,0.035282,0,0,7.9383e-06,0,0.00024963,0,0,0,0.00068052,0.0018553,0,0,0,0.0045651,0,0.0047784,2.6885e-06,0,0.0014923,6.3417e-07,0.0067036,0.00040874,0,0.00040634,0,0.00098207,0.0011317
7.5834e-05,0,0.013824,0,0.00022623,0,0,0,0.016641,0,0,0.0068452,0,0,0,0,0.00026295,0,0,0,0.067458,0,0,0,0.13229,0.04579,0,0,0,0,0,0,0.063757,0,0.0044617,0.0053469,0,0.00016718,0,0,0,0,2.2187e-05,0
0.00017871,0,0,0.018142,0,0.00087679,0,0.036507,4.9225e-06,0.0011286,0,0.0023344,0,0.095884,0,0,0.0028662,0,0,0,0,0,0,0,0,0,0.013471,0,0,0.0047792,0.0027687,0,4.2866e-06,0,0,0,0,0.010012,0,0,0,0.00072687,6.9426e-06,0.0025175
0.00049381,0.0050063,0,0,0,9.8151e-06,0,0,0,0.001892,0,7.9307e-05,0,0,0,0.0015001,0,0,0.0053734,0.00071313,0,0,0,0,0,0,0,0,0,0.00030839,0.043803,0,0,0,0,0,0,0,0,0.0022059,0,0,0.00069005,0.0018402
5.8835e-06,0.0074408,0.0036803,0,0,3.7498e-05,0,0,0,0,0.0014781,0.0091035,0.0050453,0,0,0.0016158,0,0.034297,0,0.016014,0,0,0,0,0,0,0,0,0,0,0.0053804,0,0,0,0.005049,0,0.0018473,0,0.0016454,0,0,0,0.0050169,0.06367
0,0,0.0026013,0,0,0,0,0,0,0,0,0.0026731,0,0,0,0,0,0,0,0,0,0.094973,0,0,0,0,0,0,0,0,0,0,0,0,0.011298,0,0,0,0.0015425,0,0,0,0.0044776,0.0075525
0,0,0,0,5.0865e-05,0,0,0,0,0,0,0,0,0,0,0,0,0,0,0,0,0,0,0,0,0,0,0,0,0,0,0,0,0.015083,0,0,0,0,0.0010043,0,0,0.00013877,0,0
0,0,0,0,2.7271e-07,0,0,0,0,0,0,0,0,0,0,0,0,0,0,0,0,0,0.0060456,0,0,0,0,0,0,0,0,0,0,0,0,0,0,0,0,0.0037742,0,0.017537,0,0
0,0,0,0,0,0,0,0,0,0,0,0,0,0,0,0,0,0,0,0,0,0,0,0,0,0,0,0,0,0,0,0,0,0,0,0,0,0,0,0,0,0,0,0
0.20351,0.19013,0.050663,0.095956,0.14065,0.20284,0.083745,0.026577,0.15582,0.15526,0.14766,0.10209,0.18657,0.057536,0.12783,0.28145,0.054054,0.023155,0.028294,0.20753,0.032668,0.13736,0.020658,0.015133,0.15173,0.034748,0.21752,0.012475,0.15081,0.090131,0.093817,0.11757,0.27602,0.31816,0.069987,0.057259,0.27939,0.081746,0.13884,0.14481,0.0036008,0.26565,0.17597,0.14424
0,0.021152,0.043098,0,0.01447,0.0014879,0.01688,0.0005615,0,0,0.014574,0.0005557,0.014831,0,0.00010932,0,0.10379,0.0083307,0.0052902,4.4532e-05,0,1.2859e-05,0.019158,0.0063566,0,0.0013759,1.8986e-06,5.9974e-05,0,0.0077129,0.0027222,0,0.013948,4.2705e-06,0,0.024834,0,0.023014,0,0,0.035029,2.2352e-05,0.010785,0.00066163
0,0.0007335,0.020356,0,0.00078445,0.0030538,8.7787e-06,0,0.0041896,0,0.0001186,0.004889,0,0,0,0,0.00023676,0,0,0.0040229,0.082958,0,0.00373,0,0,0,0,0,0,0.007454,0,0,0.017944,0,0.0096971,0.0049994,0,9.25e-05,3.26e-05,0.0001785,0,4.8502e-05,0.00081491,0.0006758
0,0,0.036241,0,0,0.0020504,0.0012724,0.081183,0,0,0.00077906,0,0,0.069812,0,0,0,0,0.040944,0.0009936,0,0,0,0,0,0,0,0,0,0,0,0.051454,0,0,4.83e-05,0,0,0,0.0033218,0.0022506,0,0,0.00025729,0.0018663
0,0,0,0,0,0.0060216,0,0,0,0,0,4.1705e-05,0,0,0,0.0071471,0,0,0.0035445,0,0,0,0,0,0,0,0,0,0,0.0023854,0.025212,0,0,0,0,0,0,0,0.00016704,0,0,0,0,0.0016323
0,0.0004493,0,0,0,0.00061309,0.00080382,0,0,0,0.007245,0.00012789,0,0,0,0,0,0.018244,0,0,0,0,0,0,0,0,0,0,0,0.0041996,0.0025391,0,0,0,0.0076842,0,0.002043,0,0.0010548,0,0.11279,0,0,0.061241
0,0,0,0,0,0,0,0,0,0,0,0.00036668,0,0,0,0,0,0,0,0,0,0.0063373,0,0,0,0,0,0,0,0,0,0,0,3.7506e-06,0,0,0,0,0.0016595,0,0,0,0,0.0062807
0,0,0,0,0.0074655,0,0,0,0,0,0,0,0,0,0.00037545,0,0,0,0,0,0,0,0,0,0,0,0,0.041529,0,0,0,0,0,8.8986e-05,0,0,0,0,0.0003714,0,0,0.0057536,0,0
0,0,0,0,0.0045452,0,0,0,0,0,0,0,0,0,0.0019303,0,0,0,0,0,0,0,0.0034509,0,0,0,0,0,0,0,0,0,0,0,0,0,0,0,0,0.0063565,0,0.010104,0,0
0,0,0,0,0,0,0,0,0,0,0,0,0,0,0,0,0,0,0,0,0,0,0,0,0,0,0,0,0,0,0,0,0,0,0,0,0,0,0,0,0,0,0,0
0.22967,0.25357,0.49322,0.20054,0.1822,0.42971,0.2066,0.35366,0.21167,0.23604,0.41498,0.15378,0.18405,0.32913,0.2716,0.23091,0.39226,0.42848,0.58859,0.26398,0.31857,0.20707,0.67544,0.35224,0.12156,0.26855,0.039717,0.26302,0.33647,0.21596,0.26268,0.50757,0.27184,0.21549,0.45551,0.5124,0.22139,0.27131,0.17837,0.16893,0.44283,0.30181,0.1783,0.18085
0,0.0011403,0,0,0.0012729,0.00029288,0.0010556,0,0,0.00029332,0.0058568,0.00498,0.0068006,0,3.6427e-05,0,0.0055834,0.00024407,0,9.7635e-06,0,1.7066e-06,4.7522e-05,0,0,0.00033323,0.0010788,0.0016785,0,0,0.0012351,0,0.00856,4.2788e-06,0,0.0099173,0,0.014436,0.0056883,0,0.0011938,0,0.0097229,0
0,0,0.002598,0,0.00021287,0.001432,0,0,0.00072781,0,0,0.0036238,0.00010012,0,0,0,9.521e-05,0,0,0.0001076,0,0,0,0,0,0,0,0,0,0,0,0,0.014152,0,0,0,0,0,0,0,0,0,2.6038e-05,0
0,0,0,0,0,0,0,0,0,0,0,0,0,0.0095284,0,0,0,0,0,0,0,0,0,0,0,0,0,0,0,0,0,0,0,0,0,0,0,0.00047581,0.001224,0,0,0,3.9066e-05,0
0,0,0,0,0,0,0.0071472,0,0,0,0,0,0,0,0,0,0,0,0,0,0,0,0,0,0,0,0,0,0,0,0.00070993,0,0,0,0,0,0,4.1855e-05,0,0,0,0,0,0
0,0.00012993,0,0,0,0,0.0054453,0,0,0,0,0,0,0,0,0.0014193,0,0,0,0,0,0,0,0,0,0,0,0,0,0,0,0,0,0,0,0,0,0,0,0,0,0,0,0
0.00048357,0,0,0,0,0,0,0,0,0,0,0,0,0,0,0,0,0,0,0,0,0,0,0,0,0,0,0,0,0,0,0,0,0,0,0,0,0,0,0,0,0,0,0
0,0,0,0,0,0,0,0,0,0,0,0,0,0,0,0,0,0,0,0,0,0,0,0,0,0,0,0,0,0,0,0,0,0,0,0,0,0,0,0,0,0.00051619,0,0
0,0,0,0,0,0,0,0,0,0,0,0,0,0,0,0,0,0,0,0,0,0,0,0,0,0,0,0,0,0,0,0,0,0,0,0,0,0,0,0,0,0,0,0
0,0,0,0,0,0,0,0,0,0,0,0,0,0,0,0,0,0,0,0,0,0,0,0,0,0,0,0,0,0,0,0,0,0,0,0,0,0,0,0,0,0,0,0
0.14406,0.057965,0.036317,0.05423,0.13575,0.04476,0.1318,0.015179,0.18576,0.19297,0.065744,0.10797,0.095591,0.034104,0.12349,0.08831,0.074154,0.014594,0.033571,0.13223,0.024056,0.10052,0.031587,0.012794,0.0076963,0.058129,0.0087966,0.0076991,0.064342,0.052094,0.18315,0.01532,0.0039154,0.04068,0.076083,0.072154,0.012706,0.19182,0.12146,0.1275,0.0066768,0.080229,0.11239,0.099314
0,0.0006273,7.9215e-05,0,0,0.0099602,3.2846e-05,0.00016402,0,0,0.0032366,0.0007116,0.000856,0,0,0,0.0093536,0,0,2.2536e-05,0,0,0.00075622,0,0,0.00088923,0.0011769,0,0,0,0,0,0.0085124,3.8583e-06,0,0.0058107,0,0.0093752,0.00028293,0,3.6206e-06,0,0.0037128,0
0,0,0.0019838,0,0.00043045,0.0065744,0,0,0,0,0,6.3852e-05,0.00047706,0,0,0,0,0,0,0,0,0,0,0,0,0.0006002,2.1005e-05,0,0,0.00017976,0,0,0.027154,0,0.0043842,0.00043257,0.0033768,0,0,0,0,0,0,0
0,0,0,0,0,0.001743,0.0017487,0,0,0,0,0,0,0,0,0,0,0,0,0,0,0,0,0,0,0.001259,0.0011606,0,0,0,0,0,0,0,0,0,0,0,0,0,0,0,0,0
0,0,0,0,0,0,0,0,0,0,0,0,0,0,0,0,0,0,0,0,0,0,0,0,0,0,0,0,0,0,0,0,0,0,0,0,0,0,0,0,0,0,0,0
0.0019158,0,0,0,0,0,0,0,0,0,0,0,0,0,0,0,0,0,0,0,0,0,0,0,0,0,0,0,0,0.003854,0,0,0,0,0,0,0,0,0,0,0,0,0,0
0.00021413,0,0,0,0,0,0,0,0,0,0,0,0,0,0,0,0,0,0,0,0,0,0,0,0,0,0,0,0,0,0,0,0,0,0,0,0,0,0,0,0,0,0,0
0,0,0,0,0,0,0,0,0,0,0,0,0,0,0,0,0,0,0,0,0,0,0,0,0,0,0,0,0,0,0,0,0,0,0,0,0,0,0,0,0,0,0,0
0,0,0,0,0,0,0,0,0,0,0,0,0,0,0,0,0,0,0,0,0,0,0,0,0,0,0,0,0,0,0,0,0,0,0,0,0,0,0,0,0,0,0,0
0,0,0,0,0,0,0,0,0,0,0,0,0,0,0,0,0,0,0,0,0,0,0,0,0,0,0,0,0,0,0,0,0,0,0,0,0,0,0,0,0,0,0,0
0.097316,0.026636,0.052315,0.15635,0.1199,0.048338,0.11848,0.092885,0.070502,0.07126,0.06802,0.17492,0.060543,0.022587,0.088046,0.080944,0.085228,0.023799,0.03083,0.10717,0.0095314,0.072802,0.026613,0.014289,0.026971,0.061739,0.070451,0.0079529,0.079411,0.30513,0.13851,0.0024572,0.0029849,0.056493,0.069893,0.051416,0.014238,0.10458,0.13007,0.069529,0.008596,0.056416,0.072115,0.047921
0,0.0049172,0,0,0,0.0010973,0.0049987,0,0,0,0,0,0,0,0,0,0,0,0,1.0756e-05,0,0,5.207e-06,0,0,0.006696,0,0,0,0,0.0011209,0,5.7927e-05,0,0,0.0058618,0.0015418,0.01233,0,0,0.0001374,0,0.0012193,0.00036984
0,0,0,0,0.00021139,0.0038668,0,0,0,0,0,1.9067e-06,0,0.0090451,0,0,0,0,0,9.7745e-06,0,0,0,0,0,0,0,0,0,0,0,0,0.010625,0,0,7.7833e-05,0,0,0,0,0.00024945,0,0,0
0,0,0,0,0,0,0.0013952,0,0,0,0,0,0,0,0,0,0,0,0,0,0,0,0,0,0,4.5381e-05,0,0,0,0,0,0,0.00020224,0,0,0.0015542,2.3652e-06,0,0,0,0,0,0,0
0.00080349,0,0,0,0,0.0026729,0,0,0,0,0,0,0,0,0,0,0,0,0,0,0,0,0,0,0,0,0,0,0,0,0,0,0.0021429,0,0,0,0,0.0041221,0,0,0,0,0,0
0.0072346,0,0,0,0,0,0,0,0,0,0,0,0,0,0,0,0,0,0,0,0,0,0,0,0,0,0.0070413,0,0,0,0,0,0,0,0,0,0,0,0,0,0,0,0,0
0,0,0,0,0,0,0,0,0,0,0,0,0,0,0,0,0,0,0,0,0,0,0,0,0,0,0,0,0,0,0,0,0,0,0,0,0,0,0,0,0,0,0,0
0,0,0,0,0,0,0,0,0,0,0,0,0,0,0,0,0,0,0,0,0,0,0,0,0,0,0,0,0,0,0,0,0,0,0,0,0,0,0,0,0,0,0,0
0,0,0,0,0,0,0,0,0,0,0,0,0,0,0,0,0,0,0,0,0,0,0,0,0,0,0,0,0,0,0,0,0,0,0,0,0,0,0,0,0,0,0,0
0,0,0,0,0,0,0,0,0,0,0,0,0,0,0,0,0,0,0,0,0,0,0,0,0,0,0,0,0,0,0,0,0,0,0,0,0,0,0,0,0,0,0,0
0.068826,0.015421,0.036814,0.13291,0.064678,0.066048,0.10653,0.024983,0.026385,0.056262,0.039277,0.10607,0.026642,0.013751,0.054132,0.020538,0.02208,0.04591,0.018267,0.055181,0.027494,0.044332,0.0041654,0.049277,0.04579,0.090285,0.14228,0.0077413,0.089382,0.099465,0.050666,0.010439,0.044969,0.045601,0.047159,0.10326,0.050783,0.056972,0.092933,0.095929,0.0046965,0.056051,0.064455,0.094071
0,0.0012086,0,0.0011763,0,0,0.00020518,0,0,0,0,0.00082213,0,0,0,0,0,0,0,0,0,0,0,0,0,0.00011529,0.00058,1.3048e-05,0,0,0,0.00025358,0,3.1581e-06,1.0925e-05,0.00052339,0.00013988,0.00023946,0,0,4.2831e-06,0,0,0.00026625
0,0,0,0,0.00017255,0,7.9796e-05,0,0,0,0,0,0,0,0,0,0,0,0,0,0,0,0,0,0,0.00084523,0,0,0,0,0,0,0.011845,0,2.1887e-05,0.00012866,0.00057094,0,0,0,0.00051747,0.00025112,0,6.9238e-07
0,0,0,0,0,0,0,0,0,0,0,0,0,0,0,0,0,0,0,0,0,0,0,0,0,0,0,0,0,0,0,0,0,0,0.0019066,0.0011617,0,0,0,0,0,0,0,0
0,0,0,0,0,0,0,0,0,0,0,0,0,0,0,0,0,0,0,0,0,0,0,0,0,0,0,0,0,0,0,0.028547,0,0,0,0,0,0,0,0,0.00045648,0,0,0
0,0,0,0.00092419,0,0,0,0,0,0,0,0,0,0,0,0,0,0,0,0,0,0,0,0,0,0,0,0,0,0,0,0.029612,0,0,0,0,0,0,0,0,0,0,0,0
0,0,0,0,0,0,0,0,0,0,0,0,0,0,0,0,0,0,0,0,0,0,0,0,0,0,0,0,0,0,0,0,0,0,0,0,0,0,0,0,0,0,0,0
0,0,0,0,0,0,0,0,0,0,0,0,0,0,0,0,0,0,0,0,0,0,0,0,0,0,0,0,0,0,0,0,0,0,0,0,0,0,0,0,0,0,0,0
0,0,0,0,0,0,0,0,0,0,0,0,0,0,0,0,0,0,0,0,0,0,0,0,0,0,0,0,0,0,0,0,0,0,0,0,0,0,0,0,0,0,0,0
0,0,0,0,0,0,0,0,0,0,0,0,0,0,0,0,0,0,0,0,0,0,0,0,0,0,0,0,0,0,0,0,0,0,0,0,0,0,0,0,0,0,0,0
0.052895,0.0074587,0.097504,0.04777,0.057124,0.069937,0.083601,0.10553,0.0031917,0.023961,0.011678,0.054279,0.011165,0.033018,0.050868,0.012902,0.10768,0.046946,0.10473,0.010043,0.027093,0.015634,0.11068,0.055194,0.013878,0.1281,0.10283,0.38838,0.023102,0.029477,0.0026683,0.1012,0.039125,0.037667,0.02604,0.026654,0.08632,0.043622,0.025346,0.059437,0.10985,0.041079,0.021057,0.082164
0,0,0,0,0.0015683,0,0,0,0,0,0.0001342,0,0,0,0,0,1.9116e-06,0,0,0.00034901,0,0,0,0,0,0.00044899,0,0,0,0,0,0,0,0.006096,0,0,0,0,0,0,0,0,0,0
0,0,5.7713e-07,0,0,0,0,0,0,0,0.0017481,0,0,0,0.0047066,0,0,0,0,0.00099609,0,0.012157,0,0,0,0.00022004,0,0,0,0,0,0,0,0.0080306,0,0,0,0,0,0,0,0,0,0
0,0,0,0,0,0,0,0,0,0,2.4415e-06,0,0,0,0,0,0,0,0,0.00024214,0,0,0,0,0,4.0911e-06,0,0,0,0,0,0.00030942,0,0.0046176,0,0,0,0,0,0,0,0.0065567,0,0
0,0,0,0,0,0,0,0,0,0,0,0,0,0,0,0,0,0,0,0,0,0,0,0,0,0,0,0,0,0,0,0,0,0.0022853,0,0,0,0,0,0,0,0.0015569,0,0
0,0,0,0,0,0,0,0,0,0,0,0,0,0.0046504,0,0,0,0.00022372,0,0,0,0,0,0,0,0,0.040423,0,0,0,0,0,0,0,0,0,0,0,0,0,0,0,0,0
0,0,0,0,0,0,0,0,0,0,0,0,0,0.011287,0,0,0,0.00011258,0,0,0,0,0,0,0,0,0.0066383,0,0,0,0,0,0,0,0,0,0,0,0,0,0,0,0,0
0.013982,0,0,0,0,0,0,0,0,0,0,0,0,2.0831e-06,0,0,0,0,0,0,0,0,0,0,0,0,2.1343e-05,0,0,0,0,0,0,0,0,0,0,0,0,0,0,0,0,0
0.00092036,0,0,0,0,0,0,0,0,0,0,0,0,0,0,0,0,0,0,0,0,0,0,0,0,0,0,0,0,0,0,0,0,0,0,0,0,0,0,0,0,0,0,0
0,0,0,0,0,0,0,0,0,0,0,0,0,0,0,0,0,0,0,0,0,0,0,0,0,0,0,0,0,0,0,0,0,0,0,0,0,0,0,0,0,0,0,0
0,0,0,0,0,0,0,0,0,0,0,0,0,0,0,0,0,0,0,0,0,0,0,0,0,0,0,0,0,0,0,0,0,0,0,0,0,0,0,0,0,0,0,0
0,0,1.2833e-06,0,0.0027339,0,0,0,0,0,0.00033335,0.0033429,0,0,0.0011934,0,7.5878e-06,0,0,0.00042416,0,0,0,0,0,0.00049092,0,0,0,0,0,0,0,0.01051,0,0,0,0,0,0,0,1.412e-05,0,0
0,0,4.6368e-06,0,0,5.3171e-06,0,0,0,0,0.0012125,0,0,0,0.012105,0,0,0,0,0.0005839,0,0.033686,0,2.1741e-06,0,9.6245e-05,0,0,0,0,0,0,0,0.017629,0,0.00069864,0,0.00037057,0,0,0,0.0080949,0,0
0,0,0,0,0,0.00032389,0.010129,0,0,0,0.0001512,0,0,4.4079e-05,0,0,0,0.0026888,0,0.00046384,0,0,0,0.00017212,0,0,0,0,0,0,0,0.001293,0,0.004453,0.00032186,0.001253,0,3.6244e-05,0,0,0.00063651,0.032073,1.6378e-05,0
0,0,0,0,0,5.3389e-05,0,0,1.5931e-06,0,1.4725e-05,0,0,0.0065189,0,0,0,0.0048174,0,2.5163e-05,0,0,0,0,0,0,0,0,0,0,0,0.014201,0,0.00017351,0,0.0002899,0,0,0,0,0.0048445,0.0084942,0,0
4.4284e-07,0,0,0,0,0,0,0,1.8814e-05,0,0,0,0,0.028398,0,0,0,0.0032357,0,1.6408e-05,0,0,0,0,0,0,0.0026477,0,0,0,0,4.3904e-06,0,0,0,3.8078e-05,0,0,0,0,0.00027306,0,0,0
0.020149,0.00023794,0,0,0,0,0,0,0,0,0,0,0,0.012489,0,0,0,0.00095099,0,0,0,0,0,0,0,0,0.0025854,0,0,0,0,0,0,0,0,0,0,0,0,0,4.9474e-05,0,0,0
0.042828,0.0007741,0,0,0,0,0,0,0,0,0,0,0,0.0011675,0,0,0,0,0,0,0,0,0,0,0,0,0.0021925,0,0,0,0,0,0,0,0,0,0,0,0,0,1.125e-06,0,0,0
0.0005586,0.00039346,0,0,0,0,0,0,0,0,0,0,0,0,0,0,0,0,0,0,0,0,0,0,0,0,0.00069701,0,0,0,0,0,0,0,0,0,0,0,0,0,0,0,0,0
0,0.00024992,0,0,0,0,0,0,0,0,0,0,0,0,0,0,0,0,0,0,0,0,0,0,0,0,0.00015505,0,0,0,0,0,0,0,0,0,0,0,0,0,0,0,0,0
0,0,0,0,0,0,0,0,0,0,0,0,0,0,0,0,0,0,0,0,0,0,0,0,0,0,5.8387e-06,0,0,0,0,0,0,0,0,0,0,0,0,0,0,0,0,0
0,0,3.5979e-05,0,0.0049839,0,0,0,0,0,7.3469e-05,0.0094872,0,0,0.0044541,0,3.4673e-05,0,0,0.0010932,0,0,0,0,0,0.00046573,0,0,0,0,0,0,0,0.01471,0.00075579,4.7086e-05,0,0,0,0.00054605,0,3.7997e-05,0,0
0,0,7.297e-06,0,0.0033804,0,0,0,0,0,0.0028803,0.023147,0,0.00012825,0.0090273,0,0,0.0019046,0,2.7063e-05,0,0.056839,0,4.8513e-06,0,0.00018691,0,0,0,1.2545e-06,0,0,5.6274e-06,0.0074661,0.0095664,0.0011359,0,0.0013264,0,0.00048927,0,0.010353,0.00018318,0
0,0,0,0,0,0.0012326,0.061723,0,5.6208e-06,0,2.9534e-05,0,0,4.7228e-05,0,0,0,0.0069676,0,5.4185e-05,0,0.0058772,0,0.0010165,0,1.2156e-05,0,0,0,2.2343e-06,0,0.0035112,2.9241e-05,0,0.0097991,0.0021113,0,0,0,0,0.0027038,0.025535,0.0010876,0
0.013463,0.0074616,0,0,0,0.00089366,0.022971,0,0.0014189,0,1.2896e-05,0,0.0033335,1.3365e-06,0,0.019035,0,0.0047984,0,9.5475e-05,0,0.0081206,1.2699e-05,0,0,0,0.00021698,0,0,4.4333e-06,0,0.014975,0,0,9.5407e-06,0.00084335,0,0,0,0,0.0064737,0.0076958,0,0
0.0019979,0.0046776,0,0,0,5.1389e-05,0.010268,0,0.0028698,3.1156e-06,0,0,0.017663,0,0,0.087356,0,0.0041766,0,6.8685e-05,0,0,9.7913e-05,0,0,0,1.8262e-05,0,0,0,0,0.0064826,0,0,0,3.6178e-05,0,0,0,0,0.0018609,0,0,0
0.023819,0.049407,0,0,0,0,0.0022026,0,0.00033418,0,0,0,0.005981,0,0,0.0016417,0,0.0038856,0,2.2839e-05,0,0,0,0,0,0,5.3823e-06,0,0,0,0.021954,0.00082783,0,0,0,0,0,0,0,0,1.5246e-05,0,0,0
0.025328,0.041209,0,0,0,0,5.2409e-05,0,0,0,0,0,0.0027946,0,0,2.3523e-05,0,0,0,6.5064e-05,0,0,0,0,0,0,0,0,0,0,0.0060861,0.00027173,0,0,0,0,0.00025031,0,0,0,0,0,0,0
0.0020695,0.0039889,0,0,0,0,0,0,0,0,0,0,0.0001402,0,0,1.7167e-05,0,0,0,1.5365e-05,0,0,0,0,0,0,0,0,0,0,1.9695e-05,0,0,0,0,0,0.0021669,0,0,0,0,0,0,0
0,0.00021587,0,0,0,0,0,0,0,0,0,0,0,0,0,0,0,0,0,0,0,0,0,0,0,0,1.955e-05,0,0,0,0,0,0,0,0,0,0.00021817,0,0,0,0,0,0,0
0,0,0,0,0,0,0,0,0,0,0,0,0,0,0,0,0,0,0,0,0,0,0,0,0,0,4.0471e-06,0,0,0,0,0,0,0,0,0,0,0,0,0,0,0,0,0
0,0,0.00012771,0,0.0036137,0,0,0,0,0,0,0.014347,0,0,0.0048235,0,1.9611e-05,0,0,0.00092762,0,0,0,0,0,0.00035355,0,0,0,0,0,0,0,0.011015,0.0030856,2.9403e-05,0,0,0,0.0020368,0,7.3112e-05,0,0
0,0,0.00026239,0,0.026067,0,0,0,0,5.5863e-06,0.0083438,0.047456,0,0.00074007,0.028928,0,0,0.0057943,0,0,0,0.047526,0,0.00012892,0,0.00025192,0,0,0,1.8369e-05,0.01366,0.0030215,6.7054e-06,0.0016555,0.024008,0.0010873,0,0.002196,0,0.019231,0,0.00376,0.00092341,0
0.0029947,0.0074234,0.00081079,0,0.010726,0.002568,0.037895,0,1.9756e-05,1.0355e-05,0.00055802,0.0030524,0,8.413e-07,0,0.027652,1.3229e-06,0.0084235,0,6.7374e-06,0,0.064006,0,0.0081287,0,2.1482e-05,0.0039084,0,0,2.8988e-05,0.025116,0.0016575,0.0017335,0,0.025779,0.0014727,0,0,0,0.03337,0.0010559,0.034404,0.01009,0
0.031378,0.021001,0.00072045,0,0,0.0024808,0.039263,0,0.00014396,0.0007965,0,0,0.050539,0,0,0.060192,0,0.0062512,0,4.8475e-05,0,0.04809,0.016238,0.0040394,0,0,0.0018683,0,0,0.00012972,0.012775,2.6165e-06,0.0027004,0,0.011651,0.00052384,0,0,0.0001684,0,0.0051891,0.0086812,1.5825e-05,0
0.0033945,0.033291,0.00021355,0,0,6.4806e-06,0.01838,0,0.00049641,8.0117e-05,0,4.4997e-06,0.04636,0,0,0.064443,0,0.0061113,0,0.00077419,0,0.0023484,0.018481,0,0,8.2648e-06,3.8552e-05,0,0,0,0.066942,0.039058,0.00045499,0,5.7062e-05,4.7634e-06,0,0,0.010324,0,0.00063558,0,0.00019151,0
0.039141,0.055084,0,0,0,0,0.003164,0,0,0,0,3.683e-06,0.078643,0,0,0,0,0.0054812,0,0.0042058,0,0,0.012187,0,0,0,5.243e-07,0.012909,0,0,0.059777,0.032531,0.00057484,0,0,0,0,0,0.0054517,0,9.2806e-06,0,0.00012135,0
0.014988,0.00026295,0,0,0,0,0.0012044,0,0,0,0,0,0.0032584,0,0,0.0008334,0,0,0,0.0046984,0,0,0.0058139,0,0,0,0,0.014493,0,0,0.03386,3.5464e-06,0,0,0,0,0.011731,0,0.00056026,0,0,0,0,0
0.0016984,0,0,0,0.0018852,0,0.00021506,0,0,0,0,3.4284e-05,0,0,0,0.00010897,0,0,0,0.0015781,0,0,0.00037969,0,0,0,0,0.011802,0,0,0.010142,0,0,0,2.5236e-06,0,0.015827,0,1.5033e-05,0,0,0,0,0
0,0,0,0,0.034202,0,0.00031107,0,0,0,0,2.0805e-06,0,0,0,0,0,0,0,4.8246e-06,0,0.033117,0,0,0,0,0,0.017243,0,0,0.00067318,0,0,0,4.6925e-06,0,0.0047442,0,0,0,0,0,0,0
0,0,0,0,0.0039102,0,0.0003201,0,0,0,0,0,0,0,0,0,0,0,0,0,0,0.036495,0,0,0,0,0,0.0046807,0,0,0,0,0,0,0,0,0.00044175,0,0,0,0,0,0,0.00068714
0,0,0.00018887,0,0.0070449,0,0,0,0,0,0,0.016509,0,0,0.0086281,0,0.00021198,0,0,0.00091913,0,0,0,0,0,0.0011967,0,0,0,0,0,0,1.6646e-06,0.0094174,0.0021483,3.5564e-05,0,0,0,0.0042366,0,6.0631e-05,0,0
0,0,0.0019583,4.3589e-05,0.02327,0.0025086,0,0,0,0.00026153,0.019879,0.037807,0,0.00082533,0.056898,0,0.0014989,0.0050185,0,0,4.6155e-06,0.049009,0,9.9799e-05,0,0.0012506,0,0,0,7.2192e-05,0.017928,0.0059629,3.7755e-05,0.00081577,0.0030575,0.00081821,0,0.0053398,0,0.035128,0,0.0027081,0.019707,0
0.0012139,0.032251,0.0094324,0,0.031559,0.0064697,0.013042,1.0665e-05,0,0.0017796,0.0088104,0.046551,0.029382,0,0.081701,0.07426,0.011209,0.0062698,0,5.0305e-05,0.00059224,0.047804,0,0.013902,0,0.0017064,0.013762,0,0,0.0043938,0.0060486,0.0014483,2.7338e-05,0,0.054814,0.00056814,0,0,0.010003,0.10049,0.0030505,0.043439,0.010965,0
0.010488,0.010777,0.046269,0,0.036694,0.0031507,0.0095638,2.7261e-06,0,0.0030479,0,0.00058459,0.039651,0,0.0935,0.033269,0.018809,0.0062296,0,0.0059958,0.0020083,0.046063,0.032953,0.042077,0,0.0089526,0.0013967,0,0,0.0015698,0.058129,0,0.00011345,0,0.00038078,0.00043103,0,0,0.021375,0.19887,0.0022293,0.019944,0.00035116,0.1154
0.00034011,0.026247,0.020172,0,0.027693,0.024931,0.0085497,0,0,0,0,0.016985,0.0027845,0,0.052482,0.043948,0.010976,0.0075404,0.040657,0.023051,0,0.0079748,0.053328,0.072938,0,0.00077213,2.6143e-05,0,0.00058009,8.9873e-05,0.059849,0,0.0010382,0,5.7965e-05,2.6041e-05,0,0,0.017506,0.03035,3.2801e-06,0,0.0019548,0.21789
0.051471,0.014245,0.021447,0,0.01827,0.027458,0.010207,8.9929e-06,0,0,0,0.01639,0.044051,0,0.017891,0,0.0053256,0.0096704,0.18006,0.043893,0,0.0069992,0.07903,0.022087,0,0,0,0.04588,0.00010328,2.4127e-05,0.049724,0,0.00075381,0,0.0066652,0,0.0048694,0,0.0097694,0.0091744,0,0,0.0039414,0.083075
0.013403,0,0.016032,0,0.021811,0.025006,0.0014432,8.2171e-06,0,0,0,0.017859,0,0,0.0074958,0,0.011023,0,0.084999,0.032959,0,0.0041631,0.11028,0,0,0,0,0.0041509,0,0,0.1193,0,0,0,0.016967,0,0.021524,0,8.7103e-05,0.0072535,0,0,0,0.0089906
0.0013005,0,0.00865,0,0.062869,0.004056,0.00019243,0,0,6.6407e-05,0,0.0216,0,0,0.015298,0,0.0055758,0,0.037794,0.0039076,0,0.0021425,0.093878,0,0,0,0,0.018818,0,0,0.043906,0,0,0,0.02046,0,0.03497,0,0.028351,0.011094,0,0,0,8.7395e-05
0,0,0.011317,0,0.075058,0.00048013,4.7358e-05,0,0,2.397e-05,0,0.015137,0,0,0.0077986,0,0.0082604,0,0.020511,0,0,0.039238,0.045989,0.026971,0,0,0,0.060031,0,0,0.019276,0,0,0.0011175,0.0073075,0,0.0018906,0,0.01507,0.0062269,0,1.8808e-06,0,7.6967e-06
0,0,0.0035329,0,0.0096057,0,0,0,0,0.00013568,0,0.005319,0,0,0.051261,0,0.0035624,0.00048228,1.1068e-05,0,0,0.020752,0.022719,0.071459,0,0,0,0.009665,0,0,0.00013466,0,0,0,0,0,0,0,0,0.011174,0,0.01179,0,0.013208
0,0,0.00012184,0,0.0033209,0,0,0,0,0,0,0.0091068,0,0,0.0072543,0,0.00044464,0,0,0.0021901,0,0,0,0,0,0.0010615,0,0,0,0,0.006613,0,9.681e-06,0.011503,0.0033539,1.6388e-05,0,0,0,0.0049484,0,4.3197e-05,0,0
0,0,0.0039227,0.00017438,0.024131,0.003703,0,5.5032e-06,0,0.0022448,0.0023045,0.0079367,0,0.0032982,0.054441,0,0.022279,0.0097912,0,0,0.00012027,0.039377,0,7.7421e-05,0,0.0046923,0,0,0,0.00080216,0.0080407,0.0060944,0.00011498,0.0013855,0,0.00041088,0,0.0099867,0,0.031752,0,0.0020251,0.034276,0
9.3329e-05,0.054258,0.0088613,3.8231e-05,0.026497,0.010406,0.0071101,0.00027105,0,0.0040853,0.02514,0.049182,0.068662,0,0.043353,0.12118,0.056556,0.01081,0,4.3971e-05,0.014286,0.035471,0,0.0076754,0,0.023935,0.024734,0,0,0.0049529,0.03855,0.0018841,7.3306e-05,0,0,0.0019167,0,9.8385e-06,0.02664,0.0657,0.0051814,0.062188,0.0078378,0
8.7184e-05,0,0.033202,0,0.040981,0.012199,0.0073472,0.0002419,0,0.004689,0.024194,0.16226,0.018542,0,0.045217,0.082705,0.047705,0.010775,0,0.011178,0.014833,0.044578,0.065241,0.0026626,2.3725e-05,0.042185,0.0013871,0,0.00018179,0.039867,0.022768,2.0272e-06,0.00016471,0,0,0.0035636,0,0,0.026476,0.099204,0.0014152,0.028795,0.0021649,0.11564
0.0087002,0,0.068721,0,0.041293,0.0092834,0.0028588,0.0022941,0,0,0.0013714,0.093592,0,0,0.04911,0.030077,0.10252,0.014389,0.09527,0.070219,0,0.01242,0.07164,0.022335,1.3773e-05,0,9.9404e-06,0.026732,0.0080253,0.069199,0,0,0,0.00059039,0.01191,0.0021112,0.0073486,0,0.039285,0.051132,0.00016318,0.042271,0.011325,0.23928
0.045457,0,0.088162,0,0.034878,0.014522,0,0.0029188,0,0,6.9284e-07,0.032779,0,0,0.032248,0,0.17284,0.010533,0.26781,0.10978,0,0.0052842,0.072663,0.11952,0,0,0,0.06353,0,0.079508,0.011865,0,0,0.0039117,0.015816,0.0016909,0.046536,0,0.066885,0.045582,0,0.047816,0.0092331,0.093534
0.031408,0,0.25212,0,0.035046,0.0051822,0,0.004983,0,0,0,0.035717,0,0,0.026904,0,0.14928,0,0.12949,0.029318,0,0.0020618,0.12611,0.1803,0,0,0,0.066364,0,0.042522,0.072018,0,0,0.0040565,0.067327,0,0.13286,0,0.023575,0.037788,0,0.033939,0,0.019411
0.032842,0,0.098737,0,0.054483,0,0.0070502,0.0063221,0,0.019043,0,0.060095,0,0,0.032654,0,0.14222,0,0.083817,0,0,0.0015325,0.13203,0.17762,0,0,0,0.04678,0,0.013452,0.081941,0,0,0.00165,0.068725,0,0.040504,0,0.016712,0.035035,0.014442,0.0099534,0,0.0063958
0.0094656,0,0.035347,0,0.1264,0,0.001053,0.027189,0,0.032474,0,0.032927,0,0,0.011794,0,0.12161,0,0.055704,0,0,0.03774,0.023412,0.1273,0,0,0,0.027381,0,0.0095527,0.00355,0,0,0.025651,0.004903,0,0,0,0.032198,0.016711,0.0016628,4.7429e-05,0.017962,0.00034994
0.00050304,0,0.0045336,0,0.029275,0,0.001919,0.0064708,0,0.019319,0,0.017643,0,0,0.12964,0,0.02567,0.049858,0.00082201,0,0,0.033295,0.017512,0.034815,0,0,0,0.013342,0,5.2904e-06,0,0,0,0.024271,0,0,0,0,0.0025218,0.059155,0.000384,0.017701,0.021381,0.046739
0,0,0.00039151,0,0.0030227,0,0,0,0,0,0,0.011685,0,0,0.011078,0,0.00054077,0,0,0.0019193,0,0,0,0,0,0.0019189,0,0,0,0,0.0044004,0,2.8256e-05,0.02149,0.0017162,4.2581e-05,0,0,0,0.0080329,0,7.8035e-05,0,0
0,0,0.0074153,9.6476e-05,0.026344,0,0,0,0,0.0012133,0,0.030999,0,0.019415,0.047944,0,0.029354,0.006409,0,0.00082443,0,0.037438,0,0,0,0.015873,0,0,8.8564e-06,2.684e-05,0.0069269,0.0045548,0.00053845,0.0036193,0.0030818,0.00053804,0,0.0147,0,0.040128,0,0.0042386,0.029353,0
8.2028e-06,0.080399,0.045584,0.00044021,0.022426,0.0014589,0.00095855,0.00072396,0,0.0087831,0,0,0.10809,0.020146,0,0.12759,0.026469,0.013073,0,0,0,0.031238,0,0.0096507,0,0.16063,0.012103,0.069657,2.7504e-05,0,0.025668,0.0092914,0.0014239,0.063782,0,0.0035882,0,0.0030386,0.013262,0.0094142,0.010927,0.083715,0.011541,0
1.9501e-05,0,0.024138,0.0011905,0.00084262,0.022028,0.0020497,0.012341,0,0.0080395,0.012621,0.014423,6.32e-05,0.020287,0,0.21971,0,0.015246,0,0.0049167,0,0.031533,0,0,0.00069723,0.026854,0.024947,0.14963,0.026347,0,0.00099165,6.9942e-05,0.0030544,0.072157,0,0.010963,0,0.00012685,0.066181,0,0.011123,0.12251,0.0023455,0
0.014159,0,0.0016744,0,0,0.0046424,0.072034,0.046738,0,0,0.045552,0.012953,0,0,0,0,0,0.020994,0.0030548,0.046343,0,0.0038164,0,0,0.0031462,0,0.00072795,0.094975,0.015889,0.008625,0,0,0,0.063548,0.019462,0.012655,0.26192,0,0.075896,0,0.0018065,0.14297,0.037223,0
0.062613,0,0,0,0,0.004405,0.095391,0.079142,0,0,0.046443,0,0,0,0,0,0,0.013425,0,0.046902,0,0,0,0,0,0,0.00012163,0.045374,0,0.0095964,0,0,0,0.034774,0.065479,0.0077925,0.39328,0,0.056813,0,3.5866e-05,0.04545,0.0064556,0
0.092063,0,0.077151,0,0,0.10078,0.069039,0.095351,0,0.0017927,0.016265,0.0049391,0,0,0,0,0,0,0,0.0592,0,0,0,0,0,0,0,0,0,0.051152,0,0,0.017425,0.012548,0.025836,0.0012614,0.018909,0,0.026867,0,0,0,0,0
0.058512,0,0.021962,0,0.00085122,0.11126,0.038426,0.046538,0,0.081344,0,0.058282,0,0,0,0,0,0,0,0.046615,0,0,0,0,0,0,0,0,0,0.063985,0,0,0.0039666,0.0014697,0.032773,0,0,0,0.024286,0,0.080037,0,0,0
0.038768,0,0,0,0.05312,0.050146,0.0036487,0.012028,0,0.11683,0,0.0044377,0,0,0,0,0,0,0,0,0,0.025137,0,0,0,0,0,0,0,0.0068386,0,0,0,0.0002799,0,0,0,0,0.0018605,0,0.048567,0,0.0248,7.7501e-05
0.018244,0,0,0,0.044438,0,0,0,0,0.00091965,0,0,0,0,0,0,0,0.10028,0,0,0,0.051669,0,0,0,0,0,0,0,0,0,0,0,0.07365,0,0,0,0,0,0,0.0066078,0,0.093897,0.039238
0,0,0.00012064,0,0.0011837,0,0,0,0,0,0,0.0072341,0,0,0.0044218,0,0.0005642,0,0,0.00092035,0,0,0,0,0,0.0021055,0,0,0,0,0.0016352,0,0.00015749,0.028984,0.00011698,0,0,0,0,0.0093871,0,2.8611e-05,0,0
0,0,0.0040101,0,0.015243,0,0,5.0657e-06,0,0,0,0.025828,0.025853,0.0099736,0.023943,0,0.017037,0.0012277,0,0.003727,0,0.02116,0,0,0,0.033015,0,0.019956,1.101e-05,0,0.020082,0,0.00086182,0.040637,0.011924,0.00077686,0,0.026668,0.0045972,0.0081055,0,0.00051164,0.021476,0
0,0.11052,0.026478,0.0056652,0,0.00021706,0,0.00021303,0,0.024369,0,0,0.13049,0.050821,0,0,0,0.017429,0,0,0,0.00064021,0,0.021685,0,0.035839,0,0.11927,0.0011874,0.00013348,0.018082,0.030798,0.010446,0.1228,0,0.0059947,0,0.048734,0.023807,0,0.0011155,0.028113,0.008879,0
0.0012108,0,0,0.056526,0,0.012981,0.014102,1.8334e-05,0,0.064349,0,0,0,0.10656,0,0.0059601,0,0.021223,0,0,0,0.007711,0,0,0.0032153,0.015106,0.05678,0.0066163,0.048238,0,0,0.01123,0.026494,0.038393,0,0.027189,0,0.022972,0.072281,0,0.044291,0.050913,0.029895,0
0.027955,0,0,0,0,0.024013,0.12223,0,0,0.022343,0,0,0,0.072712,0,0,0,0.021254,0,0,0,0,0,0,0.012383,0.0085726,0.075753,0,0,0.041055,0,0.00048404,0,0.0045546,0,0.035564,0,0.0092843,0.098513,0,0.020628,0,0.036167,0
0.044025,0,0,0,0,0.048751,0.11148,0,0.0035418,0.0041977,0.039868,0,0,0,0,0,0,0.020802,0,0,0,0,0,0,0,0,0.004309,0,0,0.052503,0,0,0,0,0.11809,0.025412,0,0.0014276,0.032939,0,0.015005,0,0,0
0.057202,0,0,0,0,0.064434,0.047542,0.0062201,0,0.086244,0.19364,0,0,0,0,0,0,0,0,0,0,0,0,0,0,0,0,0,0,0.0097609,0,0.045126,0.038324,0,0.020555,0.023622,0,0,0.023159,0,0.073203,0,0.0041705,0
0.006177,0,0,0,0,0.095392,0,0.063981,0,0.14065,0.072242,0,0,0,0,0,0,0,0,0.11345,0,0,0,0,0,0,0,0,0,0,0,0.078409,0.051446,0,0,0,0,0,0.0030817,0,0.080138,0,0.077536,0
0,0,0,0,0,0,0,0.086839,0,0.010199,0.0064041,0,0,0,0,0,0,0.017913,0,0,0,0,0,0,0,0,0,0,0,0,0,0.026452,0.024025,0,0,0,0,0,0,0,0.044094,0,0.18688,0
0,0,0,0,0,0,0,0.0044146,0,0,0,0,0,0,0,0,0,0.11689,0,0,0,0,0,0,0,0,0,0,0,0,0,0,0.017766,0,0,0,0,0,0,0,0.024127,0,0.086121,0
0,0,2.3437e-05,0,0.0013406,0,0,0,0,0,0,0.01302,0,0,0,0,0.0013786,0,0,0.000626,0,0,0,0,0,0.0015431,0,0,0,0,0.0014217,0,2.5208e-05,0.020781,0,0,0,0,0,0.0062951,0,2.4827e-06,0,0
0,0,0.00058982,0,0.006822,0,0,8.3879e-06,0,0,0,0.0154,0.046813,0,0.01718,0,0.0068834,0,0,0.0060492,0,0.0044103,0,0,0,0.0067244,0,0.019046,6.6627e-05,0,0.025258,0,0.00040266,0.10805,0.012294,0.00040393,0,0.015898,0.0013303,0,0,1.4307e-05,0.0106,0
0,0.19334,0.040327,0.014752,0,0.00016975,0,0.0014692,2.5053e-05,0,0,0,0.12511,0.044367,0,0,0,0.013424,0,0.019651,0,0,0,0.031678,0,0.00017015,0,0.019418,0.0022685,0.00047498,0.0098714,0.0021719,0.0049515,0.054597,0.034792,0.018983,0,0.089853,0.020038,0,0,0.01479,0.0010039,0
0.0015455,0.023838,0,0.16936,0,0.0024542,0.011468,0.00052003,0.0012398,0.037869,0,0,0,0.073992,0,0,0,0.018474,0,0.032753,0,0,0,0,0.0005231,0,0,0,0.0059701,0.0055776,0,0.046654,0.030211,0.00084754,0.017817,0.0534,0,0.023396,0.012996,0,0,0.033959,0.0098556,0
0.019237,0,0,0.020774,0,0.009695,0.11276,0,0.0025139,0.085626,0,0,0,0.16878,0,0,0,0.0226,0,0.02276,0.025477,0,0,0,0.00086172,0.12181,0.16372,0,0,0.020129,0,0.047656,0.012229,0,0.11909,0.017843,0,0.04384,0.044116,0,0.052665,0,0.032821,0
0.043431,0,0,0,0,0.080849,0.020393,0,0.0051059,0.088762,0,0,0,0,0,0,0,0.0080209,0,0.033108,0.10619,0,0,0,0,0.031769,0.1869,0,0,0.0064737,0,0.044352,0.0028133,0,0.054995,0.020891,0,0.036815,0.019206,0,0.11705,0,0.046713,0
0.032736,0,0,0,0,0.13661,0,0,0.046422,0.11043,0.014564,0,0,0,0,0,0,0.0041516,0,0.086836,0,0,0,0,0,0,0,0,0,0.10705,0,0.1075,0.003977,0,0.002376,0.1432,0,0,0,0,0.05928,0,0.04918,0
0,0,0,0,0,0.072733,0,0,0.11273,0.017968,0.08725,0,0,0,0,0,0,0.049751,0,0.07626,0,0,0,0,0.0061179,0,0,0,0.024624,0.040416,0,0.070185,0.15121,0,0,0,0,0,0,0,0.084547,0,0.026011,0
0,0,0,0,0,0,0,0.15607,0.11749,0,0.019563,0,0,0,0,0,0,0.11103,0,0,0,0,0,0,0.10482,0,0,0,0.020936,0,0,0.057537,0.078798,0,0,0.017989,0,0.042635,0,0,0.016417,0,0.0098008,0
0,0,0,0,0,0,0,0.041761,0,0,0.054621,0,0,0,0,0,0,0.032412,0,0,0,0,0,0,0.033158,0,0,0,0.00010405,0,0,0.00043112,0.14787,0,0,0,0,0.071017,0,0,0,0,0,0
0,0,0,0,0,0,0,0,0,0,0,0.003939,0,0,0,0,0.00012426,0,0,0.00017276,0,0,0,0,0,0.0014683,0,0,0,0,0,0,0,0.021234,0,0,0,0,0,0.0019573,0,0,0,0
0,0,0.0024516,0,0.0011207,0,0,0,0,0,0,0,0.058096,0,0.0046285,0,0,0,0,0.0015396,0,0.0010792,0,0,0,0.00062928,0,0.012252,5.5234e-06,0,0.013713,0,2.9826e-05,0.016599,0,0,0,0,0.0054035,0,0,0,0.0035416,0
0,0.15248,0.012767,0,0,0,0,0.0010152,0.00012657,0,0,0,0.093706,0,0,0,0,0,0,0.0021799,0,0,0,0.0016537,0,0.013276,0,0,1.6671e-05,0,0.001307,0,0.00068823,0.022193,0.012844,0,0,0.031996,0.019537,0,0,0.00042393,0,0
0.0048171,0.075972,0,0.07532,0,0,0,0.0049576,0.0016805,0,0,0,0,0.072704,0,0,0,0.011247,0,0.012163,0.0031796,0,0,0,0,0.045049,0,0,3.7683e-05,0,0,0,0.0047881,0,0.047886,0.027959,0,0.025946,0.00085565,0,0,0.0022216,0,0
0.019897,0,0,0.0062577,0,0,0,0.027087,0.0098751,0,0,0,0,0.27064,0,0,0,0.025241,0,0.01837,0.069039,0,0,0,0.00037648,0.14151,0.11257,0,0.00057082,0.0070165,0,0,0.036626,0,0.023466,0.010197,0,0.001668,0,0,0.069288,0,0,0
0.011893,0,0,0.0093209,0,0,0,0.033682,0.01122,0,0,0,0,0,0,0,0,0.051188,0,0.011633,0.24698,0,0,0,0.010575,0.24782,0.25931,0,0.0048966,0.030063,0,0.062063,0.05268,0,0.0064729,0.046325,0,0.0050534,0,0,0.0034966,0,0,0
0,0,0,0.027933,0,0,0,0.056103,0.029515,0,0,0,0,0,0,0,0,0.040353,0,0.00078498,0.51729,0,0,0,0.055176,0,0,0,0.018574,0.068869,0,0.079975,0.068041,0,0,0.090875,0,0.01828,0,0,0.040715,0,0,0
0,0,0,0.047396,0,0,0,0.087517,0.057573,0,0.16668,0,0,0,0,0,0,0.018749,0,0,0,0,0,0,0.11331,0,0,0,0.067729,0.20405,0,0.032396,0.05434,0,0,0.038361,0,0.048739,0,0,0.042553,0,0,0
0,0,0,0.11436,0,0,0,0.084534,0.3105,0,0.12709,0,0,0,0,0,0,0,0,0,0,0,0,0,0.13082,0,0,0,0.25652,0,0,0.040808,0.065106,0,0,0.13616,0,0.073392,0,0,0,0,0,0
0,0,0,0.45035,0,0,0,0,0.28513,0,0,0,0,0,0,0,0,0,0,0,0,0,0,0,0.52478,0,0,0,0.49708,0,0,0.068317,0.081414,0,0,0.20086,0,0.32525,0,0,0,0,0,0
0,0.0001121,0,0,0,1.4017e-05,0,0,0,0,0,0,0.00031407,0,0.0081171,0,0,0.00088932,0.00015553,0,0,0,0.00057585,0,0,0,0,0,0,0,0,0,0,0,0,0,0,0,0,0,0,0,0,0.00018621
0,0.00032135,0,0,0,3.1676e-05,0,0,0,0,0.0046966,0,1.4001e-06,0.00081714,0,0,0,0.0044931,0.00013093,0,0,0.00046696,0.0018384,0,0,0,0,0,0,0,0,0,0,0,0,0,0,0,0.0012723,0.0021412,0,0,0,8.2742e-05
0,0.00058384,0,0,0,0,0,0,0,0,0.042836,0,0,0.0053152,0,0,0,0.0045534,0,0,0,0,0.0017223,0,0,0,0,0,0,0,1.2408e-05,0,0,0,0,0,0,0,0.0034716,0,0,0,0,9.7523e-06
3.9705e-05,0.00016358,0,0,0,0,0,0,0,0,0.0027218,0,0,0,0,0,0,0.0035033,0,0,0,0,0,0,0,0,0,0,0,0,0,0,0,0,0,0,0,0,0,0,0,0,0,0
0.03549,3.5588e-05,0,0,0,0,0,0,0,0,0,0,0,0,0,0,0,0.0014355,0,0,0,0,0,0,0,0,0,0,0,0,0,0,0,0,0,0,0,0,0,0,0,0,0,0
0.0067157,7.7673e-06,0,0,0,0,0,0,0,0,0,0,0,0,0,0,0,4.8582e-05,0,0,0,0,0,0,0,0,0,0,0,0,0,0,0,0,0,0,0,0,0,0,0.002049,0,0,0
0,0,0,0,0,0,0,0,0,0,0,0,0,0,0,0,0,0,0,0,0,0,0,0,0,0,0,0,0,0,0,0,0,0,0,0,0,0,0,0,0,0,0,0
0,0,0,0,0,0,0,0,0,0,0,0,0,0,0,0,0,0,0,0,0,0,0,0,0,0,0,0,0,0,0,0,0,0,0,0,0.29205,0,0,0,0,0,0,0
0,0,0,0,0,0,0,0,0,0,0,0,0,0,0,0,0,0,0,0,0,0,0,0,0,0,0,0,0,0,0,0,0,0,0,0,0.56954,0,0,0,0,0,0,0
0,0,0,0,0,0,0,0,0,0,0,0,0,0,0,0,0,0,0,0,0,0,0,0,0,0,0,0,0,0,0,0,0,0,0,0,0.044697,0,0,0,0,0,0,0
0,4.0991e-05,1.0482e-06,0,0.00073755,4.2634e-05,0,0,0,0,0,4.3233e-06,0.0018085,0.00086193,0.0065703,0,1.9116e-06,0.0034486,0.00027497,0,0,0,0.00089426,0,0,0,0,0,0,0,0,0,0,0,0,0,0,0,0,0,0,0,0,0.0011833
0.002906,0.0011495,0,0,0,0.00016248,0.0231,0,0,0,0.013385,7.0081e-06,0.0015164,0.011836,0.0065565,0,0,0.0032723,0.00032555,0,0,0.0012199,0.0021481,1.1623e-05,0,0,0,0,0,0,0,6.1015e-06,0,0,0,0,0,0,0.0051226,0.020909,0,0,0,0.00031079
0.0048182,0.0017012,0,0,0,8.2115e-06,0.013774,0,0,0,0.012863,0,0.0012101,0.0080227,0,0,0,0.004857,0,0,0,0,0.0026466,0,0,0,0.0021946,0,0,0,0.00083068,4.3904e-06,0,0,0,0,0,0.00050067,0.0063991,0,0,0,0,1.251e-05
8.9453e-05,0.00049996,0,0,0,0,0.0013612,0,0,0,0.0054464,0,0.00019134,0.0010958,0,0,0,0.0036071,0,0,0,0,0.00030447,0,0,0,0.03998,0,0,0,5.271e-07,0,0,0,0,0.00020802,0,3.2656e-05,0.00010207,0,0,0,0,0
0.031134,0.00037915,0,0,0,0,4.3679e-05,0,0,0,0.0013194,0,0,0,0,0,0,0.002245,0,0,0,0,0,0,0,0,0.0029297,0,0,0,0,0,0,0,0,0.00010035,0,0,0,0,0.0069868,0,0,0.00028341
0.0069502,0.00010564,0,0,0,0,0,0,0,0,8.4325e-05,0,0,0,0,0,0,0.00047461,0,0,0,0.0014914,0,0,0,0,1.7487e-05,0,0,0,0,0,0,0,0,4.3282e-06,0,0,0,0,0.011415,0,0,1.7897e-05
0,0,0,0,0,0,0,0,0,0,5.7541e-06,0,0,0,0,0,0,0,0,0,0,0.014038,0,0,0,0,0,0,0,0,0,0,0,0,0,0,0,0,0,0,0.00038149,0,0,0
0,0,0,0,0,0,0,0,0,0,0,0,0,0,0,0,0,0,0,0,0,0.004223,0,0,0,0,0,0,0,0,0,0,0,0,0,0,0,0,0,0,4.0892e-05,0,0,0
0,0,0,0,0,0,0,0,0,0,0,0,0,0,0,0,0,0,0,0,0,0,0,0,0,0,0,0,0,0,0,0,0,0,0,0,0.045117,0,0,0,5.0712e-07,0,0,0
0,0,0,0,0,0,0,0,0,0,0,0,0,0,0,0,0,0,0,0,0,0,0,0,0,0,0,0,0,0,0,0,0,0,0,0,0.048593,0,0,0,0,0,0,0
0,0.00050509,1.5803e-06,0,0.00090658,4.4318e-05,0,0,0,0,0,8.664e-06,0.0044539,0.0026539,0.01023,0,0,0.0016662,0.0003283,0,0,0,0.0007711,0,0,0,0,0,0,0,0,0.00029596,0,0,0,0,0,0,0,0,0,0,0,0.0010414
0.012,0.0019735,0,0,0.00014315,0.00025819,0.030978,0,0,0,0.0092465,4.8725e-05,0.0016625,0.0073087,0.029921,0,0,0.004186,0.00067302,1.6397e-05,0,0.0022725,0.0020731,0.0014788,0,0,3.932e-05,0,0,0,0,0.00043698,0,0,0,8.5697e-05,0,0.00093735,0.015287,0.048675,0,0,0,0.0010609
0.0070504,0.011853,0,2.4056e-06,0,0.00016188,0.01463,0,0,1.5941e-05,0.0056943,5.8306e-05,0.0017015,0.0072644,0,0,0,0.0062438,0.00099586,0,0,0.0014535,0.0060122,0.0012467,0,0,2.4624e-05,0,0,0,0.010517,0.0020725,0,0,0,0.003356,0,0.0015176,0.0041557,0,0.0013405,0,0.00011467,4.0126e-06
0.00033067,0.0020276,0,0,0.0067804,0.000458,0.0050353,0,0,0,0,0,0.00030317,0.00382,0,0,0,0.0047192,0,0,0,0,0.0072329,0.00041132,0,0,0.0018138,0,0,0,0,0,0,0,0,0.0028875,0,0,0.0001151,0,0.0068808,0.022381,0,0
0.033345,0.0010794,0,0,0.024946,0.00018755,0.00098289,0,0,9.4775e-05,5.1127e-05,0,0,0.00019886,0,0,0,0.0057973,0,0,0,0,0.0015674,6.0426e-07,0,0,0.0044625,0.00077841,0,0,0,0,0,0,0,0.00046091,0,0,0,0,0.004233,0.039932,0,0.0014141
0.011129,1.9342e-05,0,0,0.00010656,1.2397e-05,0,0,0,6.3813e-07,7.0558e-05,0,0,0,0,0,0,0.002358,0,0,0,0.0061439,0,0,0,0,0.0017856,0.0020878,0,0,0,0,0,0,0,0,0,0,0,0,0.00090998,0.0025339,0,0.00026988
0.00032193,0,0,0,0,0,0,0,0,0,8.5611e-06,0,0,0,0,0,0,0,0,0,0,0.020627,0,0,0,0,0.0014785,0,0,0,0,0,0,0,0,0,0,0,0,0,2.4596e-05,0,0,0
0,0,0,0,0,0,0,0,0,0,0,0,0,0,0,0,0,0,0,0,0,0.0073083,0,0,0,0,0.00056382,0,0,0,0,0,0,0,0,0,0,0,0,0,0,0,0,0
0,0,0,0,0,0,0,0,0,0,0,0,0,0,0,0,0,0,0,0,0,0,0,0,0,0,0.00014493,0,0,0,0,0,0,0.0014785,0,0,0,0,0,0,0,0,0,0
0,0,0,0,0,0,0,0,0,0,0,0,0,0,0,0,0,0,0,0,0,0,0,0,0,0,1.0923e-05,0,0,0,0,0,0,0.0032091,0,0,0,0,0,0,0,0,0,0
0,0.0010278,8.3939e-06,0,0.0027212,4.3587e-05,0,0,0,0,0,0,0.00734,0.0019029,0.0080525,0,5.0019e-06,0.00099549,0.00010064,7.6894e-06,0,0,0.0014164,0,0,0,0,0,0,0,0,0.00077347,0,0,0,0,0,0,0.0061421,0,0,0,0,0.00027664
0.014547,0.0039322,0,0,0.0061862,0.00057365,0.022114,0,0,0.00045803,0.01015,0.00038831,0.0022143,0.0046268,0.062193,0,0,0.0046868,0.0011922,1.5847e-05,0,0.0038704,0.00471,0.0026149,0,0,0.00021767,0,0,0,0,0.00057792,0,0,0,0.0011342,0,0.0059008,0.023451,0.054745,0,0,0,0.0054885
0.0092788,0.013785,0,9.791e-05,0.001131,0.00016669,0.031992,0,2.7171e-05,0.00080803,0.0096648,0.00086631,0.0013438,0.0023682,0.017634,0,0,0.0062516,0.0060469,0,0,0.010516,0.0065041,0.015891,0,0,1.8465e-05,0,0,0,0.022105,0.016951,0.00031198,0,0,0.0016445,0,0.00046241,0.0090029,0.057866,0.014282,0.00048635,0.0045006,0.0038327
0.00039529,0.013178,0,0,0.0090797,0.002056,0.013283,0,0,0.0034185,0,0,0.0001603,0,0,0,0,0.0063958,0.0060597,1.5349e-05,0,0.01125,0.013037,0.0025386,0,0,3.6061e-06,0,0,0,0.0024982,0.015467,4.5905e-06,0,0,0.00060232,0,0,3.3675e-06,0.013427,0.0044189,0.030234,4.1118e-05,0.00018108
0.034831,0,0,0,0.016599,0.00421,0.003849,0,0,8.5595e-05,0,0,0,0,0.0069962,0,0,0.0079625,0.0048722,1.5365e-05,0,0.0072567,0.018402,7.811e-05,0,0,0,0.020875,0,0,0.00022122,0.0040324,0,3.0246e-05,0,2.2961e-05,0,0,0,0,5.9908e-05,0.04205,0.00011914,0.0046382
0.01259,0,0,0,0.00052734,1.3344e-05,0.00067854,0,0,0,0,0,0,0,0.0059063,0,0,0.00081402,0.00050782,0,0,0.0084227,0.018311,0,0,0,0,0.037559,0,0,0,0.00084208,0,0.0013335,0,0,0,0,0,0,0,0,9.5998e-06,0.00013142
6.3419e-05,0,0,0,0,0,3.3639e-05,0,0,0,0,0,0,0,0,0,0,0,0,0,0,0.024956,0.012263,0,0,0,0,0.016959,0,0,0,0,0,0,0,0,0,0,0,0,0,0,0,0
0,0,0,0,0,0,9.1963e-07,0,0,0,0,0,0,0,0,0,0,0,0,0,0,0.0070301,0.0037032,0,0,0,0,0.0019488,0,0,0,0,0,0.052614,0,0,0,0,0,0.00045432,0,0,0,0
0,0,0,0,0,0,1.5464e-05,0,0,0,0,0,0,0,0.0012616,0,0,0,0,0,0,0,0.00023336,0,0,0,0,0.014482,0,0,0,0,0,0.014173,0,0,0,0,0,5.8801e-07,0,0,0,0
0,0,0,0,0,0,0.00010813,0,0,0,0,0,0,0,0.0073913,0,0,0,0,0,0,0,2.2779e-06,0,0,0,0,0.00017319,0,0,0,0,0,0.0010757,0,0,0,0,0,0,0,0,0,0
0,0.0006602,7.8915e-05,0,0.0042597,0.00016173,0,0,0,0,0,0,0.0071165,0.00075349,0.011157,0,7.5878e-06,0.0030256,0.00028618,2.0766e-05,0,0,0.0013589,0,0,0,0,0,0,0,0,0.00090037,0,1.2531e-05,0,0,0,0,0.010102,0,0,0,0,0.0020814
0.0067984,0.011943,0.00013035,0,0.012598,0.0011875,0.015308,0,1.6566e-05,0.002292,0.0082675,0.0018436,0.0039953,0.0031207,0.054236,0,6.059e-06,0.0074756,0.0017937,3.278e-05,0,0.0051011,0.005023,0.0016992,0,0,0.00033938,0,0,0,0.0022497,0.00069173,0.00019082,6.7752e-05,0.00032251,0.00076339,0,0.010895,0.027611,0.052525,0,0,0.00033755,0.0080864
0.0063201,0.025022,0.0013908,0.00032467,0.017635,0.0017194,0.01545,8.9408e-06,0.0013713,0.0040853,0.01599,0.0096878,0.002119,0,0.038446,0,0.00038865,0.0086373,0.0077819,9.1699e-05,0,0.0098346,0.013009,0.019772,0,0,6.9389e-05,0,0,0,0.03559,0,0.0020836,0.0034887,0.0013352,0.0011009,0,0.00012637,0.010911,0.057942,0.03025,0.00040531,0.017297,0.021642
0.0029924,0.0026559,0.012939,0,0.039604,0.017655,0.014402,2.7261e-06,0.00019633,0.0044665,0.00035267,0.014325,0.00083061,0,0.03885,0,0.0049986,0.0088438,0.016195,0.0012696,0,0.022407,0.027329,0.071162,0,0,0,0.00019865,0,0,0.01535,0,0.0015243,0.020233,0.0018547,0.00084097,0,0,0,0.054671,0.0055214,0.027794,0.00039679,0.032892
0.045712,0,0.0076843,0,0.069448,0.0059797,0.016558,0,0,0,0,0.13102,0,0,0.055854,0,0.00014151,0.011895,0.029697,0.0017401,0,0.044116,0.048563,0.030686,0,0,0,0.0071451,1.883e-05,0,0.0022917,0.045938,0.0014912,5.6524e-05,0.0034862,0.00014073,0,0,0,0.018686,0.00010202,0.059937,0.0045563,0.063791
0.013546,0,0.0014031,0,0.042079,0.029572,0.013851,6.0392e-06,0,0,0,0.016628,0,0,0.034077,0,0.0017836,0,0.048492,0,0,0.081202,0.070163,0,0,0,0,0.02679,0,3.4888e-06,0.00040986,0.02448,0.0017484,0.012124,0.002882,9.3141e-06,0,0,0,0.012184,0,0,0,0.068123
0,0,0.0098051,0,0.029325,0.049222,0.0032011,0,0,0,0,0.0062479,0,0,0.010006,0,0.0043372,0,0.033337,0,0,0.076597,0.082433,0,0,0,0,0.011939,0,3.1649e-05,0,0,0,0.14968,0.0010378,0,0,0,0,0.0045588,0.032954,0,0,0.086992
0,0,0.00057167,0,0.022321,0.017523,0.00053124,0,0,0.0014961,0,0.01661,0,0,0.0050041,0,0.0014988,0,0.077269,0,0,0.049341,0.056454,0,0,0,0,0.053853,0,5.2588e-05,0,0,0,0.046224,0,0,0,0,0.0052323,0.011186,0.0019983,0,0,0.078876
0,0,0.0022261,0,0.050432,0.0023243,0.00029155,0,0,0.00062207,0,0.01231,0,0,0.0090631,0,3.9305e-05,0,0.10835,0,0,0.093855,0.062654,0.023093,0,0,0,0.013513,0,0,0.0024792,0,0,0.0063824,0,0,0,0,0.066679,0.045577,4.8518e-05,0.0023623,0,0.069935
0,0,0.0010859,0,0.062379,0,0.00013871,0,0,0.001441,0,0.010427,0,0,0.033545,0,0.00035197,0.0055232,0.031704,0,0,0.040256,0.067515,0.059888,0,0,0,0,0,0,0.0062301,0,0,0,0,0,0,0,0.0039634,0.014084,0,0.009712,0,0.20631
0,0.0001922,5.3972e-05,0,0.0039067,0.00013499,0,0,0,0,0,0,0.0027579,0.0011047,0.0069008,0,0.00021158,0.0031594,0.00025453,2.0577e-05,0,0,0.0049492,0,0,0,0.00021351,0,0,0,0,0.00068222,0,0.0016575,0,0,0,0,0.014108,0,0,0,0,0.0017155
0.00088571,0.0020176,0.0015101,0,0.014221,0.0017159,0.0068802,5.5032e-06,0.00040015,0.0040936,0.0019577,0.018131,0.0082315,0.00054895,0.040385,0,0.0028744,0.0074186,0.0011098,0.00010964,0,0.005634,0.016063,0,0,0,0.001678,0,0,0,0.003477,0.00097744,7.8177e-06,0.013692,0.0026874,0.00073764,0,0.01457,0.028031,0.033932,0,0,0.012591,0.012027
0.0002079,0.0025542,0.0061543,0.00088076,0.029505,0.00071037,0.0046127,0.00026164,0.0023182,0.0072207,0.022521,0.038537,0.019202,0,0.047508,0,0.054162,0.011475,0.0092205,0.00080829,0,0.010521,0.033713,0.0020154,0,0,9.9137e-05,0,0,0,0.055879,4.075e-06,6.9624e-05,0.026496,0.0099709,0.002985,0,0.0008889,0.019927,0.056686,0.03353,0.00044999,0.040687,0.015817
0.0038595,0.0023557,0.042656,0.00023845,0.04498,0.0020019,0.0011937,0.00018239,0.00091899,0.0030811,0.034812,0.11117,0.0066803,0,0.05728,6.8875e-05,0.042895,0.016111,0.02896,0.0079503,0,0.021511,0.039931,0.027857,0.00025184,0,0,0.028907,2.6797e-06,0,0.049585,0,6.4064e-05,0.082828,0.01478,0.0053842,0,0,0.00079532,0.063579,0.0045568,0.033756,0.0010438,0.01514
0.038475,0,0.043368,0,0.060127,0.030298,0,0.00091006,0,0,0,0.0128,0,0,0.079616,0,0.10271,0.013752,0.06018,0.021156,0,0.03562,0.039775,0.07029,7.2687e-05,0,0,0.083325,0.0026921,0,0.026265,0,6.796e-05,0.13882,0.045912,0.0032295,0,0,0.076288,0.060742,0.00015749,0.11313,0.011185,0.036062
0.01935,0,0.048807,0,0.03258,0.0025656,0,0.0028234,0,0,0,0.14227,0,0,0.065761,0.0033017,0.17924,0,0.082664,0,0,0.034158,0.041074,0.15049,0,0,0,0.13685,0,0.00037379,0.0014902,0,0,0.12305,0.084016,0.0022886,0,0,0.10943,0.046261,0.010368,0.018699,0,0.022007
0,0,0.14874,0,0.036514,0.053983,0,0.0026247,0,0.0029214,0,0.14,0,0,0.020937,0.02887,0.1511,0,0.059554,0.003618,0,0.055472,0.031018,0.17405,0,0,0,0.10438,0,0.0057151,0,0,0,0.059615,0.023303,0,0,0,0.066714,0.024551,0.10533,0.022646,0,0.020521
0.024998,0.0063291,0.12493,0,0.032713,0.040418,0.0039746,0.0034106,0,0.034308,0,0.048459,0,0,0.0063533,0,0.14298,0,0.096008,0,0,0.035536,0.025,0.13823,0,0,0,0.080146,0,0.0046999,0,0,0,0.017804,0,0,0,0,0.020858,0.041184,0.01015,0.00075199,0,0.02014
0.017196,0.0084484,0.061439,0,0.053025,0.022648,0.0012788,0.019704,0,0.067194,0,0.05137,0,0,0.017362,0,0.14392,0,0.14161,0,0,0.051371,0.1336,0.11189,0,0,0,0.043723,0,0,0.11314,0,0,0,0.0010498,0,0,0,0.016307,0.051895,0.00084454,0.0020178,0.011681,0.022321
0.00050304,0,0.015535,0,0.098645,0,0.0020807,0.0084074,0,0.010402,0,0.037818,0.050622,0,0.063015,0,0.033942,0.070175,0.035359,0,0,0.045931,0.077872,0.031736,0,0,0,0.031052,0,0,0.011479,0,0,0,0.00049094,0,0,0,0.0040965,0.011829,0,0.015416,0.023736,0.10026
0,0.00047782,9.3707e-05,0,0.0050673,0.00027676,0,0,0,0,0,0,0.0032638,0.00046168,0.012832,0,0.00034515,0.001078,0.00046908,1.9327e-05,0,0,0.0076911,0,0,2.0914e-06,0.00056556,0,0,0,0,0.0018078,0,0.0046488,0,0,0,0,0.009171,0,0,0,0,0.0028142
0.00010823,0.0043041,0.0026006,0,0.016699,0.0023951,0.006846,0,2.6746e-05,0.0020107,0,0.061428,0.011943,0.00017543,0.030188,0,0.0061771,0.0074109,0.0027244,8.9522e-05,0,0.0069843,0.0023757,0,0,1.9997e-06,0.0042994,0.0022995,0,0,0,0.002214,2.2849e-05,0.021375,0.0008227,7.3557e-05,0,0.040627,0.027956,0.048185,0,0,0.040232,0.00050548
5.0104e-06,0.0091088,0.01678,0.00935,0.0038347,0.0025448,0.0050617,0.00075255,1.8357e-05,0.020225,0.027471,0.01595,0.034514,0,0.0085459,0,0.07413,0.013431,0.017766,0.0029387,0,0.010661,0,0,0,5.0581e-06,0.00065487,0.078906,0,0.0023229,0.053075,8.0157e-06,0.00064809,0.03276,0.0027602,0.007984,0,0.0086134,0.055225,0.031493,0.02732,0.030082,0.0071734,2.7641e-05
0.0060012,0.022191,0.05271,0.017538,0.013768,0.0052804,0.0045647,0.0091812,1.5288e-05,0.0099676,0.081418,0,0.0088441,0,0,0.00091561,0.015598,0.019531,0.029905,0.036504,0,0.010082,0,0.015854,0.0056429,0,3.3015e-06,0.075461,0.0016267,9.4433e-06,0.061897,0,0.0017684,0.022197,0.02037,0.012046,0,9.9284e-06,0.018312,0.0057677,0.039858,0.16436,0.013488,0.0015216
0.037612,0,0.039376,0,0.038729,0.0205,0.020719,0.049736,0,0,0.022072,0,0,0,0.0023957,0,0,0.014429,0.023455,0.059245,2.0555e-05,0.0041372,0,0.0034497,0.00033409,0.00029466,0,0.03992,0.023093,0.00067579,0.05837,0,0.002862,0.0074634,0.063148,0.01746,0,0,0.064021,0,0.077121,0.1895,0.033829,0.018676
0.047705,0,0.030761,0,0.011279,0.031515,0.10442,0.080308,0,0,0,0,0,0,0.012144,0.0031231,0,0,0.0026748,0,0,0.0066852,0,0,0,0.0080422,0,0,0,0,0.034009,0,0,0.012777,0.047497,0.01098,0,0,0.12018,0,0.063219,0.012203,0,0
0.070139,0,0.065142,0,0,0.11932,0.06476,0.072807,0,0.053601,0.033853,0,0,0,8.0889e-05,0.069255,0,0,0,0.017129,0,0.027452,0,0,0,0,0,0,0,0.00060846,0.036307,0,0.010344,0.03854,0,0.00048909,0,0,0,0,0.0345,0,0,0
0.085667,0.0012646,0.15106,0,0,0.16409,0.043623,0.085511,0,0.11966,0.00075574,0,0,0,0,0.062905,0,0,0,0.046417,0,0.010457,0,0,0,0,0,0,0,0.061108,0.013494,0,0.011048,0,0,0,0,0,0,0.014233,0.011655,0,0,0
0.049308,0.046212,0,0,0,0.027702,0.006256,0.018469,0,0.039389,0,0,0,0,0.0086143,0.071573,0,0.039983,0,0.062241,0,0,0,0,0,0,0,0,0,0.04279,0.15096,0,0,0,0.13092,0,0,0,0,0.0012799,0,0,0.014005,0
0.02374,0.0018559,0,0,0,0,0.0002647,0,0,0,0,0,0.14602,0,0.040845,0.037824,0,0.082988,0,0.062702,0,0.00052992,0,0,0,0,0,0,0,0,0,0,0,0,0.04459,0,0,0,0,0,0,0,0.11982,0
0,0.00041473,0.00025474,0,0.0069813,0.00014402,0,0,0,0,0,0,0.0045506,0.00021159,0.0054489,0,0.0005427,0.002115,0.00019128,0,0,0,0.0034985,0,0,0,0,0,0,0,0,0.0012995,0,0,0,0,0,0,0.0067115,0,0,1.2646e-05,0,0.0011329
4.1061e-05,0.0042339,0.0049432,0,0.0019636,0.0028159,0.00015735,3.3006e-06,0,0,0,0.022979,0.0098134,5.1462e-05,0.0095648,0,0.0059867,0.011948,0.0047667,2.2365e-05,0,0.0035727,0,0,0,1.9776e-05,0.0083402,0.017639,4.7834e-06,0.016926,0,0.0081702,0.00026234,0.027523,0.00013429,0,0,0.032017,0.011245,0.02725,0,0.0036896,0.02437,0.0017103
0,0.019318,0.018584,0.05384,0,0.0067798,0.0023104,0.00024743,0,0.048875,0.003216,0.020919,0.0313,0,0,6.4198e-07,0.01766,0.015125,0.0079438,0.0031024,0,0.001446,0,0,0,0.00010277,0.0062895,0.042498,0.00014129,0.034268,0.034151,0.00073968,0.0013306,0.01318,7.7785e-05,0.017544,0,0.071164,0.034358,0,0.094875,0.057616,0.0020289,1.9174e-06
0.005403,0.035926,0.035386,0.081127,0.0041307,0.0026576,0.0055649,0.001569,0,0.11922,0.072546,0,0.0047018,0,0,0.00010118,0,0.024514,0,0.032123,4.9451e-06,0,0,0.037772,0.013647,0.00039133,0.00046049,0,0.061427,0.0108,0.041897,2.7311e-05,0.014647,0,0.0041196,0.054029,0,0.018022,0.011382,0,0.042357,0.016833,0.040429,0.0041219
0.024989,0.010919,0,0,0.048838,0.028647,0.077642,0,0,0.06665,0.077399,0,0,0,0,0.006598,0,0.010535,0,0.10262,0.029238,0,0,0.0057878,0,0.0042588,1.668e-05,0,0.0032617,0.027028,0.055607,0,0.032187,0,0.038466,0.032484,0,0.0034288,0,0,0.047107,0.059063,0.060243,0.025691
0.070639,0,0,0,0.014841,0.018816,0.14618,0,0,0.058388,0.0021627,0,0,0,0,0.013167,0,0,0,0.036912,0,0.0027913,0,0,0,0.082748,0,0,0,0,0,0,0,0.001316,0.10383,0.020331,0,0,0,0,0.05188,0,0.027124,0
0.030737,0,0,0,0,0,0.073971,0,0,0.15587,0.05651,0,0,0,0,0,0,0,0,0.037843,0,0.028466,0,0,0,0,0.033332,0,0,0,0,0,0.011603,0.022929,0.069022,0.019754,0,0,0,0,0.011731,0,0.034913,0
0.0055883,0,0,0,0,0,0,0.013524,0,0.043849,0,0,0.024792,0.013544,0,0,0,0.040839,0,0,0,0.016775,0,0,0,0,0.016416,0,0,0.02665,0,0.070743,0.090199,0,0.12071,0,0,0,0,0,0,0,0.080284,0
0,0.026316,0,0,0,0,0,0.093359,0,0,0,0,0.16212,0.0019191,0,0,0,0.11747,0,0.040243,0,0,0,0,0,0,0,0,0,0.11292,0,0.065503,0.047423,0,0.11186,0,0,0,0,0,0,0,0.20041,0
0,0.1878,0,0,0,0,0,0.058096,0,0,0,0,0.073915,0,0,0.2468,0,0.023251,0,0.19942,0,0,0,0,0,0,0,0,0,0.3636,0,0.0072211,0.032394,0,0.023549,0,0,0,0,0,0,0,0.081452,0
0,0.0017155,0.00011484,0,0.0059267,5.4232e-06,0,0,0,0,0,0,0.0039448,2.181e-05,0.002466,0,0.00046307,0.0019955,0.00017652,0,0,0,0.0025699,0,0,0,0,0,0,0,0,0,0,0,0,0,0,0,0.00065543,0,0,0.00014983,0,0.00098128
4.6832e-06,0.0012824,0.0015737,0,0,0.0014957,0,6.5635e-06,0,0,0,0.014323,0.014472,1.4819e-05,0,0,0.009948,0.0065872,0.0095102,1.2655e-05,0,0.00093755,0,0,0,9.6352e-05,0.0061593,0.02264,7.4819e-06,0.023933,0,0.0071564,0,0.015871,1.4163e-05,0,0,0,0.0064247,0.0098449,0.013923,0.014161,0.0084079,0.0033392
6.9625e-05,0.0055332,0.0069377,0.034415,0,0.0081675,0.00025289,0.00028588,0,0,0,0.026909,0.0017052,1.1802e-05,0,0,0,0.024027,0.0019248,0.0006542,0,0,0,0,0,0.00087298,0.024989,0,0.0013004,0.056433,0.0046914,0.018693,0.00039989,0.0004009,0,0,0,0.08322,0.045245,0,0.042437,0.00471,0.00058831,0
0.01093,0.0099457,0.03662,0.099058,0,0.02539,0.0056073,4.5361e-05,0,0,0.012597,0,0,1.3665e-05,0,0,0,0.041652,0,0.011493,0.00012141,0,0,0,0.00091483,0.0031498,0.026639,0,0.01533,0.068279,0.020168,0.021255,0.0031397,0,0.0003828,0.061822,0,0.034812,0.013417,0,0.056798,0,0.0038821,0.0045995
0.026385,0,0,0,0,0.022653,0.082593,0,0,0.028751,0.030379,0,0.0090525,0,0,0.0035467,0,0.04535,0,0.073283,0.0024599,0,0,0,0,0.036068,0.022588,0,0,0.039761,0.044791,0.0049547,0.044645,0,0.0016307,0.010507,0,0.058747,0,0,0.068481,0,0.01962,0.00888
0.054126,0,0,0,0,0.011233,0.034647,0,0,0.070753,0.04003,0,0.038395,0,0,0.057103,0,0.046122,0,0.0021488,0,0.00040941,0,0,0,0.20368,0.0098989,0,0,0,0,9.4593e-05,0.048432,0,0.011038,0.027695,0,0.0052899,0,0,0,0,0.018159,0
0,0.0099419,0,0,0,0,0,0,0.0084739,0.014289,0.17491,0,0.087114,0.0021584,0,0.096321,0,0.058795,0,0.013446,0,0.011899,0,0,0,0,0.12542,0,0,0,0,0.061768,0.048053,0,0.0065717,0.10887,0,0,0,0,0,0,0.021278,0
0,0.053882,0,0,0,0,0,0,0.067992,0,0,0,0.11278,0.064416,0,0.10951,0,0.061002,0,0.053797,0,0.0053482,0,0,0.0061179,0,0.1549,0,0.0095704,0,0,0.1248,0.15455,0,0.0053621,0.002502,0,0,0,0,0,0,0.013917,0
0,0.11161,0,0.01926,0,0,0,0.1211,0.18517,0,0,0,0.013529,0.09873,0,0.13456,0,0.0087766,0,0.050868,0,0,0,0,0.10302,0.090362,0,0,0.05738,0,0,0.081171,0.10328,0,0,0.092734,0,0.042635,0,0,0,0,0.0041606,0
0,0.18257,0,0.0025525,0,0,0,0.12911,0.06244,0,0,0,0,0.20615,0,0.054456,0,0,0,0.0017683,0,0,0,0,0.14856,0.047875,0,0,0.0066013,0.0041262,0,0.016844,0.18158,0,0,0.038953,0,0.09852,0,0,0,0,0,0
0,0.00014844,0.00010217,0,0.0017791,2.006e-05,0,0,0,0,0,0,0.00094537,0,0.00068673,0,0.0003233,0.0012314,0.00039192,0,0,0,0,0,0,0,0,0,0,0,0,0,0,0,0,0,0,0,0,0,0,0.00037045,0,0
0,0.0035479,0.00085866,0,0,0.00059661,0,0,0,0,0,0.0078861,0.011895,9.1996e-06,0,0,0.0012323,0.0056421,0.0066071,0,0,0.00035398,0,0,0,0,0,0.0039567,0,0,0,0,0,0.0028642,0,0,0,0,0.0050216,0.0016543,0.010526,0.0025553,0.0018914,0.0008285
0,0.0073092,0.0035158,0.013761,0,0.0023464,0,0.0018748,0,0,0,0.0085696,0.020523,0.00028744,0,0,0,0.0095659,0,3.3159e-05,0,0,0,0,0,0.00066619,0,0,2.0576e-05,0.086307,2.1597e-05,0.007282,0.00017536,0,0,0,0,0.0069904,0.015092,0,0,0,0,0
0.0042812,0.015909,0.0020678,0.038544,0,0.019468,0.0043242,0.0050617,2.9121e-06,0,0,0,0.023307,0.0012807,0,0,0,0.012095,0,0.0022585,0,0,0,0,1.3654e-06,0.0048055,0.015754,0,2.3993e-05,0.010577,0.0086625,0.032911,0.0012323,0,0,0.0083926,0,0.013128,0,0,0.0077868,0,0,0
0.017058,0.020965,0,0.0038582,0,0.1329,0.048503,0.022951,0.0020542,0,0.02381,0,0.018078,0.011267,0,0,0,1.6795e-05,0,0.013773,0,0,0,0,0.0014039,0.016039,0.04687,0,0.00019378,0,0.0198,0.042148,0.0041569,0,0,0.017912,0,0.0045844,0,0,0.0095911,0,0,0
0.024592,0.034391,0,0.016879,0,0.053962,0,0.036743,0.014251,0,0.11677,0,0.002705,0.034929,0,0,0,9.763e-05,0,0,0,0,0,0,0.018586,0.013818,0.07916,0,0.003,0,0,0.04844,0.0099204,0,0,0.062747,0,0.0070779,0,0,0,0,0,0
0,0.037654,0,0.031439,0,0,0,0.046142,0.019298,0,0.021951,0,0,0.049651,0,0,0,0,0,0,0.00023319,0,0,0,0.070466,0.013294,0.22508,0,0.016776,0,0,0.077153,0.025863,0,0,0.091701,0,0.021116,0,0,0,0,0,0
0,0.016204,0,0.047971,0,0,0,0.043356,0.047368,0,0,0,0,0.069062,0,0,0,0,0,0,0.033268,0,0,0,0.097982,0.030403,0.13407,0,0.058322,0,0,0.060172,0.033051,0,0,0.036591,0,0.056946,0,0,0,0,0,0
0,0.0003991,0,0.099241,0,0,0,0.071414,0.16465,0,0,0,0,0.12934,0,0,0,0,0,0,0.21404,0,0,0,0.15343,0.047835,0,0,0.22712,0,0,0.048634,0.038896,0,0,0.059773,0,0.066401,0,0,0,0,0,0
0,0,0,0.42962,0,0,0,0,0.42299,0,0,0,0,0.25268,0,0,0,0,0,0,0.72061,0,0,0,0.37957,0.39516,0,0,0.51209,0,0,0.073657,0.038321,0,0,0.15864,0,0.29082,0,0,0,0,0,0
