0.091654,0.17339,0.14763,0.26723,0.0519,0.053809,0.12157,0.075346,0.045364,0.24721,0.26445,0.18485,0.25701,0.15253,0.026013,0.11732,0.22958,0.12573,0.19573,0.12284,0.16034,0.16282,0.21584,0.025689,0.12963,0.13948,0.12654,0.014539,0.053447,0.13624,0.19088,0.044804,0.075583,0.11363,0.1018,0.24238,0.05446,0.10007,0.091144,0.28184,0.0994,0.07862,0.11279,0.1442,0.032053
0.10935,0.034122,0.052645,0.042631,0.059216,0.058696,0.035394,0.084302,0.088446,0.04947,0.055058,0.088185,0.010522,0.049546,0.056836,0.068216,0.061365,0.097762,0.073649,0.093361,0.029735,0.060291,0.064498,0.052738,0.062995,0.11757,0.04051,0.051426,0.083024,0.095335,0.052777,0.078192,0.048814,0.13981,0.070941,0.037997,0.091591,0.11248,0.070986,0.040238,0.12262,0.11317,0.044751,0.11074,0.056726
0.070859,0.08667,0.062965,0.053059,0.05855,0.064549,0.065948,0.073099,0.067971,0.017555,0.04487,0.049678,0.081636,0.065441,0.06823,0.059146,0.056789,0.07262,0.065196,0.062175,0.05488,0.063019,0.087555,0.064631,0.097411,0.074722,0.050251,0.077364,0.078281,0.06796,0.049467,0.083259,0.068217,0.098841,0.078436,0.05077,0.091696,0.078013,0.08249,0.094034,0.07827,0.096971,0.051504,0.078168,0.073617
0.062337,0.13754,0.11384,0.096789,0.086244,0.074801,0.073552,0.070589,0.093498,0.039389,0.051987,0.04806,0.073025,0.060952,0.074811,0.067171,0.078553,0.067337,0.058396,0.057322,0.071968,0.088563,0.10653,0.078404,0.088006,0.065287,0.084161,0.095851,0.092513,0.072719,0.11006,0.089783,0.082375,0.083167,0.087166,0.058027,0.11676,0.078217,0.10014,0.052188,0.088603,0.085422,0.06797,0.096252,0.095289
0.072722,0.087702,0.076186,0.072796,0.10017,0.095766,0.086547,0.084161,0.09637,0.093092,0.050917,0.050764,0.021725,0.09451,0.082116,0.079308,0.092973,0.078301,0.08094,0.091933,0.095487,0.11409,0.051905,0.094033,0.092495,0.088306,0.12441,0.092615,0.10012,0.069027,0.089518,0.10324,0.10625,0.09826,0.086277,0.088609,0.10067,0.065647,0.089806,0.059793,0.092954,0.084386,0.098616,0.11846,0.10685
0.098466,0.11813,0.084486,0.066452,0.10592,0.10637,0.038412,0.095684,0.10755,0.09289,0.086881,0.089387,0.063001,0.086418,0.096828,0.085974,0.062787,0.08554,0.079251,0.090275,0.10091,0.10522,0.066714,0.10949,0.064862,0.092048,0.11635,0.11238,0.10778,0.072836,0.059499,0.11767,0.10542,0.077726,0.088202,0.073348,0.082712,0.071063,0.088642,0.074431,0.095441,0.09132,0.10545,0.11607,0.11379
0.095403,0.083817,0.10161,0.056105,0.12387,0.11248,0.085925,0.1041,0.11556,0.12083,0.074774,0.10771,0.13567,0.10218,0.11357,0.10154,0.093788,0.13624,0.079382,0.1088,0.14921,0.079356,0.057639,0.1226,0.07354,0.085969,0.12153,0.12999,0.12566,0.11106,0.067528,0.11148,0.11495,0.072314,0.088285,0.10525,0.10934,0.091862,0.10497,0.090596,0.10898,0.095498,0.087375,0.097959,0.12353
0.095255,0.072099,0.11344,0.12114,0.14166,0.1227,0.11003,0.12676,0.1327,0.080365,0.10763,0.086476,0.050924,0.1328,0.13759,0.11386,0.065208,0.099649,0.10403,0.11133,0.1163,0.089583,0.07167,0.1361,0.09837,0.10159,0.12344,0.13546,0.11968,0.13907,0.073403,0.11358,0.12422,0.078917,0.11176,0.085509,0.13203,0.13273,0.10339,0.11572,0.10872,0.10478,0.075335,0.079598,0.13181
0.12352,0.088427,0.12022,0.076874,0.14458,0.13642,0.12455,0.11662,0.12575,0.085143,0.090406,0.12048,0.11174,0.11759,0.16487,0.14,0.12487,0.095047,0.13032,0.12397,0.12736,0.10127,0.1147,0.15044,0.11854,0.10448,0.10993,0.14473,0.11627,0.12195,0.14608,0.12787,0.1251,0.098456,0.11666,0.072859,0.11136,0.14272,0.12136,0.088353,0.093079,0.11107,0.10169,0.082694,0.13189
0.17936,0.11637,0.12589,0.1459,0.12684,0.17313,0.25671,0.1683,0.12533,0.17264,0.1717,0.17317,0.19371,0.13676,0.1778,0.16613,0.13282,0.14054,0.13163,0.13674,0.092479,0.13455,0.1616,0.1646,0.17302,0.12928,0.10174,0.14382,0.12171,0.11222,0.15921,0.12893,0.14779,0.13764,0.16926,0.18411,0.10789,0.12555,0.14498,0.10159,0.11065,0.13751,0.25281,0.074436,0.13274
0.0037815,0.0040757,0.0026522,0.0030628,0.0011894,0.002081,0.0036738,0.001984,0.0032134,0.0045635,0.0037552,0.0027516,0.0031994,0.0029015,0.0021477,0.0029863,0.0030411,0.0041882,0.0027725,0.0045208,0.0031829,0.0030521,0.002451,0.0014174,0.0028039,0.0022692,0.0031466,0.0015377,0.002578,0.0042542,0.0033411,0.0007381,0.0027605,0.0028413,0.0017277,0.0045921,0.0013015,0.0042224,0.0061162,0.0040173,0.0030921,0.0027969,0.0042123,0.0025684,0.0018836
0.0093924,0.0092834,0.0058152,0.0075053,0.0030888,0.0048483,0.011208,0.0052791,0.0081185,0.011316,0.0094986,0.0071931,0.008484,0.0080115,0.0046808,0.0079869,0.0075904,0.011715,0.0064532,0.011754,0.008079,0.0068896,0.0065736,0.004268,0.0076938,0.0059878,0.0073787,0.0037537,0.0065209,0.01225,0.0086668,0.0019894,0.0074912,0.0070722,0.0044826,0.011577,0.0041273,0.014014,0.014424,0.00938,0.0082899,0.0059878,0.013571,0.0073242,0.0050041
0.012164,0.012102,0.0066312,0.010128,0.0055037,0.0067166,0.015509,0.007248,0.01107,0.015495,0.012454,0.0081032,0.011853,0.0098047,0.0066594,0.011802,0.010249,0.014543,0.0078312,0.016742,0.010843,0.0079826,0.0089213,0.008509,0.010987,0.0073889,0.0093223,0.0059937,0.0061273,0.018496,0.012784,0.0042368,0.0099631,0.010525,0.0062517,0.015777,0.0077605,0.021543,0.018547,0.011358,0.011018,0.0082255,0.016688,0.010589,0.0069193
0.012648,0.013404,0.0043192,0.011196,0.0098043,0.0077907,0.017693,0.0077538,0.011832,0.016791,0.012704,0.0079513,0.012238,0.009697,0.0063166,0.014481,0.011346,0.014395,0.0066456,0.019302,0.012729,0.0070103,0.010808,0.010415,0.011997,0.0067109,0.0069621,0.0070951,0.0047564,0.020441,0.015603,0.0071544,0.011745,0.012766,0.0064826,0.017075,0.011741,0.023055,0.019765,0.010798,0.011586,0.0095239,0.013249,0.013899,0.0072153
0.0097826,0.015124,0.00095896,0.010966,0.011008,0.0030073,0.017656,0.006596,0.0092955,0.015142,0.010788,0.0026742,0.011633,0.0070185,0.0030373,0.015107,0.011119,0.0079691,0.0050623,0.017642,0.014441,0.0059244,0.010608,0.0082674,0.011488,0.0030547,0.0015197,0.0092646,0.00040638,0.017676,0.015558,0.0055881,0.01294,0.012002,0.0056177,0.016949,0.013495,0.021375,0.013296,0.0089256,0.0071302,0.0069892,0.0034542,0.013506,0.006363
0.00085499,0.0086088,0,0.008215,0.0060425,4.6393e-05,0.015376,0.0034702,0.0040339,0.0077586,0.0058485,5.9847e-06,0.003321,0.0020976,0.00037523,0.012496,0.0033511,0.00013304,0.0027111,0.009064,0.0033626,0.0013035,0.010426,0.0033371,0.0075134,0.00047275,0.00064233,0.0064816,0,0.0090713,0.0096187,0.0029911,0.013182,0.0049503,0.0013614,0.010481,0.015116,0.011554,0.0026799,0.0044822,0.0009924,0.0067081,0,0.010847,0.011565
0,0.00034941,0,0.0010448,0,0,0.0081253,0,0.00047938,0.0002268,0,0,2.897e-06,8.6947e-05,0,0.0015834,0.00059067,0,0,0.00093674,0,0,0.0010012,0.00037488,0.0024258,0,4.5244e-05,0.00045518,0,0.0010604,0.003946,0,0.0013739,0,0,0.00015601,0.0051654,0.0018203,0,0.00024819,0,0.0026555,0,0.0024444,0.007598
0,0,0,0,0,0,0.00026562,0,0,0,0,0,0,0,0,0,0,0,0,0,0,0,0,0,0,0,0,0,0,0,0,0,0,0,0,0,0,0,0,0,0,0,0,0,2.3483e-05
0,0,0,0,0,0,0,0,0,0,0,0,0,0,0,0,0,0,0,0,0,0,0,0,0,0,0,0,0,0,0,0,0,0,0,0,0,0,0,0,0,0,0,0,0
0,0,0,0,0,0,0,0,0,0,0,0,0,0,0,0,0,0,0,0,0,0,0,0,0,0,0,0,0,0,0,0,0,0,0,0,0,0,0,0,0,0,0,0,0
0.005848,0.0059761,0.0032497,0.0034382,0.0045322,0.0039249,0.0057121,0.0037973,0.0052093,0.005954,0.0043928,0.0036193,0.0035229,0.0040651,0.0039042,0.0043027,0.0039394,0.0056911,0.0036514,0.006043,0.0040555,0.0032331,0.002807,0.0037214,0.0040885,0.0036178,0.0045304,0.0048304,0.0047261,0.0060798,0.004297,0.0034017,0.004808,0.0045588,0.0032555,0.0050836,0.0057708,0.0078715,0.0073529,0.0044091,0.0045651,0.0062587,0.0069912,0.0073703,0.0062685
0.014005,0.013473,0.0078663,0.0089552,0.012371,0.010321,0.013324,0.010477,0.012676,0.014751,0.011846,0.0093745,0.0097298,0.010163,0.010522,0.011764,0.0094753,0.013614,0.0084222,0.015122,0.010942,0.0081082,0.0086143,0.011004,0.010398,0.0096212,0.011118,0.012606,0.010723,0.016415,0.01178,0.0095327,0.01308,0.01207,0.0087387,0.013133,0.018416,0.018923,0.017503,0.011784,0.011522,0.016656,0.016539,0.019296,0.017829
0.018603,0.017403,0.010886,0.013327,0.019229,0.017203,0.018327,0.015469,0.017138,0.020592,0.016496,0.012664,0.014318,0.013956,0.015653,0.016897,0.013574,0.017765,0.011169,0.020932,0.016238,0.011531,0.012774,0.018462,0.015259,0.012787,0.016686,0.015287,0.012205,0.022865,0.017555,0.015589,0.01814,0.016155,0.012671,0.018733,0.030718,0.027669,0.023658,0.016869,0.016034,0.022803,0.019857,0.025929,0.029025
0.020656,0.021269,0.01194,0.017002,0.021371,0.016841,0.020551,0.017893,0.021353,0.023542,0.019108,0.012889,0.015064,0.017744,0.015257,0.020265,0.017315,0.019326,0.013557,0.024972,0.023113,0.013005,0.016859,0.024821,0.016742,0.014814,0.02136,0.022149,0.0067485,0.024577,0.023139,0.025273,0.020548,0.020462,0.014958,0.022192,0.037667,0.030147,0.026379,0.018738,0.019178,0.022919,0.017553,0.028175,0.038885
0.015488,0.02508,0.0058275,0.016923,0.016577,0.012337,0.019528,0.016994,0.02368,0.021996,0.017543,0.0069672,0.013901,0.013237,0.011707,0.021217,0.015099,0.014799,0.013577,0.023509,0.019008,0.011206,0.018331,0.021247,0.015287,0.010858,0.01407,0.024308,0.001478,0.022344,0.023455,0.011219,0.020131,0.01755,0.010666,0.021092,0.034132,0.028713,0.019956,0.01774,0.013957,0.011433,0.0070882,0.027112,0.03986
0.0051686,0.019593,0.0021026,0.014334,0.0081792,0.0060244,0.018506,0.0092999,0.017216,0.015963,0.011877,0.00063823,0.0053166,0.007643,0.0015448,0.019395,0.010592,0.004009,0.0058773,0.017085,0.011474,0.0058004,0.018289,0.0073406,0.012716,0.0032622,0.0027408,0.020623,0.00011134,0.013593,0.01819,0.0080688,0.01936,0.011476,0.0057134,0.017296,0.020037,0.020205,0.011058,0.012033,0.003862,0.0093849,0.00027636,0.019445,0.03181
0.0011545,0.0077353,1.3512e-07,0.0049716,4.1489e-05,2.1747e-05,0.013071,0.002458,0.0043478,0.0038318,0.0008731,0,0.00017685,0.00043286,1.2695e-06,0.0028008,0.0020831,0.00054423,4.416e-06,0.0089517,0.0017611,9.9963e-05,0.0062955,0.0012408,0.0072511,0,0.0012848,0.0054765,0,0.001749,0.009261,0.00098273,0.0044097,0.0014754,0,0.0029324,0.013412,0.0033537,0.00053364,0.0011376,0,0.006984,0,0.0076107,0.010774
0,2.8462e-05,0,5.4728e-07,0,0,0.002303,0,0,0,0,0,0,0,0,0,1.2354e-06,0,0,0.00013905,0,0,0,0,1.0374e-05,0,0.00019014,0,0,0,7.0042e-05,0,0,0,0,7.5106e-05,0.00042396,0,0,0,0,0.00045116,0,9.2006e-06,0.00041623
0,0,0,0,0,0,0,0,0,0,0,0,0,0,0,0,0,0,0,0,0,0,0,0,0,0,0,0,0,0,0,0,0,0,0,0,0,0,0,0,0,0,0,0,0
0,0,0,0,0,0,0,0,0,0,0,0,0,0,0,0,0,0,0,0,0,0,0,0,0,0,0,0,0,0,0,0,0,0,0,0,0,0,0,0,0,0,0,0,0
0.0056119,0.0067528,0.003958,0.0040454,0.005309,0.0052256,0.0051739,0.0048194,0.0063054,0.0070234,0.0048553,0.0040617,0.0044822,0.0046549,0.005313,0.0052825,0.0044056,0.0057307,0.0047733,0.0068672,0.0047779,0.0034251,0.0039942,0.004736,0.0055168,0.0041876,0.0056751,0.0077398,0.0059446,0.0065696,0.0052244,0.0070684,0.0059008,0.004937,0.0045496,0.0056825,0.010295,0.0078415,0.0086133,0.0048256,0.0048577,0.0075995,0.0074009,0.007168,0.010849
0.01482,0.013947,0.010064,0.010643,0.013676,0.013707,0.013834,0.012459,0.014811,0.016873,0.012969,0.010834,0.010806,0.011614,0.012966,0.01367,0.010741,0.014832,0.010694,0.016142,0.013299,0.0093928,0.010586,0.012913,0.014297,0.01064,0.013291,0.022286,0.013261,0.017216,0.014619,0.017491,0.01468,0.012235,0.010396,0.014393,0.026516,0.019246,0.018047,0.01347,0.012866,0.018185,0.015954,0.018557,0.026885
0.020315,0.018891,0.016062,0.016018,0.019412,0.018502,0.019514,0.017647,0.018238,0.022316,0.01895,0.015367,0.014547,0.017321,0.020586,0.01834,0.01684,0.019726,0.015048,0.020678,0.020172,0.01491,0.016277,0.020104,0.019204,0.01605,0.024359,0.043332,0.016615,0.023016,0.021611,0.026549,0.019801,0.017128,0.016772,0.019523,0.035121,0.02888,0.023154,0.019311,0.018183,0.024794,0.021108,0.024313,0.038604
0.022106,0.023473,0.015784,0.01966,0.021457,0.018859,0.021456,0.021937,0.021855,0.025394,0.020531,0.014453,0.015999,0.019837,0.022577,0.022227,0.019531,0.021635,0.018064,0.0231,0.024474,0.01678,0.018589,0.025203,0.019866,0.018283,0.023405,0.043699,0.0094511,0.025981,0.025637,0.030661,0.021674,0.020962,0.01954,0.022712,0.031986,0.031883,0.025056,0.02102,0.021366,0.026261,0.018779,0.027952,0.043089
0.015581,0.021716,0.0079426,0.017083,0.018961,0.012714,0.021054,0.018562,0.024147,0.021646,0.017879,0.010222,0.015969,0.015367,0.021417,0.020056,0.017083,0.015101,0.016819,0.017976,0.018012,0.013456,0.018506,0.030658,0.016801,0.014062,0.020272,0.029992,0.0034293,0.018805,0.022483,0.014852,0.023824,0.019855,0.014059,0.019229,0.023687,0.029123,0.018278,0.017725,0.015986,0.013461,0.012441,0.024474,0.032578
0.0089499,0.023511,0.0084433,0.014807,0.0085094,0.015288,0.018958,0.011447,0.02171,0.016614,0.01301,0.0036108,0.008649,0.012839,0.0052548,0.018908,0.014336,0.0089244,0.0076586,0.014816,0.013904,0.0093636,0.017837,0.013453,0.014785,0.0087817,0.010683,0.021847,0.00097866,0.011236,0.017966,0.0084812,0.0189,0.0151,0.012946,0.015192,0.015999,0.02298,0.014074,0.013735,0.010235,0.013067,0.0028998,0.017456,0.018115
0.0061847,0.011816,0.0016132,0.010925,0.00016366,0.0036043,0.01378,0.009515,0.011933,0.0089664,0.0054144,3.3804e-06,0.0013232,0.0039922,2.2591e-06,0.0043787,0.0044682,0.0065867,0.0013133,0.013241,0.0067706,0.0028791,0.014345,0.0038357,0.010026,0,0.0027835,0.0059572,1.9812e-07,0.0025313,0.013105,0.0036747,0.0088073,0.0093476,0.00052753,0.0073908,0.012371,0.0051444,0.0037256,0.0023723,0.0010654,0.0087171,0,0.0085928,0.0064862
0.00095819,0.00070646,0,0.00031197,0,0,0.0047712,7.3036e-06,0.00035863,0,0,0,0,0,0,5.0155e-07,0.00010186,4.6193e-05,0,0.0037303,0,0,0.0010565,1.6031e-05,0.00094124,0,0.00053525,2.5229e-05,0,0,0.00023521,0,2.4041e-08,2.508e-05,0,0.0029824,0.0029271,6.1472e-06,0,0,0,0.0016943,0,0.00014777,0.00082706
0,0,0,0,0,0,0,0,0,0,0,0,0,0,0,0,0,0,0,0,0,0,0,0,0,0,0,0,0,0,0,0,0,0,0,0,0,0,0,0,0,0,0,0,0
0,0,0,0,0,0,0,0,0,0,0,0,0,0,0,0,0,0,0,0,0,0,0,0,0,0,0,0,0,0,0,0,0,0,0,0,0,0,0,0,0,0,0,0,0
0.0060975,0.0068573,0.0052116,0.0043435,0.0065334,0.0068938,0.0056743,0.0055248,0.0064619,0.0071272,0.0054862,0.0041489,0.0066395,0.0055398,0.0052481,0.0055371,0.0048841,0.0064673,0.0043854,0.0074053,0.0057878,0.0043212,0.0050266,0.0052734,0.006071,0.0047004,0.0065755,0.011047,0.0070432,0.006938,0.0074631,0.0077387,0.0065692,0.0059192,0.005772,0.005988,0.0086614,0.0085078,0.0084357,0.004933,0.0061303,0.0083796,0.0072184,0.0083609,0.0095158
0.014955,0.014321,0.01253,0.011611,0.014402,0.014934,0.014246,0.012945,0.013633,0.016931,0.013739,0.011139,0.013408,0.013191,0.015864,0.014706,0.012543,0.015728,0.011018,0.016423,0.014391,0.011603,0.013149,0.014229,0.014341,0.012445,0.016111,0.030273,0.014777,0.017486,0.01777,0.020874,0.014844,0.014052,0.013833,0.015003,0.022663,0.019442,0.018808,0.014161,0.01424,0.02086,0.016482,0.019619,0.022585
0.021075,0.018339,0.018084,0.017835,0.01835,0.019127,0.019534,0.019156,0.017667,0.023315,0.019108,0.016629,0.015161,0.018573,0.025944,0.019683,0.019024,0.020713,0.016285,0.019657,0.021568,0.018162,0.018078,0.021224,0.020211,0.018941,0.025367,0.042702,0.019722,0.021518,0.025224,0.029765,0.019005,0.020016,0.020562,0.019607,0.029068,0.028503,0.024031,0.01987,0.019655,0.027446,0.021791,0.025749,0.033138
0.020786,0.024035,0.018246,0.020173,0.020517,0.021101,0.021419,0.02324,0.023197,0.025809,0.020797,0.016558,0.017465,0.020272,0.025024,0.024127,0.020959,0.020027,0.019556,0.020783,0.024867,0.019962,0.019756,0.028955,0.02229,0.019667,0.021373,0.045922,0.012757,0.022645,0.02617,0.032202,0.025243,0.021856,0.021335,0.021241,0.029961,0.030817,0.02368,0.021754,0.02115,0.029382,0.019615,0.027669,0.035878
0.015644,0.028237,0.011612,0.018843,0.019868,0.016797,0.023103,0.019682,0.024077,0.024199,0.01815,0.015088,0.018978,0.016929,0.020341,0.024015,0.019785,0.013501,0.018407,0.015987,0.021037,0.017125,0.019192,0.033377,0.021928,0.017631,0.018385,0.035026,0.006863,0.019083,0.024018,0.019821,0.024283,0.019886,0.018405,0.017059,0.025075,0.024522,0.024191,0.018572,0.016752,0.021682,0.016576,0.022247,0.020469
0.012939,0.018778,0.012132,0.016588,0.0085148,0.017924,0.018454,0.014093,0.023241,0.016828,0.016118,0.0094384,0.012181,0.014629,0.013196,0.016383,0.016218,0.011791,0.01137,0.015256,0.016719,0.012417,0.017264,0.01141,0.017807,0.016607,0.018101,0.010932,0.0037087,0.010223,0.020452,0.0077937,0.020763,0.017012,0.017576,0.013729,0.013291,0.013517,0.012638,0.014303,0.013667,0.014882,0.0083108,0.014932,0.0088076
0.010994,0.0050576,0.0077247,0.012007,3.0955e-05,0.012254,0.010985,0.012055,0.016743,0.0067728,0.010825,0.0012409,0.0035197,0.011388,0.00015438,0.0035522,0.0071204,0.011878,0.0056946,0.011418,0.0058544,0.0098181,0.019916,0.0008667,0.011823,0.0032965,0.0061441,0.0021886,0.00021773,0.0025315,0.01191,0.0044601,0.0058993,0.01517,0.0091212,0.010353,0.0065129,0.0042406,0.0027187,0.0055219,0.0069541,0.0061457,0.00060086,0.0060907,0.0033724
0.0037384,0.00032099,1.2075e-05,0.0043623,0,5.2458e-05,0.0035704,0.0031897,0.002487,0.00061926,0.00019637,0,3.2308e-05,0.00084963,0,1.5181e-05,0.00021565,0.0031797,2.0507e-05,0.0049005,6.3961e-05,0.00023808,0.005952,1.5038e-05,0.0045685,0,0.0019292,2.0188e-05,0,0,0.0014103,7.2926e-05,1.5013e-05,0.0054645,0,0.0043849,0.0019399,0.00032076,2.4636e-05,1.6399e-05,2.2016e-05,0.0015289,0,0.0002514,0.00029807
5.1302e-06,3.9775e-07,0,3.8677e-06,0,0,0.00018242,0,0,0,0,0,0,0,0,0,0,0,0,3.169e-06,0,0,0,0,2.4894e-06,0,0,0,0,0,0,0,0,0,0,0.00029877,0,0,0,0,0,2.7446e-06,0,0,0
0,0,0,0,0,0,0,0,0,0,0,0,0,0,0,0,0,0,0,0,0,0,0,0,0,0,0,0,0,0,0,0,0,0,0,0,0,0,0,0,0,0,0,0,0
0.0069968,0.0072775,0.0054755,0.0043881,0.0068307,0.0072737,0.0053117,0.0054233,0.0066376,0.006992,0.0058692,0.0045397,0.0063191,0.0060173,0.0061949,0.006479,0.0056336,0.0071468,0.0047204,0.0077005,0.0083433,0.0054413,0.0049018,0.0061452,0.0054541,0.0053994,0.0074406,0.011439,0.0093214,0.0077554,0.0061775,0.0080979,0.0069081,0.0068423,0.0059722,0.006493,0.0094604,0.0088561,0.0080964,0.0053122,0.0068398,0.0081093,0.0080752,0.0079225,0.0086861
0.017141,0.014793,0.013171,0.011205,0.015351,0.01572,0.01457,0.013264,0.012829,0.016913,0.014236,0.011438,0.011786,0.014463,0.018804,0.015022,0.014025,0.017081,0.011991,0.016717,0.017804,0.012926,0.01047,0.016306,0.012139,0.013194,0.017449,0.027873,0.018774,0.0176,0.016068,0.019851,0.01398,0.014384,0.013926,0.015188,0.021076,0.020448,0.018687,0.014273,0.015739,0.019556,0.017682,0.017338,0.0208
0.022923,0.022127,0.019652,0.017887,0.018791,0.02143,0.019546,0.019863,0.017361,0.02408,0.018746,0.01821,0.015171,0.020538,0.030433,0.023895,0.021335,0.022553,0.017695,0.020311,0.024079,0.020488,0.015879,0.023305,0.020042,0.020063,0.026308,0.031384,0.024729,0.021384,0.024692,0.029453,0.020137,0.019754,0.019534,0.019757,0.025156,0.028152,0.026477,0.020143,0.021451,0.024556,0.022846,0.023707,0.029325
0.021181,0.032219,0.020739,0.022066,0.022185,0.022836,0.021601,0.023204,0.024119,0.02764,0.021119,0.021037,0.019055,0.021405,0.028939,0.027468,0.024127,0.019954,0.02145,0.023093,0.02548,0.024108,0.018841,0.033674,0.024037,0.021834,0.024485,0.029406,0.016429,0.021543,0.025902,0.03453,0.026895,0.021248,0.022535,0.021984,0.027626,0.026381,0.029951,0.022118,0.021966,0.030346,0.02098,0.026627,0.028021
0.019307,0.025236,0.018262,0.02192,0.021947,0.024832,0.0198,0.022524,0.026303,0.023786,0.021194,0.020077,0.022408,0.021616,0.020591,0.023859,0.020603,0.016594,0.020454,0.02325,0.026711,0.019662,0.020674,0.02709,0.021821,0.023481,0.022412,0.016755,0.011276,0.021607,0.024256,0.02055,0.023325,0.020071,0.024044,0.01819,0.017499,0.016179,0.025202,0.020226,0.019024,0.022427,0.017918,0.020852,0.010645
0.018612,0.011159,0.016614,0.016156,0.007916,0.020056,0.014779,0.018343,0.020858,0.011534,0.019199,0.014067,0.015015,0.021642,0.010764,0.011493,0.015525,0.020679,0.015876,0.018579,0.011855,0.018603,0.025325,0.0066644,0.01738,0.015644,0.015326,0.002934,0.0071288,0.010769,0.014933,0.0076882,0.015903,0.019369,0.019954,0.015802,0.0082516,0.0060692,0.0054984,0.014093,0.016702,0.012593,0.011101,0.011541,0.0036878
0.011428,0.0038447,0.01055,0.012145,0.00025262,0.011128,0.0074694,0.008687,0.011657,0.00279,0.0086352,0.0061213,0.011874,0.0085995,0.0020448,0.0017338,0.010769,0.0093801,0.010842,0.0089124,0.0025247,0.011211,0.014977,4.6321e-05,0.0077768,0.010955,0.0058302,0.00041183,0.0017528,0.0019048,0.0047779,0.0032229,0.00093098,0.013003,0.012348,0.0083116,0.0025678,0.0011531,0.00090649,0.0092878,0.0074561,0.0033228,0.0028097,0.0025073,0.00083018
0.0039597,0.00010684,0.0024452,0.0055496,0,0.0025069,0.0015885,0.003204,0.0021405,0.00047454,0.00070421,0.00057184,8.3037e-05,0.0035566,0,7.0302e-05,0.0027772,0.0041324,0.0027991,0.0016809,4.3078e-05,0.0028702,0.0029103,0,0.0041365,0.000371,0.0014557,1.6939e-06,2.1245e-05,0,0.00077962,0.00042719,1.9864e-05,0.0063562,0.0012026,0.0028077,0.00041477,0.00015639,0.00020337,0.0002316,0.0014159,0.00051293,4.0616e-05,7.7287e-05,5.6375e-05
0.00028549,1.2857e-07,1.7922e-07,0.00038519,0,4.4171e-07,0.00010022,9.6372e-05,0,5.7674e-07,0,0,0,0,0,0,9.7241e-06,0.00013788,6.047e-06,1.8101e-05,0,1.2251e-05,5.4821e-05,0,0.00039835,0,0,0,0,0,0,0,0,0.00019338,0,0.00042304,1.6365e-08,2.9329e-07,7.806e-07,0,0,9.6665e-07,0,0,0
0,0,0,0,0,0,0,0,0,0,0,0,0,0,0,0,0,0,0,0,0,0,0,0,0,0,0,0,0,0,0,0,0,0,0,0,0,0,0,0,0,0,0,0,0
0.0068047,0.0080008,0.0056122,0.0042809,0.0074034,0.0068387,0.0056778,0.0048989,0.0065054,0.0071181,0.0058769,0.0053416,0.0060626,0.0064769,0.007021,0.0066888,0.0057015,0.0079678,0.0049324,0.0076188,0.0080968,0.0045911,0.0048914,0.0069434,0.0047865,0.0049471,0.0079326,0.011445,0.0085282,0.0076687,0.0056921,0.0081422,0.0067594,0.0057161,0.0059012,0.0065656,0.0092473,0.0089814,0.0083064,0.0053061,0.0068572,0.00764,0.008979,0.0071219,0.0086741
0.016634,0.01469,0.01427,0.011448,0.016247,0.014886,0.014426,0.012874,0.012523,0.016388,0.014076,0.013578,0.011718,0.014477,0.020993,0.015049,0.013414,0.018217,0.012525,0.015753,0.017258,0.012871,0.010012,0.01803,0.012209,0.012836,0.018957,0.02428,0.017263,0.017862,0.015852,0.020091,0.01416,0.01286,0.01256,0.016185,0.020472,0.021223,0.018462,0.013483,0.015919,0.018353,0.019078,0.016459,0.020113
0.021752,0.0257,0.021815,0.019069,0.021696,0.021568,0.020069,0.019379,0.017994,0.024952,0.019656,0.020508,0.015938,0.02081,0.031741,0.025734,0.02176,0.024725,0.019065,0.020896,0.025249,0.02074,0.016275,0.028864,0.021949,0.021292,0.029842,0.024767,0.024563,0.020958,0.025411,0.029241,0.023706,0.019471,0.019406,0.020026,0.021403,0.026775,0.029895,0.019854,0.022064,0.024747,0.024494,0.023524,0.027054
0.023782,0.031936,0.02478,0.024052,0.031759,0.029689,0.021072,0.026219,0.029083,0.027842,0.024946,0.027277,0.02146,0.024649,0.034999,0.027549,0.025411,0.023892,0.023272,0.025916,0.028416,0.022849,0.021488,0.033679,0.025782,0.026352,0.03914,0.02126,0.021974,0.022649,0.024956,0.034391,0.026065,0.024055,0.026654,0.022826,0.022907,0.02198,0.034071,0.024056,0.022974,0.027608,0.024004,0.024396,0.020068
0.025288,0.018752,0.027849,0.021134,0.033531,0.032452,0.019626,0.026637,0.024087,0.02141,0.026838,0.022652,0.024176,0.028254,0.021082,0.021568,0.020354,0.027561,0.022727,0.023708,0.028666,0.023313,0.028669,0.020344,0.023507,0.024741,0.024529,0.0077983,0.017879,0.022747,0.02265,0.018935,0.024889,0.023779,0.025542,0.020687,0.012183,0.0089562,0.014602,0.020899,0.024749,0.021148,0.020937,0.016765,0.0060247
0.018367,0.0072527,0.019511,0.017227,0.0073005,0.015472,0.010686,0.018491,0.010385,0.0067521,0.021335,0.017206,0.020675,0.020293,0.0075365,0.0057634,0.017774,0.018477,0.018146,0.012467,0.0057698,0.022698,0.019409,0.0038676,0.012816,0.019112,0.0099824,0.00046273,0.010723,0.0094417,0.0059826,0.0057745,0.0037387,0.018792,0.020922,0.013705,0.0030705,0.0018625,0.0021627,0.015782,0.018143,0.0081253,0.013671,0.0076719,0.0014246
0.0070045,0.00056904,0.0093168,0.011549,0.00025231,0.0062822,0.0039437,0.006223,0.0051754,0.0012853,0.0044874,0.011391,0.015715,0.007485,0.0016297,0.00063335,0.008962,0.0062229,0.012907,0.0032114,0.00080237,0.011677,0.0065616,0.00012067,0.0049333,0.0073252,0.0041565,2.9116e-05,0.0050128,0.00084762,0.00081221,0.0017648,9.8375e-05,0.0065304,0.0069147,0.0046028,0.00051857,0.00018519,0.00038288,0.0071969,0.0047743,0.0013145,0.0030385,0.0005494,5.3052e-05
0.0016832,1.0682e-05,0.0030162,0.0035309,0,0.0020878,0.00034876,0.0019849,0.00054947,6.3997e-05,0.00021984,0.0027861,4.0688e-06,0.0026086,0,5.7034e-05,0.0020309,0.0016295,0.0030939,0.00031664,5.5769e-06,0.0031193,0.00078287,0,0.0019406,0.0027807,0.00021906,0,0.00014051,0,8.8868e-05,0.00029136,3.4038e-06,0.0017155,0.0015036,0.0012249,3.2525e-05,1.1837e-06,8.9969e-05,0.00024247,0.00087194,0.00011472,0.00036631,3.1681e-06,1.9602e-06
5.4689e-05,0,5.3823e-05,0.00022086,0,4.8045e-05,1.0719e-05,0.00017471,0,7.4885e-07,0,9.987e-05,0,0,0,7.9145e-12,4.825e-05,9.1454e-05,0.00030303,2.1784e-07,0,0.0003396,3.3594e-05,0,0.00012436,5.9646e-05,0,0,7.6657e-07,0,0,0,0,0.00018088,6.1985e-06,0.00010517,0,1.9225e-08,2.8118e-06,0,1.1903e-05,9.4535e-08,1.1431e-06,0,0
0,0,0,0,0,0,0,0,0,0,0,0,0,0,0,0,0,0,3.267e-07,0,0,0,0,0,0,0,0,0,0,0,0,0,0,0,0,0,0,0,0,0,0,0,0,0,0
0.0068345,0.0077494,0.005341,0.0042739,0.0078615,0.0066132,0.005754,0.0049753,0.0065988,0.0068203,0.0058776,0.006049,0.0062362,0.0063484,0.0075162,0.0070576,0.0052717,0.0079635,0.00476,0.0072389,0.0077698,0.005138,0.0048071,0.0069114,0.0048368,0.005001,0.0075302,0.011121,0.0080277,0.0086015,0.0054058,0.0084516,0.0073914,0.0054735,0.0057165,0.0071645,0.009187,0.0090003,0.0079721,0.0059767,0.0063796,0.007448,0.0083379,0.0071864,0.0091516
0.016194,0.015013,0.0137,0.012194,0.017318,0.014491,0.014765,0.013065,0.012913,0.016692,0.01381,0.01306,0.012036,0.013442,0.021364,0.015973,0.013427,0.017316,0.012829,0.014391,0.015895,0.012621,0.010926,0.018568,0.012605,0.012941,0.018871,0.022402,0.01786,0.017913,0.016208,0.020452,0.013893,0.013038,0.011823,0.015711,0.018333,0.021953,0.018489,0.013586,0.015372,0.018976,0.018864,0.016392,0.019511
0.021116,0.029263,0.022485,0.020253,0.024321,0.021893,0.021565,0.020717,0.022361,0.026488,0.01972,0.022209,0.016782,0.020699,0.034647,0.02755,0.024072,0.023257,0.02068,0.020893,0.025332,0.022893,0.016679,0.031769,0.023816,0.022809,0.033109,0.020933,0.025089,0.020828,0.026385,0.028185,0.026377,0.020232,0.020569,0.020674,0.01912,0.025494,0.032181,0.020006,0.022396,0.025912,0.026472,0.02401,0.025356
0.026234,0.030313,0.030504,0.024286,0.040897,0.032275,0.021344,0.029386,0.032179,0.027367,0.028842,0.032183,0.025175,0.028366,0.036979,0.029384,0.025503,0.027103,0.027433,0.025365,0.033203,0.02549,0.02516,0.031742,0.026775,0.029928,0.039254,0.017684,0.030627,0.023578,0.024167,0.032651,0.0287,0.027299,0.028813,0.02229,0.020609,0.014983,0.030574,0.026162,0.028506,0.023805,0.028025,0.023503,0.016949
0.023004,0.014605,0.031796,0.020661,0.034424,0.031468,0.018534,0.026734,0.016943,0.015973,0.030418,0.024676,0.026304,0.031695,0.017932,0.016938,0.020954,0.028974,0.023072,0.019723,0.022703,0.030065,0.030136,0.013734,0.024536,0.026708,0.017114,0.0036271,0.025601,0.022903,0.016652,0.015668,0.018486,0.02452,0.028205,0.021366,0.0083024,0.0040654,0.0078799,0.021611,0.026383,0.019726,0.025824,0.014127,0.0033894
0.016187,0.0016747,0.021304,0.018096,0.0067766,0.01219,0.0077825,0.016434,0.0058707,0.0025683,0.010586,0.021201,0.025408,0.015646,0.006804,0.0024004,0.017961,0.012189,0.020208,0.0057192,0.002097,0.022574,0.011239,0.0019531,0.0077393,0.018127,0.0064856,0.00027604,0.016097,0.0061634,0.0012879,0.0039711,0.00068315,0.01418,0.021275,0.010995,0.00062482,0.00060186,0.0011585,0.017575,0.016502,0.0050714,0.013755,0.0033168,0.0002217
0.0030959,2.9981e-05,0.0081918,0.0083956,0.00025291,0.0031887,0.00138,0.0033778,0.00089255,0.00033758,0.0014469,0.011372,0.0078357,0.0037079,0.0010478,0.0003196,0.0044299,0.0027455,0.010944,0.00048079,0.00010988,0.0082828,0.001209,0.00025002,0.0025653,0.0073909,0.00054752,3.0457e-05,0.0074373,0.00022037,4.3691e-05,0.001193,1.3953e-05,0.0015318,0.0040352,0.0016783,9.9852e-06,2.062e-05,0.00013035,0.005142,0.0029298,0.00061829,0.0019378,6.7099e-05,9.4397e-07
0.0006375,3.2759e-08,0.002709,0.0013874,0,0.0011289,2.4034e-05,0.0012072,6.2967e-05,3.5329e-06,2.2734e-05,0.002095,1.543e-06,0.00038693,0,6.2742e-06,0.00084205,0.00033275,0.0018627,1.9067e-05,6.3228e-07,0.0025992,6.7997e-05,0,0.00014469,0.0029705,0,7.0339e-08,7.9054e-05,0,2.584e-06,0.00017398,2.8411e-07,0.00020784,0.00067945,0.0002363,1.8494e-08,4.1313e-08,1.5795e-05,0.00018069,0.00049858,1.7514e-05,0.00024731,3.2452e-09,0
9.133e-09,0,7.345e-05,1.6477e-05,0,1.6309e-05,0,4.0329e-05,0,0,0,0.00017084,0,0,0,0,3.1907e-07,8.0985e-07,0.000177,0,0,0.000331,1.8953e-06,0,2.1372e-09,0.0001518,0,0,1.7425e-06,0,0,0,0,4.885e-06,2.9011e-06,0,0,0,2.5498e-09,0,4.4704e-06,0,2.7231e-06,0,0
0,0,0,0,0,0,0,0,0,0,0,0,0,0,0,0,0,0,7.4713e-08,0,0,0,0,0,0,0,0,0,0,0,0,0,0,0,0,0,0,0,0,0,0,0,0,0,0
0.0064508,0.0072991,0.005168,0.00454,0.0079509,0.0062729,0.005922,0.0059047,0.0067701,0.0069216,0.0060732,0.0052144,0.0062221,0.0061755,0.0080062,0.0076162,0.0052415,0.0067344,0.0047888,0.0075227,0.0073366,0.0046812,0.0051935,0.0076955,0.005106,0.0051234,0.0076504,0.010829,0.0081451,0.0082072,0.0059094,0.0088928,0.007665,0.0060413,0.0061683,0.0067774,0.0092157,0.0089593,0.008544,0.0063184,0.0062892,0.0076446,0.007839,0.0077975,0.0091211
0.016795,0.015287,0.013722,0.012513,0.017575,0.014642,0.015034,0.01428,0.014093,0.01712,0.014052,0.013159,0.012056,0.012954,0.020392,0.018052,0.013876,0.015863,0.013041,0.014247,0.015984,0.013063,0.01235,0.018579,0.012841,0.01346,0.018789,0.019537,0.01892,0.017998,0.01635,0.021566,0.013216,0.014294,0.012009,0.014926,0.017517,0.023685,0.017864,0.014354,0.015401,0.019412,0.018549,0.01592,0.019382
0.02051,0.033272,0.024251,0.021699,0.025202,0.023703,0.022945,0.021087,0.028729,0.027863,0.021048,0.025053,0.018278,0.02076,0.037207,0.030483,0.02637,0.022182,0.021665,0.020019,0.026762,0.023744,0.017387,0.033568,0.025986,0.023933,0.033893,0.019864,0.027182,0.020782,0.026338,0.027634,0.029318,0.021487,0.020472,0.020214,0.017732,0.024393,0.034036,0.021496,0.023016,0.025951,0.027081,0.023963,0.024594
0.027149,0.028128,0.034043,0.024555,0.042814,0.031421,0.022574,0.031056,0.030417,0.025755,0.03073,0.033437,0.030663,0.032276,0.032337,0.029305,0.025398,0.02912,0.030224,0.025118,0.03658,0.029563,0.029351,0.029927,0.028655,0.032086,0.034289,0.01762,0.036844,0.025866,0.024506,0.029038,0.032946,0.027765,0.031096,0.026599,0.019286,0.0080049,0.026325,0.027876,0.032019,0.022281,0.030394,0.022202,0.014789
0.021497,0.0081813,0.032235,0.021469,0.029284,0.027185,0.017346,0.027343,0.011925,0.01132,0.027838,0.027484,0.03091,0.031988,0.014681,0.012868,0.024304,0.026217,0.023938,0.017807,0.01636,0.03149,0.025365,0.0069111,0.022287,0.028782,0.0090407,0.0028998,0.033732,0.021478,0.010325,0.014186,0.014685,0.024361,0.030903,0.019053,0.0057663,0.0017329,0.0047525,0.023111,0.028039,0.015556,0.025628,0.01341,0.0015753
0.010508,0.00024531,0.019328,0.016482,0.0044013,0.0065638,0.0058667,0.010257,0.0018136,0.0013187,0.0067706,0.025344,0.0226,0.0080368,0.0035975,0.001557,0.013623,0.0059303,0.020414,0.0010795,0.0012785,0.017974,0.0060953,0.0016921,0.0043451,0.015457,0.0023131,0.00016194,0.026058,0.003152,0.00052153,0.0030278,0.00031494,0.0065703,0.015474,0.0074321,6.1552e-05,0.00016221,0.00083164,0.017595,0.013315,0.0021224,0.01065,0.00075487,6.2162e-05
0.0016506,2.8669e-07,0.0059589,0.0061022,0.00010893,0.0019622,0.00031475,0.0028141,5.2805e-05,6.4221e-05,0.000342,0.0089169,0.0022111,0.0012671,0.0005847,5.5059e-05,0.0024575,0.00074472,0.008171,7.8722e-05,2.9536e-05,0.0049796,0.00032012,0.0002725,0.00077735,0.0063745,6.3183e-06,8.2023e-06,0.0040633,5.0655e-05,3.3309e-06,0.00087379,2.8053e-06,0.00051989,0.0018505,0.00081786,3.7205e-08,7.5247e-06,1.0468e-05,0.0034702,0.0012922,0.00043166,0.00086379,1.6013e-06,0
8.2899e-05,0,0.0020894,0.00044113,0,0.00037414,0,0.0004007,4.4366e-08,3.955e-08,1.7578e-06,0.0013732,1.0314e-06,1.6755e-05,0,0,0.00026184,1.5151e-07,0.0014674,0,0,0.0020202,5.918e-06,0,6.0883e-07,0.0022234,0,1.2274e-08,2.1523e-05,1.1301e-09,0,2.998e-06,9.9009e-08,1.3205e-05,0.00011086,1.9744e-05,0,1.5069e-09,6.1244e-08,0.00013899,7.6322e-05,2.1954e-07,0.00012312,0,0
0,0,5.7054e-06,0,0,0,0,0,0,0,0,4.1691e-05,0,0,0,0,0,0,1.8205e-05,0,0,1.3334e-05,0,0,0,5.5003e-06,0,0,5.7441e-07,0,0,0,0,0,0,0,0,0,0,0,0,0,1.5613e-06,0,0
0,0,0,0,0,0,0,0,0,0,0,0,0,0,0,0,0,0,0,0,0,0,0,0,0,0,0,0,0,0,0,0,0,0,0,0,0,0,0,0,0,0,0,0,0
0.0069866,0.0072632,0.0054538,0.0049083,0.007826,0.0060917,0.0061879,0.0053109,0.0071586,0.0068194,0.0062346,0.0053996,0.0060383,0.00589,0.0091894,0.008466,0.0056847,0.0062647,0.0046646,0.0077333,0.006935,0.0050262,0.0055673,0.0077379,0.0061377,0.0056762,0.0077948,0.010749,0.0080066,0.007555,0.0063285,0.009584,0.0076495,0.0059161,0.0065435,0.0070439,0.0091817,0.0089948,0.0078567,0.0063462,0.0062371,0.008533,0.007562,0.0077252,0.0088648
0.016777,0.015576,0.014453,0.013189,0.015563,0.014529,0.014811,0.014079,0.014649,0.016907,0.014341,0.014286,0.012237,0.013148,0.02213,0.018202,0.014195,0.01651,0.013143,0.014101,0.015554,0.013578,0.012649,0.019676,0.013724,0.014074,0.018494,0.018312,0.019903,0.017992,0.017538,0.022714,0.013754,0.013959,0.013305,0.016181,0.017431,0.024849,0.017421,0.014969,0.015308,0.020054,0.019139,0.016133,0.019972
0.020477,0.035493,0.025477,0.023498,0.024659,0.024438,0.023216,0.021657,0.033354,0.02854,0.023436,0.02753,0.019666,0.020596,0.04,0.033077,0.028645,0.021649,0.022021,0.019252,0.030009,0.023766,0.022698,0.041308,0.027299,0.025013,0.035693,0.020836,0.030589,0.023022,0.027283,0.027579,0.032231,0.02192,0.021044,0.0196,0.01728,0.025141,0.036522,0.024932,0.023521,0.026746,0.027829,0.026685,0.027529
0.027597,0.026692,0.036291,0.024848,0.042485,0.033591,0.02299,0.03171,0.026972,0.023992,0.033815,0.034306,0.033485,0.036227,0.026249,0.028607,0.027845,0.028552,0.03201,0.026704,0.03549,0.033469,0.036925,0.02814,0.03042,0.03295,0.03059,0.01707,0.037361,0.031254,0.025078,0.027663,0.035595,0.029175,0.033337,0.027245,0.018253,0.0086933,0.021473,0.029348,0.035239,0.02225,0.032484,0.022015,0.011969
0.020776,0.0041579,0.031903,0.02365,0.023993,0.021066,0.016911,0.02493,0.0094855,0.008473,0.024336,0.032739,0.037315,0.028777,0.012582,0.010162,0.027078,0.022427,0.027689,0.013198,0.012858,0.030175,0.022912,0.0050437,0.018826,0.029524,0.0065617,0.0033307,0.03763,0.017475,0.0075336,0.012624,0.011668,0.023013,0.031097,0.018429,0.005178,0.00094775,0.0041184,0.024894,0.028065,0.012573,0.027582,0.011067,0.0010227
0.0072354,8.5998e-05,0.015822,0.01534,0.0021687,0.004528,0.0039271,0.0080878,0.00024521,0.0007022,0.0047014,0.024784,0.019377,0.0046818,0.002477,0.001055,0.010422,0.0032712,0.022194,0.00031247,0.0018944,0.015359,0.0052984,0.001381,0.003157,0.013279,0.0010637,1.2142e-05,0.0328,0.0012958,0.00036939,0.0032078,0.00038174,0.0042909,0.01247,0.0056389,3.9565e-05,1.6635e-05,0.000473,0.014735,0.0091356,0.0023793,0.0080114,0.00030368,8.8682e-06
0.00083966,3.3434e-09,0.0044949,0.0039305,1.7418e-06,0.001232,3.54e-05,0.0024951,2.6042e-06,3.2833e-06,0.00017934,0.0062145,0.00065147,0.00054074,0.00030528,5.9355e-07,0.0015134,0.00014387,0.0088914,7.7796e-07,2.2506e-05,0.0043149,0.00014664,5.5394e-05,9.7264e-05,0.006793,0,0,0.0044322,2.1735e-05,9.3305e-07,0.00012039,2.8245e-06,0.00025781,0.0018006,0.00070483,0,3.7995e-07,8.1854e-07,0.0020859,0.00081034,0.00045557,0.00029851,4.7446e-08,0
8.4707e-07,0,0.00111,1.4937e-05,0,3.579e-05,0,3.3019e-05,0,0,0,0.00078484,3.1729e-06,4.1073e-08,0,0,1.493e-05,0,0.0017754,0,0,0.00041594,2.7402e-07,0,0,0.00082877,0,0,0.00011148,2.5559e-07,0,0,4.2963e-10,7.7191e-08,2.9631e-05,0,0,0,0,1.947e-05,2.6572e-06,0,8.5665e-07,0,0
0,0,0,0,0,0,0,0,0,0,0,3.6658e-07,0,0,0,0,0,0,0,0,0,0,0,0,0,0,0,0,2.8277e-07,0,0,0,0,0,0,0,0,0,0,0,0,0,0,0,0
0,0,0,0,0,0,0,0,0,0,0,0,0,0,0,0,0,0,0,0,0,0,0,0,0,0,0,0,0,0,0,0,0,0,0,0,0,0,0,0,0,0,0,0,0
0.0097721,0.0071935,0.0069049,0.0055489,0.0080115,0.0084045,0.0066427,0.0068967,0.0067483,0.0080402,0.0070632,0.0059756,0.0059868,0.0064429,0.009557,0.01037,0.0054261,0.008269,0.005807,0.007372,0.0068774,0.0056122,0.0087623,0.0087629,0.0086159,0.0068613,0.0075959,0.010592,0.0081347,0.0082695,0.0079822,0.010456,0.0081857,0.0076427,0.0076741,0.0079302,0.0088933,0.009335,0.0083623,0.0062262,0.0063408,0.0096437,0.0081431,0.0076376,0.0093003
0.020433,0.015063,0.018389,0.014944,0.015604,0.018368,0.016286,0.016301,0.01413,0.018146,0.015106,0.015922,0.012443,0.014097,0.028032,0.024501,0.014798,0.018774,0.01534,0.014101,0.015802,0.014959,0.014599,0.021692,0.01695,0.017625,0.018574,0.018077,0.019824,0.018483,0.018693,0.025149,0.013792,0.016631,0.016036,0.018238,0.017413,0.025443,0.017674,0.015727,0.016393,0.022243,0.020144,0.016234,0.020201
0.023172,0.033792,0.030114,0.025974,0.027483,0.027698,0.025378,0.025826,0.035649,0.032478,0.026621,0.031513,0.02128,0.023331,0.047998,0.040425,0.029952,0.022776,0.024339,0.019476,0.032503,0.02516,0.024273,0.051433,0.032995,0.027986,0.036113,0.026591,0.033203,0.0271,0.02936,0.029846,0.037576,0.022366,0.026605,0.022701,0.020072,0.02818,0.039403,0.026552,0.023679,0.028668,0.028257,0.027275,0.026539
0.026556,0.024621,0.038652,0.028416,0.041891,0.037186,0.024644,0.032148,0.025045,0.022152,0.038234,0.036576,0.035568,0.044566,0.024245,0.027365,0.031654,0.030539,0.035383,0.030461,0.033654,0.038088,0.042983,0.027414,0.039524,0.039637,0.028861,0.019908,0.039533,0.031207,0.025659,0.027077,0.035977,0.033468,0.040282,0.028022,0.017115,0.013813,0.019364,0.03169,0.03929,0.021645,0.035355,0.024359,0.0097437
0.019931,0.0032715,0.031578,0.024911,0.022522,0.017739,0.016582,0.023461,0.0086925,0.0069074,0.020857,0.036867,0.047565,0.025845,0.012041,0.0090063,0.029302,0.019086,0.033486,0.01105,0.011425,0.026854,0.023876,0.0057719,0.017237,0.030093,0.0066398,0.0025501,0.038629,0.01483,0.0065197,0.013234,0.010055,0.021206,0.029279,0.018215,0.0046172,0.003071,0.0044217,0.025832,0.026631,0.01114,0.02775,0.0095395,0.00063579
0.0064252,6.2874e-05,0.015987,0.015114,0.001449,0.0046855,0.0027035,0.0079654,4.1308e-05,0.00043801,0.0036377,0.023318,0.014896,0.0039191,0.002281,0.00082616,0.00932,0.0028031,0.023316,3.863e-05,0.0021595,0.014788,0.0050658,0.0009608,0.0024841,0.011806,0.00053301,4.525e-05,0.030751,0.00077026,0.00037487,0.0028542,0.00050001,0.0039081,0.011146,0.0055923,2.8226e-05,4.4099e-06,0.0003179,0.013981,0.0076798,0.0029668,0.0063035,0.00018301,4.9755e-08
0.00048131,0,0.0038792,0.0027786,0,0.00049654,1.7166e-06,0.0024899,0,4.7556e-09,0.00017097,0.004645,0.00034042,0.0001597,1.6218e-05,9.9861e-08,0.0010051,2.8698e-05,0.0093828,0,8.2599e-06,0.0030989,0.00016095,6.6783e-06,5.7336e-06,0.0064692,0,0,0.0049443,1.6196e-05,5.7708e-07,1.7273e-08,1.2828e-06,0.00027947,0.0026697,0.00056223,0,2.0647e-08,3.0506e-07,0.00083194,0.00065064,0.00014199,0.00015527,1.319e-07,0
0,0,0.0006991,0,0,0,0,0,0,0,0,0.00033292,5.1035e-07,0,0,0,8.3714e-08,0,0.001747,0,0,5.4368e-05,2.6536e-08,0,0,0.0001253,0,0,0.00018594,0,0,0,0,0,2.383e-05,0,0,0,0,1.802e-07,4.2893e-08,0,2.2736e-07,0,0
0,0,0,0,0,0,0,0,0,0,0,0,0,0,0,0,0,0,0,0,0,0,0,0,0,0,0,0,0,0,0,0,0,0,0,0,0,0,0,0,0,0,0,0,0
0,0,0,0,0,0,0,0,0,0,0,0,0,0,0,0,0,0,0,0,0,0,0,0,0,0,0,0,0,0,0,0,0,0,0,0,0,0,0,0,0,0,0,0,0
