0.023982,0.013945,0.025434,0.00091964,0.018001,0.00051738,0.027514,0.0038129,0.010263,0.00054021,0.011952,3.5045e-05,0.031029,0.032115,0.00024847,0.00043177,0.066067,9.0788e-06,0.020228,0.010031,0.034725,0.13087,0.0036078,0.038052,0.0062599,0.0036962,0.00020359,0.0038302,1.5973e-05,0.030986,0.029682,0,0.010893,0.001257,0.022543,0.00040119,5.9332e-06,0.004985,0.015102,2.1591e-05,5.2335e-05,0.015889,2.6266e-05,1.3379e-06,0.00040146
0.017167,0.00089435,0.027627,0,0.0025497,7.831e-06,0.034316,0.0020693,0.0067092,0.00033007,0.0010789,3.3217e-05,9.2838e-05,5.7505e-06,0.10246,3.8208e-06,0.0056017,4.0305e-06,5.8943e-06,0.007721,0.00010626,0.010265,0.050346,0.0098711,7.0523e-05,0,0,0.0018332,0,0.002066,5.5158e-06,0,0.05382,0.0024248,0,0.0003137,0.00011701,3.0037e-05,0.021832,8.2755e-05,0,1.6225e-06,5.337e-05,0.032055,0.00025885
0.00049964,0.0053025,0.03662,0.00045928,0.0082325,0.0025436,0.034282,0.011333,0.024164,0.0032929,0.0044588,0.011731,0.00029099,0,0.0078709,4.3821e-06,0.012174,7.4684e-06,6.1823e-05,0.035051,0.0015371,4.5552e-05,0.016596,0.0051891,1.6493e-06,0.0022247,0,0.0023442,3.47e-06,0.014612,2.5876e-05,0,0.016496,0.014199,0.00030314,9.4155e-05,0.0094675,0.041858,1.7206e-05,0.00024672,2.6238e-05,0,0,0.016257,0.0024161
0.050227,0.0133,0.010071,1.7297e-06,0.0055097,0.0053475,0.077394,0.010735,0.047516,6.1045e-05,0.0026924,0,0.00046332,0,0.0068719,0,0.019691,0,9.9481e-06,0.069462,0.00033727,8.7142e-05,0.049023,0.0054046,3.2623e-06,0,0,0.021332,2.7348e-05,0.0029208,0.00022097,0,0.0042186,0.073284,7.1203e-06,0.022132,0.0010682,0.016826,3.1445e-05,0.00025485,0,0,0.00028143,0.013999,0.032062
0.0835,0.014859,0.25435,0.1358,0.37097,0.024311,0.16368,0.25926,0.10321,0.085771,0.052932,0.00084073,0.001694,0.00064109,0.27766,0.29261,0.032587,0.066779,0.37335,0.20406,0.00097786,0.0096024,0.25488,0.021673,0.085791,0.28794,0.025828,0.031845,0.16279,0.088486,0.0026287,0,0.24732,0.18305,0.00053296,0.23178,0.011024,0.26442,0.28901,0.41824,0.33843,0.012394,0.24071,0.016267,0.033172
0.24786,0.5938,0.22348,0.59114,0.48216,0.18445,0.28091,0.53731,0.35814,0.6886,0.2386,0.4626,0.19025,0.19639,0.25505,0.51361,0.022678,0.23049,0.038293,0.20409,0.43878,0.011485,0.26022,0.14117,0.41207,0.52025,0.75047,0.14276,0.40641,0.21795,0.062523,0.75141,0.34045,0.40415,0.080019,0.42194,0.22185,0.30753,0.18643,0.42871,0.41648,0.73745,0.48527,0.015094,0.34175
0.10837,0.030527,0.0062849,0,0.0086825,0.030167,0.075358,0.0216,0.084969,0.00028549,0.043152,0,0.0037149,0.0061591,0.013835,0.00015112,0.0052899,0.04627,0.055863,0.16216,0.0016446,0.010083,0.14165,0.033024,0,0,0,0.060933,0.0028967,0.034895,0.0054,0,0.023743,0.20666,0.0018462,0.09042,0.0216,0.043523,3.0639e-05,0.00017759,0.00021736,0.046061,0,0.064836,0.12612
0.12441,0.012041,0.12946,0.00039082,0.017878,0.015654,0.062616,0.015568,0.082424,0.018409,0.032234,0.029609,0.011717,0.0053521,0.036612,0.00011041,0.0054687,0.0019585,0.095399,0.12694,0.014678,0.0031763,0.0049757,0.03804,0,0.0086688,0,0.014473,0.00079415,0.062443,0.002711,0,0.020042,0.040276,0.011775,9.3251e-05,0.0082389,0.069965,0.23572,0.00024145,8.8592e-05,0,0,0.16433,0.00055149
0.055178,0.018205,0.015916,0,0.029932,0.0061246,0.073003,0.0052878,0.1302,0.0036985,0.0062439,0.0030929,0.018868,0.007049,0.085095,1.4791e-05,0.0026822,0.0060005,0.12366,0.045715,0.0012141,0.0097663,0.14162,0.061827,0.00072541,0,0,0.033629,0.00082104,0.15043,0.012369,0,0.03545,0.021128,0.0013767,0.0029232,0.016713,0.017867,0.00026673,0.00011317,8.2073e-05,1.5208e-06,0,0.063634,0.0081664
0.2888,0.29713,0.27076,0.27128,0.05608,0.73088,0.17092,0.13302,0.1524,0.19901,0.60666,0.49206,0.74188,0.75229,0.2143,0.19306,0.82776,0.64848,0.29312,0.13477,0.506,0.81462,0.077083,0.64575,0.49508,0.17722,0.2235,0.68702,0.42624,0.3952,0.88443,0.24859,0.24756,0.053581,0.8816,0.2299,0.70992,0.23299,0.25155,0.15191,0.24462,0.1882,0.27365,0.61352,0.4551
0.66909,0.40193,0.8864,0.85729,0.6082,0.14279,0.37625,0.57279,0.62233,0.717,0.19158,0.33415,0.95346,0.95332,0.80175,0.78396,0.98759,0.38983,0.65896,0.57754,0.31756,0.96991,0.30346,0.97702,0.24641,0.75739,0.86905,0.095117,0.88581,0.52462,0.97723,0.88879,0.92234,0.78415,0.98461,0.62987,0.92232,0.65582,0.75885,0.8716,0.87042,0.77681,0.66319,0.91486,0.33687
0.056923,0.1908,0.098899,0.086191,0.25167,0.83969,0.37172,0.14333,0.34334,0.078756,0.058841,0.10977,0.0054101,0.0051289,0.062367,0.14704,0,0.53611,0.2085,0.063192,0.15163,0.00037205,0.36639,0.01663,0.13041,0.084497,0.075854,0.85398,0.071616,0.16694,1.7216e-06,0.078898,0.026404,0.087962,0,0.15063,0.05673,0.075245,0.19916,0.085297,0.09833,0.21376,0.07781,0.067872,0.12849
0.0033267,0.030342,0.011476,0.014938,0.019332,0.0084565,0.011585,0.12236,0.01083,0.040394,0.70623,0.44949,0.0051451,0.0023318,0.0010522,0.039847,0,0.067479,0.10852,0.21023,0.020806,0.00055778,0.22112,0.0025748,0.61494,0.15575,0.010675,0.03038,0.013174,0.27764,6.8599e-05,0.016258,0.0073448,0.058656,0,0.031617,0.0093315,0.041529,0.0040405,0.030131,0.022083,0.0066654,0.022533,0.013112,0.029308
0.15232,0.31702,0.00094581,0.0019121,0.0039566,0.0061887,0.17762,0.032815,0.02027,0.16226,0.032173,0.10395,0.033434,0.010991,0.031289,0.0078581,2.7599e-06,0.0049401,0.021744,0.14818,0.48729,0.00087505,0.065742,0.00028426,0.0066877,0.0017139,0.0041459,0.0045422,0.028728,0.023998,0.021334,0.0026766,0.010266,0.060312,0,0.18131,0.009979,0.2269,0.0058124,0.0059458,0.0019824,0.0011009,0.23091,0.0023963,0.40004
0.085369,0.055897,0.0020845,0.039667,0.10176,0.0020173,0.052849,0.12296,0.0031853,0.0015751,0.0063537,0.002351,0.0024174,0.027739,0.098874,0.00095894,0.010298,0.0013049,0.0021993,0.00081725,0.01889,0.0031499,0.017697,0.0032732,0.0014547,0.00064747,0.040245,0.0048169,0.0006426,0.0048271,0.0013243,0.013272,0.018397,0.0087126,0.0046211,0.0053939,0.0011791,0.00044741,0.032133,0.0022641,0.0061216,0.00166,0.004971,0.00043751,0.10285
0.029227,0.0033165,0.00019739,0,0.015023,0.00073118,0.0065243,0.0056519,4.0498e-05,9.9369e-06,0.0045138,0.0002387,0.00012814,0.00038108,0.0044974,0.019627,0.0020062,0.00029054,7.3885e-05,5.1823e-05,0.002245,0.023692,0.020621,0.00020598,9.2052e-05,0,2.2921e-05,0.0020672,2.5031e-05,0.0019556,4.1764e-05,0.00010569,0.014835,0.00020395,0.0096322,0.0011801,0.00040371,5.978e-05,3.3852e-06,0.0046289,0.0010618,0,0.00057733,0.0013089,0.0020676
0.0031356,0.00063435,0,0,5.6377e-05,2.3029e-05,0.0024702,5.3494e-06,0,0,0.00024295,3.91e-05,2.4744e-06,9.9094e-05,0.00016128,0.00070174,8.7061e-05,4.6787e-05,0,0,0.0013947,0.0014348,0.0049238,6.9758e-06,5.4711e-06,0,0,0.0083637,0,1.5601e-05,0,0,0.00039104,0,0.0010926,0,5.2966e-05,0,0,0.00013239,0,0,5.8923e-06,9.7514e-06,0.0003521
0.00046301,6.3943e-05,0,0,0,7.7326e-05,0.00090729,0,0,0,5.3528e-05,3.1809e-06,0,1.0215e-05,1.0368e-05,0,1.3207e-05,1.9173e-06,0,0,0.00013368,4.4926e-06,5.0748e-05,0,0,0,0,0.00071598,0,0,0,0,1.9463e-05,0,4.0084e-05,0,7.2211e-06,0,0,0,0,0,0,2.3319e-06,3.3726e-05
0.0001397,0,0,0,0,2.7161e-05,7.4228e-05,5.7733e-05,0,0,1.0011e-05,0,0,0,0,0,9.0034e-07,0,0,0,4.6073e-05,0,0,0,0,0,0,1.5842e-05,0,0,0,0,4.4858e-06,0,0,0,4.0035e-07,0,0,0,0,0,0,0,0
5.0491e-06,0,0,0,0,3.3283e-06,7.4475e-07,1.8628e-05,0,0,0,0,0,0,0,0,0,0,0,0,0,0,0,0,0,0,0,0,0,0,0,0,0,0,0,0,0,0,0,0,0,0,0,0,0
0.16242,0.039691,0.00031595,0.0098008,0.017678,0.10399,0.24132,0.042845,0.029758,0.062733,0.080996,0.048802,0.16745,0.23675,0.083211,0.0023314,0.15727,0.095146,0.38885,0.059517,0.070878,0.14387,0.090213,0.088838,0.10055,0.020532,0.010666,0.1137,0.096263,0.13957,0.12268,0.0046709,0.027173,0.023028,0.15403,0.040832,0.10133,0.045081,0.044931,0.00036587,0.0028866,0.00013467,0.048159,0.099494,0.068206
0.108,0.046594,0.00015757,0.0070505,0.047398,0.10108,0.083884,0.042445,0.0216,0.026575,0.066327,0.056649,0.13079,0.19425,0.13472,0.0078632,0.14269,0.11209,0.11226,0.055251,0.074283,0.1273,0.07628,0.087564,0.08872,0.014706,0.0083225,0.11522,0.084444,0.13125,0.10642,0.0035668,0.025105,0.01406,0.15045,0.032536,0.079321,0.049766,0.049209,0.00044601,0.0021937,0.00022638,0.034535,0.10719,0.067595
0.108,0.043445,0.00016776,0.0037118,0.016899,0.091083,0.059779,0.045951,0.028399,0.042934,0.078511,0.055381,0.12997,0.16368,0.11713,0.0056881,0.14571,0.10602,0.12227,0.036368,0.071599,0.13117,0.064495,0.095476,0.083434,0.00942,0.0076551,0.11716,0.097547,0.11526,0.10454,0.0028095,0.026324,0.0074654,0.13959,0.02377,0.091622,0.038264,0.05326,0.00029251,0.001314,0.00013366,0.031706,0.10534,0.055082
0.1212,0.045217,6.1638e-05,0.00043757,0.0062271,0.10205,0.056273,0.034842,0.028116,0.0086398,0.088704,0.066245,0.1256,0.1655,0.10036,0.0021519,0.12652,0.10573,0.10007,0.020018,0.058581,0.13471,0.067402,0.093492,0.080701,0.0063799,0.0052317,0.11037,0.088343,0.10938,0.10506,0.00079215,0.095485,0.071597,0.12941,0.019681,0.097593,0.02739,0.051459,0.00026296,0.00022607,7.6531e-05,0.022773,0.091251,0.05318
0.11194,0.043265,5.2269e-05,0.00031162,0.0050146,0.09569,0.087252,0.019167,0.026355,0.0010795,0.07708,0.065825,0.11852,0.11644,0.097433,0.00043369,0.13435,0.1043,0.10532,0.0061932,0.051488,0.13333,0.058977,0.092052,0.10777,0.0040947,0.0030597,0.10615,0.084437,0.15441,0.10872,0.00011067,0.29312,0.2143,0.1119,0.018122,0.097608,0.026346,0.046336,0.00026368,6.0557e-05,2.8196e-05,0.016598,0.094916,0.047867
0.17185,0.02923,0.068332,0.39557,0.0018682,0.10985,0.14148,0.0087551,0.027495,0.00058098,0.082129,0.059181,0.11433,0.11031,0.11473,0.0045916,0.11162,0.09173,0.081159,0.001482,0.052971,0.11406,0.12176,0.090995,0.18502,0.00035558,0.0031231,0.16168,0.096664,0.23429,0.11079,4.6813e-05,0.13209,0.16719,0.12165,0.10545,0.12431,0.099907,0.040432,0.00023801,0.00029425,3.871e-05,0.01624,0.093721,0.15952
0.1589,0.038337,0.29942,0.57754,0.0033068,0.093494,0.074271,0.0057467,0.1995,0.00050022,0.15969,0.058175,0.10177,0.0087476,0.11035,0.20283,0.10462,0.10385,0.055171,0.0019454,0.30787,0.10886,0.23755,0.086795,0.055609,0.10991,0.0014984,0.1893,0.078383,0.089616,0.09995,1.4184e-05,0.10922,0.0034137,0.10925,0.34985,0.14551,0.20573,0.043321,0.00088454,0.06597,0.17488,0.01653,0.10647,0.17934
0.029191,0.047431,0.33935,0.0014831,0.0086144,0.16812,0.054639,0.25539,0.33982,0.45739,0.16652,0.036641,0.09578,0.0042595,0.11371,0.3856,0.077173,0.10697,0.033858,0.19152,0.042102,0.089487,0.28313,0.10456,0.061856,0.22713,0.00065424,0.08238,0.090635,0.024591,0.083301,0.36458,0.12228,0.021012,0.077688,0.38803,0.13868,0.25725,0.060635,0.56781,0.26878,0.32125,0.25293,0.086973,0.050394
0.017899,0.022961,0.25584,0.0034059,0.018861,0.13341,0.10376,0.48266,0.20005,0.39957,0.056179,0.23034,0.015197,6.4813e-05,0.098174,0.38217,3.9145e-05,0.083573,0.0010249,0.32042,0.033145,0.016377,0.00019616,0.14056,0.14557,0.35761,0.42323,0.0024188,0.092157,0.00098403,0.080185,0.20389,0.13649,0.27442,0.0059135,0.021721,0.12369,0.166,0.46292,0.42816,0.33424,0.33186,0.44005,0.11439,0.14083
0.010611,0.64383,0.036309,0.00068824,0.87413,0.0012215,0.097352,0.062205,0.098906,0,0.14387,0.32276,0.00060151,0,0.030196,0.0063323,9.0034e-07,0.09059,5.8939e-06,0.30729,0.23708,0.00083989,0,0.11967,0.090773,0.24986,0.53656,0.0016154,0.19113,0.00064222,0.078359,0.41952,0.032713,0.20351,0.00011451,0,0.00034314,0.084273,0.1475,0.0012695,0.32403,0.17137,0.12048,0.10026,0.17799
0.11489,0.24394,0.049037,0.016959,0.038057,0.63371,0.15394,0.0061812,0.095204,0.030283,0.50052,0.25007,0.0098028,0.79946,0.10952,0.0061114,0.0088186,0.54789,0.29657,0.14929,0.36949,0.22166,0.041927,0.003361,0.4642,0.00035316,0.055154,0.65803,0.066617,0.36249,0.054185,0.14841,0.032573,0.040365,0.094713,0.11822,0.59584,0.2455,0.21664,0.023807,0.0171,0.12003,0.3155,0.44464,0.40359
0.093262,0.073888,0.044837,0.097669,0.012675,0.13723,0.15846,0.023397,0.1398,0.084444,0.13233,0.081937,0.4936,0.12728,0.064878,0.005724,0.090965,0.11601,0.35253,0.10776,0.059283,0.69972,0.10001,0.018125,0.13903,0.0026057,0.06817,0.10584,0.26728,0.22777,0.69742,0.11247,0.034874,0.063758,0.10206,0.024596,0.16679,0.079052,0.27574,0.0018554,0.048504,0.1027,0.08193,0.2329,0.04889
0.23515,0.31465,0.038405,0.097751,0.73289,0.11462,0.20853,0.13605,0.12145,0.034937,0.19794,0.093999,0.36226,0.025419,0.4521,0.0045136,0.78252,0.10302,0.27263,0.13741,0.083602,0.038604,0.29257,0.59401,0.1948,0.092079,0.12528,0.10309,0.36303,0.13589,0.209,0.26189,0.37941,0.096002,0.68578,0.041114,0.12366,0.22409,0.21508,0.0016458,0.032318,0.1839,0.12812,0.23547,0.078707
0.49662,0.23578,0.080924,0.28313,0.13583,0.064751,0.15236,0.43209,0.22944,0.55043,0.10448,0.25436,0.04444,0.025142,0.23642,0.42982,0.030737,0.14195,0.068793,0.1764,0.3388,0.0040186,0.43412,0.26222,0.14685,0.4698,0.28376,0.072818,0.18398,0.22734,0.027379,0.28246,0.23902,0.19291,0.083441,0.33207,0.091246,0.24302,0.18056,0.15821,0.11564,0.23436,0.22456,0.070581,0.29737
0.054783,0.057715,0.45746,0.35299,0.036025,0.022713,0.095108,0.32509,0.11848,0.20898,0.02886,0.25058,0.082275,0.022428,0.11955,0.4459,0.036418,0.074837,0.005174,0.19455,0.065313,0.013607,0.076658,0.10982,0.03883,0.2833,0.2421,0.03724,0.093627,0.028478,0.0053274,0.10619,0.23482,0.4021,0.017294,0.38616,0.022465,0.09317,0.088176,0.60419,0.56151,0.24819,0.18034,0.016412,0.12377
0.00024481,0.044352,0.27739,0.14048,0.0067253,0.011594,0.15597,0.023049,0.10672,0.037279,0.020742,0.069049,0.0076158,0.00027192,0.0089307,0.096338,0.045112,0.016302,0,0.17945,0.071816,0.019343,0.015535,0.012471,0.016285,0.11165,0.20915,0.016168,0.025472,0.01712,0.0066336,0.079294,0.07391,0.17487,0.016705,0.057307,0,0.062341,0.02376,0.11831,0.18268,0.081332,0.055693,0,0.0090289
0,0.029679,0.051949,0.011022,0.0070224,0.0033589,0.075634,0.00027442,0.17518,0.053648,0.0072014,7.2623e-06,0,0,0.0042212,0.011599,0.0054315,0,0,0.047567,0.011695,0.0030463,0,0,0,0.040218,0.016394,0.0067994,0,0.00091166,5.4641e-05,0.0092811,0.005391,0.029992,0,0.040526,0,0.04178,3.47e-05,0.091983,0.042254,0.029492,0.013859,0,0.010583
0.0050467,0,0,0,0.030776,0.012023,0,0.053864,0.013728,0,0.0079217,0,0,0,0.0043806,0,0,0,0.0043042,0.0075727,0,0,0.039188,0,0,0,0,1.5291e-05,0,0,0,0,0,0,0,0,0,0.011045,0,0,0,0,0,0,0.028061
0,0,0,0,0,0,0,0,0,0,0,0,0,0,0,0,0,0,0,0,0,0,0,0,0,0,0,0,0,0,0,0,0,0,0,0,0,0,0,0,0,0,0,0,0
0,0,0,0,0,0,0,0,0,0,0,0,0,0,0,0,0,0,0,0,0,0,0,0,0,0,0,0,0,0,0,0,0,0,0,0,0,0,0,0,0,0,0,0,0
0.067101,0.19695,0,0,0,0.69034,0.053883,0,1.9328e-05,0,0.46908,0.17813,0,0.85165,0.073714,0,0.0038282,0.48252,0.27819,0.049975,0.30746,0.00021208,0,0,0.25989,0,0,0.61471,0.00062918,0.1997,0,0,0,0,0,0.10836,0.59297,0.1141,0.021051,0,0,0,0.20741,0.30716,0.36342
0.15559,0.1716,5.0905e-06,0.014053,0.10223,0.18067,0.19369,0.013858,0.0053612,0.14898,0.28435,0.15267,0.25933,0.13265,0.060592,0.00037937,0.0078075,0.27777,0.4676,0.077523,0.20066,0.97739,0,0,0.41548,7.8844e-06,0,0.28085,0.063742,0.3249,0.87902,0.011861,0.01159,0.058645,0.11996,0.075546,0.36777,0.12074,0.46615,0,0.0071146,0.00066043,0.027561,0.5903,0.13315
0.1697,0.14483,0.00052948,0.026667,0.7362,0.12333,0.27148,0.13428,0.064725,0.05286,0.044425,0.31962,0.7337,0.012008,0.45422,0.018537,0.98836,0.23971,0.25421,0.23275,0.016613,0.020838,0.14005,0.87746,0.31797,0.1061,0.043538,0.10444,0.93563,0.47517,0.11204,0.91151,0.075082,0.071571,0.87531,0.017006,0.039256,0.29394,0.47629,0.0059756,5.4253e-05,0.39917,0.32124,0.10254,0.011617
0.60761,0.48662,0.86588,0.49728,0.16157,0.0056606,0.19244,0.14743,0.92989,0.54186,0.20214,0.089272,0.0069677,0.0036959,0.41147,0.87454,7.5206e-07,0,0,0.63975,0.44044,0.00037636,0.85995,0.12254,0.0066605,0.49118,0.95387,0,0,0.00022931,0.0089355,0.076628,0.91333,0.43162,0.0047341,0.18501,0,0.47123,0.03651,0.011004,0.00010226,0.60017,0.44379,0,0.49181
0,0,0.13358,0.462,0,0,0.2885,0.70444,0,0.2563,0,0.26031,0,0,0,0.10654,0,0,0,0,0.034833,0.0011818,0,0,0,0.40271,0.002586,0,0,0,0,0,0,0.43817,0,0.61407,0,0,0,0.98302,0.99273,0,0,0,0
0,0,0,0,0,0,0,0,0,0,0,0,0,0,0,0,0,0,0,0,0,0,0,0,0,0,0,0,0,0,0,0,0,0,0,0,0,0,0,0,0,0,0,0,0
0,0,0,0,0,0,0,0,0,0,0,0,0,0,0,0,0,0,0,0,0,0,0,0,0,0,0,0,0,0,0,0,0,0,0,0,0,0,0,0,0,0,0,0,0
0,0,0,0,0,0,0,0,0,0,0,0,0,0,0,0,0,0,0,0,0,0,0,0,0,0,0,0,0,0,0,0,0,0,0,0,0,0,0,0,0,0,0,0,0
0,0,0,0,0,0,0,0,0,0,0,0,0,0,0,0,0,0,0,0,0,0,0,0,0,0,0,0,0,0,0,0,0,0,0,0,0,0,0,0,0,0,0,0,0
0,0,0,0,0,0,0,0,0,0,0,0,0,0,0,0,0,0,0,0,0,0,0,0,0,0,0,0,0,0,0,0,0,0,0,0,0,0,0,0,0,0,0,0,0
0.13298,0.30193,3.2214e-06,0.033571,0.19112,0.4234,0.11835,0.13629,0.028994,0.084542,0.42277,0.31932,0.5251,0.64911,0.12816,0.039434,0.80201,0.35966,0.29407,0.12991,0.36063,0.91582,0.13124,0.38037,0.40244,0.099843,0.082687,0.3954,0.24076,0.15101,0.82244,0.01138,0.16949,0.066557,0.83639,0.18955,0.36553,0.24059,0.22569,0.032577,0.0065765,0.044495,0.20661,0.54591,0.32168
0.045849,0.05549,6.3553e-05,0.0037412,0.01855,0.043666,0.022847,0.043726,0.045187,0.037939,0.043816,0.054471,0.083527,0.15912,0.071822,0.017235,0.086988,0.078449,0.077989,0.0065185,0.029445,0.05645,0.024001,0.070958,0.069367,0.091343,0.028563,0.054175,0.094354,0.08917,0.091131,0.0014299,0.068014,0.048047,0.057631,0.069632,0.04626,0.020752,0.064487,0.0078153,0.044898,0.033552,0.075692,0.13634,0.061023
0.061007,0.03769,2.6213e-05,0.011936,0.021488,0.022751,0.029984,0.010335,0.0092736,0.034251,0.023047,0.058772,0.049187,0.070261,0.066913,0.014679,0.043511,0.036976,0.114,0.0096853,0.052099,0.015875,0.027612,0.049894,0.054881,0.066441,0.029681,0.021903,0.033395,0.1046,0.028713,2.6005e-06,0.084494,0.02344,0.036023,0.063718,0.017144,0.013119,0.03449,0.013707,0.0015487,0.033623,0.029707,0.065527,0.024557
0.03696,0.031945,1.5826e-05,0.0047679,0.04093,0.025467,0.014567,0.026111,0.03661,0.029531,0.030262,0.025611,0.062378,0.020534,0.028847,0.0084191,0.022703,0.0045528,0.11676,0.020419,0.01004,0.0033712,0.041354,0.077348,0.050625,0.021112,0.029928,0.02635,0.013622,0.057303,0.019747,0,0.059669,0.019869,0.014275,0.056784,0.018172,0.028806,0.020821,0.054584,0.00017309,0.040202,0.018498,0.05278,0.05478
0.061114,0.026001,3.9606e-05,0.015457,0.030629,0.019111,0.010023,0.038066,0.026557,0.037863,0.02114,0.01065,0.063492,0.0044247,0.054358,0.0077212,0.0065231,0.038392,0.055321,0.015837,0.027615,0.0052175,0.023321,0.039358,0.034444,0.030412,0.011571,0.014021,0.026562,0.030378,0.017982,1.3166e-05,0.045135,0.011362,0.021103,0.045954,0.021836,0.011295,0.021893,0.012078,0.00423,0.03229,0.015361,0.048009,0.013105
0.01273,0.015771,8.4461e-06,0.006475,0.019481,0.020157,0.016438,0.0044119,0.011125,0.017294,0.02081,0.024697,0.047075,0.01151,0.044016,0.017707,0.011824,0.020638,0.050114,0.011022,0.017869,0.00032624,0.028575,0.080212,0.016773,0.031407,0.0052681,0.038053,0.031416,0.017904,0.0037547,8.8093e-05,0.038882,0.021868,0.020985,0.029713,0.025572,0.021745,0.018259,0.00062836,0.0017134,0.026802,0.073397,0.025238,0.022432
0.036335,0.0066041,0.00075533,0.0033122,0.015196,0.021296,0.019802,0.057876,0.011669,0.026302,0.032385,0.012578,0.038062,0.0063997,0.022164,0.031007,0.0087951,0.012412,0.015828,0.007101,0.040018,0.00015076,0.03408,0.11734,0.024737,0.018397,0.017241,0.026399,0.022254,0.031645,0.011006,6.3268e-06,0.062948,0.033182,0.01056,0.022331,0.015566,0.01375,0.030156,0.00021031,0.003801,0.033509,0.025279,0.026784,0.013549
0.013956,0.0094959,8.0912e-05,0.0066329,0.0015993,0.016471,0.015296,0.0098903,0.014257,0.011031,0.020075,0.021395,0.030726,0.0014741,0.013401,0.014517,0.0049117,0.014785,0.011867,0.0085325,0.008977,7.7578e-06,0.0080149,0.037226,0.016959,0.0072356,0.0028143,0.011226,0.028743,0.038431,0.0045155,0.00147,0.04983,0.018784,0.00060608,0.01452,0.025057,0.033758,0.018497,0.0078238,0.0015919,0.069409,0.013606,0.01575,0.0097488
0.012935,0.011863,2.3102e-05,0.00075293,0.017956,0.022349,0.020449,0.0053337,0.025945,0.01341,0.032047,0.011554,0.0065588,6.5561e-07,0.021282,0.010329,8.5635e-05,0.017644,0.00015363,0.051828,0.015962,1.1364e-05,0.01049,0.011688,0.015609,0.043045,0.00080423,0.027097,0.017102,0.028282,3.5916e-05,9.577e-05,0.039384,0.022982,0.0021105,0.017823,0.019632,0.052734,0.019453,0.00021235,0.0027413,0.012744,0.027944,0.011576,0.029854
0.58613,0.50321,0.99898,0.91335,0.64305,0.38533,0.73225,0.66797,0.79038,0.70784,0.35365,0.46096,0.0939,0.077174,0.54904,0.83895,0.012645,0.41649,0.2639,0.73914,0.43734,0.0027725,0.67132,0.1356,0.31417,0.59076,0.79144,0.38538,0.49179,0.45127,0.00067472,0.98551,0.38216,0.73391,0.00031559,0.48997,0.44524,0.56346,0.54626,0.87036,0.93273,0.67337,0.5139,0.072089,0.44927
0.26491,0.46438,0.059434,0.082792,0.3645,0.64637,0.21591,0.24127,0.065431,0.2024,0.5295,0.27315,0.67137,0.76154,0.23355,0.087785,0.91182,0.42425,0.41029,0.1787,0.56768,0.95245,0.26745,0.72271,0.41977,0.066143,0.0736,0.58433,0.42504,0.26403,0.92058,0.03333,0.34504,0.11618,0.89732,0.18283,0.50851,0.314,0.29281,0.12412,0.059797,0.12041,0.2486,0.74267,0.42597
0.084222,0.10057,0.035374,0.049737,0.073106,0.11815,0.086412,0.11888,0.042088,0.10636,0.13739,0.10517,0.071712,0.045938,0.068077,0.087619,0.035272,0.099629,0.16809,0.047417,0.09647,0.02997,0.13422,0.075917,0.087826,0.059895,0.031028,0.12406,0.056542,0.13912,0.015129,0.026919,0.08223,0.044944,0.014156,0.057833,0.14343,0.094031,0.057456,0.040955,0.10027,0.092601,0.051522,0.13351,0.10139
0.049031,0.042316,0.077349,0.038801,0.031458,0.052662,0.053894,0.051316,0.031204,0.090476,0.057851,0.077809,0.041255,0.015744,0.073066,0.057239,0.016693,0.10324,0.08288,0.031618,0.029208,0.007201,0.043177,0.04098,0.056459,0.023157,0.054827,0.061455,0.0518,0.037533,0.007091,0.033336,0.1007,0.090495,0.0094552,0.072372,0.094953,0.062523,0.072005,0.044209,0.029944,0.088121,0.04292,0.075502,0.048932
0.042455,0.071233,0.053382,0.049135,0.040726,0.033321,0.020025,0.06971,0.029244,0.060478,0.041754,0.054869,0.018564,0.019749,0.041208,0.037225,0.0071038,0.048191,0.021761,0.038951,0.010955,0.0059711,0.030886,0.02182,0.04254,0.024202,0.052825,0.03561,0.064525,0.01763,0.0072069,0.018258,0.055027,0.065315,0.0018815,0.058108,0.033201,0.033104,0.049967,0.082545,0.047747,0.077783,0.067541,0.013181,0.037556
0.020386,0.029054,0.041561,0.02843,0.029223,0.0012427,0.024236,0.030207,0.03321,0.080273,0.038827,0.024329,0.010622,0.041106,0.039749,0.040027,0.0057027,0.034534,0.010075,0.0327,0.012138,0.00041924,0.039292,0.017863,0.054782,0.042907,0.028189,0.033776,0.026842,0.032239,0.00091784,0.032454,0.028927,0.047737,4.5574e-05,0.045216,0.038618,0.046058,0.024581,0.023008,0.013616,0.028192,0.035418,0.0028642,0.0085698
0.026582,0.050217,0.042149,0.045219,0.034746,0.013293,0.024883,0.012954,0.020863,0.028377,0.018442,0.029766,0.015123,0.022011,0.04799,0.026273,0.0046953,0.018684,0.0025379,0.031946,0.011348,0.0024344,0.028994,0.012555,0.026754,0.039953,0.023252,0.021837,0.011028,0.012837,0.012961,0.040077,0.006369,0.060446,0.0026311,0.021637,0.01312,0.023072,0.014755,0.038784,0.038326,0.022962,0.023592,0.004168,0.03096
0.035629,0.0040014,0.0093969,0.024241,0.037543,0.0045464,0.017497,0.01963,0.058513,0.0062068,0.0017661,0.013758,0.012709,0.019016,0.025391,0.052061,0.009364,0.03915,0.011711,0.026995,0.0082763,0.00042057,0.0138,0.0054936,0.02346,0.039945,0.017268,0.0037138,0.019037,0.02143,0.012271,0.011135,0.027239,0.0083966,0.00053296,0.011049,0.039725,0.0034592,0.021145,0.041295,0.032476,0.040866,0.061426,0.00084597,0.033681
0.025936,0.0079683,0.0031961,0.018683,0.0051203,0.0097313,0.031517,0.023756,0.028096,0.012561,0.0080194,0.012722,0.0017628,0.013438,0.039876,0.036482,6.1064e-05,0.018332,0.012076,0.033316,0.003739,0.00017045,0.017034,0.0032638,0.015215,0.009052,0.084003,0.0021472,0.028155,0.011588,0.0021704,0.017933,0.01277,0.024162,0.0025683,0.03101,0.020257,0.034671,0.02253,0.044271,0.01336,0.015656,0.010003,0.0040649,0.033382
0.012882,0.013206,0.013531,0.027185,0.0096004,0.0068206,0.031807,0.020668,0.022238,0.005454,0.0032679,0.030468,0.015899,0.0029823,0.017316,0.042556,2.7241e-06,0.025555,0.0083484,0.026141,0.00030814,3.9474e-06,0.029265,0.008622,0.032709,0.018637,0.035082,0.023455,0.014073,0.011854,0.0055269,0.018072,0.017523,0.035187,0.0023028,0.0025997,0.014155,0.014845,0.023331,0.019213,0.030513,0.026673,0.0020724,0,0.0014183
0.43796,0.21706,0.66463,0.63577,0.37398,0.11386,0.49382,0.41162,0.66911,0.40742,0.16318,0.37796,0.14098,0.058481,0.41378,0.53273,0.0092873,0.18843,0.27223,0.55222,0.25987,0.00095915,0.39589,0.09078,0.24048,0.67611,0.59992,0.10962,0.30295,0.45175,0.016142,0.76848,0.32418,0.50714,0.069107,0.51735,0.094025,0.37424,0.42142,0.5416,0.63395,0.48673,0.45691,0.023192,0.27815
0.33157,0.25359,0.00017711,0.021759,0.084428,0.78182,0.25994,0.069636,0.025107,0.12976,0.61207,0.26407,0.41935,0.37691,0.14006,0.018336,0.51503,0.6699,0.43133,0.083566,0.43292,0.41417,0.069244,0.5928,0.33578,0.0021491,0.0366,0.86356,0.23144,0.40832,0.39955,0.088011,0.071501,0.022606,0.48881,0.13113,0.82865,0.14621,0.28637,0.00021853,0.0032103,0.065747,0.19218,0.60624,0.40913
0.069748,0.1084,0.12728,0.015816,0.01188,0.21818,0.10741,0.018424,0.13341,0.045486,0.1279,0.15419,0.20809,0.23645,0.13626,0.21504,0.2121,0.24979,0.030058,0.12147,0.071769,0.25474,0.042584,0.20882,0.13568,0.0049343,0.0025493,0.13644,0.41527,0.044485,0.26219,0.51945,0.11154,0.045514,0.20467,0.056004,0.17135,0.05962,0.15029,0.0026033,0.0020505,0.10973,0.043324,0.21872,0.091073
0.021491,0.0065541,0.57086,0.019081,0.017497,0,0.098559,0.047279,0.5381,0.025267,0.0030554,0.29766,0.34136,0.33891,0.046396,0.38366,0.26334,0.078149,0.045752,0.47239,0.005301,0.31816,0.035026,0.19556,0.21366,0.0049834,0.25635,0,0.35329,0.017534,0.32413,0.24444,0.16708,0.047651,0.30012,0.17358,9.3476e-07,0.05346,0.088649,0.0030693,0.1229,0.36204,0.00052826,0.17417,0.0052481
0.034118,4.3931e-05,0.20125,0.66718,0.0023303,0,0.32007,0.02992,0.15679,0.00034746,0.0071921,0.23786,0.026857,0.042121,0.039986,0.20836,0.0095275,0.0021615,0.027947,0.29692,1.4731e-05,0.011267,0.017596,0.0028245,0.11232,0.34763,0.41999,0,0,0.023073,0.014131,0.1481,0.13979,0.2223,0.006399,0.59909,0,0.42088,0.061657,0.044975,0.47003,0.11707,0.047945,0.00087816,0.015621
0.068128,9.6724e-05,0.10042,0.1634,0.00044261,0,0.067752,0.22667,0.049811,0.18778,0.0032292,0.046212,0.0015214,0.0019085,0.05171,0.1746,0,0,0.023741,0.025656,0,0.00028911,0.23118,0,0.14081,0.39601,0.21568,0,0,0.012876,0,0,0.23645,0.64162,0,0.040193,0,0.26528,0.032211,0.49912,0.34871,0.049193,0.42559,0,0.22957
0.14096,0.080314,0,0.11277,0.00026446,0,0.032737,0.39467,0.020148,0.32885,0.035524,0,0.0028276,0.0036959,0.12753,0,0,0,0.057399,0,0.16176,0.0013758,0.36599,0,0.061749,0.12681,0.06882,0,0,0.10554,0,0,0.21263,0.020301,0,0,0,0.054543,0.044031,0.39338,0.053095,0.2927,0.25276,0,0.24936
0.33399,0.17706,0,0,0.12463,0,0.081701,0.2134,0.076629,0.2825,0.13456,0,0,0,0.45806,0,0,0,0.2829,0,0.25457,0,0.23838,0,0,0.11749,0,0,0,0.23183,0,0,0.06102,0,0,0,0,0,0.21451,0.056636,0,0.0035181,0.037674,0,0
0,0.37395,0,0,0.5497,0,0.031825,0,0,0,0.076466,0,0,0,0,0,0,0,0.10087,0,0.073662,0,0,0,0,0,0,0,0,0.15634,0,0,0,0,0,0,0,0,0.12229,0,0,0,0,0,0
0,0,0,0,0.20882,0,0,0,0,0,0,0,0,0,0,0,0,0,0,0,0,0,0,0,0,0,0,0,0,0,0,0,0,0,0,0,0,0,0,0,0,0,0,0,0
0,0,0,0,0,0,0,0,0,0,0,0,0,0,0,0,0,0,0,0,0,0,0,0,0,0,0,0,0,0,0,0,0,0,0,0,0,0,0,0,0,0,0,0,0
0.56049,0.39565,0.998,0.96089,0.88499,0.082434,0.26401,0.70564,0.50696,0.79895,0.25382,0.47542,0.014706,0.022137,0.22708,0.0042104,0.00042814,0.11696,0.14173,0.657,0.48831,0.0023747,0.20534,0,0.089648,0.92247,0.9399,0.040189,0.02795,0.31799,8.8859e-06,0.92179,0.20772,0.65938,0,0.13772,0,0.013003,0.30791,0.99401,0.99282,0.26828,0.57393,0.048753,0.49558
0.14126,0.23675,0.00056429,0.0052298,0.0065417,0.088329,0.39678,0.15862,0.28327,0.0083027,0.027352,0.20155,0.0030934,0.0059005,0.63513,0.34722,0.00061398,0.15277,0.38905,0.18882,0.0052976,1.3295e-05,0.36293,0,0.37952,0.066905,0.017478,0.10708,0.38289,0.29029,1.5684e-05,0.066061,0.18969,0.23515,0,0.62328,0.002783,0.73114,0.31195,0.0036346,0.0011926,0.26691,0.19267,0.08582,0.021941
0.050321,0.011062,0.001022,0.012107,0.0054879,0.050726,0.16038,0.029848,0.053459,0.014582,0.0089144,0.07554,0.00348,0.0057832,0.009183,0.62916,0.00063095,0.098482,0.078772,0.094886,0.021047,0.0001979,0.3949,0.016727,0.10285,0.0093869,0.0016969,0.060826,0.25131,0.070487,0.0012893,0.00050647,0.17534,0.028768,0.00033759,0.082324,0.072463,0.087357,0.20396,0.0018754,0.0016315,0.1881,0.012553,0.116,0.014232
0.031087,0.058464,0.00033563,0.0019471,0.0037175,0.10885,0.062535,0.011333,0.05772,0.04562,0.024915,0.013716,0.015629,0.023891,0.0064517,0.0039629,0.0011437,0.089404,0.051611,0.00781,0.038623,0.00053261,0.019127,0.060086,0.063863,0.0010352,0.0032848,0.12729,0.19522,0.014261,0.0026112,0.00040209,0.13213,0.038777,0.014339,0.026209,0.22539,0.0085653,0.12084,0.00043374,0.0030037,0.10941,0.031605,0.17144,0.028201
0.063794,0.085444,7.9111e-05,0.0167,0.029397,0.10613,0.027061,0.046337,0.044801,0.028212,0.097868,0.01849,0.1022,0.049702,0.0086403,0.015437,0.19291,0.074284,0.013996,0.00085571,0.074945,0.0026715,0.0056426,0.266,0.052181,0.00020338,0.0010575,0.093693,0.12309,0.02632,0.041079,0.011002,0.099294,0.028006,0.41044,0.018801,0.15663,0.013321,0.025446,3.6002e-05,0.00062322,0.073669,0.0097408,0.066519,0.060269
0.053355,0.038244,0,0.0031265,0.017254,0.06286,0.020171,0.032361,0.038422,0.025492,0.10862,0.022342,0.33545,0.030034,0.01067,1.3386e-05,0.28984,0.062134,0.015815,0.00050075,0.039825,0.11799,0.01119,0.22889,0.052365,0,0.0015448,0.084423,0.0038063,0.042017,0.26597,0.00023895,0.15483,0.0057616,0.45584,0.013823,0.08122,0.014332,0.0011717,4.8415e-06,0.00043326,0.066263,0.01434,0.077758,0.054148
0.036811,0.030477,0,0,0.026136,0.070885,0.023475,0.01015,0.015364,0.016444,0.093896,0.013897,0.2164,0.33407,0.042592,0,0.26262,0.05325,0.03436,0.0014987,0.064891,0.35689,0.00087502,0.38107,0.037113,0,0.0091539,0.048683,0.0045333,0.044427,0.43768,2.6005e-06,0.039844,0.00036371,0.10591,0.0046659,0.077175,0.011439,0.0033065,0,0.00029215,0.027372,0.010974,0.1101,0.028816
0.051134,0.025263,0,0,0.026479,0.051216,0.02697,0.0057173,5.7572e-06,0.062397,0.069084,0.026176,0.25271,0.23476,0.028996,0,0.2509,0.055509,0.23751,0.0045864,0.09977,0.3168,0,0.047225,0.03218,0,0.025881,0.070032,0.0112,0.10735,0.24384,0,0.00091385,0.00047524,0,0.0094524,0.059478,0.028185,0.0045677,0,2.6889e-06,0,0.019267,0.23452,0.037597
0.0047236,0.059262,0,0,0,0.083682,0.016216,0,0,0,0.17176,0.035894,0.05634,0.23946,0.015539,0,0.0007865,0.060369,0.037154,0.010073,0.0501,0.20254,0,0,0.010588,0,0,0.095424,3.6117e-06,0.078071,0.007495,0,0.0002309,0.0033122,0,0.0084158,0.06037,0.024597,0.0137,0,0,0,0.021848,0.085473,0.059014
0.0070294,0.059385,0,0,0,0.29489,0.0023927,0,0,0,0.14378,0.11697,0,0.05426,0.015724,0,0.00013496,0.23684,0,0.033968,0.11719,0,0,0,0.1797,0,0,0.27236,2.6526e-06,0.0087966,0,0,0,0,0.013136,0.075309,0.26449,0.068062,0.007147,0,0,0,0.11307,0.0036259,0.20021
0.007449,0.087969,0,0,0,0.31948,0.010558,0,0,0,0.26084,0.13581,0,0.72254,0.020305,0,0.00032254,0.25004,0.00042694,0.039191,0.11921,0,0,0,0.1878,0,0,0.32018,4.082e-06,0.028331,0,0,9.5791e-06,0,0.013136,0.076934,0.27846,0.072118,0.013378,0,0,0,0.12364,0.013162,0.2387
0.014278,0.38152,0,0,0.32399,0.072151,0.066732,0.0073371,5.7572e-06,0.00085178,0.10574,0.03058,0.37581,0.074165,0.053014,0,0.001177,0.076647,0.43705,0.0080109,0.10744,0.84567,0.094329,0,0.027498,0,0,0.075385,0.0045877,0.2244,0.6547,0,0.00083091,0.0037336,0,0.0095473,0.067594,0.03519,0.060816,0,0.00063001,0,0.016666,0.16445,0.042535
0.28454,0.31719,0,0,0.50618,0.069469,0.11908,0.10805,0.0036924,0.070001,0.24395,0.020665,0.48533,0.031661,0.51844,0,0.82822,0.046662,0.24057,0.0021388,0.30685,0.062619,0.61564,0.36595,0.089742,0.11769,0.033515,0.066214,0.0080334,0.37953,0.15039,1.2861e-06,0.32845,0.0042847,0.013761,0.0075264,0.077284,0.021441,0.29782,0,0.00016861,0,0.019818,0.20597,0.035164
0.26387,0.05729,0,0,0.1337,0.080145,0.086471,0.36287,0.22554,0.41681,0.18862,0.013049,0.034512,0.040653,0.099941,0.00028487,0.077067,0.070874,0.064179,0.00095817,0.31942,0.060782,0.11168,0.45524,0.14892,0.041712,0.0049927,0.073848,0.005536,0.12037,0.092918,1.3144e-06,0.49038,0.039642,0.71408,0.015933,0.072657,0.19703,0.089175,0.11414,0.00010474,0.53944,0.25849,0.096914,0.11694
0.1911,0.086642,0.00089745,0.17563,0.019652,0.12674,0.14759,0.44992,0.11229,0.44959,0.12637,0.030534,0.066292,0.052519,0.037456,0.42569,0.075299,0.05936,0.048743,0.0044832,0.082137,0.029089,0.037703,0.15309,0.19104,0.3626,0.1578,0.12782,0.023303,0.048665,0.090677,0.00066717,0.17845,0.63171,0.21733,0.23695,0.17124,0.47248,0.051834,0.4955,0.16749,0.14718,0.47707,0.16861,0.34811
0.075309,0.067657,0.14518,0.33161,0.0052122,0.13188,0.28032,0.050512,0.12531,0.046207,0.028114,0.23038,0.0246,0.042751,0.081675,0.54674,0.016476,0.13134,0.094792,0.20326,0.055518,0.00068685,0.016383,0.025713,0.16336,0.40705,0.33586,0.11606,0.59787,0.042577,0.011256,0.017867,0.0018914,0.31045,0.041694,0.58927,0.23227,0.15111,0.17011,0.38763,0.34753,0.24389,0.10049,0.22495,0.18747
0.046546,0.00078809,0.28528,0.49073,0.0042513,0.029721,0.13235,0.013852,0.29485,0.010873,0.022908,0.45607,0.0061844,0.011191,0.06415,0.027138,0.00099263,0.21401,0.063192,0.64881,0.008395,0.0003839,0.032254,0,0.14264,0.070074,0.46761,0.042775,0.31713,0.032094,4.5729e-05,0.24875,0,0.005927,0,0.054735,0.080195,0.039949,0.18743,0.002046,0.48404,0.069393,0.0018123,0.099947,0.016663
0.050677,0.00060452,0.53631,0.001239,0.0058969,0.078169,0.083375,0.0066923,0.23816,0.0046231,0.014494,0.070432,0.00014315,0.013675,0.093302,0.00011504,0.00043245,0.11328,0.0068925,0.088789,0.0010212,0.00046297,0.064477,0,0.048618,0.0008406,0.00016543,0.089464,0.043511,0.12389,1.2475e-05,0.43777,0,0.0033023,0,0.0073829,0.020313,0.0082646,0.11958,0.00064672,3.3006e-05,8.197e-05,0.0012282,0.025995,0.012365
0.054348,0.0003357,0.032323,0.00074627,0.0011128,0.078785,0.064405,0.00076703,0.00014752,0.0009308,0.0068197,0.012231,0.0049963,0.010847,0.031667,3.3305e-05,9.8953e-06,0.030437,0.031195,0.00429,0,0.00026185,0.027542,0,0.00037235,2.7408e-05,3.9317e-05,0.078382,3.1224e-05,0.00014481,1.6011e-06,0.29494,0,0.0009541,0,0.0017181,0,0.0024172,0.009843,3.8331e-05,2.2748e-06,1.6122e-05,0.00072268,0,0.0019491
0.011883,0,0,4.3686e-05,0,0.013456,0.0091204,0,0,0.0001145,0.0021458,0.00025022,0.0021354,4.7815e-06,5.1101e-05,3.7967e-06,0,0.0073654,0.012956,7.6365e-05,0,4.9762e-05,0,0,0,0,1.4755e-05,0.0098726,0,0,0,0,0,0,0,0,0,0,1.7478e-05,0,0,0,6.965e-05,0,0.00012061
0.1274,0.23371,0.00077494,0.02617,0.055979,0.57968,0.13647,0.062532,0.10879,0.11306,0.54214,0.3178,0.75004,0.79043,0.081866,0.013326,0.85354,0.49882,0.14984,0.059682,0.3757,0.54204,0.040419,0.62575,0.36435,0,0.039305,0.59742,0.020008,0.22451,0.87937,0.011636,0.12656,0.0041686,0.88303,0.12449,0.57682,0.17349,0.058807,0.0016714,0.0046862,0,0.18304,0.5608,0.38876
0.10042,0.055387,0.00014208,0.0065935,0.019697,0.11184,0.057556,0.0017574,0.0028248,0.0081691,0.087042,0.10017,0.020183,0.011627,0.11685,7.9042e-05,0.0036131,0.090111,0.16711,0.031905,0.063831,0.012437,0.03057,0.085278,0.010013,0.00012406,0.00014746,0.11293,0.0053522,0.38829,0.011704,0.00039196,0.019705,0.0024547,0.0018709,0.025554,0.14766,0.01303,0.0042483,0.00036073,0,1.6811e-05,0.015169,0.15866,0.054825
0.31123,0.030717,8.4557e-05,0.00067909,0.0058812,0.051623,0.061383,0.00061571,0.00010132,0.0013914,0.036154,0.029207,0.0076307,0.0044954,0.03037,2.1405e-05,0.0025407,0.16081,0.080897,0.1305,0.021058,0.0021883,0.0043286,0.060948,0.010404,0.00010836,4.043e-05,0.085997,0.049099,0.06861,0.0040413,4.4271e-05,0.0089584,0.0067261,0.0078123,0.0058723,0.080422,0.0087778,0.08828,0.00020177,0,0.00010115,0.011971,0.14135,0.012051
0.081051,0.010306,2.9116e-05,0.00040937,0.0012795,0.067226,0.10304,0.0010349,0.01637,0.0017966,0.019902,0.045725,0.00017161,0.00053963,0.092759,3.1328e-05,1.4563e-06,0.13587,0.0082958,0.15561,0.015808,0.00017015,0.0019434,0.032829,0.046019,6.9551e-05,5.5595e-05,0.08615,0.3977,0.0054971,5.0311e-06,0.010633,0.068656,0.058125,9.901e-06,0.043571,0.061122,0.0027634,0.058565,0.0002955,0,0.00035377,0.00076418,0.042671,0.11121
0.0047593,0.33303,0.6605,0.68549,0.30727,0.066914,0.17725,0.52209,0.50975,0.47459,0.14149,0.35356,0.004661,0.0017711,0.26399,0.62206,0.000126,0.057079,0.28286,0.34854,0.3156,0.001228,0.45581,0.015662,0.29507,0.67185,0.69994,0.054735,0.37887,0.0014644,5.4185e-06,0.81729,0.45775,0.56563,0,0.5366,0.041881,0.46509,0.39331,0.59714,0.69337,0.64624,0.31943,0.016145,0.15346
0.031559,0.30761,0.33765,0.2752,0.57806,0.055191,0.2447,0.41007,0.2844,0.37563,0.083594,0.13304,0.0108,0.021778,0.21917,0.35766,0.00030774,0.0082508,0.13187,0.1877,0.18396,0.00093508,0.40301,0.0027947,0.25581,0.32645,0.25692,0.0052044,0.14748,0.00076255,1.7892e-05,0.15898,0.18777,0.30674,3.496e-05,0.23696,0.0032665,0.32009,0.2365,0.39864,0.29946,0.35236,0.45037,0.011082,0.10722
0.090688,0.010504,5.7706e-05,0.00023837,0.004409,0.01933,0.11145,0.00032425,0.019226,0.0069949,0.044642,0.014414,0.0033103,0.0056703,0.088072,2.3756e-05,0.0018985,0.0051865,0.025262,0.067126,0.0041015,0.00040523,0.01365,0.0065696,0.0088584,0.00062498,0.00010532,0.0023978,0.00089095,0.019051,0.0015543,0.00016221,0.043163,0.052578,0.0019506,0.017429,0.0058585,0.0045934,0.07571,0.0004461,0,0.00040127,0.010168,0.0053087,0.14601
0.16308,0.014398,3.5917e-05,0.00069144,0.0036601,0.046246,0.044544,0.00022699,0.0022728,0.0021534,0.037065,0.0024873,0.0066512,0.002349,0.023959,1.4231e-05,0.001883,0.018274,0.033253,0.016704,0.019633,0.00090842,0.026372,0.011233,0.0072519,0.00031485,0.0001874,0.048452,0.00060394,0.018775,0.0043337,8.872e-05,0.016685,0.0026279,0.0036947,0.0092399,0.062962,0.0046021,0.037196,9.3733e-05,0,0.00025221,0.0090462,0.0097394,0.018293
0.054189,0.003733,4.9799e-05,0.0026085,0.0073149,0.0019475,0.014907,0.00038734,0,0.0020719,0.0035156,0.00032122,0.000853,0.0061561,0.059481,9.8312e-06,5.8402e-05,0.0056837,0.012942,0.0020731,0.00028082,0.00052023,0.018159,0.011944,0.0022156,0.00046147,0.0003818,3.4177e-06,2.1473e-06,0.18964,0.00054398,0.00036465,0.008736,0.00092908,1.2086e-05,0.00026695,0.017509,0.0011683,0.0038591,0.00041327,5.8027e-06,0.00026775,3.7415e-05,0.045035,0.00014443
0.035617,0.00061411,0.00067182,0.001917,0.016456,0,0.048715,0.00095646,0.056271,0.014127,0.0044657,0.0032717,0.1957,0.15518,0.023482,0.006774,0.13603,0.019918,0.10766,0.00017025,3.1618e-05,0.43917,0.0057402,0.14699,3.0204e-06,3.2711e-06,0.002907,0.0067118,0,0.083405,0.098427,0.00040952,0.062023,2.1923e-05,0.10159,2.405e-05,0.0025046,0.0063928,0.04353,0.00073032,0.0024739,4.837e-06,2.816e-06,0.0092038,0.0080322
0.022041,0.63191,0.65147,0.96016,0.41369,0.019013,0.014068,0.75678,0.49743,0.8027,0.11657,0.3339,0.011351,0.011012,0.0081935,0.025358,6.1647e-07,0.0015108,0.0039144,0.076269,0.49103,0.001985,0.0082691,0.0028866,0.17098,0.56149,0.95627,0.0057562,0.0094205,0,2.8006e-06,0.47893,0.00035819,0.27463,0,0.096235,0.0054159,0.17787,0.043042,0.99382,0.75249,0.23385,0.41833,2.5585e-05,0.25205
0.00052731,0.0049112,0.34631,0.00034703,0.47047,0.034407,0.008613,0.012227,0.1255,0.0032448,0.037486,0.025504,0.0020905,0.011236,0.0030567,0.94644,7.6902e-06,0.012065,0.0051598,0.084537,0.0033318,0.0001596,0.10237,0.006918,0.13456,0.29195,0.00024441,0.02306,0.062126,0,2.6179e-06,0.40187,0.058649,0.3673,0,0.43812,0.0099076,0.30078,0.18194,0.0011318,0.24032,0.24777,0.34857,0.00032083,0.0032193
0.017718,0.0062093,7.4154e-06,8.9683e-05,0.0021624,0.022653,0.075462,0.00073658,0.060453,0.0010825,0.096731,0.0043076,0.0023099,0.00020761,0.00029303,0.0079187,8.0251e-05,0.023231,0.00089625,0.21899,0.0017521,0.00010004,0.072871,0.012561,0.01907,0.00033581,6.152e-05,0.019261,0.03147,3.4766e-05,3.7137e-05,0.10603,0.029814,0.2515,6.3159e-05,0.22622,0.0072658,0.26443,0.061668,0.00014115,2.3293e-05,0.06179,0.00062257,0.0075322,0.24389
0.00362,0.0021104,2.7731e-06,5.9971e-06,0.0017902,0.031378,0.16829,9.2972e-05,0.011362,0.00027348,0.0094242,0.0053922,0.00031966,0.00031735,0.00090123,4.1443e-05,7.9127e-05,0.043515,0.0087072,0.24432,0.00061275,8.8621e-05,0.14674,0.0052655,0.0013904,0.00042168,3.6303e-05,0.013992,0.045866,0.002326,0.00016189,1.4889e-05,0.022506,0.0011111,0.0002578,0.060582,0.013106,0.032066,0.023918,9.5923e-05,0,0.019461,0.00035458,0.024218,0.0023757
0.018893,0.0036614,2.1048e-05,2.4543e-05,0.0015369,0.019513,0.092775,0.00018809,0.0038598,0.00062985,0.014202,0.0047344,0.0013449,9.0733e-05,0.0012761,6.6314e-06,0.00031263,0.043493,0.022746,0.043186,0.00026214,5.567e-05,0.13716,0.021311,0.0038035,7.3132e-05,2.8729e-05,0.01426,0.047328,0.0073905,0.0010996,2.0479e-06,0.0096835,0.001147,0.00046361,0.0013635,0.016295,0.00063715,0.029083,0.00019609,0,0.0027998,0.00041534,0.024807,0.0024538
0.03737,0.0025375,1.8777e-05,0,0.0013442,0.022644,0.038198,0.00016329,0.00091827,0.00010179,0.0060043,0.00022543,0.0021765,0.00011767,0.0066957,1.9547e-05,0.00052456,0.017049,0.037196,0.00046787,0.00084405,0.00055488,0.064598,0.012637,0.0031042,0.00016889,2.0887e-05,0.031904,0.046365,0.010031,0.0016445,1.5459e-05,0.0049868,0.0011502,0.0023909,0.00045656,0.016496,0.00033647,0.02908,0.00019162,0,0.0030484,0.00028363,0.045986,0.0016232
0.022751,0.0054173,2.3038e-05,7.8948e-05,0.001016,0.025465,0.05169,0.00034365,0.0018515,0.0015396,0.0083231,0.0051706,0.0057537,0.00069018,0.020996,4.2026e-05,0.00093755,0.039269,0.046838,0.0016979,0.00064118,0.0011807,0.11926,0.020082,0.0051216,4.4799e-05,2.7208e-05,0.026807,0.034068,0.007624,0.0033475,1.7591e-05,0.036392,0.0018011,0.0037542,0.0011868,0.010708,0.00081971,0.0042835,6.1116e-05,0,0.0031886,0.00052115,0.044299,0.0015595
0.058587,0.0048394,0.00010448,2.5611e-05,0.0028269,0.02963,0.049398,0.00067224,0.0016992,0.0030279,0.0082127,0.023622,0.0079671,0.00588,0.10274,5.7238e-05,0.0018482,0.04623,0.088733,0.001841,0.003667,0.0055256,0.2856,0.031426,0.0091324,6.4656e-05,7.2956e-05,0.038815,0.043052,0.45545,0.0057438,1.4011e-05,0.037187,0.0063076,0.0029474,0.0010422,0.032978,0.00030277,0.022216,0.00013884,0,0.0096694,0.00049613,0.053038,0.008748
0.70417,0.12432,0.00014382,0.00065953,0.0054197,0.053537,0.10166,0.0049823,0.010452,0.013481,0.028483,0.047585,0.010974,0.0016304,0.76483,0.00018229,0.0042043,0.25841,0.10202,0.10133,0.019737,0.0087881,0.036617,0.04695,0.028379,0.00015128,0.00021469,0.10892,0.076933,0.31937,0.0051346,4.2926e-05,0.072498,0.038797,0.0025413,0.0087273,0.14717,0.0054339,0.050519,0.00017934,5.598e-06,0.011817,0.0018035,0.080799,0.017742
0.11432,0.21408,0.0018982,0.038611,0.099743,0.74176,0.39984,0.22382,0.28647,0.17392,0.67456,0.54956,0.95571,0.96882,0.091017,0.019933,0.99201,0.51523,0.68379,0.22736,0.47812,0.98156,0.02653,0.83996,0.62446,0.1453,0.043018,0.71722,0.60337,0.19777,0.98283,0.013065,0.72793,0.056257,0.98758,0.16606,0.74066,0.21733,0.55425,0.0040394,0.0071603,0.4066,0.2286,0.71897,0.46634
0.0006553,0.010236,0.025305,0.00020267,0,0.00051318,0.0082368,0.0015034,0.00091028,0.00033454,0.0049107,1.9512e-05,1.2105e-05,0,0.00019017,0,0,0,0.0059595,0.00053338,0.03036,0,0.0015581,0,0.0038284,0.0036688,1.9538e-05,0.0037885,0,0.0083122,0,0,0,0.001084,0,0,0,0.001411,0.0010873,0,0,6.6008e-05,0,0,0.00018074
0.0048746,5.8415e-05,0,0,0,0,0.014289,0.0018857,0.0093528,1.1683e-05,0.0058123,0,0.0081314,0.0058256,0,0,0,0,0.0081577,0,0,0,0,0,0,0,0,0,0,0.010379,0,0,0,7.3277e-05,0,0,0,0,0.0064207,0,0,0,0,0,0
0.0061082,0,0,0,0,0,0.0017266,2.4559e-05,0,0,0,0,0.022854,0.026229,0,0,0.024273,0,0.0060974,0,0.0040382,0,0,0,0.00040007,0,0,0,0,0.010566,0.009627,0,0,0,0,3.3245e-06,0,0,0.0074911,0,0,0.015802,0,0,8.4276e-06
0.0049743,0,0,0,0.010706,0,0,0,0,1.2886e-05,0,0,0,0,0,0,0.018635,0,0,0,0,0.039664,0,0.038052,0.0020266,0,0,0,0,0,0.015181,0,0.00729,0,0,0,0,5.0754e-06,0,0,0,0,0,0,0
0.00064792,0.0033637,0,0,0,0,0,0,0,2.2388e-05,0,0,0,0,0,0,0.0098025,0,0,0,0,0.042728,0,0,0,0,0,0,0,0,0,0,0.0021735,0,0.00058782,0,0,0,0,0,0,0,0,0,0
0.0011083,0,0,0,0,0,0,0,0,0,0,0,0,0,0,0,0.00028399,0,0,0,0,0,0,0,0,0,0,0,0,0,0,0,0,0,0,0,0,0,0,0,0,0,0,0,0
0,0,0,0,0,0,0,0,0,0,0,0,0,0,0,0,0,0,0,0,0,0,0,0,0,0,0,0,0,0,0,0,0,0,0,0,0,0,0,0,0,0,0,0,0
0,0,0,0,0,0,0,0,0,0,0,0,0,0,0,0,0,0,0,0,0,0,0,0,0,0,0,0,0,0,0,0,0,0,0,0,0,0,0,0,0,0,0,0,0
0,0,0,0,0,0,0,0,0,0,0,0,0,0,0,0,0,0,0,0,0,0,0,0,0,0,0,0,0,0,0,0,0,0,0,0,0,0,0,0,0,0,0,0,0
0.0056132,0.00028662,0.00012957,0.00071697,0.0072951,4.1955e-06,0.0032623,0.00039935,0,0.00015872,0.0012286,1.5534e-05,3.2172e-05,6.0523e-05,5.8295e-05,0.00043177,0.013072,9.0788e-06,1.3613e-05,0.0094978,0.00032681,0.04848,0.0020497,0,4.8344e-06,2.7441e-05,0.00018405,4.1767e-05,1.5973e-05,0.0017286,0.0048745,0,0.0014293,9.9739e-05,0.021955,0.00039786,5.9332e-06,0.0035689,0.0001033,2.1591e-05,5.2335e-05,2.1745e-05,2.6266e-05,1.3379e-06,0.00021229
0.0011826,0.00074054,0.027627,0,0.000934,3.2322e-06,0.0082866,7.1548e-05,0.0057369,1.703e-05,0.00049166,7.9618e-06,1.3797e-06,0,3.4563e-05,3.8208e-06,3.9709e-05,0,0,0.0011611,9.2076e-06,0,0.00056232,0,0,0,0,0.0017916,0,0.00034002,0,0,0.00017169,0.00063218,0,0,0.00011138,0,0,8.2755e-05,0,1.6225e-06,1.6416e-06,0,0.00014207
0.015267,0,0,0,0,0,0.016799,0,0,0,8.1937e-05,0,0,0,0,0,0,0,0,0,0,0,0.00013117,0,0,0,0,0,0,1.336e-05,0,0,0,0.00041199,0,0,5.6234e-06,0,0,0,0,0,0,0,0
0,0,0,0,0,0,2.3586e-05,0,0,0,0,0,0,0,0.03966,0,0,0,1.855e-06,0,0,0,0.0023192,0,0,0,0,0,0,0,0,0,0,0,0,0,0,0,0.008434,0,0,0,0,0,0
1.9363e-05,0,0,0,0,0,0,0,0,0,0,0,0,0,0.00775,0,0,0,0,0,0,0,0,0.0064084,0,0,0,0,0,0,0,0,0.005399,0,0,0,0,0,0,0,0,0,0,0,0
0,0,0,0,0,0,0,0,0,0,0,0,0,0,0,0,0,0,0,0,0,0,0,0.0018278,0,0,0,0,0,0,0,0,0,0,0,0,0,0,0,0,0,0,0,0,0
0,0,0,0,0,0,0,0,0,0,0,0,0,0,0,0,0,0,0,0,0,0,0,0,0,0,0,0,0,0,0,0,0,0,0,0,0,0,0,0,0,0,0,0,0
0,0,0,0,0,0,0,0,0,0,0,0,0,0,0,0,0,0,0,0,0,0,0,0,0,0,0,0,0,0,0,0,0,0,0,0,0,0,0,0,0,0,0,0,0
0,0,0,0,0,0,0,0,0,0,0,0,0,0,0,0,0,0,0,0,0,0,0,0,0,0,0,0,0,0,0,0,0,0,0,0,0,0,0,0,0,0,0,0,0
0,0,0,0,0,0,0,0,0,0,0,0,0,0,0,0,0,0,0,0,0,0,0,0,0,0,0,0,0,0,0,0,0,0,0,0,0,0,0,0,0,0,0,0,0
0.00069756,0.00015381,0,0,0.0016157,4.5988e-06,0.0092069,0.0019977,0.0009723,0.00031304,0.00050533,2.5255e-05,9.1459e-05,5.7505e-06,0.055013,0,0.005562,4.0305e-06,4.0393e-06,0.0065599,9.7056e-05,0.010265,0.047334,0.0016349,7.0523e-05,0,0,4.1652e-05,0,0.0017126,5.5158e-06,0,0.04825,0.0013806,0,0.0003137,0,3.0037e-05,0.013398,0,0,0,5.1729e-05,0.032055,0.00011678
0.00010754,0.00058743,0,0,0.0021112,0.0025379,0.011776,0.0013814,0.0071839,0.0016283,0.0037524,0.011099,8.5728e-05,0,3.1838e-05,4.3821e-06,1.1045e-05,0,0,0.015729,0.00060527,0,5.7468e-06,0,1.6493e-06,9.5311e-06,0,0.0023442,0,0.0050392,0,0,4.2355e-05,0.00018026,0,0,0.0094675,0,1.7206e-05,0.00016936,0,0,0,0,0.0024161
0,0,0,0,0,0,0.0064632,0.0056795,0,0,0,0,0,0,0,0,0,0,0,0,0,0,0.0060504,0,0,0.0012318,0,0,0,0,0,0,0,0,0,0,0,0.0017791,0,0,0,0,0,0,0
0,0,0,0,0,0,0.0058044,0.0002439,0,0,0,0.00057251,2.7151e-05,0,0,0,0,0,0,0,0,0,0.00021287,0,0,0,0,0,0,0,0,0,0,0,0,0,0,0.010548,0,0,0,0,0,0,0
0,0,0,0,0,0,0.0019401,0,0.00099948,0,0,0,0,0,0,0,0,0,0,0,0,0,0,0,0,0,0,0,0,0,0,0,0,0,0,0,0,0,0,0,0,0,0,0,0
0,0,0.0036218,0,0,0,0,0,0.0021703,0,0,0,0,0,0,0,0,0,0,0,0,0,0,0.0002188,0,0,0,0,0,0,0,0,0,0,0,0,0,0,0,0,0,0,0,0,0
0,0,0,0,0,0,0,0,0,0,0,0,0,0,0,0,0,0,0,0,0,0,0,0,0,0,0,0,0,0,0,0,0,0,0,0,0,0,0,0,0,0,0,0,0
0,0,0,0,0,0,0,0,0,0,0,0,0,0,0,0,0,0,0,0,0,0,0,0,0,0,0,0,0,0,0,0,0,0,0,0,0,0,0,0,0,0,0,0,0
0,0,0,0,0,0,0,0,0,0,0,0,0,0,0,0,0,0,0,0,0,0,0,0,0,0,0,0,0,0,0,0,0,0,0,0,0,0,0,0,0,0,0,0,0
0,0,0,0,0,0,0,0,0,0,0,0,0,0,0,0,0,0,0,0,0,0,0,0,0,0,0,0,0,0,0,0,0,0,0,0,0,0,0,0,0,0,0,0,0
0.0003921,0.004715,0.032999,0.00045928,0.0061213,5.7169e-06,0.0082975,0.0040287,0.01381,0.0016646,0.00070642,5.9275e-05,0.00017811,0,0.0078391,0,0.012163,7.4684e-06,6.1823e-05,0.019321,0.00093179,4.5552e-05,0.010327,0.0049704,0,0.0009834,0,0,3.47e-06,0.0095729,2.5876e-05,0,0.016454,0.014019,0.00030314,9.4155e-05,0,0.029531,0,7.7361e-05,2.6238e-05,0,0,0.016257,0
0,0.0078421,0,1.7297e-06,0.0042001,0.0021838,0.015095,0.00033176,0.011204,2.9762e-05,0,0,4.5597e-05,0,0,0,2.2661e-05,0,0,0.012027,0,0,0,0,3.2623e-06,0,0,0.0095307,0,0.00022043,0,0,5.1132e-05,0.0020858,0,0,1.0592e-05,0,0,0.00015014,0,0,0,0,0.0035061
0,0,0,0,0,0,0,0.0013875,0.00086042,0,0,0,0,0,0,0,0,0,0,0.0023411,0,0,0,0,0,0,0,0,0,0,0,0,0,0,0,0,0,0,0,2.8713e-05,0,0,0,0,0
0,0,0,0,0,0,0.0029235,0,0.0056466,0,0,0,0,0,0,0,0,0,0,0,0,0,0,0,0,0,0,0,0,0,0,0,0,0,0,0,0,0.0018744,0,0,0,0,0,0,0
0,0,0,0,0,0,0.0083669,0.0059049,0,0,0.0012321,0,0,0,0,0,0,0,0,0,0,0,0,0,0,0,0,0,0,0,0,0,0.0020657,0,0,0,0,0,0,0,0,0,0,0,0
0,0,0,0,0,0,0,0,0,0,0,0,2.2779e-06,0,0,0,0,0,0,2.0218e-06,0,0,0,0,0,0,0,0,0,0,0,0,0,0,0,0,0,0.00088377,0,0,0,0,0,0,0
0,0,0,0,0,0,0,0,0,0,0,0,7.3284e-06,0,0,0,0,0,0,0,0,0,0,0,0,0,0,0,0,0,0,0,0,0,0,0,0,0,0,0,0,0,0,0,0
0,0,0,0,0,0,0,0,0,0,0,0,0,0,0,0,0,0,0,0,0,0,0,0,0,0,0,0,0,0,0,0,0,0,0,0,0,0,0,0,0,0,0,0,0
0,0,0,0,0,0,0,0,0,0,0,0,0,0,0,0,0,0,0,0,0,0,0,0,0,0,0,0,0,0,0,0,0,0,0,0,0,0,0,0,0,0,0,0,0
0,0,0,0,0,0,0,0,0,0,0,0,0,0,0,0,0,0,0,0,0,0,0,0,0,0,0,0,0,0,0,0,0,0,0,0,0,0,0,0,0,0,0,0,0
0.050227,0.0054578,0.010071,0,0.0013096,0.0031637,0.051009,0.0031106,0.029804,3.1283e-05,0.0014603,0,0.00040812,0,0.0068719,0,0.019669,0,9.9481e-06,0.055092,0.00033727,8.7142e-05,0.049023,0.0054046,0,0,0,0.011801,2.7348e-05,0.0027004,0.00022097,0,0.0021018,0.071198,7.1203e-06,0.022132,0.0010577,0.014068,3.1445e-05,7.5994e-05,0,0,0.00028143,0.013999,0.028556
0,0.0076845,0,0,0.0021763,0.002808,0.010241,0.00055399,0.013703,0.00041532,0.012821,4.2027e-06,1.0511e-06,0.00039089,0,0.00082955,1.6193e-06,0.016119,0,0.064204,0.00019476,0,0,0,0.0029265,4.481e-06,0,0.001765,0,6.5433e-05,2.3954e-06,0,2.1633e-05,0.039333,0,0.0076473,0.0003812,0.001901,0.00034639,0.00037724,0,0,0,0,0.002168
0,2.1857e-06,0,0,0.0003146,0,0,0.00098901,3.0954e-05,0.0020653,0.0011807,0,0,0,0,0.00012615,0,0.0039847,0,0.010388,4.3062e-05,0,0,0,0,0,0,0,0,0,0,0,0.0092838,0.00066563,0,0.0026486,0,0,9.3911e-06,0,0,0,0,0,0
0,5.8401e-05,0,0.023998,0,0,0,0,0.00031432,0,0,0,0,0,0,0.00024494,0,0.0035794,0,0.0015868,3.4482e-05,0,0,0,1.6277e-05,0,0,0,0,0,0,0,0.01635,0.0018013,0,0.004241,0,0,5.1853e-06,0,0,0,7.9436e-05,0,0
0,0.00049156,0.0032872,0.081022,0,0,0,0.0012665,0.0081852,0,5.0787e-06,0,0,0,0,0,4.8096e-07,0.0078215,0,0.026149,0.00014057,0,0,0,0,0,0.0086129,0,0,2.4674e-06,0,0,0.01898,0.00072777,0,0.0023058,0,0.015624,6.4077e-06,0,0,0,0.048991,0,0
0,0,0,0,0,0,0,0,0.00036535,0,0,0,0,0,0,0,0,0.013169,0,0.0015176,2.0261e-05,0,0,0,0.026472,0,0,0,0,0,0,0,0.0014769,0.0010105,0,0,0,0,0.081152,0,0,0,0,0,1.391e-05
0,0,0,0,0,0,0,0,0,0,0,0,0,0,0,0,0,0.002127,0,0.00023547,0,0,0,0,0,0,0,0,0,0,0,0,0,0,0,0,0,0,0,0,0,0,0,0,8.4727e-06
0,0,0,0,0,0,0,0,0,0,0,0,0,0,0,0,0,0,0,0,0,0,0,0,0,0,0,0,0,0,0,0,0,0,0,0,0,0,0,0,0,0,0,0,0
0,0,0,0,0,0,0,0,0,0,0,0,0,0,0,0,0,0,0,0,0,0,0,0,0,0,0,0,0,0,0,0,0,0,0,0,0,0,0,0,0,0,0,0,0
0,0,0,0,0,0,0,0,0,0,0,0,0,0,0,0,0,0,0,0,0,0,0,0,0,0,0,0,0,0,0,0,0,0,0,0,0,0,0,0,0,0,0,0,0
0.0835,0.0066223,0.25106,0.030784,0.36848,0.021503,0.15344,0.25646,0.080609,0.083291,0.038925,0.00083653,0.0016929,0.0002502,0.27766,0.29141,0.032585,0.019979,0.37335,0.099977,0.00054473,0.0096024,0.25488,0.021673,0.056377,0.28794,0.017215,0.03008,0.16279,0.088418,0.0026263,0,0.20121,0.13951,0.00053296,0.21494,0.010642,0.2469,0.20749,0.41787,0.33843,0.012394,0.19164,0.016267,0.030982
0.0068555,0.0010269,0,5.6731e-06,0.00012463,0.015333,0.11081,0.00067665,0.019533,0.029458,0.0027503,0.00051597,0,0.0011157,0.0044542,7.1117e-05,3.7668e-05,0.013782,0,0.059001,0.0021722,0,0,0,0.0028883,2.1496e-05,0,0.016444,0,0.0075469,0,0,0,0.0093135,0,0,0.00039116,0.00027238,0.00026509,7.6147e-05,0.00053638,0.0039017,1.9647e-05,0,0.012368
0.00010453,0,0,0,0,0,0.011496,0.00062241,0.005838,3.0351e-06,0,0.0016286,0,0,0.0054396,0.0040124,0,0,0,0.0037134,1.3071e-05,0,0,0,0,4.7825e-05,0,0,0,1.3004e-05,0,0,0.033344,0.01101,0,0,0,0,4.5675e-05,0,0.00034913,0,0,0,0.00034336
0,0.0014805,0,0.094216,0.00032819,0,0.0042717,0,0.012621,0.00019933,0,0.0028677,0,8.0415e-07,0.0038672,0.00092425,0,0,0,1.359e-05,0.0020666,0,0,0,0.00077082,0.0077426,0,0,0.00055073,1.4292e-05,0,0.18518,0.016747,0.00019171,0,0.00052014,0,0,0.0015878,0,0.00027998,0.17128,3.9125e-06,0,4.7387e-05
0,0.0012078,0.010773,0.1293,0.011354,0,9.2648e-06,0.015005,0.024549,9.0106e-05,0,0.0079145,0,0,0,0,0,0.0012502,0,0.032604,0.022544,0,0,0,0.0086328,0.078448,0.36151,0,0.087099,0,0,0.18124,1.1606e-06,0.0044426,0,0.014433,0.026386,0.0026116,0.011068,3.6876e-06,0.015642,0.094248,0.15156,0,3.6446e-05
0,0,0,0,0.018431,0.02423,2.7286e-05,0.0032084,0,0.0215,1.4325e-06,0.20275,0,0,0,0.030948,0,0,0,0.0014799,0,0,0,0,0.049196,0.0023032,0,0,0,0,0,0,0.0062673,0.010499,0,0,0.014592,0,0.00016078,0.00011354,0.0045231,0,0,0,0.045767
0,0,0,0,0,0.001367,0,0,0,0,0,0,0,0,0,0.029717,0,0,0,0,0,0,0,0,0.00011799,0,0,0,0,0,0,0,0,0,0,0,0.0029005,0,0,0,0,0,0,0,0
0,0,0,0,0,0,0,0,0,0,0,0.0020342,0,0,0,0,0,0,0,0,0,0,0,0,0,0,0,0,0,0,0,0,0,0,0,0,0,0,0,0,0,0,0,0,0
0,0,0,0,0,0,0,0,0,0,0,0,0,0,0,0,0,0,0,0,0,0,0,0,0,0,0,0,0,0,0,0,0,0,0,0,0,0,0,0,0,0,0,0,0
0,0,0,0,0,0,0,0,0,0,0,0,0,0,0,0,0,0,0,0,0,0,0,0,0,0,0,0,0,0,0,0,0,0,0,0,0,0,0,0,0,0,0,0,0
0.2409,0.59008,0.2127,0.36763,0.45192,0.14352,0.15429,0.5178,0.2956,0.63735,0.23585,0.24489,0.19025,0.19527,0.24129,0.44794,0.022641,0.21546,0.038293,0.10727,0.41198,0.011485,0.26022,0.14117,0.35046,0.43169,0.38896,0.12632,0.31876,0.21038,0.062523,0.38499,0.28409,0.36869,0.080019,0.40698,0.17758,0.30465,0.17331,0.42852,0.39515,0.46802,0.33368,0.015094,0.28319
0,2.9167e-05,0,0,8.8125e-05,4.2649e-06,0.0079075,0,0.017563,6.7911e-06,0.0050246,0,2.6274e-05,0.0032223,0,0,3.6244e-05,0.0025595,0,0.0048124,0,0,3.7315e-05,0,0,0,0,0.0027609,0,0.0029707,0,0,0.00013653,0.0001646,0,0.00060147,0,0,0,0,0,0,0,0,0.011523
0,0,0,0,0,0,0,0,0,0,0,0,0,0,0,0,0,0,0,0.0020471,0,0,0,0,0,0,0,0,0.0016032,2.0094e-05,0,0,0,3.1989e-06,0,0,0,0,0,0,0.00019471,0,0,0,0
0,0,0,0,0,0,0.00094799,0,0,0,0,0,0,0.00081977,0,0,0,0,0,0,0,0,0,0,0,0,0,0,0.0012224,3.9697e-06,0,0,0,0,0,0.00011633,0,0,0,0,0,0,0,0,0
0,0,0,0,0,0,0,6.2651e-05,6.1855e-05,0,0,0,0,0,0,0,0,0,0,0.00070223,0,0,0.0086385,0,0,0,0,0,0,0,0,0,0,2.8003e-06,0,0,0,0,0,0,0,0,0,0,0
0,0,0,0,0,0,0,2.4135e-06,6.0184e-05,0,0,0,0,0,0,1.0418e-05,0,0,0,7.7693e-05,0,0,0,0,0,0,0,0,0,0,0,0,0.00013357,7.8809e-05,0,0,0,0,0,3.4112e-06,0,0,0,0,0.00046628
0,0,0,0,0,0,0,0,0,0,0,0,0,0,0,0,0,0,0,0,0,0,0,0,0,0,0,0,0,0,0,0,0,0,0,0,0,0,0,0,0,0,0,0,0
0,0,0,0,0,0,0,0,0,0,0,0,0,0,0,0,0,0,0,0,0,0,0,0,0,0,0,0,0,0,0,0,0,0,0,0,0,0,0,0,0,0,0,0,0
0,0,0,0,0,0,0,0,0,0,0,0,0,0,0,0,0,0,0,0,0,0,0,0,0,0,0,0,0,0,0,0,0,0,0,0,0,0,0,0,0,0,0,0,0
0,0,0,0,0,0,0,0,0,0,0,0,0,0,0,0,0,0,0,0,0,0,0,0,0,0,0,0,0,0,0,0,0,0,0,0,0,0,0,0,0,0,0,0,0
0.10837,0.030498,0.0062849,0,0.0085944,0.030162,0.066502,0.021535,0.067283,0.0002787,0.038128,0,0.0036886,0.0021171,0.013835,0.0001407,0.0052536,0.04371,0.055863,0.15452,0.0016446,0.010083,0.13298,0.033024,0,0,0,0.058172,7.1136e-05,0.0319,0.0054,0,0.023473,0.20641,0.0018462,0.089702,0.0216,0.043523,3.0639e-05,0.00017418,2.2647e-05,0.046061,0,0.064836,0.11413
0.0022843,0.0012863,0,0,0,6.0587e-06,0.00019463,1.3555e-05,0.019958,0.00050804,0.00028479,0,0.00011346,0.0001875,0,0,0,0,0,0.023758,0.00012144,0,0,0,0,0,0,0.0027104,0,7.5565e-05,0,0,0,0.00033224,0,9.3251e-05,0,0.0031504,0.026389,0,0,0,0,0,0
0,2.1984e-06,0,0,0,0,0.0012173,0,0,0,0,0,0,0,0,0,0,0,0,0,0,0,0,0,0,0,0,0,0,3.4604e-05,0,0,0,0,0,0,0,0,2.4474e-05,0,0,0,0,0,0
0,0,0,0,0,0,0,0,0,0,0,0,0,0.0021798,0,0,0,0,0,0,0,0,0,0,0,0,0,0,0.00079415,0,0,0,0,0,0,0,0,0,1.4329e-05,0,0,0,0,0,0
0,0,0,0,0,0,0,5.0531e-06,0,0,0,0,0,0,0,0,0,0,0,0,0,0,0,0,0,0,0,0,0,0,0,0,0,7.3153e-06,0,0,0,0,0,0,0,0,0,0,0
0,0,0,0,0,0,0,0,0,0,0,0,0,0,0,0,0,0,0,0,0,0,0,6.018e-07,0,0,0,0,0,0,0,0,0.00051051,0,0,0,0,0,0,0,0,0,0,0,0
0,0,0,0,0,0,0,0,0,0,0,0,0,0,0,0,0,0,0,0,0,0,0,0,0,0,0,0,0,0,0,0,0.00025064,0,0,0,0,0,0,0,0,0,0,0,0
0,0,0,0,0,0,0,0,0,0,0,0,0,0,0,0,0,0,0,0,0,0,0,0,0,0,0,0,0,0,0,0,0,0,0,0,0,0,0,0,0,0,0,0,0
0,0,0,0,0,0,0,0,0,0,0,0,0,0,0,0,0,0,0,0,0,0,0,0,0,0,0,0,0,0,0,0,0,0,0,0,0,0,0,0,0,0,0,0,0
0,0,0,0,0,0,0,0,0,0,0,0,0,0,0,0,0,0,0,0,0,0,0,0,0,0,0,0,0,0,0,0,0,0,0,0,0,0,0,0,0,0,0,0,0
0.12212,0.010752,0.12946,0.00039082,0.017878,0.015648,0.061204,0.015549,0.062467,0.017901,0.031949,0.029609,0.011604,0.0029847,0.036612,0.00011041,0.0054687,0.0019585,0.095399,0.10318,0.014557,0.0031763,0.0049757,0.03804,0,0.0086688,0,0.011762,0,0.062333,0.002711,0,0.019281,0.039937,0.011775,0,0.0082389,0.066815,0.2093,0.00024145,8.8592e-05,0,0,0.16433,0.00055149
0,0,0.015916,0,0,5.6211e-05,0.0095173,1.8808e-05,0.015652,0.0011244,0.001959,0,4.2986e-05,0,0.00024194,1.7359e-06,0.00020772,0,0,0.0020732,0,0,0.00017247,0,0,0,0,0.00011542,0,0.0018926,0,0,0,0.0028952,0,0,0,0.0027765,0,0,0,1.5208e-06,0,0,0.00019934
0,0,0,0,0,0,0.00074406,0,0.00014611,0,0,0,0.00011445,0,0,0,0,0,0.00017316,0.0086446,0,0,0.00017253,0,0,0,0,4.6097e-05,0,0.00046693,0,0,0,2.4053e-05,0,0,0,0,0.00011925,0,0,0,0,0,0
0.00093496,0,0,0,0,0,0,2.5966e-06,2.1802e-05,0,0,0,0.00011335,0.0034113,0.00026742,0,6.6347e-05,0,0,0.00034495,0,0,0,0,0,0,0,0,0,0,4.0274e-05,0,0,0,1.1623e-05,0,0,0,2.8228e-05,0,0,0,0,0,0
0,0,0,0,0,0,0,0,0,0,0,0,0,0,0.00026225,0,0,0,0,0,0,0.00025173,0,5.1911e-07,0,0,0,0,0,0,0,0,0,0,0,0,0,0,0,0,0,0,0,0,0
0,0,0,0,0,0,0,0,0,0,0,0,0,0,0,0,0,0,0,0,0,0,0,0,0,0,0,0,0,0,0,0,0,0,0,0,0,0,0,0,0,0,0,0,0
0,0,0,0,0,0,0,0,0,0,0,0,0,0,0,0,0,0,0,0,0,0,0,0,0,0,0,0,0,0,0,0,0,0,0,0,0,0,0,0,0,0,0,0,0
0,0,0,0,0,0,0,0,0,0,0,0,0,0,0,0,0,0,0,0,0,0,0,0,0,0,0,0,0,0,0,0,0,0,0,0,0,0,0,0,0,0,0,0,0
0,0,0,0,0,0,0,0,0,0,0,0,0,0,0,0,0,0,0,0,0,0,0,0,0,0,0,0,0,0,0,0,0,0,0,0,0,0,0,0,0,0,0,0,0
0,0,0,0,0,0,0,0,0,0,0,0,0,0,0,0,0,0,0,0,0,0,0,0,0,0,0,0,0,0,0,0,0,0,0,0,0,0,0,0,0,0,0,0,0
0.054243,0.018205,0,0,0.029932,0.0060684,0.062742,0.0052664,0.11438,0.0025741,0.004285,0.0030929,0.018597,0.0036377,0.084323,1.3055e-05,0.0024082,0.0060005,0.12349,0.034652,0.0012141,0.0095145,0.14127,0.061826,0.00072541,0,0,0.033468,0.00082104,0.14807,0.012329,0,0.03545,0.018208,0.0013651,0.0029232,0.016713,0.01509,0.00011926,0.00011317,8.2073e-05,0,0,0.063634,0.007967
0.0013227,0.0085499,0.02519,0.00059519,0.0045814,0.00011517,0.0092588,0.0010599,0.036976,0.019762,0.020182,0.019727,0,0,0.00025687,6.6729e-06,0.0002901,0.015244,0.0018789,0.007707,0.0019151,0,0.011114,0,0.0030872,0.00014949,1.5075e-05,0.0074753,0,0.0042726,0,0,0,0.0037467,0,0.00025583,0.0071534,0.0035168,0.0070772,0.0006213,0,0,0,0,0.00076167
0.0010114,0,0,0,0,0,0.0047011,0.00024575,0.00040182,0,3.3576e-05,0,0.00054733,0,0.00047363,0.00014704,0,0,0,7.4858e-05,0,0,0.00069139,0,0,0,0,0.00018303,0,0.0005054,0,0,0,2.2319e-05,0,0.00025348,0,0.00014667,0.0009324,0,8.3918e-06,0,0,0,0
8.1887e-05,0,5.163e-06,0,0,0,0,0,0.00015303,0,0,0,0,0.0033237,0.0011739,0,0.0028738,0,0,0,0,0,4.2767e-05,0,0,0,0,9.4056e-05,0,0,0.00040839,0,0,0,5.8087e-07,2.9988e-05,0,0,0.00056898,0,0,0.00019428,0,8.7945e-07,0
3.5706e-05,0,0,0,0,0,2.9432e-06,0,0,0,0,0,0,0,0,0,0,0,0,0,0,0.0035358,0,0.00055534,0,0,0,0,0,0,0,0,0.00042529,0,0,0,0,0,0,3.131e-06,0,0,0,2.1596e-05,0
0,0,0,0,0,0,0,0,0,0,0,0,0,0,0,0,0,0,0,0,0,0,0,0,0,0,0,0,0,0,0,0,0.00039046,0,0,0,0,0,0,0,0,0,0,0,0
0,0,0,0,0,0,0,0,0,0,0,0,0,0,0,0,0,0,0,0,0,0,0,0,0,0,0,0,0,0,0,0,0,0,0,0,0,0,0,0,0,0,0,0,0
0,0,0,0,0,0,0,0,0,0,0,0,0,0,0,0,0,0,0,0,0,0,0,0,0,0,0,0,0,0,0,0,0,0,0,0,0,0,0,0,0,0,0,0,0
0,0,0,0,0,0,0,0,0,0,0,0,0,0,0,0,0,0,0,0,0,0,0,0,0,0,0,0,0,0,0,0,0,0,0,0,0,0,0,0,0,0,0,0,0
0,0,0,0,0,0,0,0,0,0,0,0,0,0,0,0,0,0,0,0,0,0,0,0,0,0,0,0,0,0,0,0,0,0,0,0,0,0,0,0,0,0,0,0,0
0.28635,0.28858,0.24557,0.27068,0.051499,0.73076,0.15696,0.13171,0.11487,0.17925,0.58644,0.47233,0.74133,0.74897,0.21239,0.19291,0.8246,0.63323,0.29124,0.12699,0.50408,0.81108,0.065234,0.6452,0.49199,0.17707,0.22349,0.67927,0.42624,0.39043,0.88402,0.24859,0.24675,0.049812,0.8816,0.22936,0.70276,0.22933,0.24298,0.15128,0.24461,0.18801,0.27365,0.6135,0.45434
0,0,0,0,0,0,0,0,0,0,0,0,0,0,0,0,0,0,0,0,0,0,0,0,0,0,0,0,0,0,0,0,0,0,0,0,0,0,0,0,0,0,0,0,0
0,0,0,0,0.0013172,0,0,0,0,0,0,0,0,0,0,0,0,0,0,0,0,0,0,3.7147e-06,0,0,0,0,0,0,0,0,0,0,0,0,0,0,0,0,0,0,0,0,0
0,0,0,0,0,0,0,0,0,0,0,0,0,0,0,0,0,0,0,0,0,0,0,0,0,0,0,0,0,0,0,0,0,0,0,0,0,0,0,0,0,0,0,0,0
0,0,0,0,0,0,0,0,0,0,0,0,0,0,0,0,0,0,0,0,0,0,0,0,0,0,0,0,0,0,0,0,0,0,0,0,0,0,0,0,0,0,0,0,0
0,0,0,0,0,0,0,0,0,0,0,0,0,0,0,0,0,0,0,0,0,0,0,0,0,0,0,0,0,0,0,0,0,0,0,0,0,0,0,0,0,0,0,0,0
0,0,0,0,0,0,0,0,0,0,0,0,0,0,0,0,0,0,0,0,0,0,0,0,0,0,0,0,0,0,0,0,0,0,0,0,0,0,0,0,0,0,0,0,0
0,0,0,0,0,0,0,0,0,0,0,0,0,0,0,0,0,0,0,0,0,0,0,0,0,0,0,0,0,0,0,0,0,0,0,0,0,0,0,0,0,0,0,0,0
0,0,0,0,0,0,0,0,0,0,0,0,0,0,0,0,0,0,0,0,0,0,0,0,0,0,0,0,0,0,0,0,0,0,0,0,0,0,0,0,0,0,0,0,0
0,0,0,0,0,0,0,0,0,0,0,0,0,0,0,0,0,0,0,0,0,0,0,0,0,0,0,0,0,0,0,0,0,0,0,0,0,0,0,0,0,0,0,0,0
0,0,0,0,0,0,0,0,0,0,0,0,0,0,0,0,0,0,0,0,0,0,0,0,0,0,0,0,0,0,0,0,0,0,0,0,0,0,0,0,0,0,0,0,0
0,0,0,0,0,0,0,0,0,0,0,0,0,0,0,0,0,0,0,0,0,0,0,0,0,0,0,0,0,0,0,0,0,0,0,0,0,0,0,0,0,0,0,0,0
0,0,0,0,0.015741,0,0,0,0,0,0,0,0,0,0,0,0,0,0,0,0,0,0,8.8119e-06,0,0,0,0,0,0,0,0,0,0,0,0,0,0,0,0,0,0,0,0,0
0,0,0,0,0.0020036,0,0,0,0,0,0,0,0,0,0,0,0,0,0,0,0,0,0,0,0,0,0,0,0,0,0,0,1.0085e-05,0,0,0,0,0,0,0,0,0,0,0,0
0,0,0,0,0,0,0,0,0,0,0,0,0,0,0,0,0,0,0,0,0,0,0,0,0,0,0,0,0,0,0,0,0,0,0,0,0,0,0,0,0,0,0,0,0
0,0,0,0,0,0,0,0,0,0,0,0,0,0,0,0,0,0,0,0,0,0,0,0,0,0,0,0,0,0,0,0,0,0,0,0,0,0,0,0,0,0,0,0,0
0,0,0,0,0,0,0,0,0,0,0,0,0,0,0,0,0,0,0,0,0,0,0,0,0,0,0,0,0,0,0,0,0,0,0,0,0,0,0,0,0,0,0,0,0
0,0,0,0,0,0,0,0,0,0,0,0,0,0,0,0,0,0,0,0,0,0,0,0,0,0,0,0,0,0,0,0,1.6715e-06,0,0,0,0,0,0,0,0,0,0,0,0
0,0,0,0,0,0,0,0,0,0,0,0,0,0,0,0,0,0,0,0,0,0,0,0,0,0,0,0,0,0,0,0,1.4536e-06,0,0,0,0,0,0,0,0,0,0,0,0
0,0,0,0,0,0,0,0,0,0,0,0,0,0,0,0,0,0,0,0,0,0,0,0,0,0,0,0,0,0,0,0,0,0,0,0,0,0,0,0,0,0,0,0,0
0,0,0,0,0,0,0,0,0,0,0,0,0,0,0,0,0,0,0,0,0,0,0,0,0,0,0,0,0,0,0,0,0,0,0,0,0,0,0,0,0,0,0,0,0
0,0,0,0,0,0,0,0,0,0,0,0,0,0,0,0,0,0,0,0,0,0,0,0,0,0,0,0,0,0,0,0,0,0,0,0,0,0,0,0,0,0,0,0,0
0,0,0,0,0.0050633,0,0,0,0,0,0,0,0,0,0,0,0,0,0,0,0,0,0,6.8097e-05,0,0,0,0,0,0,0,0,0,0,0,0,0,0,0,0,0,0,0,0,0
0,0,2.4849e-06,0,0.026209,0,0,5.0847e-06,0,0,0,0,0,0,0,0,2.1274e-06,0,0,0,0,0,0,0,0,0,0,0,0,0,0,0,0.00019321,0,0,0,0,0,0,0,0,0,0,0,0
0,0,0.00041254,0,0.0034242,0,1.2124e-06,2.6509e-05,0,0,0,0,0,0,0,0,0,0,0,0,0,0,0,0,0,0,0,0,0,0,0,0,0.00053746,0,0,0,0,0,0,0,0,0,0,0,0
0,0,0.00012591,0,0.00014488,0,7.5964e-07,2.1453e-05,0,0,0,0,0,0,7.396e-06,0,0,0,0,0,0,0,0,1.2586e-06,0,0,0,0,0,0,0,0,0.00012526,0,0,0,0,0,0,1.1956e-05,0,0,0,0,0
0,0,0,0,0.00012765,0,0,0,0,0,0,0,0,0,0,0,1.9033e-06,0,0,0,0,0,0,6.329e-06,0,0,0,0,0,0,0,0,4.125e-05,0,0,0,0,0,0,0,0,0,0,9.096e-07,0
0,0,0,0,0,0,0,0,0,0,0,0,0,0,0,0,4.7036e-07,0,0,0,0,0,0,6.4683e-07,0,0,0,0,0,0,0,0,1.3877e-05,0,0,0,0,0,0,0,0,0,0,0,0
0,0,0,0,0,0,0,0,0,0,0,0,0,0,0,0,0,0,0,0,0,0,0,0,0,0,0,0,0,0,0,0,1.1807e-05,0,0,0,0,0,0,0,0,0,0,0,0
0,0,0,0,0,0,0,0,0,0,0,0,0,0,0,0,0,0,0,0,0,0,0,0,0,0,0,0,0,0,0,0,0,0,0,0,0,0,0,0,0,0,0,0,0
0,0,0,0,0,0,0,0,0,0,0,0,0,0,0,0,9.0034e-07,0,0,0,0,0,0,0,0,0,0,0,0,0,0,0,0,0,0,0,0,0,0,0,0,0,0,0,0
0,0,0,0,0,0,0,0,0,0,0,0,0,0,0,0,0,0,0,0,0,0,0,0,0,0,0,0,0,0,0,0,0,0,0,0,0,0,0,0,0,0,0,0,0
0,0,0,0,0,0,1.2663e-06,0,0,0,0,0,0,0,0,0,0,0,0,0,0,0,0,8.4038e-05,0,0,0,0,0,0,0,0,0,0,0,0,0,0,0,0,0,0,0,0,0
2.601e-06,0,0,0,0.010087,0,1.8427e-05,0,0,0,0,0,0,0,0,0,6.6706e-06,0,0,0,0,0,0,0.00088458,0,0,0,0,0,0,0,0,2.8399e-05,0,0,0,0,0,0,3.6478e-06,0,2.0867e-05,0,0,0
5.9041e-05,0,0.0011202,0,0.019088,0,7.2191e-05,1.587e-05,0,0,0,0,0,0,5.1756e-05,0,3.2336e-05,0,0,0,0,0,0,0.0018911,0,0,0,0,0,0,0,0,0.0031033,0,0,0,0,0,0,0.0016569,0,0.00010107,0,0,0
1.6567e-05,0,0.00061578,0,0.017075,0,6.9895e-06,7.444e-06,2.4966e-05,0,0,0,0,0,6.5994e-05,0,3.3315e-05,0,0,0,0,4.0141e-05,0,0.00052522,0,0,0,0,0,0,0,0,0.0080358,2.5983e-05,0,0,0,0,0,0.0017061,0,9.5895e-06,0,6.8582e-06,0
0,0,0,0,0.0023621,1.5166e-05,1.5681e-05,0,4.027e-06,0,0,0,0,0,2.452e-05,0,3.1866e-05,8.2062e-06,0,0,0,1.4216e-06,0,5.1189e-06,0,0,0,0,0,0,0,0,0.0014585,0,0,0,0,0,0,0.0004431,0,0,5.8923e-06,2.0485e-06,0
0,0,0,0,0,2.0165e-05,7.4475e-07,0,0,0,0,0,0,0,0,0,2.8951e-05,0,0,0,0,0,0,0,0,0,0,0,0,0,0,0,0.00010105,0,2.5823e-05,0,0,0,0,5.6093e-05,0,0,0,0,0
0,0,0,0,0,0,0,0,0,0,0,0,0,0,0,0,1.9067e-05,0,0,0,0,0,0,0,0,0,0,4.7576e-06,0,0,0,0,0,0,0,0,0,0,0,0,0,0,0,0,0
0,0,0,0,0,0,0,0,0,0,0,0,0,0,0,0,1.4574e-05,0,0,0,0,0,0,0,0,0,0,1.832e-05,0,0,0,0,0,0,0,0,0,0,0,0,0,0,0,0,0
0,0,0,0,0,0,0,0,0,0,0,0,0,0,0,0,1.3457e-06,0,0,0,0,0,0,0,0,0,0,0,0,0,0,0,0,0,0,0,0,0,0,0,0,0,0,0,0
0,0,0,0,0,0,0,0,0,0,0,0,0,0,0,7.4583e-05,0,0,0,0,0,0,0,0,0,0,0,0,0,0,0,0,0,0,0,0,0,0,0,0,0,0,0,0,0
0,0,0,0,0,0,3.3949e-05,0,2.1378e-05,0,0,0,0,0,0,7.8754e-05,0,0,0,0,0,0,0,0,0,0,0,0,0,0,0,0,0,0,0,0,0,0,0,0,0,0,0,0,0
0.00010945,0,4.6692e-05,2.4177e-05,0,0,0.0002773,0,0.00010818,0,0,0,0,0,5.9628e-05,3.167e-05,0,0,0,0,0,0,0,0,0,0,0,0,0,0,0,0,0,0,0,0,0,0,0,0,0,0.00036039,2.816e-06,0,0
0.00011958,0,0.0004184,0.00093356,0.0012317,0,0.00045783,0,0.00090094,0,7.6273e-06,0,0,0,0.00024076,0.00068001,0.00059466,0,0,0,1.5983e-05,0.0012805,0,7.3584e-06,0,0,0,0,0,0,0,0,0,0.00020133,0,0,0,2.8061e-06,0,0.00045971,0,0.00087549,0.00056951,0.00062751,0
7.5072e-05,2.1132e-05,0,0.0001904,0.0084959,4.1231e-06,0.00040266,0,0.00034123,0,1.8082e-05,0,0,0,0.00030667,1.6746e-05,0.0010062,0.00014042,0,0,0,0.0012365,6.6029e-06,1.9473e-05,0,0,0,3.1886e-06,0,0,0,0,0.016273,0.00012885,7.7904e-05,0,0,0.00012217,0,0.00049227,0,0.00025038,0.00032771,0.00011885,0
0,0,0,6.5123e-06,0.0057411,7.6919e-05,0.00022474,0,1.4035e-05,0,2.0308e-05,0,0,0,8.9775e-05,0,0.0011249,9.9074e-05,0,0,0,0.0015835,0,0,0,0,0,0.00074378,0,0,0,0,0.00051148,3.4384e-06,0.0015572,0,1.2334e-06,7.1594e-06,0,0.00036948,0,3.224e-05,5.2378e-05,0,0
0,0,0,0,0,5.5391e-06,0,0,0,0,1.2512e-06,0,0,0,0.0001077,0,0.0015327,2.3537e-05,0,0,0,0.0028105,0,0,0,0,0,0.0020735,0,0,0,0,0,0,0.00015546,0,0,0,0,3.3307e-05,0,0,0,0,0
0,0,0,0,0,0,0,0,0,0,0,0,0,0,0,0,0.00073698,6.9011e-06,0,0,0,0,0,0,0,0,0,0.0039409,0,0,0,0,0,0,0,0,1.0977e-06,0,0,0,0,0,0,0,0
0,0,0,0,0,0,0,0,0,0,0,0,0,0,0,0,5.3028e-07,4.69e-06,0,0,0,0,0,0,0,0,0,0.0031685,0,0,0,0,0,0,0,0,0,0,0,0,0,0,0,0,0
0,0,0,0,0,0,0,0,0,0,0,0,0,0,0,0,0,0,0,0,0,0,0,0,0,0,0,0.00081327,0,0,0,0,0,0,0,0,0,0,0,0,0,0,0,0,0
0,0,0,0,0,0,0,0,0,0,0,0,0,0,0,0,0,0,0,0,0,0,0,0,0,0,0,0,0,0,0,0,0,0,0,0,0,0,0,0,0,0,0,0,0
0,0,0,0.0049386,0,0,1.7921e-06,0,0,0,0,0,0,0,0,0.0010205,0,0,0,0,0,0,0,0,0,0,0,0,0,0,0,0,0,0,0,0,0,0,0,0,0,0,0,0,0
0.0002281,0,0.00045914,0.0071398,0,0,0.00026211,0,6.7291e-05,0,0,0,0,0,9.8039e-05,0.0073031,0.00078109,0,0,0,0,0.0035863,0,0,0,0,0,0,0,0,0,0,0,0.00034199,0,0,0,0,0,0,0,0,0,0.0003877,0
0.00024007,0,0.0030589,0.0094164,0.00061793,0,0.00048287,1.3897e-05,0.0081148,0,8.8173e-05,0,6.2327e-06,3.4345e-06,0.0008493,0.0019288,0.0015509,0,0,0,7.8606e-05,0.0046937,4.6991e-05,0.00019186,0,0,0,0,0,0,4.6899e-06,0,0,0.0059936,0.00052461,0,0,1.9239e-05,0,0.00014765,0,0.00025231,0.001233,0.00052286,4.1255e-05
0.00060645,0.00025485,0.00033883,0.0015262,0.00034666,6.2547e-05,0.001714,0.00022587,0.010442,0,0.00011729,2.8711e-05,6.7881e-06,6.6333e-06,0.028346,0.0001297,0.0015914,0.00075636,0,1.6187e-06,2.1275e-06,0.002977,0.0011918,0.0004558,0,0,0,0,0,0,0,0,0.010317,0.0032516,0.0087671,0,3.6564e-06,0.00045069,0,0.0013239,3.1852e-05,0.00030508,0.0063837,1.812e-06,1.901e-05
0.0010806,0.00046884,0,0.00031765,0.0045568,0.00039172,0.0010705,0.00032499,1.1109e-05,0,0.00021674,1.2274e-05,0,6.34e-06,0.024796,7.2818e-06,0.0020879,0.00061161,0,0,1.9121e-06,0.0032005,0.00037418,0,0,0,3.5328e-05,0.0017752,0,4.3461e-05,6.1748e-07,0,0.0028922,4.3815e-06,0.0015863,0,5.5914e-05,0.00040463,0,0.0017794,0,0.00022488,0.0023778,2.3252e-05,6.6752e-05
0.0025454,0,0,0,0,0.00072961,0.00015697,6.0717e-05,0,0,0.00064236,1.2245e-05,0,0,0.0047332,0,0.00085406,0.00043189,0,0,0,0.00097455,0,0,2.7097e-06,0,1.3756e-05,0.0029777,0,0,0,0,0,0,0,0,6.8516e-05,0.00012568,0,0,0,0,0,5.9096e-05,1.5536e-05
0,0,0,0,0,0.0001832,0.00027112,0,0,0,0.0001473,0,0,0,0,0,0,0.00049573,0,0,0,0,0,0,0,0,0,0.0029228,0,0,0,0,0,0,0,0,3.7538e-05,0,0,0,0,0,0,1.0198e-05,0
0,0,0,0,0,0,0,0,0,0,0,0,0,0,0,0,0,0.00021062,0,0,0,0,0,0,0,0,0,0,0,0,0,0,0,0,0,0,0,0,0,0,0,0,0,0,0
0,0,0,0,0,0,0,0,0,0,0,0,0,0,0,0,0,0.00017927,0,0,0,0,0,0,0,0,0,0,0,0,0,0,0,0,0,0,0,0,0,0,0,0,0,0,0
0,0,0,0.0019915,0,0,0,0,0,0,0,0,0,0,0,0.0010723,0,0,0,0,0,0,0,0,0,0,0,0,0,0,0,0,0,0,0,0,0,0,0,0,0,0,0,0,0
0,0,0,0.0045181,0,0,8.8814e-06,0,0,0,0,0,0,0,0,0.0016656,0.00018868,0,0,0,0,0.0010546,0,0,0,0,0.0001321,0,0,0,0,0,0,0.0021746,0,0,0,0,0,0,0,0,0,5.8086e-06,0
0.00041844,0,0.00047356,0.0034716,0,0,0.00082218,7.6445e-05,0,0,0,0,0,0,0.0021972,0.0036119,0.00015501,0,0,0,0,0.0023175,0,0,0,0,7.4623e-05,0,7.9359e-07,4.0618e-05,2.2446e-06,0,0,0.00010556,0,0,0,0,0,0,1.4537e-05,0,0.026607,2.2613e-05,0
0.00058498,0.00019113,0.015659,0.0034797,0,0,0.0014371,0.0044226,0.0019634,0,0.0012399,0,8.2067e-05,7.2305e-05,0.021917,0.00013287,0,0,0,3.9968e-06,0.00039136,0,0.0054373,0.00064953,1.3175e-05,0,0.0087152,0,3.3153e-06,0.00020258,9.3622e-05,7.5805e-05,0,0.0061284,0.0016366,0,0,0.014656,0,0,0.00054207,0.00066498,0.071304,0,4.2617e-05
0.011884,0.0027653,0.028217,0.00026339,0.0091768,9.2298e-05,0.0054401,0.01761,0.0011665,0,0.0019481,6.11e-05,0.00013602,0.00011962,0.020251,0.00071827,0,0.0028363,4.3595e-05,6.496e-05,0.00042608,0,0.0082994,0.003095,1.6029e-05,0,0.0032136,0,1.2025e-05,0.00098178,7.7607e-05,0.00061989,0,0.046055,0.0010188,0,1.2797e-05,0.04216,0,0.0022367,0.00048519,0.0014976,0.030123,0,0.0014503
0.016271,0.0014653,0,0.0015594,0.08213,0.0014078,0.020484,0.03323,0.0080263,0.00023354,0.0029204,0.0010395,0.00039592,0.000244,0,0.0013264,0,0.0033922,9.9647e-05,0.00019227,0.0015583,0,1.6393e-05,0.0017405,0.00011106,0,0.0013648,0.00052613,1.8024e-05,0.00059086,0.00068926,0.00018048,0.0052098,0.0072924,0,0.00018693,0.00030557,0.025927,1.2371e-06,0.0038811,2.1681e-06,0.0046264,0.0045935,0.00096455,0.0012525
0.024379,0.0022163,0,0.0042812,0.17428,0.0042228,0.03922,0.0049369,0.0032494,0.00048935,0.0060483,0.0010629,0.002333,0.00072484,0,0.0010961,0,0.043171,0.00044498,0.00026472,0.00016806,0,0,0,0.00034658,0,0.00098533,0.023003,4.2867e-05,2.5452e-05,0.0018362,0.00024983,0.0065422,0.0041578,0,0.00026611,0.002503,0.019482,0,0.010482,0,0.00088548,0.0078155,0.001129,0.01296
0,0,0,0,0.044052,0.0021125,0.014261,0.0020242,0,0,0.024141,0.00045507,0,0,0,0,0,0.088419,0,0.00023088,0,0,0,0,0.00022699,0,0.00069865,0.07356,0,0.0036543,0,0,0.001443,0,0,3.4157e-05,0.0029144,0.002315,0,0,0,0,0.00019689,0.0020904,0.0036287
0,0,0,0,0,0.0010792,0,0,0,0,0.0079841,0,0,0,0,0,0,0.029274,0,0,0,0,0,0,0,0,0,0.051248,0,0.02105,0,0,0,0,0,0,0.00089289,0,0,0,0,0,0,0.00020503,0
0,0,0,0,0,0,0,0,0,0,0,0,0,0,0,0,0,0.049062,0,0,0,0,0,0,0,0,0,0,0,0,0,0,0,0,0,0,0,0,0,0,0,0,0,0,0
0,0,0,0.0018046,0,0,0,0,0,0,0,0,0,0,0,0.00073435,0,0,0,0,0,0,0,0,0,0,0,0,0,0,0,0,0,0.00079196,0,0,0,0,0,0,0,0,0,0,0
0,0,0,0,0,0,3.3282e-05,0,0,0,0,0,0,0,0,0.001516,2.758e-05,0,0,0,0,0.0012052,0,0,0,0,0.00010074,0,0,0,0,0,0,0.00034641,0,0,0,0,0,0,0,0,0.0037879,0,0
0.00084409,3.3141e-06,0,0,0,0,0.0020673,0.014324,0,0,0,0,0,0,0.0076704,0,0,0,0,1.7818e-05,0,0,0.00014599,0,0,0,0.012798,0,9.642e-06,0.00018891,0,2.822e-05,0,0,1.9492e-06,0,0,0.022593,0,0,4.8479e-05,0,0.065293,0,0
0.0022219,0.00033324,0.0062311,0.0002216,0,0,0.0054679,0.038806,0,6.5656e-05,0.0011568,0,0.00016347,9.0967e-05,0.01414,3.1087e-05,0,0,0,0.00012049,0.00037043,0,0.0065552,2.8597e-06,1.6643e-05,0,0.0074675,0,3.4859e-05,0.00099062,0.0001923,0.0036423,0,0.0035666,3.3847e-05,0.00017533,0,0.060356,0,0,0,7.2291e-05,0,0,0.00034579
0.029152,0.026325,0.14588,0.0055492,0,0,0.025424,0.010925,0.0037306,0.007842,0.0022686,0.00020506,0.00097794,0.00122,0,0.0029309,0,0.0014855,0.00080718,0.0073518,0.00068525,0,0.0061437,0.0094312,0.00072943,2.87e-05,0.00084421,0,0.0022663,0.0016405,0.0022323,0.00029505,0,0.0352,0,0.00083338,9.9839e-07,0.0171,4.3965e-05,0,9.0172e-05,0.0042159,0,0,0.051207
0.0567,0.10883,0.72858,0.010566,0.074587,0.0025515,0.07187,0.0059897,0.12757,0.046066,0.14622,0.025173,0.0058712,0.013862,0,0.010192,0,0.1194,0.0034784,0.068933,0.0093344,0,0,0.1138,0.0015254,0.00049111,0.0004213,0.15319,0.010528,0.002449,0.0078377,0.0010309,0.0010273,0.004115,0,0.012742,0.00029039,0,0.0085062,0.0055416,0.0033865,0.090882,0.0074645,0.0013217,0.17483
0.025664,0.0030689,0.036986,0.016609,0.28447,0.0067972,0,0.0031141,0.045025,0.021479,0.22986,0.18262,0.020488,0.0086269,0,0.013785,0,0.14751,0.0068832,0.099691,0.1468,0,0,0.079445,0.030386,0.0081563,0.00049343,0.26293,0.0018433,0.059226,0.0011184,0.0031573,0.024706,0.043834,0,0.010271,0.0075714,0.023256,0.0023058,0.037252,0.0097743,0.15005,0.031963,0.010741,0.027287
0,0.039471,0,0.068506,0.20768,0.28168,0.02005,0.014019,0.10653,0.0037115,0.079518,0.13379,0,0,0,0.036935,0,0.0015449,0.021846,0.012029,0.018919,0,0,0,0.17164,0.0080436,0.012079,0.10758,0.0057879,0.094179,0,0.010731,0.096681,0.13891,0,0.012731,0.023636,0.07712,0.0019945,0.088495,0.0037822,0.19635,0.082264,0.0097822,0.0058721
0,0.14537,0,0.34098,0,0.11577,0.070181,0.057473,0.27883,0.026365,0.07214,0.039595,0,0,0,0.081879,0.14263,0.0065144,0,0.063585,0.033743,0,0.073472,0,0.025739,0.0028874,0.092623,0.086606,0.0086614,0.053433,0,0.013001,0.10789,0.19988,0,0.025066,0.18086,0.051488,0.0025744,0.22018,0.00044395,0,0.13837,0.02222,0.031413
0,0.086551,0,0,0,0.096521,0.13429,0.29881,0,0,0.098978,0.17567,0,0,0,0.29581,0.17395,0.031468,0,0.28863,0,0,0.058507,0,0.15394,0,0.26376,0.00495,0.0013369,0.15001,0,0.0040846,0,0.023621,0,0.012257,0.13707,0.077789,4.1001e-05,0.20327,0,0,0.17195,0.015182,0.21657
0,0,0,0.00086889,0,0,0,0,0,0,0,0,0,0,0,0.00044485,0,0,0,0,0,0,0,0,0,0,0,0,0,0,0,0,0,0,0,0,0,0,0,0,0,0,0,0,0
0,0,0,0,0,0,7.4105e-07,0,0,0,0,0,0,0,0,0,2.0065e-06,0,0,0,0,0.00069531,0,0,0,0,1.4522e-05,0,0,0,0,0,0,0,0,0,0,0,0,0,0,0,0.020228,0,0
0.0006345,0,0,0,0,0,0.003679,0.0071699,0,2.5561e-05,0,0,0,0,0.0069015,0,6.1647e-07,0,0,0.00011358,0,0.00038603,0.0011804,0,0,0,0.0080657,0,2.0524e-06,0.00038845,0,0.0048973,0,0,5.2577e-07,7.8355e-06,0,0.035961,0,0,0.0018929,0,0,0,0
0.0041713,0.0014858,0,0,0,0,0.0054167,0,0,0.00053275,0,0,2.047e-05,0,0,0,0,0,0,0.00034855,0,5.365e-05,0.0011735,0,0,3.2641e-06,0,0,0.00058325,0.0019467,0.00056785,0.0010968,0,0,0,0.00011525,0,0,0,0,0,0,0,0,1.9911e-05
0.042631,0.12658,0,0,0,0,0.025749,0.035767,0.081658,0.054793,0.074398,0.0085131,0.0028485,0.011247,0,0,0,0.043424,0,0.046803,0,0,0,0.00022083,0.00030809,0.00032937,0.00041026,0.071219,0.014043,0.0065648,0.0066484,5.4058e-05,0,0,0,0.029476,0,0,0.018848,0,0,0.0075846,0,0,0.173
0.028502,0.046271,0.031381,0.014561,0,0,0.012778,0.02892,0.014907,0.033066,0.14896,0.13244,0.0045422,0.0033888,0,0.0029484,0,0.16804,0.013654,0.061287,0.27511,0,0.037457,0.62414,0.11197,0.015231,0.0068902,0.10363,0.00061155,0.019862,0.00057937,0.0023258,0.0086278,0,0,0.081462,0,0,0.0043393,0,0,0.31474,0,0,0.0076546
0,0,0,0.095015,0,0.3305,0.13631,0.02387,0.0094511,0.0032757,0,0.10293,0.00066,0.00056498,0,0.031362,0,0.17683,0.039238,0.024807,0.0019214,0,0.10693,0.0068962,0.24532,0.10025,0.028929,0,0.013328,0.099224,0,0.012459,0.36355,0.0045131,0,0.0080405,0,0,0.0022419,0,0.0062979,0.14769,0,0.026819,0.026333
0.0011955,0,0,0.35913,0,0.057889,0.15754,0.16195,0.22035,0.090907,0,0.0076011,0,2.3026e-05,0.061071,0.077616,0.21612,0.022301,0.13335,0.064227,0,0,0.15511,0,0.095772,0.008822,0.091694,0,0.036741,0.31262,0,0.050792,0.28896,0.17668,0,0.047289,0.29877,0.042542,0.11235,0.043859,0.052499,0.078317,0.11496,0.043366,0.097954
0.20009,0.061904,0,0.042125,0,0,0.075559,0.19038,0.023549,0.14634,0.022419,0.044954,0,0.0010061,0.24544,0.32156,0.31913,0,0,0.21675,0.11498,0.0017898,0.16251,0,0.044626,0.040741,0.2764,0,0.23733,0.067757,0,0.30414,0,0.29238,0.10559,0.089555,0.21432,0.31731,0.50974,0.31312,0.17546,0,0.20587,0.25968,0.11722
0.1734,0.29493,0,0,0,0,0.017935,0,0,0.33851,0,0.09579,0.4317,0.47426,0.1753,0.10137,0,0,0.17857,0,0.32446,0.6213,0.20556,0,0.010423,0.35467,0.12304,0,0.44581,0,0.37213,0.52048,0,0,0.64177,0.29097,0.0078224,0.15995,0.22963,0.063193,0.74109,0,0,0.34082,0
0,0,0,0,0,0,0,0,0,0,0,0,0,0,0,0,0,0,0,0,0,0,0,0,0,0,0,0,0,0,0,0,0,0.00029706,0,0,0,0,0,0,0,0,0,0,0
0,0,0,0,0,0,5.4548e-05,0,0,0,0,0,0,0,0,0,0,0,0,0,0,0.00022773,0,0,0,0,0.00082491,0,0,0,0,0,0,0,0,0,0,0,0,0,0.00037676,0,0.006251,0,0
0,0,0,0,0,0,0.0025928,5.3686e-05,0,0,0,0,0,0,0.0019416,0,0,0,0,0,0,0.00029169,0.0018749,0,0,0,0.00063803,0,0,0,0,0.0026149,0,0,0,0,0,0.0088596,0,0,0.0037859,0,0,0,0
0.00097733,0.012874,0,0,0,0,0.0029681,0,0.003719,0.0080112,0,0,0,0,9.9579e-05,0,0,0,0,0.012254,0,0.00038221,0.010847,0,0,4.0633e-05,0,0,0.00048227,0.0021626,0,0,0,0,0,0.00033011,0,0,3.9299e-05,0,0,0,0,0,0.017663
0.020543,0.038609,0,0,0,0,0.0096262,0.04542,0.050227,0.026263,0.078542,0.040432,0.00078373,7.3712e-05,0.00098951,0,0,0.0524,0,0.02705,0.032559,0.00046017,0.057534,0.074663,0,0.00020035,0,0.043117,0.0009417,0.011198,0.00086857,0,0,0,0,0.038614,0,0,0.0037364,0,0,0,0,0,0.033172
0.0033146,0,0,0,0,0.046036,0.021073,0,0,0,0,0.0076165,0.0013929,7.0398e-07,0.010027,0,0,0.009967,0,0.0052466,0.038464,0.00036715,0.099638,0.081753,0.10688,0.026322,0,0,0.00067699,0.029397,1.7698e-05,0,0.004722,0,0,0.017993,0,0,0,0,0,0,0,0,0
0.03033,0,0,0,0,0.051854,0.09681,0,0,0,0,0,0.0018241,0.0015818,0.1067,0,0,0,0.078763,0,0,0.00021298,0,0,0,0.0034439,0,0,0.0071279,0,3.6386e-06,0,0.046979,0,0,0.021971,0.042003,0,0,0,0,0,0,0,0
0.22476,0,0,0,0,0,0.015369,0,0,0,0,0,0.0083098,0.019445,0.26558,0,0.13577,0,0.046354,0,0,0.00013886,0,0,0,0.048655,0.027187,0,0.025669,0.060167,0,0.0058544,0,0,0,0.091998,0.080854,0,0.089917,0,0,0,0,0.062494,0
0.096244,0,0,0,0,0,0,0,0,0.19202,0,0,0.025446,0.45885,0,0,0,0,0.28614,0,0,0.29832,0,0,0,0.38168,0.030086,0,0.1861,0,0.0013114,0.058191,0,0,0.23726,0.20761,0,0,0.013683,0,0,0,0,0.20139,0
0,0,0,0,0,0,0,0,0,0,0,0,0.49201,0.0045768,0,0,0,0,0.19034,0,0,0.048418,0,0,0,0,0,0,0,0,0.60379,0,0,0,0,0,0,0,0,0,0,0,0,0,0
0,0,0,0,0,0,0,0,0,0,0,0,0,0,0,0,0,0,0,0,0,0,0,3.3534e-06,0,0,0,0,0,0,0,0,0,0,0,0,0,0,0,0,0,0,0,0,0
0,0,0,0,0,0,0.00030404,0,0,0,0,0,0,0,0,0,0,0,0,0,0,0,0,0,0,0,0,0,0,0,0,0,0,0,0,0,0,0,0,0,0,0,0,0,0
0,0,0,0,0,0,0.00035902,0,0,0,0,0,0,0,0,0,0,0,0,0,0,0,0,0,0,0,0,0,0,0,0,0,0,0.0029118,0,0,0,0,0,0,0,0,0,0,0
0,0,0,0,0,0,0,0,0,0,0,0,0,0,0,0,0,0,0,0,0,0,0,0,0,0,0,0,0,0,0,0,0,0,0,0,0,0,0,0,0,0,0,0,0
0,0,0,0,0,0,0,0,0,0,0,0,0,0,0,0,0,0,0,0,0,0,0,0,0,0,0,0,0,0,0,0,0,0,0,0,0,0,0,0,0,0,0,0,0
0,0,0,0,0,0,0,0,0,0,0,0,0,0,0,0,0,0,0,0,0,0,0,0,0,0,0,0,0,0,0,0,0,0,0,0,0,0,0,0,0,0,0,0,0
0,0,0,0,0,0,0,0,0,0,0,0,0,0,0,0,0,0,0,0,0,0,0,0,0,0,0,0,0,0,0,0,0,0,0,0,0,0,0,0,0,0,0,0,0
0,0,0,0,0,0,0,0,0,0,0,0,0,0,0,0,0,0,0,0,0,0,0,0,0,0,0,0,0,0,0,0,0,0,0,0,0,0,0,0,0,0,0,0,0
0,0,0,0,0,0,0,0,0,0,0,0,0,0,0,0,0,0,0,0,0,0,0,0,0,0,0,0,0,0,0,0,0,0,0,0,0,0,0,0,0,0,0,0,0
0,0,0,0,0,0,0,0,0,0,0,0,0,0,0,0,0,0,0,0,0,0,0,0,0,0,0,0,0,0,0,0,0,0,0,0,0,0,0,0,0,0,0,0,0
0,0,0,0,0,0,0,0,0,0,0,0,0,0,0,0,0,0,0,0,0,0,0,9.6658e-06,0,0,0,0,0,0,0,0,0,0,0,0,0,0,0,0,0,0,0,0,0
0,0,0,0,0,0,0.001399,0,0,0,0,0,0,0,0,2.8479e-05,0,0,0,0,0,0,0,1.6275e-06,0,0,0,0,0,0,0,0,8.0453e-06,0,0,0,0,0,0,0,0,0,0,0,0
0,0,0,0,0,0,0.0010841,0,0,0,0,0,0,0,0,0,0,0,0,0,0,0,0,0,0,0,0,0,0,0,0,0,0,0.00099345,0,0,0,0,0,0,0,0,0,0,0
0,0,0,0,0,0,6.0872e-05,0,0,0,0,0,0,0,0,0,0,0,0,0,0,0,0,0,0,0,0,0,0,0,0,0,0,3.2889e-05,0,0,0,0,0,0,0,0,0,0,0
0,0,0,0,0,0,4.4334e-05,0,0,0,0,0,0,0,0,0,0,0,0,0,0,0,0,0,0,0,0,0,0,0,0,0,0,1.1278e-05,0,0,0,0,0,0,0,0,0,0,0
0,0,0,0,0,0,0.00032131,0,0,0,0,0,0,0,0,0,0,0,0,0,0,0,0,0,0,0,0,0,0,0,0,0,0,0,0,0,0,0,0,0,0,0,0,0,0
0,0,0,0,0,0,0.0001519,0,0,0,0,0,0,0,0,0,0,0,0,0,0,0,0,0,0,0,0,0,0,0,0,0,0,0,0,0,0,0,0,0,0,0,0,0,0
0,0,0,0,0,0,4.0129e-05,0,0,0,0,0,0,0,0,0,0,0,0,0,0,0,0,0,0,0,0,0,0,0,0,0,0,0,0,0,0,0,0,0,0,0,0,0,0
0,0,0,0,0,0,1.5832e-06,0,0,0,0,0,0,0,0,0,0,0,0,0,0,0,0,0,0,0,0,0,0,0,0,0,0,0,0,0,0,0,0,0,0,0,0,0,0
0,0,0,0,0,0,0,0,0,0,0,0,0,0,0,0,0,0,0,0,0,0,0,0,0,0,0,0,0,0,0,0,0,0,0,0,0,0,0,0,0,0,0,0,0
0,0,0,0,0,0,0,0,0,0,0,0,0,0,0,0.0001035,0,0,0,0,0,0,0,0,0,0,0,0,0,0,0,0,0,0,0,0,0,0,0,0,0.00027766,0,0,0,0
0,0,0,0,0,0,0.0019937,0,0,0,0,0,0,0,0,8.7164e-05,0,0,0,0,0,0,0,5.4572e-05,0,0,0,0,0,0,0,0,1.5338e-06,0,0,0,0,0,0,0,0,0,0,0,0
0,0,0,0,0,0,0.0058449,0,0,0,0,0,0,0,0,0,0,0,0,0,0,0,0,0,0,0,0,0,0,0,0,0,0.0001115,0.00047161,0,0,0,0,0,0,0,0,0,8.7945e-07,0
0,0,0,0,0,0,0.0030663,0,0,0,0,0,0,0,0,0,0,0,0,0,0,0,0,0,0,0,0,0,0,0,0,0,0.000266,0.0042795,0,0,0,0,0,0,0,0,0,0.00040153,0
0,0,0,0,0,0,0.0014115,0,0,0,0,0,0,0,1.8291e-06,0,0,0,0,0,3.1872e-05,0,0,3.6898e-06,0,0,0,0,0,0,0,0,8.3394e-05,0.0010159,0,0,0,0,0,0,0,0,0,0.001195,0
1.1934e-05,0,0,0,0,0,0.00080937,1.5609e-05,0,0,0,0,0,0,0,0,0,0,0,0,4.1306e-06,0,0,4.5447e-06,3.2329e-06,0,0,0,0,0,0,0,1.7855e-05,3.204e-05,0,0,0,0,0,0,0,0,0,9.5924e-05,0
8.7077e-05,0,0,0,0,1.1902e-05,0.0013787,5.2913e-05,0,0,0,0,0,0,0,0,0,0,0,0,0,0,0,0,2.6131e-06,0,0,0,0,0,0,0,1.7331e-05,0,1.989e-05,0,0,0,0,0,0,0,0,3.6508e-06,0
7.0389e-05,0,0,0,0,2.4411e-05,0.00045977,7.8387e-06,0,0,0,0,0,0,0,0,0,0,0,0,0,0,0,0,0,0,0,0,0,0,0,0,1.326e-05,0,4.554e-06,0,4.0035e-07,0,0,0,0,0,0,0,0
2.3854e-05,0,0,0,0,1.4234e-05,6.1697e-05,0,0,0,0,0,0,0,0,0,0,0,0,0,0,0,0,0,0,0,0,0,0,0,0,0,0,0,3.1966e-06,0,0,0,0,0,0,0,0,0,0
0,0,0,0,0,0,2.3946e-06,0,0,0,0,0,0,0,0,0,0,0,0,0,0,0,0,0,0,0,0,0,0,0,0,0,0,0,0,0,0,0,0,0,0,0,0,0,0
0,0,0,0,0,0,0.0019159,0,0,0,0,0,0,0,0,0.0012211,0,0,0,0,0,0,0,0,0,0,0,0,0,0,0,0,0,0,0,0,0,0,0,0,0.00011989,0,0,0,0
0,0,0,0,0,0,0.0011031,0,0,0,0,0,0,0,0,0.00095774,0,0,0,0,0,0,0,0.0002324,0,0,0,0,0,0,0,0,0,0,0,0,0,0,0,0,0,0,0,0,0
0,0,0,0,0,0,0.0024534,0,0,2.2351e-05,0,0,4.8948e-06,0,0,2.1286e-05,0,0,0,0,0,0,0,0.00093608,0,0,0,0,9.1455e-06,0,2.7105e-05,0,0.00021473,0.005069,0,0,0,0,0,0,0,0,0,0,0
0,0,1.6911e-06,0,0,0,0.0059401,0,0,5.1873e-05,0,0,2.2948e-05,0,4.3168e-05,4.6203e-06,0,0,0,0,0.00012421,1.864e-05,0,0.0017732,0,0,0,0,1.0679e-05,0,4.1846e-05,0,0.0031665,0.039723,0.0011326,0.00014878,0,0,0,0,0,0,0,6.7164e-05,0
0.00031419,0,0,0,0,0,0.0066583,0,4.2151e-06,2.6474e-05,4.3376e-05,0,6.5773e-06,0,4.6915e-05,0,5.8236e-06,2.1125e-06,6.7242e-05,0,2.9495e-05,1.678e-05,2.1894e-05,0.00036212,9.0929e-05,0,0,0,1.7336e-06,4.4659e-05,1.1892e-05,0,0.0030077,0.0043847,0.0015092,1.1104e-05,0,0,0,0,0,0,5.8923e-06,2.9617e-05,1.5909e-05
0.00037167,7.2196e-05,0,0,0,2.111e-05,0.0054545,0,1.8867e-06,0,4.3707e-05,9.5756e-06,5.4316e-07,3.4345e-06,5.4955e-06,0,1.0144e-05,2.2687e-06,3.9691e-06,0,2.1275e-06,0,1.9472e-05,4.4478e-06,0.00032167,0,0,0,0,0.00022809,0,0,0.0010806,0,0.0012253,0,1.1251e-05,0,0,0,0,0,0,0,2.5649e-05
0.00025852,3.1341e-06,0,0,0,5.0271e-05,0.0019661,0,0,0,2.2338e-05,8.8486e-06,0,6.0102e-06,0,0,1.3663e-06,7.4038e-05,0,0,0,0,2.2231e-06,0,1.6888e-05,0,0,0,0,0.00013994,0,0,0.00024709,0,0.0010677,0,3.0085e-05,0,0,0,0,0,0,0,0
0.00013294,0,0,0,0,1.9134e-05,0.00028626,0,0,0,2.1599e-05,0,0,7.7028e-07,0,0,1.822e-06,8.8847e-06,0,0,0,0,0,0,2.7097e-06,0,0,0,0,0,0,0,1.1972e-06,0,0.0002782,0,1.2308e-05,0,0,0,0,0,0,0,0
1.4034e-05,0,0,0,0,0,0,0,0,0,1.2512e-06,0,0,0,0,0,1.6524e-06,0,0,0,0,0,0,0,0,0,0,0,0,0,0,0,0,0,1.4122e-05,0,1.0855e-05,0,0,0,0,0,0,0,0
0,0,0,0,0,0,0,0,0,0,0,0,0,0,0,0,0,0,0,0,0,0,0,0,0,0,0,0,0,0,0,0,0,0,0,0,2.9242e-06,0,0,0,0,0,0,0,0
0,0,0,0,0,0,0.0049661,0,0,0.0054216,0,0,0,0,0,0.0014035,0,0,0,0,0,0,0,0,0,0,0,0,0,0,0,0,0,0,0,0,0,0,0,0,0.00052427,0,0,0,0
0,0,0,0,0,0,0.010408,0,0,0.0087126,0,0,0,0,0,0.0049608,2.1274e-06,0,0,1.8559e-05,0,0,0,0,0,0,0,0,0,0,0,0,0,0,3.7096e-05,0,0,0,0,0,0.0003287,0,0,0,0
0,3.9035e-06,5.0271e-05,0,0,0,0.017352,0,0,0.0087588,0,0,8.3261e-05,0,0.00011283,0.0037752,1.1639e-05,0,0,1.8148e-06,0,0.00014015,5.1666e-06,0,0,0,0,0,1.5104e-05,0,0.00016953,0,0,0.0043989,0.00056155,0,0,0,4.04e-06,0,6.7534e-06,0,0,0.00069316,0
0.00094123,2.4676e-05,0.001343,0,3.36e-05,0,0.035111,1.9689e-05,2.0622e-06,0.0033878,0.00036193,0,6.4635e-05,1.3647e-05,0.0001482,0.0020265,2.7566e-05,0,0.000448,1.0595e-05,0.00037163,0.0010037,0.00037739,9.0135e-05,0,3.2641e-06,0,0,1.9999e-05,0.00060777,0.00018741,0,0.0016547,0.048883,0.0015909,0.0002667,0,0,0,0.00050355,0.00017465,0,1.3709e-05,0.0009715,1.1616e-05
0.0014767,0.00074336,0.00081146,0,0,0.00013885,0.054961,0.00057145,5.485e-05,0.00057933,0.0012283,4.8437e-06,4.8931e-05,7.9605e-05,0.00017056,0.00016177,3.8804e-05,0,0.00090967,3.8008e-05,0,0.0007877,0.0068748,1.2636e-05,0.0040403,0,0,0,6.0026e-05,0.0027363,3.8233e-05,0,0.01648,0.0078669,0.0027712,0.0010573,4.8056e-06,0,6.2718e-05,0.00027376,0.0004655,0,2.0673e-05,0.00069639,0.00025135
0.004999,0.00030852,8.7574e-06,0,0,0.00031312,0.040793,0.00022978,5.8474e-06,0,0.00082162,0.00010423,8.2025e-05,9.5289e-05,6.2389e-05,0,5.6619e-05,0.00061073,0.00050577,1.4051e-06,0.00036939,0.0011393,0.0022466,4.1761e-06,0.0010013,0,0,0,7.6363e-06,0.0015826,0.00022629,0,0.0011296,0,0.0035426,0.00017055,0.00015681,0,1.2099e-05,4.5684e-05,0.00042375,0,0,0,0.0011733
0.010347,0.00047619,0,0,0,0.0012307,0.023893,2.1487e-05,0,0,0.00092155,0.00012463,8.0406e-05,3.5584e-05,0,0,2.6716e-05,0.00034932,0.00028874,0,0.0001107,0.002135,0.00067708,0,0.0004357,0,0,0.00083865,1.0608e-06,4.2966e-05,0,0,0,0,0.0015796,5.6705e-05,0.00060148,0,0,0,0,0,0,0,0.00012732
0.0032119,0,0,0,0,0.00045595,0.0080102,0,0,0,0.00053707,2.7563e-05,1.6691e-05,0,0,0,1.9218e-05,6.1509e-05,0,0,0,0,2.558e-06,0,0,0,0,0.0019932,0,0,0,0,0,0,0,0,0.00041114,0,0,0,0,0,0,0,2.9459e-05
0.00014732,0,0,0,0,6.2667e-05,0,0,0,0,5.6964e-05,1.2963e-06,0,0,0,0,0,0,0,0,0,0,0,0,0,0,0,0.00041532,0,0,0,0,0,0,0,0,8.0316e-05,0,0,0,0,0,0,0,0
0,0,0,0,0,0,0,0,0,0,0,0,0,0,0,0,0,0,0,0,0,0,0,0,0,0,0,2.6744e-05,0,0,0,0,0,0,0,0,0,0,0,0,0,0,0,0,0
0,0,0,0,0,0,0,0,0,0.0047783,0,0,0,0,0,0.00080284,0,0,0,0,0,0,0,0,0,0,0,0,0,0,0,0,0,0,0,0,0,0,0,0,0.00073457,0,0,0,0
0,0,0,0,0,0,0.0012944,0,0,0.050919,0,0,0,0,0,0.0019114,0,0,0,5.0667e-05,0,0,0.00023278,0,0,0,2.2921e-05,0,0,0,0.00014598,0,0,0,2.1961e-05,0,0,0,0,0,0.0020433,0,0,0,1.7649e-06
0.00017768,8.7674e-05,0,0,0.00011671,0,0.0030078,0.0028104,9.3846e-05,0.031217,6.0723e-06,0,0.00012137,0,0.00013332,0.0025721,1.0944e-05,0,0,9.0193e-05,0,0.0032573,0.0022621,0,0.036538,5.127e-05,1.1552e-05,0,0.00015725,0,0.00089054,3.081e-05,0,0.0074549,4.8118e-06,0,0,1.7092e-05,0.004973,0.0003543,4.1054e-05,0,1.6416e-06,0.0032131,1.777e-05
0.0013027,0.00049051,6.0957e-05,0,0.00053356,0,0.0017187,0.0036481,0.001952,0.016583,0.0015331,0,0.00063579,4.6887e-05,0.00044701,0.00028564,0.00035046,0,0.0067637,9.8451e-05,0.0002586,0.0038176,0.0082464,0,0.11899,0.00022164,0,0,0.0020239,0.0050914,0.0021416,0.000273,0,0,2.107e-05,9.465e-05,0,8.324e-05,0.0050553,0.0028718,0,1.126e-05,0.00023155,0.0036171,0.00083792
0.01051,0.0030961,9.0346e-05,0,0.0027573,0.0010565,0,0.019548,0.0014566,0.0029761,0.0010111,0.00037346,0.00089627,9.4099e-05,0.015982,0.00014392,0.0014975,0,0.0030686,9.5501e-05,0.00063287,0.0031961,0.0033453,0.000292,0.20342,0.00035734,0,0,0.007452,0.0027274,0.0044136,0.00033867,0.013159,0.043005,0,0.016174,0,3.3857e-05,0.0031578,0.00078167,4.9888e-05,0.00011239,0.00053497,0.0034575,0.0026327
0.036839,0.0031249,0,0,0.0048379,0.0021261,0,0.003639,0.00067075,0,0.0021061,0.0011995,0.0012431,0.00079991,0.02446,8.4353e-05,0.0031612,0.005781,0.010685,0.00020659,0.0016803,0.003796,0.00035669,0.0002188,0.062413,0.00036557,2.2523e-05,0.0022674,0.0013521,0.0018234,0.0058618,0.00024407,0.0016918,0,0,0.0061212,0.0041969,4.9156e-05,0.0011017,5.9261e-05,4.406e-06,4.9563e-05,0.00039926,0,0.050083
0.016738,0.0019917,0,0,0.00035839,0.0033738,0,0.00029585,0,0,0.0041904,0.001371,0.0038341,0.0015603,0.0045723,0,0.0021504,0.00084091,0.00061438,8.2999e-05,0.0012419,0.0023258,0,0,0.008874,0.00012429,1.3756e-05,0.0037925,0.00021491,0.018994,0,5.3648e-05,0,0,0,0.0015608,0.0081125,0,0.00019972,0,0,0,0.0004111,0,0.01571
0,0,0,0,0,0.0013092,0,0,0,0,0.0053139,0.00072799,8.2168e-05,0,0,0,4.1866e-05,0.0011478,0,7.7447e-05,1.7223e-05,0,0,0,0,0,0,0.0024746,0,0,0,0,0,0,0,0,0.0050461,0,0,0,0,0,0,0,0.0047052
0,0,0,0,0,0.00053605,0,0,0,0,0.0042225,0.00022932,0,0,0,0,0,0.0023134,0,0,0,0,0,0,0,0,0,0.00045995,0,0,0,0,0,0,0,0,0.00142,0,0,0,0,0,0,0,0
0,0,0,0,0,0,0,0,0,0,0,0,0,0,0,0,0,0,0,0,0,0,0,0,0,0,0,0,0,0,0,0,0,0,0,0,0,0,0,0,0,0,0,0,0
0,0,0,0,0,0,0,0,0,0.018165,0,0,0,0,0,0,0,0,0,0,0,0,0,0,0,0,0,0,0,0,0,0,0,0,5.2577e-07,0,0,0,0,0,0.001737,0,0,0,0
0,0,0,0,0,0,0.0024088,0.019643,5.7572e-06,0,0,0,0,0,0,0,0,0,0,0,0,0.0011833,0.00094171,0,0.045502,0,0,0,0.00067621,0,0.00078938,0,0,0,0,0,0,0,0.0094522,0,0,0,0,0,0
0.00032385,0.00017625,0,0,0.0091811,0,0.0035298,0.017632,6.652e-06,0.0023131,0,0,0.00055543,0,0.00086942,0,0,0,0,0.00023748,0,0.0029318,0.0025383,0,0.10141,0.00015428,0.00022733,0,0.0067562,0.001807,0.0034135,0.0036711,0,0.059927,0,0.025659,0,8.1488e-06,0.0069269,0,0,1.7067e-05,0,0.0092098,0
0.010655,0.0077307,0.00011836,0,0.019781,0,0.028406,4.7249e-05,0.0034203,0.037745,0.0014533,0,0.0019258,0.00062116,0.014138,4.826e-05,0.0021965,0,0.015631,0.011999,0,6.7857e-05,0.0013696,0,0,0.00019414,0.0079149,0,0.0087948,0.009615,0.0022872,0.00083164,0,0.023155,0,0.047331,0,0.00010244,7.2868e-05,9.8903e-05,7.8097e-06,0.0006426,0.00087064,0.0094569,0.10683
0.081969,0.036972,0.00085466,0.00015285,0.0082421,0.0019385,0.070578,0.036508,0.013976,0.0078689,0.051037,0.045016,0.0052319,0.012186,0.033926,0.001977,0.0015714,0.01078,0.014906,0.037405,0,0,0,0.002127,0.071832,0.00056786,0.0023343,0,0.00027347,0.057154,0.00011846,0.00025722,0.00019605,0.19319,0,0.029128,0,0.00076198,0.00088532,0.0017338,0.0009577,0.0006112,0.040425,0.023918,0.16415
0.029615,0.05504,0.0010683,0.0016504,0.013543,0.0034087,0.048577,0.0064145,0.0025092,0.0031841,0.1848,0.10326,0.01496,0.01183,0,0.0032136,0.00047052,0.097926,0.049331,0.069163,0.13146,0,0,0.0035081,0.097202,0.02367,0.0013773,0.0026602,0.0032839,0.066718,0,0.00010739,0.0052399,0.20346,0,0.0083702,0.003104,0.01541,0.0010881,0.0018018,0.0040136,0.0001592,0.01558,0,0.04243
0,0.0043343,0,0,0.0029537,0.098919,0.13947,0.0099343,0.0028774,0,0.13865,0.18722,0.0034645,0.0054859,0,0.0023933,0,0.12082,0,0.038549,0.031887,0,0,0,0.087069,0.0022279,0.0010133,0.0034429,0.0042566,0.020235,0,0.0017663,0.0035962,0,0,0.0061236,0.073237,0.012256,0.0023401,0.00013155,0.0033183,0.00010567,0.0068932,0,0.00028351
0,0.02226,0,0,0,0.11787,0.094156,0.0088112,0,0,0.039177,0.055472,0,0,0,0,0,0.030412,0,0.010614,0.0051679,0,0,0,0.088703,0.0023274,0.00031254,0.0045365,0.0049647,0,0,0.00059776,0,0,0,0,0.17752,0.00027952,0.0011176,0,0.00015576,0,0.00042265,0,0.0057555
0,0,0,0,0,0.059962,0,0,0,0,0.015504,0.018241,0,0,0,0,0,0.07549,0,0.016417,0,0,0,0,0,0,0,0.013354,0.00015066,0,0,0,0,0,0,0,0.1099,0,0,0,0,0,0,0,0.031352
0,0,0,0,0,0.043196,0,0,0,0,0.08045,0.016882,0,0,0,0,0,0.0042448,0,0,0,0,0,0,0,0,0,0.010815,0,0,0,0,0,0,0,0,0.0052612,0,0,0,0,0,0,0,0.0096665
0,0,0,0,0,0,0,0,0,0.0030997,0,0,0,0,0,0,0,0,0,0,0,0,0,0,0,0,0,0,0.00010688,0,0,0,0,0,0,0,0,0,0.00036024,0,0,0,0,0,0
0,0,0,0,0.0022994,0,0.0026624,0.016299,0,0,0,0,0,0,0,0,0,0,0,0,0,0.0011659,0.0023334,0,0.018395,0,5.4254e-05,0,0.00075309,0,0.00069887,0.0025201,0,0,0,0.027624,0,0,0.0036597,0,0,0,0,0,0
0,0.0044301,0,0,0.028326,0,0.051525,0,0,0,0,0,0.0011572,2.8605e-06,0.0038448,0,0.00028724,0,0,0.0151,0,0.00021531,0,0,0,0,0.013218,0,0.00012383,0.0054128,0.00075328,0.0023328,0,0.015664,0,0.015517,0,7.7754e-06,0,0,0,0,0,0.013681,0.070554
0.038125,0.081254,9.4318e-05,0.00011931,0.00024862,0,0.086956,0,0,0,0.085768,0.062084,0.0026726,0.004725,0.021611,0,0.00038861,0.010312,0.033252,0.023586,0.032106,0,0,0,0,0.0060047,0.0060827,0,0.00012283,0.027425,0,0,0,0.33407,0,0,0,0.0059245,0,0,0,0.00016876,0.10416,0.02492,0.010652
0.015007,0.071063,0.0025882,0.0058711,0.0015301,0.027916,0.069313,0.069878,0,0.0016514,0.12577,0.048403,0.0003711,0.0015799,0.0016983,0.0012247,0,0.11041,0.082072,0.062033,0.17113,0,0.0055518,0.00059392,0,0.070793,0.00054734,0,0.0027583,0.059241,0,0.00070652,0,0,0,0.00056881,0,0.06531,0,0.00033832,0,0.00029605,0.0097083,0.24203,0
0,0.014278,0.01162,0.0020658,0.0010921,0.24961,0.06132,0.037337,0.00029175,0.2017,0.0019517,0.062477,0,0,0,0.011127,0,0.1447,0.016282,0.04009,0.04323,0,0.026626,0.042569,0.019696,0.033563,0.0010613,9.7822e-05,0.013239,0.027152,0,0.005188,0.00069893,0,0,0.014394,0.19619,0.017732,1.3505e-06,0.0041221,0.0042142,0.0010364,0,0.34645,0.0068834
0,0,0.039667,0.0019251,0.0078173,0.13916,0,0.01763,0.071813,0.54125,0,0.032037,0,0,0,0.044821,0,0.23073,0.01811,0.037047,0.0088643,0,0.080863,0.12378,0.020046,0.016698,0.0019677,0.15215,0.029029,0.052336,0,0.0057321,0.017997,0,0,0.053843,0.22676,0.025807,0.082932,0.019932,0.030899,0.0017248,0.011072,0,0.037434
0,0.02014,0.048534,0.0014852,0.016092,0.036945,0,0.063136,0.028979,0,0.055354,0.0092202,0,0,0,0.076169,0,0.0044065,0.055296,0.013138,0.072723,0,0.14756,0,0,0.020691,0.014833,0.2622,0.098136,0.11386,0.00014382,0.017593,0.054287,0,0.001989,0.19099,0.034214,0.022973,0.42103,0.025088,0.063318,0.0063775,0.037544,0,0.090707
0,0.19972,0.044192,0,0.14845,0.012546,0,0.20892,0.076652,0,0.064591,0.1339,0,0,0,0.094645,0,0,0,0.13167,0.16377,0,0.2035,0,0,0.060798,0.092006,0.12862,0.32357,0.037067,0.043073,0.055248,0.12703,0,0.24714,0.37661,0,0.02075,0.23653,0.0058543,0.12098,0.011165,0.1127,0,0.11468
0.083436,0.38452,0,0,0.24701,0,0,0.27331,0.16427,0,0.027133,0.17535,0,0.054188,0,0.32423,0.066145,0,0,0.2597,0.17095,0,0.24763,0,0,0.31823,0.15673,0.068605,0.10234,0,0,0.15656,0,0,0.063265,0.12969,0,0.015502,0.046827,0,0.24039,0,0.096712,0,0.19809
0,0,0,0,0,0,0,0,0,0.0022949,0,0,0,0,0,0,0,0,0,0,0,0,0,0,0.0046124,0,0,0,0,0,0,0,0,0,0,0,0,0,0.00096436,0,0.00029086,0,0,0,0
0,0,0,0,0.014862,0,0,0.0028671,0,0,0,0,0,0,0,0,0,0,0,0,0,0.00060041,0.0035476,0,0.0069598,0,0,0,0.00026472,0,0.00039057,0.0021306,0,0,0,0.013317,0,0,0,0,0,0,0,0,0.0085958
0.00026457,0.019212,0,0,0.0099238,0,0.075545,0,0,0,0,0.018334,0.0015151,0,0.0070173,0,7.255e-05,0,0,0.011936,0,0.00053552,0.0043321,0,0,0,0.010419,0,0,0.0070562,2.0572e-05,0,0,0,0,0,0,0,0,0,0,0,0.045156,0.020087,0.019517
0.0039455,0.05121,0,0.0075532,0,0,0.019468,0,0,0,0.085701,0.017344,0.0010583,5.3138e-05,0.0032012,0,0,0.053043,0.057953,0.022098,0.070342,0.00042761,0.026978,0,0,0.0087395,1.001e-05,0,0.00047245,0.028541,6.4084e-06,0,0,0,0,0,0,0.07646,0,0,0,0,0,0.081583,0
0,0,0,0.01081,0,0.16921,0,0,0,0,0,0,0.0010394,0.0009895,0,0,0,0.072181,0.027267,0.0018027,0,0.00010689,0.086792,0,0,0.0084752,0.00041026,0,0.005443,0.095646,0,0,0,0,0,0,0.12276,0.020482,0,0,0,0,0,0.14602,0
0,0,0.0035944,0.00038997,0,0,0,0,0.075458,0,0,0,0.00032603,0.0016241,0,0,0,0,0.075078,0,0,0,0.045753,0.38603,0,0,0.0052506,0.10937,0.011432,0.16107,0,0.0028138,0,0,0,0,0.0022483,0,0.057947,0,0,0.00059708,0,0,0
0,0,0.029895,0.0054088,0.027269,0,0,0,0.082791,0.047295,0,0,0,0.0018698,0,0,0,0,0.2715,0.0046489,0,0,0,0.26694,0,0.026895,0.025603,0.17169,0.0632,0.088759,0.11543,0.014528,0.1548,0,0.012034,0,0,0.0062202,0.021658,0,0,0.0075623,0,0,0
0.12835,0,0.1561,0.036499,0.21166,0,0,0,0.014836,0,0,0,0.27958,0.015169,0.046808,0.032874,0,0,0,0.097229,0,0,0,0,0,0.11042,0.084274,0,0.26566,0,0.48727,0.061391,0.48456,0,0.44334,0,0,0.079329,0.077644,0.025477,0.016617,0.37678,0,0,0
0.16056,0,0.64683,0.15028,0.21986,0,0,0.10934,0.14172,0,0,0,0.36221,0.27403,0.23942,0.2363,0.30069,0,0,0.090674,0.013618,0.0816,0,0,0,0.28843,0.27277,0,0.042654,0,0.033996,0.40612,0.053213,0,0.085605,0.032706,0,0.30254,0.013683,0.20657,0.17856,0.28365,0.026673,0,0
0.102,0,0.012479,0.76383,0,0,0,0.069856,0.25133,0,0,0,0,0.26922,0.1753,0.15042,0.42592,0,0,0,0.057484,0.53292,0,0,0,0,0.21131,0,0,0,0,0.25813,0,0,0,0,0,0.2936,0,0.70396,0.32935,0.30894,0.47719,0,0
0,0,0,0,0,0,0,0.0015811,0,0,0,0,0,0,0,0,0,0,0,0,0,0,0,0,0.0024177,0,0,0,0,0,0,0,0,0,0,0,0,0,0.00031895,0,0,0,0,0,0
0,0,0,0,0.0012152,0,0,0,0,0,0,0,0,0,0,0,0,0,0,0,0,7.4624e-05,0.002858,0,0,0,0.0012665,0,0.00021615,0,0.00012115,0.000828,0,0,0,0.0024707,0,0,0,0,0,0,0,0,0.0068023
0.0014361,0.017237,0,0,0,0,0,0,0,0,0.017377,0.010579,0.00046131,0,0.0022114,0,5.4551e-06,0,0,0.0040905,0,0,0.015537,0,0,0,0.00051911,0,0,0.0020632,1.345e-05,0,0,0,0,0,0,0,0,0,0,0,0.013273,0.010129,0
0.0027285,0,0,0.011954,0,0.011819,0,0,0,0,0.0028377,0,0.00011227,0,0.0001321,0,6.1647e-07,0.023354,0.019598,0,0.022392,0.00016223,0.064823,0,0,0,0,0,0,0.016331,1.9287e-06,0,0,0,0,0,0,0.018355,0,0,0,0,0,0.05808,0
0.0030902,0,0,0,0,0.016755,0,0,0.003719,0,0,0,0.00045863,0,0.00059176,0,0,0,0.0090564,0,0,0.00035328,0.0057857,0,0,0,0,0,0,0.088495,0,0,0,0,0,0,0.028711,0,0,0,0,0,0,0,0
0.029172,0,0,0,0,0,0,0,0.061096,0,0,0,0.0083098,0,0.0056672,0,0,0,0.23132,0,0,0.00036715,0,0.17046,0,0,0,0.060182,0,0,0,0,0,0,0,0,0,0,0,0,0,0,0,0,0
0.15351,0,0,0,0,0,0,0,0,0,0,0,0.0144,0.0063984,0.079542,0,0,0,0,0,0,0.00021298,0,0,0,0,0,0,0,0,0.29732,0,0.039998,0,0.13125,0,0,0,0,0,0,0,0,0,0
0.067849,0,0,0,0,0,0,0,0,0,0,0,0.29297,0.049428,0.29344,0,0.0054226,0,0,0,0,0.00015957,0,0,0,0,0.027187,0,0,0,0,0,0.016032,0,0,0,0,0,0,0,0,0,0,0,0
0,0,0,0,0,0,0,0,0,0,0,0,0,0.28787,0.02439,0,0.18942,0,0,0,0,0.35528,0,0,0,0,0.061235,0,0,0,0,0,0,0,0,0,0,0,0,0,0,0,0,0,0
0,0,0,0,0,0,0,0,0,0,0,0,0,0,0,0,0,0,0,0,0,0,0,0,0,0,0,0,0,0,0,0,0,0,0,0,0,0,0,0,0,0,0,0,0
