0.55921,0.48292,0.36975,0.41565,0.50094,0.58956,0.52328,0.51537,0.65543,0.40908,0.43506,0.45053,0.63204,0.55913,0.43877,0.46988,0.46373,0.4508,0.48369,0.37723,0.44903,0.32438,0.46936,0.44519,0.40515,0.54381,0.4168,0.47308,0.47966,0.55331,0.41965,0.4894,0.43857,0.49732,0.20209,0.47374,0.4496,0.4154,0.48405,0.39579
0.0085645,0.0022777,0.0026137,0.014812,0.015145,0.02187,0.0080921,0.0073417,0.021898,0.011296,0.0030196,0.0035144,0.0021724,0.020029,0,8.2671e-06,0.0062889,0.018694,0.0083465,0.0046739,0.00050635,0.062703,0,0.030595,8.0437e-07,0.00059997,1.7318e-05,0.039807,0,0,0,0.007023,2.7434e-05,8.1998e-05,0.043083,0.00081814,0,0.01385,9.3886e-05,0.002287
0.0040236,0.00055537,0.00012573,0.0032821,0.0021909,0.0076241,0.0016992,0.0062307,0.0067303,0.0027042,0.0092667,0.0029317,0.0021965,0.0078407,0,0,0.009412,0.0010498,0.0010201,3.9408e-05,0.0020556,0.021081,0.00014628,5.9695e-05,0.00089202,0,3.1326e-05,0.010949,0,0,0,0.00012504,0,0.00065705,0.092741,0.0052304,0,0.0073615,0.0021435,5.7282e-06
0.0082264,0.00068179,0.0018983,0.00035459,0.0024119,0.0080298,0.003478,0.0053756,0.0065184,0.0014315,0.0026848,0.0012216,0.001871,0.015312,0,0.00033743,0.0067975,0.014715,0.01137,0,0.00092154,0.079495,2.9598e-08,0.010602,0,0,0,0.036632,0,0,0,3.5547e-07,0.005622,4.1772e-05,0.040243,0.00082162,0,0.0072981,0.00033394,1.9732e-05
0.00517,0.0016853,0.0037358,0.0019048,0.030654,0.0067964,0.0035752,0.005242,0.004557,0.00041382,0.0169,0.01723,0.0065102,0.008657,0.037379,0.014308,0.013387,0.021834,0.0075189,0.0021528,0.02184,0.024813,0.022182,0.0096053,0.010521,1.1948e-05,6.2275e-05,0.039105,0,0,0.022575,0.004325,0.12093,0.00036035,0.045928,0.0040847,0.0067361,0.011155,0.00014361,0.00057699
0.010952,0.0018984,0.002551,0.0043608,0.011973,0.0081862,0.0025617,0.0076001,0.0027869,0.00049402,0.0088193,0.0080067,0.0056332,0.042239,0.019436,0.024973,0.0066188,0.0053573,0.0025327,0.0057283,0.014209,0.093014,0.0081816,0.048336,0.006527,9.3065e-06,0.00019166,0.029028,0,0,0.016661,0.0013532,0.020631,0.00084066,0.069188,0.0030043,0.0036027,0.012039,0.00015776,0.0008027
0.013456,0.00057475,0.00081339,0.00063422,0.0030109,0.0054849,0.0011195,0.005328,0.0077127,0.0025567,0.0028214,0.0023474,0.0058309,0.018949,0.0010787,0.0010658,0.0072614,0.046981,0.052776,0.00011829,0.0020281,0.026698,5.0739e-05,0.0074971,1.5044e-07,0,2.5761e-08,0.034538,0,0,0.0001458,6.1827e-05,0.00075306,0.00012631,0.091633,0.0019097,4.5701e-06,0.0053166,0.00012485,3.3089e-05
0.010935,0.0006588,0.00053185,0.0086704,0.0018617,0.010457,0.0026152,0.0095294,0.012103,0.005465,0.0041897,0.0020587,0.0022976,0.026064,0,5.9195e-06,0.0099366,0.0042137,0.0060292,0,0.0013599,0.09801,8.0728e-05,0.00026261,0.0014235,0,9.5906e-05,0.007824,0,0,0,9.7669e-06,0,0.00021617,0.14356,0.0033453,0,0.014189,0.00034997,1.7717e-06
0.029704,0.0020873,0.0014939,0.0045123,0.014236,0.017923,0.0031335,0.014782,0.012205,0.012944,0.0041247,0.0049485,0.0023054,0.058271,0,1.3399e-05,0.0073908,0.11771,0.042874,0.001582,0.00067722,0.034434,2.6468e-07,0.020257,3.0014e-07,0.00010757,7.0386e-06,0.017426,0,0,0,0.030603,0.0050071,0.00024959,0.10742,0.0018866,0,0.0077359,0.00011281,0.000777
0.34805,0.50517,0.61367,0.54302,0.41634,0.32161,0.44873,0.42123,0.26833,0.55101,0.51206,0.50595,0.33771,0.24147,0.50183,0.4874,0.4666,0.31607,0.38094,0.60502,0.50611,0.23417,0.49829,0.42582,0.57048,0.45348,0.58042,0.30969,0.51909,0.44544,0.53946,0.46521,0.40715,0.49826,0.16302,0.50407,0.53843,0.50445,0.51101,0.59817
0.00019516,0.00026895,0.00061718,0.00057553,0.00026135,0.00024832,0.00036937,0.0003888,0.00023081,0.00069271,0.00033808,0.00073875,0.00047647,0.00013071,0.00036833,0.00068584,0.00092637,0.00034476,0.00026214,0.0020277,0.00082943,0.00069452,0.00075582,0.00052039,0.0011905,0.00042891,0.0013428,0.00026658,0.00039275,0.00057648,0.00053431,0.0004727,0.00028064,0.00046211,0.00053286,0.00035116,0.00020493,0.00092405,0.00030436,0.0011112
0.00035136,0.00040546,0.00078684,0.00064097,0.00092717,0.00024058,0.00039402,0.00066303,0.001016,0.00098479,5.0403e-07,0.00055519,8.3171e-05,0.00064045,0.00045964,0.00081303,0.00027583,0.00042174,0.00038827,0.0010558,0.00089095,0.00039088,0.0003813,0.00056273,0.0018817,0.0015509,0.0019755,0.0011779,0.00064938,0.00016931,0.0010785,0.0006527,0.0017198,0.00079603,0.00033097,0.00011333,0.0011963,0.00029446,0.00034702,0.0018417
0.00013747,4.1291e-09,0.00012628,0.00015293,5.2738e-06,0.00021019,0.00025109,0.00011163,0.00013079,0.0003292,0,0,0,0.00011317,5.4452e-05,3.0066e-05,0.00015781,0.0002383,0.00026,0.00021175,0,2.8061e-05,9.6507e-05,0.00012994,0.00034626,0.00045951,0.00076495,2.7169e-05,0,0,0,0.0012267,0.00027936,8.5324e-05,4.1051e-05,0,0,0,4.4107e-05,0.00010904
0,0,2.2218e-05,7.2946e-05,0,0.00076891,3.1793e-06,2.3563e-05,3.9963e-05,9.9459e-05,0,0,0,0,0,0,0.00018205,0.00023796,2.0132e-05,2.4495e-05,0,0,0,5.8897e-06,0.00012919,2.0497e-05,0.00018925,2.5925e-05,0,0,0,2.3588e-06,0,0,0,0,0,0,0,0
0,0,7.938e-06,3.6165e-05,0,0.0001232,0,0,0,1.9444e-05,0,0,0,0,0,0,1.5087e-05,5.7497e-05,0,1.5843e-06,0,0,0,0,0.00016179,0,0,0,0,0,0,0,0,0,0,0,0,0,0,0
0,0,2.9779e-06,4.793e-07,0,2.8094e-05,0,0,0,0,0,0,0,0,0,0,0,0,0,0,0,0,0,0,1.7405e-06,0,0,0,0,0,0,0,0,0,0,0,0,0,0,0
0,0,0,0,0,0,0,0,0,0,0,0,0,0,0,0,0,0,0,0,0,0,0,0,0,0,0,0,0,0,0,0,0,0,0,0,0,0,0,0
0,0,0,0,0,0,0,0,0,0,0,0,0,0,0,0,0,0,0,0,0,0,0,0,0,0,0,0,0,0,0,0,0,0,0,0,0,0,0,0
0,0,0,0,0,0,0,0,0,0,0,0,0,0,0,0,0,0,0,0,0,0,0,0,0,0,0,0,0,0,0,0,0,0,0,0,0,0,0,0
0,0,0,0,0,0,0,0,0,0,0,0,0,0,0,0,0,0,0,0,0,0,0,0,0,0,0,0,0,0,0,0,0,0,0,0,0,0,0,0
0.00055024,0.00072448,0.0012145,0.0009079,0.00059624,0.00054512,0.00052485,0.00089701,0.0005795,0.00095907,0.00077392,0.0010799,0.00119,0.00029758,0.00077219,0.0011395,0.0017103,0.0010589,0.00089543,0.0033982,0.0011831,0.00098674,0.0012834,0.00086743,0.0018905,0.00078366,0.0016497,0.00044007,0.00077653,0.0013634,0.0011444,0.00075676,0.00051086,0.0010302,0.0014482,0.00074934,0.00038645,0.0021997,0.00066564,0.0018902
0.00079145,0.0010709,0.0011283,0.0012454,0.0026623,0.00047979,0.00074984,0.0016146,0.002248,0.0019401,3.7076e-05,0.0011382,0.0002023,0.0018701,0.00066034,0.0016068,0.0009076,0.0008486,0.00083207,0.0016171,0.0016209,0.0015068,0.00046403,0.00064265,0.0039701,0.0036128,0.0047854,0.0040545,0.0017747,0.00025399,0.0024462,0.0012143,0.0032815,0.0017956,0.00087096,0.00031934,0.0046822,0.0011159,0.00064375,0.0028264
0.00046165,2.4374e-07,0.00020884,0.00029986,7.6448e-06,0.00039156,0.00052368,0.00022031,0.00023031,0.00060411,0,0,0,0.00025778,7e-05,4.8726e-05,0.00055904,0.00042169,0.00048588,0.00036122,0,4.5812e-05,0.00013052,0.00011,0.00068948,0.0012095,0.0021179,6.8337e-05,0,0,0,0.0032721,0.00065799,0.00015277,3.9326e-05,0,8.5004e-07,0,5.1465e-05,0.0020668
3.0802e-08,0,4.3037e-05,0.00016143,0,0.0014842,8.5177e-06,2.7539e-05,0.00010416,0.0001931,0,0,0,6.1418e-08,0,0,0.00047786,0.00051208,2.6645e-05,2.949e-05,0,0,0,4.9433e-06,0.00028627,5.4386e-05,0.00046158,7.6193e-05,0,0,0,1.2744e-05,0,0,0,0,0,0,0,0
0,0,1.7525e-05,7.6896e-05,0,0.00019276,0,0,0,4.4897e-05,0,0,0,0,0,0,2.9733e-05,9.0887e-05,0,2.3418e-06,0,0,0,0,0.00039021,0,0,0,0,0,0,0,0,0,0,0,0,0,0,0
0,0,5.2617e-06,6.0257e-06,0,8.8595e-05,0,0,0,0,0,0,0,0,0,0,0,0,0,0,0,0,0,0,4.2316e-06,0,0,0,0,0,0,0,0,0,0,0,0,0,0,0
0,0,3.4263e-07,0,0,0,0,0,0,0,0,0,0,0,0,0,0,0,0,0,0,0,0,0,0,0,0,0,0,0,0,0,0,0,0,0,0,0,0,0
0,0,0,0,0,0,0,0,0,0,0,0,0,0,0,0,0,0,0,0,0,0,0,0,0,0,0,0,0,0,0,0,0,0,0,0,0,0,0,0
0,0,0,0,0,0,0,0,0,0,0,0,0,0,0,0,0,0,0,0,0,0,0,0,0,0,0,0,0,0,0,0,0,0,0,0,0,0,0,0
0,0,0,0,0,0,0,0,0,0,0,0,0,0,0,0,0,0,0,0,0,0,0,0,0,0,0,0,0,0,0,0,0,0,0,0,0,0,0,0
0.00098757,0.0012329,0.0017784,0.0010921,0.0010724,0.00077765,0.000715,0.0012673,0.00068783,0.0014108,0.0012646,0.0014174,0.0019755,0.00058731,0.0010201,0.0013885,0.0019952,0.002104,0.0012679,0.0043891,0.001554,0.0005295,0.0012582,0.00072184,0.0021279,0.001051,0.0023369,0.00059099,0.0011321,0.0015994,0.0016621,0.0011497,0.0008699,0.0015446,0.0021228,0.0010684,0.00052914,0.0017304,0.0010126,0.0026556
0.00086809,0.0015987,0.0015518,0.0018438,0.004489,0.00061686,0.0011027,0.0025837,0.0036876,0.0030847,0.00013381,0.0017711,0.0004197,0.0027341,0.00097267,0.002174,0.0022362,0.0014477,0.0011612,0.0025281,0.0024679,0.0032457,0.0006123,0.0011151,0.0063009,0.005912,0.0095241,0.0078905,0.0027152,0.00036162,0.0034981,0.0013629,0.0049044,0.0026795,0.0013029,0.00060779,0.011461,0.0037962,0.00080989,0.0034941
0.00096717,7.5071e-07,0.00034113,0.00058599,0.00021086,0.00032327,0.00083333,0.00049779,0.0006126,0.00091292,0,1.6186e-05,8.2731e-07,0.00062747,9.4875e-05,0.00024423,0.00066754,0.00044205,0.00068783,0.00081171,0.00013898,6.2509e-05,0.00022844,0.00021525,0.0012424,0.001993,0.0027582,0.00024294,0,0,0.00020065,0.0055455,0.0016439,0.00029214,4.6752e-05,0,5.1439e-05,0,9.171e-05,0.0046241
1.0641e-06,0,7.7517e-05,0.00025759,0,0.0014345,8.6823e-05,3.3583e-05,0.00021403,0.00033036,0,0,0,4.5446e-06,0,0,0.00073544,0.00078547,4.2284e-05,4.2586e-05,0,0,2.2201e-06,1.6666e-05,0.0003528,0.00019487,0.00046532,0.00016955,0,0,0,0.00016855,1.4409e-06,0,5.4146e-07,0,0,0,0,0
0,0,4.0222e-05,0.00011225,0,0.0011277,0,0,3.3215e-05,9.747e-05,0,0,0,0,0,0,7.2017e-05,0.00013668,0,5.5337e-06,0,0,0,0,0.00041425,2.0355e-06,8.569e-05,0,0,0,0,0,0,0,0,0,0,0,0,0
0,0,5.0725e-06,4.7971e-05,0,0.00016868,0,0,0,0,0,0,0,0,0,0,0,4.8356e-07,0,1.2966e-07,0,0,0,0,6.1681e-06,0,0,0,0,0,0,0,0,0,0,0,0,0,0,0
0,0,2.3758e-06,0,0,1.9884e-06,0,0,0,0,0,0,0,0,0,0,0,0,0,0,0,0,0,0,0,0,0,0,0,0,0,0,0,0,0,0,0,0,0,0
0,0,0,0,0,0,0,0,0,0,0,0,0,0,0,0,0,0,0,0,0,0,0,0,0,0,0,0,0,0,0,0,0,0,0,0,0,0,0,0
0,0,0,0,0,0,0,0,0,0,0,0,0,0,0,0,0,0,0,0,0,0,0,0,0,0,0,0,0,0,0,0,0,0,0,0,0,0,0,0
0,0,0,0,0,0,0,0,0,0,0,0,0,0,0,0,0,0,0,0,0,0,0,0,0,0,0,0,0,0,0,0,0,0,0,0,0,0,0,0
0.0013701,0.0016964,0.0019971,0.0015394,0.0015622,0.0014162,0.00094389,0.0021419,0.00067967,0.0017273,0.0018346,0.0018832,0.0014819,0.00080032,0.001156,0.0016922,0.0020208,0.0024285,0.0016455,0.0046351,0.0019248,0.00045433,0.0015655,0.00099058,0.0031308,0.0011914,0.0027848,0.00071657,0.001519,0.0021871,0.0022101,0.001468,0.0014793,0.002329,0.0026339,0.0014699,0.0008226,0.0017476,0.0012599,0.0032226
0.0010555,0.0024591,0.0023423,0.0027169,0.0060159,0.00048134,0.0016244,0.0040246,0.0043231,0.004449,0.00037326,0.0026547,0.0021691,0.00068128,0.0017441,0.002485,0.0034151,0.0023475,0.0016738,0.0049631,0.0032401,0.0058408,0.00089067,0.0018853,0.0096017,0.0089134,0.015714,0.014554,0.0040385,0.00060991,0.0045425,0.0016124,0.0059279,0.0038988,0.0019999,0.0011314,0.024836,0.0071028,0.0010945,0.0038507
0.0016144,1.479e-05,0.0006789,0.00098792,0.0015452,0.00038765,0.0009611,0.0010683,0.0028008,0.0013843,2.0084e-06,0.00034164,8.0087e-05,0.0044643,0.00011644,0.0012989,0.00092508,0.00085691,0.00097709,0.0015565,0.00098327,0.00013658,0.00042593,0.00041417,0.0015566,0.0015283,0.0029449,0.00088948,0,9.4998e-07,0.0011515,0.0077977,0.0049009,0.00074868,8.1433e-05,0,0.00024883,0,0.00028605,0.0091845
1.2156e-05,0,0.0001548,0.00045111,0,0.00044726,0.00059424,0.00010123,0.00035701,0.00054366,0,0,0,3.7864e-05,0,0,0.0011524,0.00068556,0.00021219,8.5365e-05,0,0,1.0558e-05,5.4762e-05,0.00040885,0.0020845,0.00037573,0.00023563,0,0,0,0.00078318,1.6449e-05,6.3389e-06,4.5373e-06,0,0,0,0,0
0,0,3.656e-05,9.7617e-05,0,0.003417,0,4.2565e-06,0.00035172,0.00012671,0,0,0,0,0,0,0.00019588,0.00070919,0,3.4624e-05,0,0,0,0,0.00039402,8.3202e-05,0.00036114,5.5431e-05,0,0,0,0,0,0,0,0,0,0,0,0
0,0,1.8869e-05,0.00010197,0,0.00025203,0,0,0,8.9897e-06,0,0,0,0,0,0,7.9719e-06,7.6414e-05,0,1.1306e-06,0,0,0,0,7.6379e-05,0,0,0,0,0,0,0,0,0,0,0,0,0,0,0
0,0,4.3934e-06,1.4033e-06,0,8.0301e-05,0,0,0,0,0,0,0,0,0,0,0,0,0,0,0,0,0,0,1.3375e-06,0,0,0,0,0,0,0,0,0,0,0,0,0,0,0
0,0,1.7278e-07,0,0,0,0,0,0,0,0,0,0,0,0,0,0,0,0,0,0,0,0,0,0,0,0,0,0,0,0,0,0,0,0,0,0,0,0,0
0,0,0,0,0,0,0,0,0,0,0,0,0,0,0,0,0,0,0,0,0,0,0,0,0,0,0,0,0,0,0,0,0,0,0,0,0,0,0,0
0,0,0,0,0,0,0,0,0,0,0,0,0,0,0,0,0,0,0,0,0,0,0,0,0,0,0,0,0,0,0,0,0,0,0,0,0,0,0,0
0.0022945,0.0024826,0.0031645,0.0020657,0.0025076,0.0018176,0.0012963,0.002333,0.00081115,0.0021369,0.0024974,0.0025015,0.0010787,0.00083239,0.0013238,0.0025096,0.002643,0.0032392,0.0023513,0.0065805,0.0023359,0.00049561,0.0018287,0.0011263,0.0040309,0.0014724,0.0030183,0.00084228,0.002142,0.0030318,0.0028617,0.0021321,0.0022764,0.0028431,0.0032505,0.0020015,0.0012041,0.0021116,0.0017689,0.0040913
0.0014242,0.0039127,0.0031434,0.0042738,0.0086659,0.00055414,0.0024855,0.0070171,0.0069022,0.006773,0.0011293,0.0039545,0.0047749,0.00076022,0.0030854,0.0030974,0.0050142,0.0037363,0.002729,0.0083504,0.0044828,0.0096906,0.0015905,0.0030929,0.014214,0.005687,0.024666,0.019622,0.0064271,0.0010728,0.0050728,0.0020144,0.0068322,0.0056983,0.0034051,0.0020964,0.038909,0.012163,0.0015237,0.0047101
0.0029032,0.00012912,0.0015705,0.0016523,0.0035797,0.00050059,0.0012521,0.00248,0.0050466,0.0021014,2.3104e-05,0.0013361,0.00020358,0.0075045,0.00018728,0.0028225,0.0013424,0.0014084,0.00096651,0.0021438,0.0029226,0.00029312,0.00087896,0.00086754,0.0021598,0.010396,0.0015657,0.0028294,0,8.2916e-05,0.0043485,0.0078996,0.010842,0.0018891,0.00020489,0,0.0014025,2.9955e-05,0.00071413,0.014479
0.00013283,0,0.0002435,0.00055247,0,0.00055088,0.0015367,0.00018692,0.00061715,0.00069103,0,0,0,0.00011052,3.42e-05,1.1332e-06,0.001197,0.00053814,0.0010241,0.00060982,0,4.6165e-05,6.811e-05,0.00011538,0.00064328,0.0030478,0.0021626,0.0001922,0,0,0,0.0041147,0.00011863,5.7253e-05,5.1561e-05,0,0,0,1.6673e-05,1.1864e-05
1.6234e-07,0,5.5328e-05,0.00018569,0,0.0036079,8.1243e-06,2.1462e-05,0.00056406,0.00022799,0,0,0,0,0,0,0.00088114,0.001435,2.5184e-05,5.5312e-05,0,0,0,1.5115e-05,0.00024692,0.00018366,0.00039708,0.0003029,0,0,0,1.1585e-05,0,0,0,0,0,0,0,0
0,0,2.7306e-05,7.8516e-05,0,0.0017771,0,0,6.3747e-05,5.9592e-05,0,0,0,0,0,0,8.5435e-05,0.00026645,0,3.8504e-06,0,0,0,0,0.00034377,2.2907e-06,4.4281e-05,0,0,0,0,0,0,0,0,0,0,0,0,0
0,0,4.7697e-06,4.6251e-05,0,0.00027427,0,0,0,0,0,0,0,0,0,0,1.004e-07,9.6439e-06,0,9.1033e-08,0,0,0,0,6.9146e-06,0,0,0,0,0,0,0,0,0,0,0,0,0,0,0
0,0,2.5759e-06,3.578e-08,0,2.5327e-05,0,0,0,0,0,0,0,0,0,0,0,0,0,0,0,0,0,0,4.6006e-07,0,0,0,0,0,0,0,0,0,0,0,0,0,0,0
0,0,1.0717e-07,0,0,0,0,0,0,0,0,0,0,0,0,0,0,0,0,0,0,0,0,0,0,0,0,0,0,0,0,0,0,0,0,0,0,0,0,0
0,0,0,0,0,0,0,0,0,0,0,0,0,0,0,0,0,0,0,0,0,0,0,0,0,0,0,0,0,0,0,0,0,0,0,0,0,0,0,0
0.0032757,0.0031208,0.0042653,0.0027209,0.0044524,0.0029261,0.0017694,0.0023093,0.0011951,0.0029913,0.0034491,0.00296,0.0011678,0.0012711,0.001771,0.0033109,0.0029133,0.0040452,0.0038229,0.0095275,0.00283,0.00061883,0.001964,0.0013833,0.0071493,0.0016098,0.0036175,0.00084724,0.002016,0.0045139,0.003587,0.0033133,0.0044096,0.0046494,0.0046697,0.0027878,0.001531,0.0028798,0.0023962,0.0049655
0.0020133,0.0057815,0.0041941,0.0055952,0.0065123,0.00097334,0.0034632,0.013004,0.015087,0.011067,0.0025671,0.005916,0.0079855,0.0010423,0.0045795,0.0043105,0.0067848,0.0069165,0.0041818,0.011576,0.0065051,0.016899,0.0028108,0.0043376,0.018351,0.003463,0.036579,0.0074208,0.011665,0.0022896,0.0059454,0.0027047,0.0064459,0.007526,0.0047634,0.0039967,0.025557,0.020557,0.0021693,0.0064343
0.0031715,0.0023472,0.0038496,0.0039312,0.012771,0.00069572,0.0024149,0.00412,0.0066391,0.0024317,0.00012807,0.0035972,0.00063292,0.010944,0.00074998,0.0045452,0.0033263,0.0023034,0.0019283,0.0048335,0.0061293,0.00049417,0.0016218,0.002629,0.003831,0.021449,0.0026443,0.023699,0.00080451,0.00028629,0.01042,0.0032472,0.023969,0.0048897,0.0015576,0.00016574,0.019947,0.0012374,0.0016827,0.012641
0.0019016,2.8646e-06,0.00052392,0.00081133,0.00051188,0.00077279,0.0017666,0.0021858,0.00062841,0.0015818,0,3.0028e-05,1.9551e-07,0.0021167,0.00023754,0.0002359,0.0016404,0.0011377,0.0020969,0.0019478,0.00017623,0.00051516,0.0005338,0.00052619,0.001154,0.0023183,0.0030423,0.00057846,0,0,0.00025039,0.01118,0.0053423,0.00045106,0.00011517,0,3.3749e-05,0,0.00027814,0.0067355
2.8107e-05,0,0.00013122,0.00032742,0,0.00080728,0.00086022,0.00019453,0.00014456,0.00037141,0,0,0,0.0001866,3.6783e-06,0,0.0010908,0.00079932,0.00054653,9.5949e-05,0,0,1.8415e-05,0.00011475,0.00046651,0.0020921,0.00068237,0.00024708,0,0,0,0.001322,4.2046e-05,1.3881e-05,9.3801e-06,0,0,0,0,0
0,0,5.4073e-05,0.00015598,0,0.0048155,2.6178e-06,5.6328e-05,0.00066301,0.0001768,0,0,0,0,0,0,0.00052705,0.0010514,5.6216e-06,3.6338e-05,0,0,0,4.0761e-06,0.00022785,0.0001234,0.00050718,0.00038063,0,0,0,2.676e-06,0,0,0,0,0,0,0,0
0,0,1.4274e-05,6.9324e-05,0,0.0012073,0,0,5.8961e-05,6.9247e-05,0,0,0,0,0,0,5.4385e-05,0.00024783,0,1.0139e-05,0,0,0,0,0.0001869,1.6958e-06,6.4113e-05,0,0,0,0,0,0,0,0,0,0,0,0,0
0,0,3.4298e-06,2.3135e-05,0,0.00017472,0,0,0,3.7746e-06,0,0,0,0,0,0,1.3447e-06,2.6327e-05,0,0,0,0,0,0,8.2302e-06,0,0,0,0,0,0,0,0,0,0,0,0,0,0,0
0,0,1.9004e-06,0,0,5.6895e-05,0,0,0,0,0,0,0,0,0,0,0,0,0,0,0,0,0,0,7.6772e-08,0,0,0,0,0,0,0,0,0,0,0,0,0,0,0
0,0,6.4301e-07,0,0,2.4114e-07,0,0,0,0,0,0,0,0,0,0,0,0,0,0,0,0,0,0,0,0,0,0,0,0,0,0,0,0,0,0,0,0,0,0
0.0046929,0.0033559,0.0073113,0.0042238,0.0054278,0.0042748,0.0027806,0.0024803,0.0015126,0.0048472,0.0050409,0.0041582,0.0019181,0.0018334,0.0024906,0.0047744,0.0037086,0.004918,0.0054698,0.014228,0.0036484,0.00084204,0.0025152,0.0023551,0.010079,0.0021687,0.0043139,0.0011252,0.0026419,0.0030227,0.0050659,0.0041358,0.0036448,0.0048291,0.0069633,0.0044335,0.0024172,0.0044605,0.004007,0.0064238
0.0032789,0.0064441,0.0051496,0.0064446,0.0035144,0.0022422,0.0043192,0.011826,0.022091,0.011209,0.0058017,0.0087845,0.013319,0.0020618,0.0048963,0.0060974,0.010585,0.012954,0.0056949,0.016888,0.0097262,0.019974,0.0053054,0.0039224,0.01338,0.0041083,0.022296,0.0030751,0.0092539,0.0086605,0.0088883,0.0058655,0.0040107,0.0071591,0.0065339,0.0061685,0.0025374,0.021285,0.0030344,0.0097296
0.003335,0.010975,0.0070348,0.009499,0.024472,0.0010123,0.0058274,0.017256,0.016413,0.011971,0.00060869,0.0060028,0.00090421,0.0011025,0.0059243,0.0053848,0.0072897,0.0028678,0.0060564,0.011385,0.0080263,0.019324,0.0029825,0.0082801,0.01567,0.018394,0.034248,0.044555,0.011357,0.00098654,0.010891,0.0039987,0.019115,0.013062,0.0060834,0.0033599,0.056353,0.01577,0.0032588,0.0073111
0.0036037,0.00031767,0.001975,0.0016929,0.0075268,0.0010629,0.001939,0.0064771,0.001386,0.0017703,5.6899e-05,0.0017163,0.00085179,0.020943,0.00069529,0.0033513,0.0025657,0.0032222,0.0022455,0.0026493,0.0040166,0.00048294,0.001271,0.0022299,0.0027443,0.018952,0.0011947,0.0039444,0,8.8964e-05,0.0059654,0.0057076,0.027173,0.0030989,0.00064393,7.4649e-08,0.0022158,7.4413e-05,0.0016709,0.016561
0.0014936,0,0.00062462,0.00074615,0.00012249,0.0010716,0.0014849,0.0016981,0.00014414,0.0011718,0,3.8591e-06,6.748e-09,0.001884,0.00021945,0.00011818,0.0014608,0.00098017,0.0021168,0.00094617,3.4215e-05,0.00035746,0.00036115,0.00040168,0.0011313,0.0024117,0.0039313,0.00051667,0,0,9.7603e-05,0.0099529,0.003172,0.00034659,8.7333e-05,0,1.2429e-05,0,0.00012538,0.0044741
7.208e-05,0,0.00015916,0.00045299,0,0.00070986,0.00091244,0.00026324,0.00027516,0.00052325,0,0,0,0.00046887,1.4062e-05,0,0.0011322,0.00065302,0.00058891,0.00027634,0,2.097e-06,2.9439e-05,0.00013532,0.00045995,0.0021647,0.0012234,0.00025708,0,0,0,0.0017448,3.0863e-05,2.5953e-05,1.7769e-05,0,0,0,0,0
7.3518e-07,0,9.3589e-05,0.00027786,0,0.002772,4.6619e-05,6.6696e-05,0.00039796,0.00029851,0,0,0,4.0443e-06,0,0,0.00058506,0.00075851,2.67e-05,3.9729e-06,0,0,9.6721e-07,1.748e-05,0.00018661,0.00011647,0.00026982,0.00037454,0,0,0,9.8265e-05,1.6626e-07,0,1.0508e-07,0,0,0,0,0
0,0,2.0613e-05,0.00010378,0,0.002339,0,7.2463e-06,7.938e-05,0.00013708,0,0,0,0,0,0,0.00011087,0.00040489,3.0536e-08,0,0,0,0,1.7585e-07,7.781e-05,1.6167e-05,0.00022855,8.1289e-05,0,0,0,0,0,0,0,0,0,0,0,0
0,0,5.7621e-06,2.9919e-05,0,0.00020086,0,0,0,3.727e-05,0,0,0,0,0,0,2.9431e-05,0.00020996,0,0,0,0,0,0,1.2538e-05,0,4.1141e-06,0,0,0,0,0,0,0,0,0,0,0,0,0
0,0,9.7853e-08,5.078e-06,0,7.9818e-07,0,0,0,3.2711e-06,0,0,0,0,0,0,2.7538e-06,3.7032e-05,0,0,0,0,0,0,0,0,0,0,0,0,0,0,0,0,0,0,0,0,0,0
0.0068526,0.0059521,0.014735,0.0069082,0.0048979,0.0046603,0.0047459,0.002566,0.0026476,0.0087828,0.0090235,0.0063768,0.0018896,0.0030307,0.0057129,0.0092958,0.0051369,0.006268,0.0073286,0.017926,0.0051551,0.0014706,0.0036731,0.0055334,0.01894,0.003447,0.0069759,0.0014625,0.0044351,0.0033709,0.0085465,0.0045144,0.0036378,0.0053732,0.01027,0.0074614,0.0045494,0.0085517,0.0060889,0.008353
0.0085419,0.012403,0.007106,0.0094623,0.016145,0.0073246,0.0057699,0.016873,0.0052864,0.0091045,0.0098129,0.01262,0.0065192,0.0029991,0.0033412,0.0084408,0.01093,0.014465,0.011408,0.027437,0.013733,0.0021434,0.0085382,0.0034503,0.0132,0.0045882,0.0091168,0.0026705,0.011223,0.018033,0.01374,0.014849,0.0042835,0.01561,0.014082,0.010681,0.00097175,0.010927,0.0053032,0.015857
0.0050491,0.011785,0.009363,0.013084,0.0059906,0.002164,0.0097478,0.02372,0.080696,0.022067,0.0079559,0.0097212,0.026309,0.003662,0.013482,0.0076391,0.020703,0.019422,0.010036,0.028234,0.012511,0.055238,0.0074048,0.012032,0.021457,0.0063782,0.052105,0.0086838,0.014629,0.0061151,0.011571,0.0057584,0.0054181,0.0094644,0.011644,0.0082911,0.018144,0.036855,0.0073142,0.0090558
0.0026427,0.012999,0.0062883,0.0078781,0.029911,0.0016345,0.0066972,0.020687,0.021929,0.0098094,0.00054183,0.0064762,0.0011868,0.0027763,0.0092934,0.0060752,0.0079849,0.0054847,0.0091008,0.0078231,0.008172,0.024064,0.0028451,0.012894,0.014775,0.023889,0.036511,0.064247,0.010694,0.00095721,0.011061,0.0039681,0.022653,0.012418,0.006053,0.002723,0.064294,0.016066,0.0036123,0.0084351
0.0034632,0.0010239,0.0027579,0.0029558,0.010985,0.0016719,0.0025364,0.0049809,0.00056423,0.0023806,6.2534e-05,0.0027955,0.00062958,0.016241,0.00095909,0.0043766,0.0036013,0.0029757,0.0022642,0.0024987,0.0053499,0.00085403,0.0016254,0.0029441,0.0036917,0.0247,0.0069576,0.025476,0.0002629,0.00025239,0.0087858,0.0045384,0.033826,0.0044305,0.0014565,2.3167e-05,0.012164,0.00033552,0.0019313,0.013087
0.0025742,3.4764e-05,0.0011133,0.001715,0.003236,0.00082074,0.0016003,0.003045,0.0015785,0.0019747,7.9612e-06,0.00051928,0.00026417,0.0088257,0.00029341,0.0016878,0.0017527,0.0016621,0.0020115,0.00074825,0.0016477,0.00041948,0.00085318,0.00092317,0.0015871,0.0039236,0.0021685,0.00082784,0,1.4652e-05,0.0021432,0.0087447,0.019418,0.0019572,0.00024892,0,0.00029493,0,0.00071455,0.0095118
0.00061597,1.2516e-06,0.00055868,0.00098691,2.4558e-05,0.00073096,0.001312,0.00090216,0.00052338,0.0015273,0,1.3845e-07,0,0.0011132,0.00019115,7.1549e-05,0.00098035,0.00083106,0.0017121,0,0,0.00026072,0.00028277,0.00033479,0.00085369,0.0025373,0.002232,0.00018884,0,0,3.2096e-05,0.0065085,0.0027388,0.00029111,8.9502e-05,0,3.7385e-06,0,0.00010593,0.0024358
1.6441e-05,0,0.00017766,0.0004952,0,0.00050247,0.00060941,0.00010436,0.00012231,0.00059391,0,0,0,0.00020674,4.0527e-05,6.3467e-07,0.0007464,0.00082881,0.00074314,0,0,5.8267e-05,4.1723e-05,0.00016274,0.00037485,0.001413,0.0011033,0.00082619,0,0,0,0.002361,0.00011055,4.8363e-05,4.0205e-05,0,0,0,8.1911e-07,0
2.0846e-08,0,1.8853e-05,0.0002466,0,0.00017681,0.00017466,5.8603e-05,0,0.00028008,0,0,0,6.9592e-05,0,0,0.00047673,0.00062279,0.00027686,0,0,0,1.2234e-05,5.781e-05,6.4284e-05,0.00041187,0.00059897,9.4993e-05,0,0,0,0.00085303,2.1681e-05,1.6973e-06,6.5226e-06,0,0,0,0,0
0,0,0,1.0784e-05,0,0,2.7448e-05,3.3192e-05,0,0.00012926,0,0,0,1.6867e-06,0,0,6.0706e-05,2.5573e-05,6.8689e-05,0,0,0,1.7072e-07,3.0645e-05,0,2.2521e-06,0.0001146,0,0,0,0,2.3417e-05,0,0,5.1325e-08,0,0,0,0,0
0.0097326,0.011187,0.024545,0.012017,0.0051849,0.0080853,0.0066271,0.0031401,0.0083718,0.015452,0.016512,0.010775,0.0040437,0.0075473,0.011855,0.0096671,0.0069772,0.0042667,0.004542,0.01943,0.0081583,0.0038514,0.0093895,0.015848,0.030019,0.0073247,0.012178,0.0026086,0.010117,0.0069884,0.016849,0.0071476,0.0037829,0.0082432,0.010593,0.015332,0.011052,0.017578,0.012014,0.014755
0.025647,0.017311,0.046192,0.027418,0.026366,0.017023,0.019573,0.010119,0.0046434,0.028148,0.02557,0.023752,0.0062449,0.006573,0.015186,0.035323,0.020196,0.023698,0.035065,0.072947,0.021667,0.0044677,0.0094085,0.012038,0.043365,0.0076477,0.01118,0.0039875,0.014528,0.013707,0.02845,0.019613,0.0075485,0.021055,0.047039,0.020898,0.004281,0.026503,0.017919,0.026199
0.016248,0.027724,0.011813,0.019795,0.036341,0.018495,0.014281,0.035113,0.012844,0.014927,0.021817,0.016973,0.016008,0.0073915,0.0085292,0.01238,0.021883,0.032862,0.02905,0.063603,0.019165,0.0051455,0.016887,0.011008,0.01472,0.0077871,0.011614,0.005587,0.014536,0.029806,0.020361,0.029856,0.0035248,0.02489,0.036448,0.016556,0.0015485,0.012053,0.014673,0.018893
0.0055988,0.023187,0.0093417,0.012962,0.010968,0.0080181,0.011496,0.049918,0.0911,0.017669,0.012016,0.014432,0.035735,0.0090317,0.016193,0.01054,0.024639,0.040307,0.019879,0.017067,0.016808,0.039735,0.012676,0.015946,0.018528,0.0092636,0.032026,0.0112,0.016687,0.019323,0.016029,0.013418,0.0037252,0.014872,0.016237,0.011693,0.0063411,0.031592,0.0082317,0.018045
0.004137,0.015591,0.0072148,0.012083,0.016911,0.0043884,0.0096119,0.037726,0.093704,0.019278,0.0059345,0.010696,0.024204,0.0050284,0.01856,0.0081719,0.019329,0.026667,0.0099875,0.01373,0.0137,0.048072,0.0080438,0.01938,0.020486,0.012919,0.050169,0.046517,0.017663,0.0052956,0.013532,0.006302,0.015109,0.012644,0.012286,0.0077066,0.045718,0.034082,0.0063403,0.013176
0.0034623,0.010892,0.0055366,0.0086187,0.01902,0.0013645,0.0073514,0.014491,0.047461,0.013365,0.002024,0.0077697,0.010955,0.0047503,0.012788,0.0070685,0.010906,0.01251,0.0073584,0.00074356,0.01007,0.03924,0.0035069,0.015699,0.013293,0.020054,0.035406,0.056136,0.01168,0.0025419,0.012268,0.0050531,0.029291,0.010555,0.0093015,0.0043377,0.048507,0.020371,0.0046891,0.011837
0.0037389,0.0073609,0.0022941,0.0066588,0.017075,0.0015612,0.0051565,0.010898,0.013286,0.0087864,0.00033595,0.0049229,0.0014169,0.0054085,0.0074339,0.005782,0.0045592,0.0048073,0.0056679,0,0.0068106,0.024212,0.0023301,0.010266,0.0057909,0.011969,0.027393,0.049036,0.0083407,0.001046,0.0099069,0.0045228,0.042355,0.0082355,0.0057337,0.0020297,0.040714,0.0077938,0.0032726,0.012913
0.0027053,0.0038349,0.0013155,0.0032719,0.011534,0.00020644,0.0035332,0.0055073,0.0077198,0.0026426,0.0001613,0.0025169,0.0011447,0.0040774,0.0021614,0.0035235,0.0026522,0.0048954,0.0027656,0,0.0038887,0.0058823,0.001574,0.0055962,0.0020053,0.0050777,0.00723,0.016828,0.0018664,0.00038458,0.0067651,0.005216,0.0427,0.0051689,0.0036887,0.00049839,0.029328,0.0025501,0.0020761,0.0098919
0.0017338,0.0008033,1.2256e-07,0.0012777,0.0029637,0,0.0022468,0.0021541,0.0044049,0.0017337,8.5234e-05,0.0011922,0.00061594,0.0034938,0.00071358,0.0021618,0.0022991,0.00076683,0.0026468,0,0.0020651,0.0012461,0.00096716,0.0016046,3.9971e-05,0.0051059,0.0046242,0.00071018,0.00011746,0.00032548,0.0039641,0.0037023,0.027534,0.0025093,0.001695,2.6997e-05,0.01022,0.00014827,0.0013194,0.0063278
0.0002453,0.00018773,0,0,0.00023826,0,0.0011472,7.3517e-05,0.00019976,0.0003506,0,0.00043276,3.7089e-06,0.0002537,0.00074762,0.0010308,4.0755e-05,6.265e-09,0.00021221,0,0.00086159,0.00016777,0.00076688,0.0010248,0,0.00049338,0.00017571,1.5384e-06,0,0.0002778,0.0010643,0.0028841,0.0073151,0.0014974,0.0003826,0,0.0012892,4.6256e-06,0.00064165,0.0022004
0.063642,0.043353,0.054547,0.064308,0.035509,0.052212,0.056947,0.03968,0.068443,0.051551,0.04853,0.068565,0.04328,0.052417,0.040054,0.061419,0.050646,0.040182,0.034041,0.049158,0.062786,0.034719,0.0621,0.045731,0.058437,0.043697,0.052328,0.038651,0.064691,0.063264,0.043032,0.047918,0.043883,0.052113,0.034303,0.062397,0.044853,0.055064,0.048733,0.043891
0.15282,0.12429,0.18174,0.16291,0.091078,0.14691,0.13906,0.090219,0.13312,0.14177,0.1576,0.1451,0.11234,0.14034,0.12259,0.13819,0.13333,0.10058,0.092876,0.14092,0.14044,0.084952,0.15445,0.14665,0.12489,0.11711,0.072191,0.081598,0.14747,0.14024,0.12795,0.11634,0.10396,0.12186,0.094999,0.15416,0.084287,0.11928,0.13832,0.098181
0.14855,0.15776,0.17612,0.15388,0.12083,0.1922,0.16039,0.1109,0.06647,0.13556,0.17709,0.12716,0.14457,0.16359,0.17095,0.13142,0.15285,0.14419,0.15146,0.2108,0.12275,0.10947,0.15035,0.16927,0.128,0.13465,0.052555,0.1009,0.12339,0.12847,0.11939,0.12375,0.11569,0.11407,0.14045,0.13483,0.073093,0.098906,0.17307,0.081224
0.12589,0.12754,0.14414,0.12206,0.1232,0.19386,0.12656,0.108,0.014454,0.10647,0.13765,0.11485,0.14036,0.13728,0.13192,0.11405,0.124,0.12473,0.14452,0.1088,0.10968,0.11258,0.11989,0.12671,0.11493,0.10445,0.084699,0.099344,0.10645,0.10812,0.10536,0.10452,0.085453,0.10349,0.12115,0.12016,0.063245,0.08172,0.13147,0.10138
0.1082,0.1018,0.09965,0.10457,0.10214,0.13939,0.10558,0.097536,0.025735,0.092557,0.11334,0.098558,0.10721,0.10745,0.10678,0.10107,0.10129,0.096518,0.10956,0.091778,0.097885,0.087119,0.10378,0.099988,0.084325,0.08743,0.069351,0.079879,0.095081,0.10559,0.093986,0.094964,0.065385,0.093462,0.10326,0.10533,0.052934,0.077956,0.10925,0.10741
0.08699,0.088311,0.079394,0.082028,0.081456,0.085548,0.086691,0.085937,0.060291,0.077055,0.092708,0.085819,0.089587,0.085658,0.083334,0.084461,0.074973,0.082665,0.098906,0.0029856,0.081315,0.067728,0.090792,0.079546,0.063494,0.071687,0.036315,0.079167,0.08242,0.089659,0.079358,0.082377,0.049289,0.082705,0.087951,0.089669,0.047163,0.076137,0.091737,0.074494
0.070756,0.06667,0.038326,0.059078,0.060159,0.049712,0.069143,0.05665,0.078023,0.066656,0.069038,0.068972,0.078754,0.067744,0.069295,0.068967,0.056838,0.071296,0.072378,0,0.066137,0.058713,0.074548,0.062121,0.046599,0.058312,0.034659,0.05724,0.067193,0.078347,0.065299,0.068726,0.035448,0.07048,0.070007,0.073002,0.037798,0.071701,0.073882,0.040401
0.056427,0.039338,0.01605,0.031941,0.039254,0.0059201,0.051708,0.045078,0.041721,0.037781,0.044227,0.051213,0.061887,0.056405,0.05534,0.053216,0.046,0.057281,0.046949,0,0.050751,0.055952,0.057041,0.046292,0.017813,0.046732,0.056498,0.019139,0.056421,0.06327,0.049647,0.054994,0.024362,0.055827,0.056389,0.057657,0.033389,0.053788,0.057218,0.041694
0.03445,0.031373,0,0.0086056,0.024223,0,0.035928,0.032202,0.013884,0.026158,0.015516,0.034934,0.037247,0.02784,0.039085,0.036855,0.017984,0.0062034,0.031086,0,0.034255,0.044443,0.04318,0.030897,0,0.042684,0.031146,0.0026668,0.03932,0.047106,0.033403,0.042358,0.049122,0.045854,0.047465,0.045578,0.035832,0.028848,0.039967,0.044233
0.0045699,0.007451,0,0,0.0036897,0,0.0081704,6.6972e-05,0,0.00023275,0.0053302,0.019045,0.0052575,0.00043355,0.017958,0.020947,5.2364e-06,0,0.00047966,0,0.017318,0.0026321,0.019452,0.0044446,0,0.0010941,0.00066524,3.2484e-05,0.020226,0.035081,0.014142,0.015395,0.0072133,0.026677,0.005816,0.017055,0.029819,0.010504,0.0093658,0.029134
