0.03431,0.037424,0.041359,0.0084242,0.014092,0.046821,0.0027999,0.010903,0.084195,0.067924,0.0047472,0.011014,0.024675,0.023761,0.020146,0.0042099,0.020254,0.0067596,0.028312,0.018261,0.0085407,0.01659,0.010231,0.0066671,0.030535,0.030026,0.0094175,0.053755,0.019089,0.013175,0.0090517,0.015082,0.0014177,0.010398,0.025229,0.0067618,0.030696,0.011434,0.0038655,0.039557
0.0035437,0,0.0017708,0.0001281,0,0,0.00019926,3.1248e-05,0.00013084,7.6056e-06,0.0019692,0,0,0.0053164,0,0,0,0.00073848,0.0021408,0,0.0001178,0.017976,6.431e-06,0,0,0,0,0.0093084,0,0,0,0,0,0.00017622,0.013076,0.0021457,0,0.0016488,5.3781e-05,0
0.0014133,0,0.0022529,0.00010085,0.00046131,0.0033885,6.7232e-05,0.00052845,0.0013125,9.3216e-05,0.0037882,0.0023533,0.0010409,0.012424,0.0087636,0.0032448,0.0024298,0.0029681,0.0015538,0,0.0011898,0.029706,0.0030594,0.0047754,0,0,0,0.0034211,0,0,0.00069589,0.00048342,0.037525,0.00019333,0.01013,0.00036457,0.00077514,0.00061147,0.0001328,0.00014218
0.00814,0,0.00024769,0.0010654,0.00019434,0.0014632,2.0225e-05,1.7186e-05,0.0019567,0.0050133,6.4802e-05,0,0,0.012579,0,0,0,0.027837,0.025822,0,0.00020554,0.033837,1.8706e-05,0.00033842,0.0013231,0,3.747e-06,0.0061854,0,0,0,3.3783e-07,0,0,0.064683,0.00067702,0,0.00044015,0.00015461,0
0.042682,0,0.00021578,0.033765,0.0092263,0.050421,0.1354,0.0037345,0.03685,0.028972,0.0016681,0,0,0.017994,0,0,0.00011353,4.2634e-05,0,0,0.00020891,0.01789,0,0.011252,0,0,0,0.012282,0,0,0,0.0051839,0,3.7779e-05,0.060598,0.00035526,0.02734,0.020502,0.00022758,0.03613
0.19647,0.34403,0.48995,0.363,0.28292,0.1607,0.1566,0.28471,0.1288,0.38972,0.38813,0.38742,0.20565,0.16622,0.36356,0.35022,0.33273,0.28789,0.27631,0.49481,0.38311,0.15024,0.3542,0.30285,0.45491,0.29036,0.42883,0.19187,0.3943,0.28331,0.42933,0.32563,0.26925,0.33715,0.13841,0.36261,0.3726,0.33993,0.37363,0.43819
0.0043923,0,0.00012184,0.0066121,0.00017029,0.0025641,0.0019045,0.0027431,0.0066485,3.1387e-05,0.00048832,0,0.0022873,0.010561,0,0.00062875,0,0.0085017,0.016759,0,0.001504,0.045866,0,0.0029829,0,0,8.0246e-05,0.016641,0,0,0,0,0,9.5254e-05,0.13056,0.0018863,0,0.012105,0,3.0529e-05
0.0052803,0,0.0018122,0.0035776,0.0046378,3.6787e-05,0.0035731,0.0029469,1.0342e-05,0.0004398,0.0078984,0.0079538,0.0038123,0.015618,0.023479,0.018692,0.0034347,0.013349,0.0038701,0.0050774,0.018364,0.047287,0.013667,0.028947,0.009848,0,0.00016709,0.038631,0,0,0.022549,0.0022758,0.063612,0.0005066,0.058215,0.0035697,0.004856,0.014052,7.3038e-05,0.00036556
0.00089703,0,5.7311e-05,5.3715e-05,0,0.0053332,0.0029335,0.00024301,0.0046381,7.1682e-05,0.00097342,0,0,0.0043319,0,0,0,0.0026221,0,0,0.0013441,0.04791,0.00010063,0,0,0,0,0.019721,0,0,0,2.6621e-07,0.0044968,0.00032039,0.074733,0.001552,0,0.0060341,0.001914,5.4712e-06
0.70288,0.61855,0.46221,0.58327,0.68829,0.72927,0.69651,0.69414,0.73546,0.50773,0.59028,0.59126,0.76253,0.7312,0.58405,0.62301,0.64104,0.6493,0.64523,0.48185,0.58542,0.5927,0.61872,0.64218,0.50338,0.67962,0.56151,0.64819,0.58661,0.70352,0.53837,0.65135,0.62369,0.65113,0.42436,0.62008,0.56373,0.59324,0.61995,0.48557
0.069822,0.13098,0.93856,0.90933,0.1455,0.82292,0.79487,0.18252,0.61246,0.86227,0.020003,0.75584,0.035059,0.020279,0.041323,0.065709,0.077747,0.16038,0.071715,0.89258,0.77878,0.24165,0.04341,0.053024,0.86142,0.8045,0.36031,0.27095,0.77693,0.11662,0.69307,0.13245,0.10191,0.13355,0.026691,0.094214,0.42806,0.17968,0.096294,0.66771
0.82428,0.69387,0.030735,0.041847,0.062606,0.14487,0.10381,0.043877,0.017908,0.03241,0.010375,0.10055,0.0073423,0.023904,0.031275,0.716,0.061329,0.68641,0.65241,0.094813,0.070476,0.0082649,0.024939,0.032402,0.10211,0.037558,0.030806,0.034641,0.067271,0.0092355,0.12517,0.64372,0.081009,0.016474,0.02594,0.71781,0.10159,0.53343,0.77385,0.098259
0.052499,0.04601,0.022883,0.035415,0.65612,0.0097129,0.039138,0.6784,0.31239,0.081398,0.013372,0.04658,0.017342,0.071227,0.013967,0.12557,0.79946,0.10676,0.15728,0.011402,0.033492,0.011216,0.82405,0.015849,0.02635,0.023774,0.45303,0.0085416,0.027633,0.0096885,0.042562,0.11389,0.064681,0.72325,0.036227,0.069922,0.0020611,0.066265,0.071044,0.062189
0.020137,0.021442,0.0057748,0.0083088,0.018143,0.0036857,0.016388,0.0077731,0.016691,0.01025,0.15512,0.026039,0.010455,0.81524,0.21238,0.020705,0.022829,0.023131,0.058337,0.0010537,0.031498,0.011667,0.066557,0.79926,0.0057456,0.01767,0.1036,0.019632,0.010855,0.715,0.0373,0.02469,0.020078,0.046429,0.23904,0.035804,0.0025048,0.020262,0.018129,0.041192
0.0091233,0.050449,0.0014961,0.0026369,0.0014851,0.0025966,0.020904,0.0062499,0.027292,0.0064728,0.67988,0.022001,0.74739,0.01118,0.67556,0.018218,0.0086802,0.0064655,0.021442,0.00013802,0.023372,0.65254,0.013982,0.075141,0.0023535,0.094895,0.011789,0.6498,0.010013,0.091093,0.021878,0.012911,0.0051186,0.010273,0.61261,0.022816,0.0028063,0.019963,0.011106,0.021631
0.0065309,0.0063986,0.00036188,0.0010775,0.0014927,0.0018352,0.01057,0.077841,0.00973,0.003889,0.058429,0.015935,0.086095,0.0020493,0.0019126,0.013573,0.017805,0.0082941,0.02204,1.3607e-05,0.018003,0.052538,0.010352,0.0029365,0.0006787,0.0074001,0.006254,0.0092288,0.036646,0.025662,0.013275,0.013093,0.0065217,0.0072376,0.036323,0.019591,0.002401,0.013763,0.013647,0.01493
0.0044313,0.0055427,9.5019e-05,0.00090394,0.00085724,0.00086516,0.0045981,0.0011287,0.0007682,0.0013785,0.031477,0.01148,0.01587,0.0021089,0.001759,0.012531,0.0043893,0.0029712,0.0057659,0,0.013437,0.012732,0.0058069,0.0013246,0.00129,0.0020374,0.027927,0.00097855,0,0.0095587,0.01117,0.0071193,0.0083101,0.041849,0.0099101,0.010839,0.33688,0.010124,0.0063975,0.010148
0.0078239,0.044604,7.2427e-05,0.00015929,0.0009372,0.012714,0.0030732,0.00087706,0.00050825,0.0012712,0.016441,0.010402,0.0049472,0.0017625,0.0011982,0.0092596,0.0027388,0.00081219,0.0024328,0,0.0096542,0.0015811,0.0058066,0.0090066,4.2301e-05,0.011625,0.0012374,0.0018522,0,0.0063075,0.020015,0.005721,0.69289,0.011791,0.0054501,0.0093484,0.10224,0.11953,0.0043475,0.0075947
0.0052085,0.00050112,5.3295e-06,0.00025099,0.099852,0.00021644,0.002176,0.00033117,0.00028649,0.00033657,0.0072784,0.0062513,0.0024163,0.0021599,0.0091127,0.00487,0.0016008,0.00063209,0.0024121,0,0.0083338,0.0017236,0.0019072,0.0080728,9.5652e-06,0.00014387,0.00084363,0.00074649,0.057928,0.0065347,0.022157,0.0038773,0.016823,0.0055402,0.0043884,0.0081373,0.017955,0.021427,0.003813,0.0050743
0.00014347,0.00019941,1.3093e-05,6.8187e-05,0.013012,0.00058049,0.0044735,0.0010037,0.0019633,0.00031952,0.0076268,0.004922,0.073086,0.050093,0.011505,0.013563,0.0034217,0.0041458,0.006165,0,0.012952,0.0060973,0.0031926,0.0029893,0,0.00039948,0.0041976,0.0036299,0.012722,0.010298,0.013402,0.042531,0.0026547,0.0036003,0.0034212,0.011521,0.0035109,0.01555,0.0013719,0.071267
0.067256,0.081577,0.11803,0.079676,0.088409,0.13559,0.09019,0.098821,0.075122,0.080821,0.099567,0.085871,0.07039,0.097161,0.10141,0.089798,0.12038,0.082579,0.072375,0.18241,0.10124,0.18642,0.081211,0.07859,0.11698,0.10132,0.094734,0.071048,0.086828,0.080224,0.096071,0.084567,0.0744,0.077886,0.084043,0.089986,0.078945,0.079077,0.087273,0.11404
0.085696,0.10185,0.09146,0.10492,0.093139,0.072929,0.087947,0.11132,0.062602,0.084181,0.10465,0.094365,0.078171,0.1098,0.088617,0.086357,0.099329,0.088574,0.078154,0.057202,0.097462,0.081717,0.086449,0.09201,0.096772,0.083098,0.064726,0.064193,0.097311,0.08251,0.090776,0.083393,0.081882,0.080242,0.091543,0.087747,0.080209,0.083923,0.089315,0.090666
0.070414,0.093893,0.082166,0.07531,0.097096,0.088189,0.086563,0.097405,0.068444,0.075532,0.091738,0.10263,0.069802,0.11368,0.079115,0.094795,0.09757,0.080648,0.076365,0.067594,0.086178,0.069949,0.091175,0.080854,0.10245,0.09252,0.074866,0.072666,0.086356,0.083701,0.086857,0.078579,0.073845,0.092803,0.086921,0.090553,0.095798,0.094145,0.084101,0.18098
0.080098,0.17749,0.092273,0.076231,0.096446,0.083689,0.093027,0.077527,0.073717,0.092588,0.1014,0.10369,0.078178,0.1149,0.091063,0.088954,0.081948,0.08575,0.14869,0.065115,0.093642,0.076546,0.090609,0.081956,0.076238,0.091841,0.094707,0.076276,0.092888,0.07839,0.092693,0.085373,0.07345,0.083753,0.078156,0.092784,0.084629,0.07653,0.090638,0.048199
0.081044,0.067019,0.15197,0.13059,0.098707,0.097743,0.087067,0.079034,0.1334,0.1621,0.11258,0.084405,0.088348,0.093008,0.084361,0.095415,0.076823,0.078075,0.089196,0.036258,0.089602,0.070992,0.080503,0.09964,0.083321,0.074262,0.061322,0.063323,0.094377,0.093191,0.098485,0.080943,0.0733,0.079671,0.089906,0.084598,0.079841,0.12589,0.087334,0.012887
0.09188,0.067361,0.088099,0.11098,0.096738,0.086659,0.083008,0.075537,0.13526,0.08061,0.095799,0.096969,0.11406,0.10379,0.086644,0.092952,0.074971,0.078358,0.083772,0.069114,0.091517,0.07695,0.088472,0.069245,0.086355,0.078096,0.087447,0.07404,0.094144,0.084167,0.09151,0.084766,0.076578,0.086098,0.079564,0.091692,0.087287,0.11305,0.086377,0.012404
0.12051,0.073886,0.080208,0.083824,0.099479,0.088233,0.082388,0.082336,0.11437,0.086885,0.1619,0.083247,0.11519,0.15205,0.084451,0.078862,0.078121,0.084181,0.076775,0.059295,0.093395,0.099184,0.07365,0.092825,0.091825,0.076132,0.062616,0.23585,0.088933,0.081808,0.091172,0.085544,0.078481,0.073066,0.0846,0.07804,0.080087,0.11556,0.095404,0.13893
0.11335,0.085414,0.073912,0.092796,0.10071,0.10376,0.097573,0.078207,0.11427,0.076718,0.062376,0.083051,0.094227,0.13618,0.085877,0.086898,0.074183,0.088098,0.083767,0.075458,0.089955,0.12307,0.093166,0.080396,0.12001,0.073236,0.083416,0.20364,0.095856,0.078114,0.087064,0.092526,0.077824,0.080055,0.092542,0.089228,0.086171,0.092245,0.10273,0.081856
0.15062,0.061389,0.085308,0.078806,0.10037,0.10581,0.089399,0.075192,0.097792,0.076862,0.061818,0.082012,0.084171,0.035122,0.080088,0.087257,0.13033,0.15104,0.095269,0.050477,0.08846,0.098085,0.093012,0.11844,0.056639,0.076239,0.067149,0.072577,0.093579,0.087182,0.088605,0.075587,0.05651,0.091185,0.093861,0.16836,0.080371,0.088266,0.096318,0.077593
0.13913,0.19012,0.13658,0.16688,0.12891,0.1374,0.20284,0.22463,0.12502,0.1837,0.10817,0.18376,0.20746,0.044323,0.21837,0.19871,0.16635,0.18269,0.19564,0.33708,0.16855,0.11708,0.22175,0.20605,0.16941,0.25326,0.30902,0.066388,0.16973,0.25071,0.17677,0.24872,0.33373,0.25524,0.21886,0.12702,0.24666,0.13131,0.18051,0.24245
0.27061,0.32017,0.47468,0.42448,0.23906,0.051005,0.61827,0.41802,0.02043,0.16295,0.41075,0.45199,0.19778,0.048553,0.40798,0.20215,0.25338,0.34868,0.12003,0.49863,0.48431,0.53707,0.66735,0.28207,0.16967,0.056167,0.055463,0.15838,0.42889,0.45751,0.41623,0.10414,0.50977,0.12751,0.3979,0.47191,0.29158,0.27366,0.49775,0.16585
0.16248,0.45641,0.23527,0.2493,0.60222,0.038779,0.1499,0.27512,0.41459,0.40335,0.2777,0.19875,0.3001,0.15155,0.22333,0.16096,0.25716,0.17805,0.18842,0.16849,0.19248,0.23163,0.067707,0.14345,0.24185,0.065384,0.15135,0.52183,0.29809,0.25238,0.17304,0.15098,0.14132,0.14561,0.16146,0.25045,0.30815,0.33036,0.27225,0.28688
0.38363,0.12491,0.11701,0.20144,0.023795,0.46842,0.13932,0.068149,0.37882,0.18848,0.16288,0.26117,0.27742,0.58946,0.026236,0.28237,0.24763,0.2998,0.32331,0.087358,0.222,0.17086,0.10871,0.25322,0.28029,0.62546,0.52126,0.13259,0.1431,0.20688,0.19045,0.56032,0.22239,0.48934,0.15949,0.20666,0.25325,0.19682,0.14117,0.35545
0.080938,0.047954,0.049744,0.10516,0.028302,0.32946,0.063535,0.13764,0.038733,0.16413,0.061626,0.070144,0.1319,0.10323,0.15234,0.26945,0.15355,0.15844,0.25565,0.13787,0.084119,0.040608,0.11895,0.16893,0.22509,0.18604,0.19388,0.054805,0.1215,0.06799,0.16356,0.12648,0.10283,0.20105,0.12074,0.051195,0.14378,0.12872,0.055025,0.1352
0.054266,0.03546,0.077692,0.01944,0.084431,0.095479,0.019213,0.087861,0.062706,0.064406,0.079655,0.017949,0.080652,0.08864,0.16597,0.069444,0.075909,0.011907,0.092032,0.06806,0.01567,0.015708,0.027428,0.10671,0.076393,0.062785,0.061722,0.091725,0.007184,0.011802,0.053951,0.053042,0.021274,0.021926,0.089805,0.015709,0.0032487,0.052869,0.02367,0.040753
0.04336,0.014349,0.045614,0.00017357,0.021461,0.014399,0.0079398,0.010301,0.077798,0.016615,0.0073893,0,0.0084751,0.01175,0.018898,0.0090386,0.0050972,0.0031225,0.020554,0.036782,0.0014185,0.0041264,0.0018478,0.038999,0.0067104,0.0041672,0.014562,0.040673,0.0012447,0.003447,0.0027672,0.0050363,0.0024206,0.0094769,0.060431,0.0040868,0,0.01611,0.010107,0.014258
0.0047124,0.00075587,0,0,0.00073482,0.0024532,0.0018276,0.0029171,0.0069252,6.2619e-05,0,0,0.0036682,0.0047279,0.0052412,0.006586,0.0072827,0,0,0.0028064,0,0,0.0040317,0.0066181,0,0,0.001755,0,0,0,0,0,0,0.0050906,0.0073046,0,0,0.0014676,2.748e-05,0.0016024
0,0,0,0,0,0,0,0,0,0,0,0,0,0.0020912,0,0,0,0,0,0,0,0,0.0014978,0,0,0,0,0,0,0,0,0,0,0,0.0028682,0,0,0,0,0
0,0,0,0,0,0,0,0,0,0,0,0,0,0,0,0,0,0,0,0,0,0,0.0024797,0,0,0,0,0,0,0,0,0,0,0,0,0,0,0,0,0
0,0,0,0,0,0,0,0,0,0,0,0,0,0,0,0,0,0,0,0,0,0,0,0,0,0,0,0,0,0,0,0,0,0,0,0,0,0,0,0
0.060061,0.026335,0.013514,0.20097,0,0,0.65374,0.20224,0,0.011413,0.024928,0.33585,0.0066639,0,0,0.01618,0.095899,0.13191,0.00063055,0.10612,0.59845,0.40763,0.59465,0,0.00023563,0,0,0,0,0.26141,0.33487,0,0.42409,0.0083577,0.15051,0.31114,0,0.00070221,0.30963,0
0.54464,0.92312,0.96653,0.79188,0.99235,4.2041e-05,0.32784,0.55132,0.17769,0.90532,0.91525,0.66415,0.4813,0.1042,0.53962,0.52524,0.54267,0.67298,0.29315,0.79325,0.40155,0.50492,0.36347,0.0099315,0.61365,0.020066,0.23953,0.65709,1,0.72494,0.41769,0.4343,0.29246,0.23429,0.58808,0.68887,0.94775,0.76276,0.61424,0.90496
0.3953,0.050546,0.019954,0.0071495,0.0076537,0.75432,0.017894,0.23658,0.82231,0.083272,0.059824,0,0.51203,0.8958,0.41509,0.45395,0.35124,0.19393,0.70622,0.10063,0,0.087451,0.041878,0.91201,0.38611,0.97889,0.76047,0.34291,0,0.013648,0.24744,0.5657,0.28345,0.75735,0.21227,0,0.052246,0.17891,0.076121,0.095038
0,0,0,0,0,0.24564,0.00052697,0.0098553,0,0,0,0,0,0,0.045291,0.0046356,0.010196,0.0011781,0,0,0,0,0,0.078055,0,0.0010483,0,0,0,0,0,0,0,0,0.04914,0,0,0.057628,0,0
0,0,0,0,0,0,0,0,0,0,0,0,0,0,0,0,0,0,0,0,0,0,0,0,0,0,0,0,0,0,0,0,0,0,0,0,0,0,0,0
0,0,0,0,0,0,0,0,0,0,0,0,0,0,0,0,0,0,0,0,0,0,0,0,0,0,0,0,0,0,0,0,0,0,0,0,0,0,0,0
0,0,0,0,0,0,0,0,0,0,0,0,0,0,0,0,0,0,0,0,0,0,0,0,0,0,0,0,0,0,0,0,0,0,0,0,0,0,0,0
0,0,0,0,0,0,0,0,0,0,0,0,0,0,0,0,0,0,0,0,0,0,0,0,0,0,0,0,0,0,0,0,0,0,0,0,0,0,0,0
0,0,0,0,0,0,0,0,0,0,0,0,0,0,0,0,0,0,0,0,0,0,0,0,0,0,0,0,0,0,0,0,0,0,0,0,0,0,0,0
0,0,0,0,0,0,0,0,0,0,0,0,0,0,0,0,0,0,0,0,0,0,0,0,0,0,0,0,0,0,0,0,0,0,0,0,0,0,0,0
0.25046,0.2875,0.17397,0.095773,0.47842,0.4534,0.30378,0.55731,0.52046,0.24832,0.24721,0.22859,0.45927,0.51195,0.43438,0.082014,0.21914,0.23532,0.25499,0.23711,0.23952,0.41963,0.3143,0.33824,0.11152,0.49336,0.12424,0.52771,0.13695,0.24661,0.081854,0.36984,0.37134,0.27156,0.34696,0.20055,0.14842,0.21986,0.23668,0.20015
0.080339,0.069388,0.053468,0.063562,0.11821,0.09723,0.040093,0.10413,0.11072,0.089092,0.031723,0.035275,0.087225,0.081748,0.10018,0.054167,0.06349,0.051156,0.10821,0.064229,0.03818,0.0246,0.042192,0.12964,0.04826,0.11055,0.072643,0.08957,0.054311,0.046135,0.064235,0.086001,0.04617,0.075102,0.09104,0.059887,0.043571,0.057575,0.058497,0.075446
0.052007,0.062004,0.045129,0.047145,0.047901,0.06886,0.019625,0.045723,0.082097,0.041992,0.015614,0.028615,0.070808,0.064762,0.064153,0.04935,0.06465,0.038014,0.074966,0.050113,0.027018,0.029122,0.023936,0.056788,0.025394,0.073156,0.035266,0.071217,0.034984,0.038029,0.042382,0.076596,0.028891,0.05728,0.055534,0.033315,0.050972,0.02729,0.021988,0.067745
0.039509,0.046233,0.047714,0.040236,0.026692,0.05795,0.031004,0.027474,0.053265,0.032216,0.023813,0.022579,0.048948,0.055782,0.030442,0.018272,0.038225,0.023736,0.060841,0.036273,0.0288,0.033137,0.017918,0.045141,0.043985,0.056639,0.048972,0.048794,0.019094,0.024272,0.020799,0.056056,0.051299,0.03257,0.050448,0.02671,0.02591,0.023944,0.01753,0.038648
0.047378,0.032999,0.026358,0.03466,0.020668,0.039498,0.011732,0.035141,0.044295,0.045711,0.013803,0.014836,0.026644,0.023807,0.035862,0.014325,0.039515,0.025218,0.036645,0.027009,0.017096,0.021485,0.02257,0.03349,0.030835,0.043815,0.038638,0.021965,0.017102,0.027727,0.036744,0.046665,0.014977,0.033264,0.0432,0.021956,0.032244,0.033232,0.028726,0.040455
0.031786,0.032046,0.037619,0.027417,0.030616,0.017204,0.0075505,0.017622,0.036423,0.023396,0.016174,0.020408,0.025569,0.025523,0.021188,0.023373,0.040917,0.017338,0.0097341,0.052617,0.01338,0.015984,0.0091238,0.017291,0.029529,0.022551,0.026887,0.013002,0.012624,0.020111,0.02058,0.030716,0.019976,0.017195,0.034128,0.027278,0.030541,0.026472,0.02316,0.042936
0.026132,0.021783,0.030156,0.037192,0.016499,0.016892,0.0080563,0.018528,0.015763,0.030398,0.022135,0.0098515,0.021121,0.010059,0.025142,0.024902,0.030976,0.023476,0.027358,0.027124,0.0084478,0.020187,0.016141,0.028863,0.023675,0.021491,0.018267,0.02697,0.010023,0.021592,0.030868,0.030499,0.016822,0.015438,0.025034,0.030834,0.028871,0.012616,0.018631,0.020096
0.016766,0.025315,0.015528,0.011914,0.017906,0.014036,0.011497,0.025624,0.012299,0.033471,0.021614,0.017833,0.013611,0.012106,0.018103,0.03921,0.021642,0.020599,0.023937,0.025578,0.01691,0.011384,0.012274,0.027674,0.0063384,0.014787,0.014547,0.023868,0.0086486,0.015424,0.031879,0.018396,0.014573,0.010807,0.012937,0.02617,0.024532,0.016782,0.010542,0.017429
0.017474,0.015806,0.027789,0.016726,0.01374,0.01021,0.011599,0.020776,0.0061506,0.023359,0.019336,0.0088194,0.020938,0.0055506,0.020914,0.010335,0.025054,0.0041858,0.028637,0.021236,0.0083961,0.0099282,0.01725,0.016282,0.007417,0.01951,0.0087713,0.022813,0.0082809,0.019197,0.02225,0.021046,0.018348,0.0090468,0.017531,0.01603,0.021373,0.019697,0.011974,0.0093231
0.43815,0.40693,0.54227,0.62538,0.22935,0.22471,0.55507,0.14767,0.11853,0.43205,0.58858,0.6132,0.22587,0.20871,0.24963,0.68405,0.45639,0.56095,0.37468,0.45872,0.60225,0.41454,0.52429,0.30659,0.67304,0.14414,0.61177,0.15409,0.69798,0.54091,0.64841,0.26419,0.4176,0.47774,0.32319,0.55728,0.59356,0.56253,0.57227,0.48777
0.37791,0.31363,0.1649,0.40532,0.53724,0.56632,0.40916,0.61495,0.69625,0.38838,0.22145,0.42409,0.58533,0.59026,0.30269,0.33891,0.39231,0.30433,0.44176,0.19118,0.4483,0.54164,0.34355,0.29349,0.24876,0.6359,0.26206,0.67138,0.47191,0.42208,0.49664,0.51369,0.55042,0.41379,0.28765,0.51954,0.17039,0.3351,0.29327,0.38001
0.13897,0.099419,0.090605,0.19125,0.049714,0.067558,0.15751,0.067659,0.076887,0.11192,0.15038,0.2114,0.093633,0.059427,0.11134,0.20108,0.15591,0.084147,0.083353,0.088464,0.16757,0.16313,0.082818,0.14489,0.12241,0.09767,0.076517,0.055062,0.15364,0.15247,0.1642,0.11085,0.13612,0.10544,0.10738,0.17279,0.15567,0.10613,0.1235,0.093196
0.074017,0.092733,0.1297,0.11289,0.038821,0.050576,0.098056,0.05973,0.032379,0.063825,0.14307,0.13015,0.046648,0.043679,0.083454,0.11929,0.096044,0.10182,0.066673,0.065472,0.12299,0.065607,0.088957,0.11694,0.058775,0.041854,0.062305,0.053521,0.1371,0.0724,0.10911,0.068282,0.077997,0.061031,0.070769,0.094578,0.10666,0.070895,0.079953,0.060831
0.060214,0.06963,0.083313,0.091098,0.025781,0.032742,0.061606,0.034952,0.010582,0.058526,0.10433,0.079043,0.03882,0.045359,0.071843,0.095466,0.038439,0.071146,0.029999,0.052236,0.10109,0.03834,0.067408,0.059538,0.050311,0.021261,0.033068,0.026545,0.070919,0.061388,0.034494,0.044277,0.044591,0.044817,0.055327,0.058493,0.083619,0.051399,0.076197,0.055313
0.039565,0.043208,0.035276,0.018787,0.027293,0.03921,0.023747,0.038144,0.013588,0.036029,0.079917,0.031143,0.022334,0.022194,0.03758,0.028266,0.028833,0.04101,0.028928,0.053335,0.037318,0.016862,0.059031,0.059938,0.048453,0.013701,0.031864,0.024549,0.025786,0.030523,0.020386,0.02311,0.013571,0.035927,0.046353,0.035252,0.05702,0.050419,0.048066,0.040074
0.035483,0.038302,0.035456,0.028244,0.021168,0.014255,0.010589,0.025103,0.016057,0.0249,0.067115,0.015809,0.019019,0.01486,0.04222,0.013176,0.031955,0.026203,0.020512,0.029398,0.0189,0.017024,0.026177,0.033659,0.024268,0.0090053,0.039556,0.018792,0.013926,0.026408,0.014485,0.027185,0.016055,0.030631,0.051227,0.011986,0.026661,0.032038,0.043756,0.026356
0.023552,0.029194,0.041327,0.011492,0.024227,0.015447,0.0063063,0.010244,0.010278,0.031954,0.0415,0.012147,0.015926,0.026154,0.032179,0.01157,0.028687,0.042102,0.022433,0.021302,0.010562,0.011096,0.01625,0.020856,0.03479,0.017182,0.027183,0.023647,0.016646,0.019241,0.012955,0.015364,0.018556,0.027608,0.02729,0.010771,0.024013,0.028582,0.025513,0.018291
0.017736,0.029755,0.020931,0.01205,0.01695,0.017719,0.0081587,0.01072,0.0032122,0.011352,0.030534,0.01022,0.011642,0.017949,0.036756,0.0096723,0.0064757,0.021275,0.01415,0.016043,0.0071013,0.0085877,0.024517,0.016432,0.021424,0.017385,0.039384,0.010916,0.0051619,0.013854,0.016088,0.011793,0.01312,0.019962,0.034727,0.0074562,0.026328,0.022567,0.022579,0.016956
0.022893,0.021007,0.03342,0.018062,0.01843,0.0099137,0.0065817,0.011821,0.0077109,0.011797,0.018233,0.0065862,0.0090608,0.0071484,0.024909,0.01162,0.0068786,0.0345,0.006151,0.03446,0.0093836,0.0070909,0.027775,0.028738,0.027572,0.0052864,0.027591,0.015628,0.0065903,0.0089207,0.010853,0.011633,0.0086205,0.021511,0.020963,0.0058392,0.022713,0.027697,0.021297,0.020786
0.20966,0.26313,0.36507,0.1108,0.24038,0.18626,0.21829,0.12667,0.13305,0.26131,0.14347,0.079412,0.15758,0.17297,0.25703,0.17094,0.21446,0.27346,0.28604,0.44811,0.076787,0.13062,0.26351,0.22552,0.36323,0.14075,0.40047,0.099965,0.098326,0.19272,0.12079,0.17382,0.12095,0.23928,0.29831,0.083299,0.32693,0.27518,0.26586,0.28819
0.5727,0.53921,0.30849,0.60845,0.46765,0.63462,0.67447,0.5303,0.40586,0.51111,0.48641,0.55036,0.60919,0.49199,0.40787,0.50337,0.61629,0.58808,0.55816,0.39713,0.54049,0.52124,0.45866,0.44834,0.51523,0.55378,0.32363,0.48753,0.37108,0.50744,0.45547,0.51953,0.54014,0.42779,0.40656,0.59361,0.32089,0.54886,0.46848,0.55231
0.33622,0.28429,0.44282,0.3758,0.2488,0.17628,0.28632,0.26873,0.2892,0.36193,0.47821,0.44467,0.20779,0.24927,0.16437,0.41971,0.2568,0.32033,0.25425,0.28923,0.43765,0.20857,0.37155,0.28306,0.36478,0.21028,0.4443,0.095582,0.59721,0.32961,0.47033,0.32128,0.21058,0.31754,0.29908,0.4064,0.20477,0.34416,0.33349,0.31903
0.088876,0.15825,0.2353,0.015696,0.26439,0.1669,0.036935,0.18071,0.29229,0.11586,0.035372,0.0049742,0.13778,0.20885,0.27917,0.073055,0.064037,0.084886,0.16009,0.27518,0.021859,0.057836,0.15342,0.1606,0.10162,0.20623,0.2166,0.096766,0.02976,0.075489,0.066686,0.14382,0.025736,0.20975,0.25104,0,0.079755,0.098196,0.1887,0.12108
0.0022017,0.018253,0.013394,6.2017e-05,0.019074,0.022199,0.0022808,0.020266,0.011698,0.011106,0,0,0.041667,0.031571,0.10677,0.0038681,0.026478,0.0067069,0.027493,0.038469,0,0.033309,0.0095482,0.022172,0.018369,0.029708,0.015478,0.080754,0.0019491,0.029402,0.0075183,0.015367,0.021625,0.02301,0.043313,0,0.051044,0.0087829,0.0093299,0.0075804
0,0,0,0,8.1372e-05,0,0,0,0.00047091,0,0,0,0.0035732,0.018327,0.04183,0,0.036391,0,0,0,0,0.016658,0.0068232,0.039232,0,0,0,0.056238,0,0.0072038,0,0,0.025889,0.011531,0,0,0.040382,0,0,0
0,0,0,0,0,0,0,0,0.00022475,0,0,0,0,0,0,0,0,0,0,0,0,0.01884,0,0.046607,0,0,0,0.084038,0,0.0099688,0,0,0.10425,0.0067747,0,0,0.014511,0,0,0
0,0,0,0,0,0,0,0,0.00025471,0,0,0,0,0,0,0,0,0,0,0,0,0.020785,0,0,0,0,0,0.099097,0,0.0090389,0,0,0.071787,0.0035973,0,0,0.28865,0,0,0
0,0,0,0,0,0,0,0,0,0,0,0,0,0,0,0,0,0,0,0,0,0.024258,0,0,0,0,0,0,0,0.012741,0,0,0,0,0,0,0,0,0,0
0,0,0,0,0,0,0,0,0,0,0,0,0,0,0,0,0,0,0,0,0,0.098513,0,0,0,0,0,0,0,0.019111,0,0,0,0,0,0,0,0,0,0
0,0,0,0,0,0,0,0,0,0,0,0,0,0,0,0,0,0,0,0,0,0,0,0,0,0,0,0,0,0,0,0,0,0,0,0,0,0,0,0
0.024273,0.027587,0.086177,0.0023051,0.12362,0.073784,0.039941,0.032607,0.035624,0.04111,0.01388,0,0.053625,0.040467,0.053727,0.095302,0.1065,0.074706,0.12183,0.20025,0,0.11595,0.049439,0.075348,0.052409,0.00013028,0.1187,0.065403,0.0013808,0.055148,0.032362,0.034986,0.0059307,0.060535,0.21085,0,0.38783,0.016388,0.12553,0.0071247
0.078201,0.15189,0.3134,0.0081113,0.1052,0.10999,0.07044,0.049198,0.030229,0.079608,0.031753,0,0.04164,0.15441,0.096482,0.13874,0.12201,0.23308,0.23632,0.28411,0.0010115,0.072787,0.32925,0.077463,0.10243,0.0091178,0.24546,0.1236,0.019634,0.10662,0.13675,0.063813,0.17548,0.23833,0.29664,0,0.1136,0.066036,0.2047,0.14354
0.18213,0.25537,0.20949,0.18036,0.081836,0.090617,0.096485,0.073197,0.058972,0.17925,0.1243,0.17415,0.12637,0.077213,0.035596,0.27118,0.19969,0.22527,0.15111,0.16228,0.26162,0.060281,0.17431,0.069484,0.30023,0.12329,0.18235,0.049025,0.39349,0.21073,0.18529,0.18262,0.15087,0.17281,0.13989,0.028525,0.15499,0.26285,0.16499,0.33479
0.24757,0.11563,0.074459,0.26678,0.073963,0.1311,0.17951,0.15819,0.060294,0.2742,0.37237,0.34329,0.13091,0.054961,0.1529,0.18653,0.16427,0.10617,0.11964,0.094701,0.23035,0.13611,0.05301,0.11218,0.29944,0.083229,0.10395,0.13833,0.27833,0.16672,0.29946,0.15361,0.10632,0.082122,0.057476,0.39179,0.073648,0.22022,0.1369,0.17671
0.17668,0.083454,0.14792,0.17308,0.058898,0.11841,0.11208,0.04279,0.12972,0.12305,0.18955,0.11029,0.12051,0.15165,0.16084,0.12242,0.11579,0.087744,0.12785,0.06383,0.10798,0.077939,0.048606,0.24355,0.15435,0.20098,0.1371,0.053942,0.066037,0.13049,0.11906,0.15055,0.050018,0.13899,0.04351,0.1841,0.051418,0.15149,0.090703,0.13948
0.11759,0.11234,0.081441,0.10431,0.078782,0.1191,0.080224,0.043966,0.23779,0.075248,0.066145,0.0969,0.11439,0.087566,0.095856,0.081579,0.10391,0.077986,0.19921,0.03539,0.095919,0.079331,0.050213,0.33387,0.086008,0.10823,0.091625,0.097608,0.047083,0.099918,0.057391,0.10879,0.083344,0.10143,0.059003,0.12457,0.095108,0.15912,0.080621,0.088775
0.079889,0.10183,0.055496,0.10429,0.14666,0.357,0.079945,0.1081,0.16077,0.10172,0.074605,0.082193,0.10692,0.19069,0.07838,0.061526,0.077931,0.086677,0.040573,0.065794,0.082239,0.10204,0.061829,0.088106,0.0033733,0.1971,0.061305,0.084487,0.040929,0.067273,0.080253,0.23569,0.076174,0.13018,0.065557,0.11317,0.060246,0.066978,0.062649,0.077638
0.063301,0.066575,0.025957,0.093418,0.11882,0,0.088581,0.11414,0.22281,0.081903,0.12193,0.1494,0.23848,0.24305,0.1553,0.031114,0.073062,0.043281,0.0020588,0.038934,0.1542,0.068233,0.12511,0,0.0013556,0.27793,0.059508,0.094961,0.12484,0.052309,0.073631,0.062739,0.052566,0.071763,0.044731,0.08142,0.063164,0.053973,0.075206,0.030973
0.018359,0.085328,0.0049289,0.049268,0.21222,0,0.073899,0.33766,0.063795,0.043903,0.0054676,0.041826,0.066771,0,0.16444,0.010601,0.010386,0.010976,0.0014206,0.046755,0.065013,0.10859,0.085916,0,0.00041696,0,0,0.29265,0.028279,0.06332,0.015307,0.0072199,0.07391,0.0038388,0.046954,0.076435,0,0.0029485,0.03325,0.00097974
0.01201,0,0.0007243,0.018079,0,0,0.1789,0.040152,0,9.0495e-06,0,0.0019609,0.00039389,0,0.0064723,0.0010057,0.026452,0.054103,0,0.0079524,0.0016623,0.17874,0.022324,0,0,0,0,0,0,0.047473,0.00049785,0,0.22539,0,0.035381,0,0,0,0.025453,0
0.018051,0.013449,0.002528,0.030279,0.020556,0,0.20468,0.51007,0,0.0056021,0,0.01352,0.014086,0,0.087335,0.0037516,0.030219,0.056735,0,0.059198,0.019173,0.29987,0.071932,0,3.5599e-05,0,0,0.11866,0,0.06298,0.0023465,0,0.24296,0.0005885,0.059415,0.010105,0,0,0.046265,0
0.022666,0.20913,0.015262,0.091643,0.44337,0,0.081903,0.087718,0.23132,0.18286,0.075803,0.069436,0.23019,5.9697e-06,0.12966,0.015582,0.044283,0.017265,0.0066599,0.054179,0.13361,0.278,0.10904,0,0.0014326,0.0030554,0,0.46419,0.099817,0.12172,0.053704,0.0083117,0.10012,0.0061152,0.051082,0.10856,0.025644,0.083026,0.033936,0.0021122
0.12075,0.066775,0.054703,0.1004,0.029261,0,0.081397,0.038132,0.50084,0.06781,0.11414,0.13628,0.27776,0.59765,0.31074,0.057236,0.10812,0.066342,0.0022703,0.068775,0.10931,0.097794,0.08072,0,0.0014915,0.70079,0.27539,0.074467,0.077889,0.076942,0.080908,0.32283,0.22791,0.28608,0.052643,0.11059,0.13991,0.082564,0.092194,0.1403
0.16755,0.083742,0.12862,0.11848,0.044784,0.6497,0.11308,0.012122,0.061381,0.060143,0.096976,0.14179,0.065,0.061913,0.26851,0.066511,0.10003,0.13177,0.24865,0.057571,0.11173,0.056521,0.059857,0.45523,0.098058,0.049019,0.049003,0.08295,0.064357,0.13273,0.088514,0.18714,0.15303,0.103,0.044564,0.13015,0.33492,0.07616,0.13211,0.1049
0.16635,0.079182,0.11321,0.19672,0.066112,0.057274,0.12477,0.13099,0.052489,0.11897,0.26843,0.14413,0.066959,0.066783,0.082194,0.18561,0.14322,0.065346,0.13943,0.085689,0.14592,0.063097,0.075973,0.43309,0.1584,0.041047,0.045939,0.14412,0.090864,0.17027,0.20084,0.092085,0.044388,0.078017,0.070501,0.23536,0.13203,0.19244,0.095924,0.12158
0.24593,0.16762,0.18442,0.33181,0.14432,0.034109,0.23093,0.091738,0.051465,0.28236,0.27316,0.41561,0.1333,0.05262,0.040431,0.29641,0.23828,0.16537,0.15544,0.11685,0.38728,0.12733,0.18603,0.037763,0.32748,0.097273,0.11634,0.088651,0.54737,0.23007,0.25001,0.20874,0.17475,0.14681,0.1561,0.36922,0.15792,0.26726,0.17799,0.18663
0.16718,0.22645,0.34834,0.12164,0.1417,0.060972,0.090669,0.062246,0.070647,0.1623,0.12569,0.079242,0.12534,0.12684,0.033672,0.18874,0.17784,0.25889,0.16191,0.18036,0.092926,0.047677,0.29632,0.033702,0.28713,0.10253,0.24013,0.016255,0.11096,0.12779,0.20923,0.0893,0.04789,0.25224,0.38573,0.036014,0.10832,0.2137,0.22896,0.30663
0.073233,0.13027,0.15285,0.0073816,0.06401,0.13815,0.072496,0.030308,0.020898,0.071428,0.030686,0,0.052094,0.078965,0.033856,0.083415,0.065744,0.19482,0.18906,0.23522,6.1833e-05,0.021717,0.073629,0.030701,0.094507,0.0061826,0.21843,0.010606,0.0087417,0.050307,0.1045,0.055691,0.0080503,0.076233,0.14438,0,0.080648,0.073744,0.14212,0.11779
0.018292,0.022392,6.858e-05,0.0015862,0.038499,0.05907,7.5512e-05,0.032714,0.010022,0.038341,0.010074,0,0.026658,0.015221,0.0096074,0.085369,0.072962,0.037363,0.092433,0.13494,0,0.0071181,0.045107,0.0079684,0.017903,0.00010344,0.05468,0.00010303,0,0.024247,0.0095683,0.033294,0.00090173,0.047309,0.035587,0,0.017957,0.01111,0.049759,0.019604
0,0.00099931,1.6296e-06,6.4586e-05,0.0073875,0.00072589,0,0.0039631,0.00093379,0.010184,0.0050362,0,0.0086181,0,0.003983,0.017377,0.019308,0.0060996,0.0041425,0.0072224,0,0.000871,0.0013891,0.0015456,0.013563,0,9.231e-05,0,0,0.0029484,0.00039376,0.0026008,0,0.0036068,0,0,0.0026563,0,0.00075179,0.00045566
0.56016,0.48205,0.33565,0.37109,0.57412,0.70121,0.49961,0.4759,0.745,0.38783,0.50484,0.3237,0.64411,0.65391,0.24612,0.37053,0.43184,0.43413,0.56218,0.34372,0.33899,0.57209,0.4107,0.6911,0.30293,0.60722,0.32838,0.59623,0.28548,0.50545,0.26786,0.50372,0.48911,0.47923,0.43834,0.33334,0.47845,0.45635,0.49035,0.25269
0.079773,0.074004,0.10977,0.12555,0.016597,0.035083,0.14138,0.0030124,0.030305,0.10383,0.078125,0.16467,0.056647,0.038314,0.018638,0.10293,0.063417,0.08215,0.044198,0.045816,0.14058,0.11525,0.093632,0.0063422,0.11473,0.058773,0.012903,0.061132,0.13692,0.11392,0.1302,0.058328,0.06215,0.084044,0.048511,0.15226,0.19678,0.13022,0.10064,0.145
0.081145,0.046672,0.11076,0.21924,0.012774,0.030887,0.095854,0.0046916,0.020647,0.11393,0.098737,0.20258,0.029401,0.043704,0.0097004,0.16046,0.12321,0.13162,0.037801,0.0067659,0.19117,0.05502,0.071985,0.0044627,0.13652,0.025489,0.094854,0.028236,0.16442,0.049639,0.13772,0.065769,0.061636,0.062175,0.04988,0.1503,0.023517,0.082921,0.10655,0.16383
0.036324,0.022068,0.11266,0.078715,0.0081132,0.019477,0.05889,0.024897,0.017696,0.083763,0.043181,0.092268,0.023061,0.043971,0.0083564,0.09188,0.064354,0.12968,0.020323,0.066372,0.095087,0.023324,0.12396,0.0039551,0.16351,0.006469,0.20349,0.010304,0.085928,0.036149,0.15421,0.1022,0.011798,0.059425,0.060295,0.026954,0.015888,0.044649,0.066145,0.074228
0.030909,0.032321,0.17354,0.06904,0.10022,0.021865,0.068267,0.14802,0.0095477,0.084388,0.016826,0.084829,0.040547,0.025052,0.055988,0.12286,0.099202,0.12869,0.12089,0.23476,0.10778,0.046616,0.11352,0.077851,0.11528,0.030279,0.21117,0.064358,0.032299,0.097667,0.088166,0.10169,0.18362,0.13636,0.16998,0.028837,0.023112,0.053885,0.068937,0.078347
0.028183,0.042551,0.063664,0.055368,0.059229,0.046266,0.028036,0.098161,0.0093766,0.044688,0.044601,0.055637,0.024629,0.026955,0.045833,0.054856,0.04082,0.069421,0.10432,0.13186,0.053873,0.056774,0.076888,0.062312,0.048587,0.052632,0.049913,0.032847,0.035602,0.078758,0.065921,0.086895,0.11205,0.080159,0.19339,0.05161,0.016949,0.049839,0.047999,0.080958
0.025266,0.067889,0.035413,0.01643,0.010307,0.0056973,0.036908,0.0029862,0.011613,0.042411,0.084904,0.033484,0.037197,0.039701,0.0095982,0.036926,0.037948,0.0036074,0.0086072,0.0091248,0.030659,0.035029,0.046035,0.0057815,0.021706,0.040051,0.0055475,0.03732,0.058323,0.050944,0.043639,0.014098,0.049243,0.020368,0.014846,0.090514,0.015309,0.045821,0.053787,0.043924
0.020028,0.040219,0.018345,0.033328,0.007355,0.0033847,0.043684,0.0026498,0.0049009,0.032011,0.018667,0.03364,0.012034,0.02325,0.0059719,0.012724,0.033916,0.0098983,0.02269,0.0063805,0.034959,0.044995,0.043321,0.0014614,0.039128,0.050444,0.010277,0.018184,0.060868,0.043635,0.047703,0.0032709,0.029744,0.023606,0.016141,0.11285,0.054917,0.03177,0.030007,0.0947
0.017822,0.034372,0.023362,0.0083048,0.007598,0.015052,0.016372,0.0009865,0.0072231,0.010626,0.037901,0.0092029,0.013779,0.010322,0.024859,0.0067897,0.015564,0.0038154,0.030968,0.019651,0.0068821,0.011494,0.019959,0.0015125,0.0092239,0.0059055,0.00015257,0.016622,0.11094,0.012612,0.041627,0.0013193,0.00063622,0.0018193,0.0055928,0.039102,0.054555,0.041495,0.017936,0.019003
0.12039,0.15785,0.01683,0.022936,0.20368,0.12108,0.010996,0.2387,0.14369,0.096519,0.072221,0,0.11859,0.094826,0.57493,0.040056,0.089731,0.0070027,0.048026,0.13555,1.2985e-05,0.039408,4.171e-06,0.14522,0.048402,0.12274,0.083316,0.13476,0.029221,0.011227,0.022954,0.062712,2.3314e-06,0.052821,0.0030189,0.014234,0.12052,0.06305,0.017651,0.047324
0.011761,0.010039,0.014557,0.018936,0.0045614,0.013089,0.015717,0.010576,0.0046588,0.034929,0.0011337,0.026974,0.041882,0.0012932,0.049027,0.025627,0.078576,0.029334,0.032882,0.042324,0.039742,0.0086994,0.031803,0.077725,0.020444,0.022,0.033141,0.016617,0.00046257,0.0052685,0.024727,0.024592,0,0.021466,0.07582,0.0031265,0.0079543,0.0089427,0.016492,0.05649
0.0096324,0.0091246,0.011154,0.021345,0.0034462,0.0090511,0.013027,0.005133,0.0059416,0.024529,0.013811,0.021028,0.0087673,0.002052,0.044097,0.01292,0.031126,0.021281,0.036418,0.022446,0.022167,0.018995,0.062406,0.038147,0.029086,0.014694,0.045974,0.016756,0,0.010684,0.021091,0.019103,5.558e-05,0.011073,0.030022,0.0068207,0.0040269,0.013728,0.0087904,0.037564
0.010074,0.0063269,0.0061329,0.011245,0.0057317,0.0037082,0.0096438,0.0074476,0.021302,0.015537,0.0063813,0.012243,0.008739,0.013959,0.012886,0.011293,0.015988,0.036755,0.025572,0.0081865,0.0090596,0.0076094,0.015797,0.0056025,0.016094,0.0096066,0.046542,0.0099625,0.00039513,0.0088256,0.016119,0.011196,0.00083477,0.012564,0.012785,0.0096702,0.00034079,0.014216,0.0078299,0.025238
0.0076778,0.0046948,0.0057934,0.014271,0.00071245,0.00062826,0.006951,0.021898,0.0091361,0.017516,0.0030985,0.011185,0.014027,0.026834,0.0020019,0.0079395,0.0077949,0.045912,0.0044876,0.0078405,0.011487,0.0089719,0.0097785,0.0017677,0.0054258,0.020262,0.014439,0.023446,0.00040801,0.019498,0.024836,0.017994,0.0030795,0.028825,0.0020824,0.011678,0.0013742,0.0087504,0.0022962,0.018921
0.0073191,0.0051421,0.0062049,0.0094198,0.0033826,0.001065,0.0053739,0.038787,0.0072915,0.015457,0.0079781,0.011436,0.0083374,0.036191,0.001478,0.006541,0.033072,0.090756,0.014067,0.010519,0.0098256,0.0034369,0.0052823,0.0019644,0.0017444,0.014398,0.031253,0.023462,0.00027423,0.026075,0.011109,0.030739,0.011759,0.0312,0.0049415,0.017513,0,0.0037462,0.0060059,0.040837
0.0084376,0.013026,0.005447,0.010303,0.0085607,0.0087212,0.013268,0.020535,0.0069204,0.01954,0.0060487,0.0074716,0.0024249,0.029144,0.00075243,0.0087951,0.01604,0.027519,0.019834,0.0068524,0.013159,0.0090048,0.0025434,0.00037957,0.028163,0.013436,0.031998,0.021314,0.00095791,0.025956,0.016686,0.017553,0.17344,0.039181,0.0052419,0.0075344,3.8173e-05,0.0055553,0.0041994,0.033367
0.005501,0.0085016,0.0046478,0.0099526,0.0061139,0.010362,0.01287,0.038054,0.0052075,0.014948,0.012295,0.0092021,0.0095924,0.0088045,0.0022106,0.014644,0.023848,0.025163,0.022807,0.010198,0.013264,0.011337,0.010077,0.00086995,0.037409,0.011646,0.073908,0.025115,0.0023463,0.013642,0.018608,0.01488,0.10787,0.018629,0.010559,0.021491,0.00038713,0.008488,0.019667,0.032099
0.023139,0.031452,0.022845,0.016249,0.0078302,0.014536,0.026138,0.013856,0.0075078,0.022129,0.022116,0.014456,0.029274,0.0069185,0.0023699,0.02235,0.022658,0.023377,0.039731,0.045089,0.016825,0.013355,0.014355,0.0039854,0.027019,0.025144,0.043361,0.033599,0.0051041,0.021218,0.030268,0.021967,0.015157,0.028228,0.014273,0.018968,0.023605,0.019415,0.029739,0.086013
0.095577,0.092082,0.09901,0.10909,0.017118,0.050443,0.068613,0.055372,0.045928,0.090545,0.10223,0.038587,0.074663,0.028712,0.015106,0.086707,0.095805,0.099903,0.070376,0.063858,0.036683,0.038583,0.040832,0.011274,0.12729,0.038397,0.10067,0.0683,0.032811,0.057321,0.085893,0.051819,0.018679,0.034715,0.063215,0.066134,0.059757,0.087474,0.071929,0.129
0.82088,0.81961,0.82421,0.77919,0.94254,0.8884,0.8284,0.78834,0.88611,0.74487,0.82491,0.84742,0.80229,0.84609,0.87007,0.80318,0.67509,0.6,0.73383,0.78269,0.82779,0.88001,0.80713,0.85828,0.70733,0.83042,0.57872,0.76143,0.95724,0.81151,0.75066,0.79016,0.66912,0.77412,0.78106,0.83707,0.90252,0.82968,0.83305,0.54047
0.00031889,0.010432,0.019046,0.0026857,0.0014867,0,2.411e-06,0,0.01612,0.029363,0.0024361,0.0095517,0.023089,0.0019283,0.009869,0.0028292,0.014264,0.0032878,0.016748,0.013594,0.0012812,0.0062137,0.0073724,0.0010894,0.022727,0.00090641,0,0.00021139,0.01703,0.010411,0.0070013,0.0021748,0,0.007064,0.0065951,0.0047167,0.0042654,0.0093928,0.0029421,0.0043254
0.025396,0.022784,0.010008,0.0011264,0.0095325,0.0017054,0.0015514,0.010271,0.05114,0.024726,0,0.00020779,0,0.01904,0.0087726,0.0002826,0.0039697,0.00022963,0.0065968,0,0.0052547,0.0057065,0.0024826,0.0053358,0.0001603,0.014666,0.0093198,0.052916,0,0,0.00072622,0,0,0.0026961,0,0,0.025472,0,0.00024815,0.032193
0,0,0.011862,0.00016708,0,0,0,0,0.0078107,0,0,0,0,0,0,0,0,0,0.0048239,0,0,0,0,0,0.0076483,0.014215,0,0,0,0,0,0.012552,0,0,0,0,0,0,0,0
0,0,0.00011389,0.0034956,0,0.039023,0,0,0,0,0,0,0,0,0,0,0.0018403,0.0030455,0,0.00057425,0,0,0,0,0,0,0,0,0,0,0,0,0,0,0,0,0,0,0,0
0,0,0,0,0,0,0,0,0,0,0,0,0,0,0,0,0,0,0,0,0,0,0,0,0,0,0,0,0,0,0,0,0,0,0,0,0,0,0,0
0,0,0,0,0,0,0,0,0,0,0,0,0,0,0,0,0,0,0,0.00068121,0,0,0,0,0,0,0,0,0,0,0,0,0,0,0,0,0,0,0,0
0,0,0,0,0,0,0,0,0,0,0,0,0,0,0,0,0,0,0,0,0,0,0,0,0,0,0,0,0,0,0,0,0,0,0,0,0,0,0,0
0,0,0,0,0,0,0,0,0,0,0,0,0,0,0,0,0,0,0,0.0034115,0,0,0,0,0,0,0,0,0,0,0,0,0,0,0,0,0,0,0,0
0,0,0,0,0,0,0,0,0,0,0,0,0,0,0,0,0,0,0,0,0,0,0,0,0,0,0,0,0,0,0,0,0,0,0,0,0,0,0,0
0.0085944,0.0042078,0.0003292,0.00094942,0.0030731,0.0060931,0.0012461,0.00063127,0.0091242,0.013835,0.0023111,0.0012545,0.0015859,0.0027929,0.0015046,0.0010981,0.00017976,0.00019666,0.00014357,0,0.0020047,0.0046695,0.00037612,0.00024195,0,0.00023917,9.7738e-05,0.00062803,0.0020589,0.0027633,0.0013242,0.00035449,0.0014177,0.00063822,0.018634,0.002045,0.00095837,0.0020408,0.00067518,0.0030387
0.0028476,0,0.00014425,0.00012223,0,0,0.00010615,0,0,0,0.0016643,0,0,0,0,0,0,0,0,0,0.0001178,0.0013119,0,0,0,0,0,0.00037425,0,0,0,0,0,0.00017622,0.00073466,0.0020078,0,0.00028004,0,0
0,0,0,4.6859e-07,0,0,0,0,0,0,0,0,0,0,0,0,0,0,0,0,0,0.01264,0,0,0,0,0,0.0063151,0,0,0,0,0,0,0,0,0,0,0,0
1.4964e-05,0,0,0,0,0,0,0,0,0,0,0,0,0,0,0,0,0,0,0,0,0,0,0,0,0,0,0.00017961,0,0,0,0,0,0,0,0,0,0,0,0
0,0,0,0,0,0,0,0,0,0,0,0,0,0,0,0,0,0,0,0,0,0,0,0,0,0,0,0,0,0,0,0,0,0,0,0,0,0,0,0
0,0,0,0,0,0,0,0,0,0,0,0,0,0,0,0,0,0,0,0,0,0,0,0,0,0,0,0,0,0,0,0,0,0,0,0,0,0,0,0
0,0,0,0,0,0,0,0,0,0,0,0,0,0,0,0,0,0,0,0,0,0,0,0,0,0,0,0,0,0,0,0,0,0,0,0,0,0,0,0
0,0,0,0,0,0,0,0,0,0,0,0,0,0,0,0,0,0,0,0,0,0,0,0,0,0,0,0,0,0,0,0,0,0,0,0,0,0,0,0
0,0,0,0,0,0,0,0,0,0,0,0,0,0,0,0,0,0,0,0,0,0,0,0,0,0,0,0,0,0,0,0,0,0,0,0,0,0,0,0
0,0,0,0,0,0,0,0,0,0,0,0,0,0,0,0,0,0,0,0,0,0,0,0,0,0,0,0,0,0,0,0,0,0,0,0,0,0,0,0
0.00068113,0,0.0016266,5.4031e-06,0,0,9.3112e-05,3.1248e-05,0.00013084,7.6056e-06,0.00030491,0,0,0.0053164,0,0,0,0.00073848,0.0021408,0,0,0.0040242,6.431e-06,0,0,0,0,0.0024394,0,0,0,0,0,0,0.012342,0.00013791,0,0.0013687,5.3781e-05,0
0.0014133,0,1.7749e-05,0,0,0,6.7232e-05,0,0,0,0.0037287,9.9486e-05,5.7704e-05,0.006373,0,0.0011753,1.4978e-06,1.2388e-05,4.8943e-05,0,7.949e-06,0.0067722,0.0022907,0.00074492,0,0,0,0.00048838,0,0,0.00029787,0.00011037,0.006456,7.8963e-05,0,0.00030116,4.8045e-05,0.00061147,0,0
0,0,0,7.0138e-06,0,7.4281e-06,0,0,0.0013125,0,0,0,0.0003296,9.0046e-06,0.0025277,0,0,0,0,0,0.00016834,0.018204,0,0,0,0,0,0.0022771,0,0,0,0,0.0034104,0,0.0036746,0,0,0,0,0
0,0,0,0,0,0,0,0,0,0,0,0,0,0,0,0,0,0,0,0,0,0,0,0,0,0,0,0.00064584,0,0,0,0,0,0,0,0,0,0,0,0
0,0,0,0,0,0,0,0,0,0,0,0,0,0,0,0,0,0,0,0,0,0,0,0,0,0,0,0,0,0,0,0,0,0,0,0,0,0,0,0
0,0,0,0,0,0.0015346,0,0,0,9.3216e-05,0,0,0,0,0,0,0,0,0,0,0,0,0,0,0,0,0,0,0,0,0,0,0,0,0,0,0,0,0,0
0,0,0,0,0,0,0,0,0,0,0,0,0,0,0,0,0,0,0,0,0,0,0,0,0,0,0,0,0,0,0,0,0,0,0,0,0,0,0,0
0,0,0,0,0,0,0,0,0,0,0,0,0,0,0,0,0,0,0,0,0,0,0,0,0,0,0,0,0,0,0,0,0,0,0,0,0,0,0,0
0,0,0,0,0,0,0,0,0,0,0,0,0,0,0,0,0,0,0,0,0,0,0,0,0,0,0,0,0,0,0,0,0,0,0,0,0,0,0,0
0,0,0,0,0,0,0,0,0,0,0,0,0,0,0,0,0,0,0,0,0,0,0,0,0,0,0,0,0,0,0,0,0,0,0,0,0,0,0,0
0,0,0.0022352,9.3833e-05,0.00046131,0.0018465,0,0.00052845,0,0,5.9477e-05,0.0022538,0.00065358,0.006042,0.0062359,0.0020695,0.0024283,0.0029557,0.0015049,0,0.0010136,0.0047296,0.00076872,0.0040304,0,0,0,9.7545e-06,0,0,0.00039802,0.00037305,0.027659,0.00011436,0.0064559,6.3412e-05,0.00072709,0,0.0001328,0.00014218
0.0018121,0,0.00024642,0,0.00019434,0,0,0,0,0,0,0,0,0.00058983,0,0,0,0,0,0,0,0.015733,0,0.00033842,0,0,0,0,0,0,0,3.3783e-07,0,0,0.043815,0,0,0.00034424,0,0
0.0034873,0,0,0,0,0,0,0,0,0.0017428,0,0,0,0.0014758,0,0,0,0,0,0,0,0,0,0,0,0,0,0,0,0,0,0,0,0,0.0040388,0,0,0,0,0
0,0,0,0,0,0,0,0,0,0,0,0,0,0.0014295,0,0,0,0,0,0,0,0,0,0,0,0,0,0.0029137,0,0,0,0,0,0,0,0,0,0,0,0
0,0,0,0,0,0,1.3668e-05,0,0,0,0,0,0,0,0,0,0,0,0,0,0,0.004739,0,0,0,0,0,0,0,0,0,0,0,0,0,0,0,0,0,0
0,0,1.2718e-06,0,0,0,0,0,0,0,0,0,0,0,0,0,0,0,0,0,0,0,0,0,0,0,0,0,0,0,0,0,0,0,0,0,0,0,0,0
0,0,0,0,0,0,0,0,0,0,0,0,0,0,0,0,0,0,0,0,0,0,0,0,0,0,0,0,0,0,0,0,0,0,0,0,0,0,0,0
0,0,0,0,0,0,0,0,0,0,0,0,0,0,0,0,0,0,0,0,0,0,0,0,0,0,0,0,0,0,0,0,0,0,0,0,0,0,0,0
0,0,0,0,0,0,0,0,0,0,0,0,0,0,0,0,0,0,0,0,0,0,0,0,0,0,0,0,0,0,0,0,0,0,0,0,0,0,0,0
0,0,0,0,0,0,0,0,0,0,0,0,0,0,0,0,0,0,0,0,0,0,0,0,0,0,0,0,0,0,0,0,0,0,0,0,0,0,0,0
0.0028406,0,0,0.0010654,0,0.0014632,6.5573e-06,1.7186e-05,0.0019567,0.0032705,6.4802e-05,0,0,0.0090843,0,0,0,0.027837,0.025822,0,0.00020554,0.013366,1.8706e-05,0,0.0013231,0,3.747e-06,0.0032717,0,0,0,0,0,0,0.016829,0.00067702,0,9.5912e-05,0.00015461,0
6.5732e-05,0,0.00021528,0.0062893,0.00029619,0,7.3472e-05,0,0,0,0,0,0,0.0066506,0,0,0,0,0,0,0.00020891,0.00056115,0,0.0029082,0,0,0,0,0,0,0,0,0,0,4.8116e-05,0,1.0459e-05,0.0044017,0,0.00027185
0.00038026,0,0,5.5793e-05,0,0,0.00030024,0,0,0,0,0,0,0,0,0,0,0,0,0,0,0,0,0.0078327,0,0,0,0,0,0,0,0,0,0,0.003929,0,0,0,0,0
0,0,0,0,0,0,0,0,0,0.0037173,0,0,0,0,0,0,0,0,0,0,0,0,0,0,0,0,0,0,0,0,0,0,0,0,0.0014978,0,0,0,0,0
0.0018172,0,0,0,0,1.9621e-05,0,0,0,1.783e-05,0,0,0,0,0,0,0,0,0,0,0,0,0,0,0,0,0,0,0,0,0,0,0,0,0,0,0,0,0,0
3.429e-05,0,0,0.00023613,0,0,0.00030336,0,0,0,0,0,0,0.0017488,0,0,0,0,0,0,0,0,0,0,0,0,0,0.0061587,0,0,0,0,0,0,0,0,0,0,0,0
0,0,0,0,0,8.963e-05,0,0,0,0,0,0,0,0,0,0,0,0,0,0,0,0.0010929,0,0,0,0,0,0.0005116,0,0,0,0,0,0,0,0,0,0,0,0
0,0,0,0,0,0,0,0,0,0,0,0,0,0,0,0,0,0,0,0,0,0,0,0,0,0,0,0,0,0,0,0,0,0,0,0,0,0,0,0
0,0,0,0,0,0,0,0,0,0,0,0,0,0,0,0,0,0,0,0,0,0,0,0,0,0,0,8.1316e-05,0,0,0,0,0,0,0,0,0,0,0,0
0,0,0,0,0,0,0.013441,0,0,0,0,0,0,0,0,0,0,0,0,0,0,0,0,0,0,0,0,0,0,0,0,0,0,0,0,0,0,0,0,0
0.040385,0,5.012e-07,0.027184,0.0089301,0.050312,0.12128,0.0037345,0.03685,0.025237,0.0016681,0,0,0.0095943,0,0,0.00011353,4.2634e-05,0,0,0,0.016236,0,0.00051088,0,0,0,0.00553,0,0,0,0.0051839,0,3.7779e-05,0.055123,0.00035526,0.027329,0.0161,0.00022758,0.035858
0.0027132,0.0055466,0.032365,0.07516,0.0066584,0,0.00030297,0.0045711,0,0,0.023643,0.0017767,0,0.00010048,0.012513,0.0023137,0.007304,0.00067165,0.0011201,0.0020629,0.011904,0.0004913,0.0032292,0.010526,0.018882,3.7763e-06,0,0,0,0.0017422,0,0.002411,0,0.014365,0.00088358,0.0064019,0.013319,0.07429,0.0049091,0.0020211
6.6039e-05,0.0021863,0.21707,0.0063089,0,0,0.00065218,1.2645e-06,0,0,0.0786,0.0026423,0,4.117e-05,0,0.018232,0,0.015704,0.0010864,0,0.00029654,0.0018013,0.10333,0.008477,0.0045851,0.0057757,0,0,0,0.0099382,0.016389,0,0,0.0068334,0.0064533,0.0053671,0,0.020654,0.015639,0.15816
0,0.069013,5.7592e-06,0,0,0,0,0,0,0.054819,0.0014152,0.0034583,0,0,0.1197,0.011069,0.026348,0.0015811,0.03342,0.20104,0.0051008,0.0017507,0,0.04176,0.044449,0,0,0.0027207,0,0.0096105,0,0,0,0,0,0,0,0.00019287,0.10714,0.03684
0.015786,0.041928,8.8961e-05,0,0,0.0034616,0,0.0055952,0,0.036887,0.00039744,0,0,0,0,0,0,0.01825,0.057476,0,0,0.015713,0,0,0,0,0.1506,0,0,0,0,0,0,0,0,0,0,0.026393,0.007989,0.03721
0,0,0,0.00071233,0.0020989,0,0.00035151,0.00077159,0.017536,0,0,0.00081755,0.027371,0,0.014939,0,0,0,0,0.002358,0.010627,0.0007043,6.8172e-06,0,0,0,0,0.0086667,0,0,0,0,0,0.00014384,0,0,0,0.0066357,0,0
0,0.00034881,0,0,0,1.6446e-05,0,0,0,0,0,0.0015556,0,0,0,0.0040185,0.00074208,0,0,0,0,0,0,0,0.0024717,0,0,0.047544,0,0,0,0,0,0,0,0,0,0,0,0
0,1.3987e-06,0,0,0,0,0,0,0,0,0.020774,0,0,0,0,0,0,0,0,0,0,0,0,0,0,0,0,0,0,0,0,0,0,0,0,0,0,0,0,0
0,0,0.0011291,0,0,0,0,0.0049902,0,0,0,0,0,0.0067266,0,0,0,0.00035323,0.00040306,0,0,0,0,0,0,0,0,0.00047367,0,0,0,0,0,0,0,0,0,0,0,0
0,0,0,0,0,0,0.015465,0.0080729,0,0,0,0,0,0.0011522,0.029984,0,0.00012857,0,0,0,0,0.012961,0,0.017913,0,0.10581,0,0,0,0,0,0.083384,0.09144,0.0099747,0,0.019288,0.039783,0,0.013497,0
0.1779,0.22501,0.23929,0.28082,0.27417,0.15723,0.13983,0.26071,0.11126,0.29801,0.2633,0.37717,0.17828,0.1582,0.18643,0.31458,0.29821,0.25133,0.18281,0.28935,0.35518,0.11682,0.24763,0.22418,0.38453,0.17877,0.27822,0.13246,0.3943,0.26202,0.41294,0.23983,0.17781,0.30583,0.13108,0.33155,0.3195,0.21177,0.22446,0.20397
0,0,0,0,0.00017029,0,0,0,0,0,0,0,0,0,0,0.00062875,0,0,0,0,0,0,0,0,0,0,0,0,0,0,0,0,0,9.5254e-05,0,0.0010618,0,0.00067628,0,0
0,0,0,0,0,0,0,0,0,2.6055e-05,0,0,0,0,0,0,0,0,0,0,0,0,0,0,0,0,0,0,0,0,0,0,0,0,0,0,0,0.00014881,0,0
0,0,0,0,0,0,0,0,0,5.6995e-07,0,0,0,0,0,0,0,0,0,0,0,0,0,0,0,0,0,0.00071151,0,0,0,0,0,0,0,0,0,0,0,0
0,0,0,0,0,0,0,0,0,0,0,0,0,0,0,0,0,0,0,0,0,0,0,0,0,0,0,0.00076995,0,0,0,0,0,0,0,0,0,0,0,0
0,0,0,0,0,0,0,0,0,0,0,0,0,0,0,0,0,0,0,0,0,0,0,0,0,0,0,0,0,0,0,0,0,0,0,0,0,0,0,0
0,0,0,0,0,0,0,0,0,0,0,0,0,0,0,0,0,0,0,0,0,0,0,0,0,0,0,0,0,0,0,0,0,0,0,0,0,0,0,0
0,0,0,0,0,0,0,0,0,0,0,0,0,0,0,0,0,0,0,0,0,0,0,0,0,0,0,0,0,0,0,0,0,0,0,0,0,0,0,0
0,0,0,0,0,0,0,0,0,0,0,0,0,0,0,0,0,0,0,0,0,0,0,0,0,0,0,0,0,0,0,0,0,0,0,0,0,0,0,0
0,0,0,0,0,0,0,0,0,0,0,0,0,0,0,0,0,0,0,0,0,0,0,0,0,0,0,0,0,0,0,0,0,0,0,0,0,0,0,0
0.0043923,0,0.00012184,0.0066121,0,0.0025641,0.0019045,0.0027431,0.0066485,4.7612e-06,0.00048832,0,0.0022873,0.010561,0,0,0,0.0085017,0.016759,0,0.001504,0.045866,0,0.0029829,0,0,8.0246e-05,0.01516,0,0,0,0,0,0,0.13056,0.00082449,0,0.01128,0,3.0529e-05
0.0017228,0,0.0001479,0.0035776,0,0,0,0,0,0,0.00033265,6.1491e-05,0,1.3718e-05,0.010218,0.00035661,0,0.0042848,0.00042875,0,0.00038818,0,0.00043717,0,0.0058041,0,0,0,0,0,0.00010776,0.0012806,0.00013883,0.00025416,0,0.0015861,0.0046625,0.0012483,0,0
0,0,0,0,0,0,7.2623e-06,6.2257e-06,0,0.0004398,0,0,0,0,0.00010273,0,1.065e-05,0,0,0,0,7.4493e-05,0,4.6682e-05,0,0,0,0.0013279,0,0,0,0,0.00011391,0,0,0,0,0,0,0
0,0,0,0,0,0,0,0,0,0,0,0,0,0,0,0,0,0,0,0,0,0,0,0,0,0,0,0.00030452,0,0,0,0,0,0,0,0,0,0,0,0
0,0,0,0,0,0,0,0,0,0,0,0,0,0,0,0,0,0,0,0,0,0,0,0,0,0,0,0,0,0,0,0,0,0,0,0,0,0,0,0
0,0,0,0,0,0,0,0,0,0,0,0,0,0,0,0,0,0,0,0,0,0,0,0,0,0,0,0,0,0,0,0,0,0,0,0,0,0,0,0
0,0,0,0,0,0,0,0,0,0,0,0,0,0,0,0,0,0,0,0,0,0,0,0,0,0,0,0,0,0,0,0,0,0,0,0,0,0,0,0
0,0,0,0,0,0,0,0,0,0,0,0,0,0,0,0,0,0,0,0,0,0,0,0,0,0,0,0,0,0,0,0,0,0,0,0,0,0,0,0
0,0,0,0,0,0,0,0,0,0,0,0,0,0,0,0,0,0,0,0,0,0,0,0,0,0,0,0,0,0,0,0,0,0,0,0,0,0,0,0
0,0,0,0,0,0,0,0,0,0,0,0,0,0,0,0,0,0,0,0,0,0,0,0,0,0,0,0,0,0,0,0,0,0,0,0,0,0,0,0
0.0035575,0,0.0016643,0,0.0046378,3.6787e-05,0.0035658,0.0029406,1.0342e-05,0,0.0075658,0.0078923,0.0038123,0.015604,0.013158,0.018335,0.0034241,0.0090637,0.0034414,0.0050774,0.017975,0.047212,0.01323,0.028901,0.0040439,0,0.00016709,0.036999,0,0,0.022441,0.00099522,0.06336,0.00025244,0.058215,0.0019837,0.00019354,0.012804,7.3038e-05,0.00036556
8.9424e-06,0,0,3.228e-06,0,0,0.0010757,0,0.00012139,0,0.00013512,0,0,0,0,0,0,0.0012479,0,0,0,0,0.00010063,0,0,0,0,0,0,0,0,2.6621e-07,0.00043885,0.00032039,0.00010849,0.0011811,0,0.00076778,0.00010492,5.4712e-06
0.00010076,0,0,9.6668e-06,0,1.7748e-06,0,2.0454e-05,0.00014116,7.1682e-05,0,0,0,0,0,0,0,0,0,0,0,0,0,0,0,0,0,0,0,0,0,0,0.00058166,0,0.0013452,0,0,0,0,0
0,0,0,0,0,0,0,0,0,0,0,0,0,0,0,0,0,0,0,0,0,0,0,0,0,0,0,2.0687e-05,0,0,0,0,0,0,0,0,0,0,0,0
0,0,0,0,0,0,0,0,0,0,0,0,0,0,0,0,0,0,0,0,0,0,0,0,0,0,0,0,0,0,0,0,0,0,0,0,0,0,0,0
0,0,0,0,0,0,0,0,0,0,0,0,0,0,0,0,0,0,0,0,0,0,0,0,0,0,0,0,0,0,0,0,0,0,0,0,0,0,0,0
0,0,0,0,0,0,0,0,0,0,0,0,0,0,0,0,0,0,0,0,0,0,0,0,0,0,0,0,0,0,0,0,0,0,0,0,0,0,0,0
0,0,0,0,0,0,0,0,0,0,0,0,0,0,0,0,0,0,0,0,0,0,0,0,0,0,0,0,0,0,0,0,0,0,0,0,0,0,0,0
0,0,0,0,0,0,0,0,0,0,0,0,0,0,0,0,0,0,0,0,0,0,0,0,0,0,0,0,0,0,0,0,0,0,0,0,0,0,0,0
0,0,0,0,0,0,0,0,0,0,0,0,0,0,0,0,0,0,0,0,0,0,0,0,0,0,0,0,0,0,0,0,0,0,0,0,0,0,0,0
0.00078733,0,5.7311e-05,4.082e-05,0,0.0053315,0.0018578,0.00022256,0.0043756,0,0.0008383,0,0,0.0043319,0,0,0,0.0013742,0,0,0.0013441,0.04791,0,0,0,0,0,0.019701,0,0,0,0,0.0034763,0,0.073279,0.00037095,0,0.0052663,0.0018091,0
0.00026221,0.042221,0.016428,0.00081641,0.0070174,0,1.532e-05,0,0.0099122,0.016192,0.0068743,0.016145,0.064747,0.037225,0.0054504,0.032542,0.0085759,0.0045781,0.027417,0.042457,0.00063837,0.026605,0.015755,0.020439,0.052955,0.0051793,0,0.0020431,0.050622,0.012152,0.023762,0.00022116,0.0015418,0.0075395,0.03924,0.030475,0.0010068,0.082932,0.003146,0.0046599
0.0041724,0.019736,0.00092968,0.0001839,0.098369,0.00019308,0.0011651,0.068634,0.015709,0.014466,0,0.00012991,0,0.011672,0.0014443,0.0019268,0.0053803,0.0018617,0.0015446,0,0.0018839,0.00059621,0.00015369,0.0013205,1.5715e-05,0.071037,0.024058,0.040492,0,0,0.0028031,2.4028e-05,0.0007857,0.033656,0,0,0.016446,0.00029629,0.00016525,0.025384
0,0,0.00018256,0,0,0,0,0,0.00072316,0,0,0,0,0.00019101,0,0,0,0,0.00072745,0,0,0,0,0,0.00069619,0.0044841,0,0,0,0,0,0.036713,0,0,0,0,0,0,0,0
0,0,2.3801e-06,9.718e-05,0,0.0049382,0,0,0,0,0,0,0,0,0,0,0.0003263,0.0007521,0,0,0,0,0,0,0,0,0,0,0,0,0,0,0,0,0,0,0,0,0,0
0,0,0,0,0,0,0,0,0,0,0,0,0,0,0,0,0,0,0,0,0,0,0,0,0,0,0,0,0,0,0,0,0,0,0,0,0,0,0,0
0,0,0,0,0,0,0,0,0,0,0,0,0,0,0,0,0,0,0,0,0,0,0,0,0,0,0,0,0,0,0,0,0,0,0,0,0,0,0,0
0,0,0,0,0,0,0,0,0,0,0,0,0,0,0,0,0,0,0,0,0,0,0,0,0,0,0,0,0,0,0,0,0,0,0,0,0,0,0,0
0,0,0,0,0,0,0,0,0,0,0,0,0,0,0,0,0,0,0,0,0,0,0,0,0,0,0,0,0,0,0,0,0,0,0,0,0,0,0,0
0,0,0,0,0,0,0,0,0,0,0,0,0,0,0,0,0,0,0,0,0,0,0,0,0,0,0,0,0,0,0,0,0,0,0,0,0,0,0,0
0.69844,0.55659,0.44467,0.58217,0.58291,0.72414,0.69533,0.62551,0.70912,0.47707,0.5834,0.57499,0.69778,0.68211,0.57715,0.58854,0.62675,0.6421,0.61554,0.4394,0.58289,0.56549,0.60281,0.62042,0.44971,0.59892,0.53745,0.60565,0.53599,0.69136,0.5118,0.61439,0.62137,0.60993,0.38512,0.5896,0.54628,0.51001,0.61664,0.45553
0,0,0,0,0,0,0,0,0,0,0,0,0,0,0,0,0.0028654,0,0,0,0,0.0010189,0,0,0,0,0,0,0,0,0,0,0,0,0,0,0,0.00086894,0,0
0,0,0,0,0.00023541,0,0,0,0,0,0,0,0.0024873,0,0,0,0,6.1889e-05,0,0,0.0003381,0,0,0,0,0,0,0,0,0,0,5.3962e-05,0,0,0.0036709,0,0,0,0,0.00076629
8.5896e-05,0,0,0,0,0,0,0.00095011,0,0,0,0,6.6635e-06,0,0,0,5.9728e-05,0,0,0,0,0,0,0,6.3412e-05,0.00030103,7.5621e-05,0,0,0,0,0.00022499,0,0,0,0,0,0,0,0.00037988
0,0,0,0,0,0,0,0,0,0,0,0,0,0.0010871,0,0,0,0,0,0,0,0,0,0,0,7.6316e-06,0.00013368,0,0,0,0,0,0,0,0,0,0,0,0,0
0,0,0,0,0,0,0,0,2.0168e-05,0,0,0,0,0,0,0,8.004e-06,0,0,0,0,0,0,0,7.1935e-07,1.4166e-05,1.2037e-06,0,0,0,0,0,0,0,1.7279e-06,0,0,0,0,0
0,0,0,0,0,0,0,0,0,0,0,0,0,0,0,0,0.00031785,0,0,0,0,0,0,0,0,0,0,0,0,0,0,0,0,0,0,0,0,0,0,0
0,0,4.123e-06,0,0,0,0,0,0,0,0,0,0,0,0,0,0.00013096,0,0,0,0,0,0,0,0,0,0,0,0,0,0,0,0,0,0,0,0,0,0,0
0,0,0,0,0,0,0,0,0,0,0,0,0,0,0,0,0,0,0,0,0,0,0,0,0,0,0,0,0,0,0,0,0,0,0,0,0,0,0,0
0,0,0,0,0,0,0,0,0,0,0,0,0,0,0,0,0,0,0,0,0,0,0,0,0,0,0,0,0,0,0,0,0,0,0,0,0,0,0,0
0,0,0,0,0,0,0,0,0,0,0,0,0,0,0,0,0,0,0,0,0,0,0,0,0,0,0,0,0,0,0,0,0,0,0,0,0,0,0,0
0,0,0,0,0,0,0,0,0,0,0,0,0,0,0,0,0,0,0,0,9.4009e-05,0.002036,0,0,0,0,6.491e-05,0,0,0,0,0,0,0,0,0,0.00074953,0,0,0
0,0,0,0,0.002122,0,0,0,0,0,0,0,0.010417,0,0,0,0,0.00017573,0,0,0.0015064,0.0020497,0,0,0,0,0.00043923,0,0.0016374,8.5468e-06,0,0.00044771,0,0,0.012173,0,0,0.006593,0,0
0.00028783,0,0,4.202e-05,0,0,4.5742e-06,0.0046102,0,0,0,0.00076151,0.00031545,0,0,0.00039515,0.00017923,5.7825e-05,0,0,9.4153e-05,0,0,0,0.00047097,0.00065056,0.00026479,0,0,0,2.3521e-05,0.0017598,0,0,0,0.0002228,0,0,0,0.0044469
2.4571e-05,0,0,8.1996e-06,0,1.752e-05,1.8233e-05,0,0,6.9315e-06,0,0.00023907,0.0014659,0.0019799,0,0,0.00114,0,6.0953e-05,0,0,0,0.00030031,0,5.3432e-06,1.7151e-06,0.00028198,0,0,0,0,0,0,0,0.00017329,0,0,0,0,0
0,0,2.173e-06,0,0,7.5312e-06,0,4.0132e-06,0.00031577,0,0,0,0,0.0093703,0,0,0.00053084,0,2.5374e-06,0,0,0,5.1566e-05,0,4.567e-06,0.00012477,0.00066049,0,0,0,0,0,0,0,0.00076918,0,0,0,0,0
0,0,4.4562e-05,0,0,8.0036e-06,0,0.00016865,0.0004158,0,0,0,0,7.771e-06,0,0,0.00058425,0,0,0,0,0,0,0,2.5737e-06,6.0405e-06,0,0,0,0,0,0,0,0,1.2351e-05,0,0,0,0,0
0,0,5.405e-07,0,0,6.0499e-05,0,1.3489e-05,0,0,0,0,0,0,0,0,0.00098618,0,0,0,0,0,0,0,0,0,0,0,0,0,0,0,0,0,0,0,0,0,0,0
0,0,2.0283e-06,0,0,0,0,0,0,0,0,0,0,0,0,0,0.00029002,0,0,0,0,0,0,0,0,0,0,0,0,0,0,0,0,0,0,0,0,0,0,0
0,0,0,0,0,0,0,0,0,0,0,0,0,0,0,0,0,0,0,0,0,0,0,0,0,0,0,0,0,0,0,0,0,0,0,0,0,0,0,0
0,0,0,0,0,0,0,0,0,0,0,0,0,0,0,0,0,0,0,0,0,0,0,0,0,0,0,0,0,0,0,0,0,0,0,0,0,0,0,0
0,0,3.5417e-06,0,0,0,0,0,0,0,0,0,0,0.0042548,0,0,0.012083,0,0,0,0.00080729,0,0,0,0,0,0.00010803,0,0,0,0,0.00028619,0,0,0,0,0,0,0,0
0,0,0,0,0.00038766,0,0,0,0,0,0,0.0011309,0.026451,0,0,0.00035868,0.0032484,0,4.2648e-06,0,0.00052403,0.0082451,0,0,3.9263e-05,0,0.0018126,0,0.0019431,2.6071e-05,0.00012033,0.00031908,0,7.0883e-06,0.026096,0.00051597,1.2117e-05,0.018098,0,4.1876e-07
0.0011018,0,0,4.4005e-05,0.0054953,0,0.00017593,0.0041832,0,9.0702e-06,0.00021887,0.0037646,0.0013842,0,0,0.0011105,4.8453e-05,0.00074018,0,0,0.00083851,0,0.00062623,0,2.6381e-05,0.00053348,0.00041957,0,0.0066507,0.0005538,0.0027527,0.002276,0,0,0.019772,0.0016275,0,0.00057517,0,0.0049677
0.0026886,0,0,5.6531e-05,0,0.0002441,0.001244,0.0096796,0,3.158e-05,0.00017133,0.0017495,0.0079416,0,0.0011216,0.00033761,0.003207,5.1212e-05,0.00011267,0,1.1573e-05,0,0.00063755,0.00043166,0.00035994,0.0016661,0,0,3.0093e-06,0,0.00022768,0.0044712,0,0,0.0022948,0.0001265,0,0,0,0.0027338
0.0001807,0,2.1538e-06,4.0125e-06,0,0.00036365,0.00010454,4.8484e-06,0,2.3823e-05,0,0.00027679,0.009584,0.0069896,0.00010101,0,0.0035703,0,0.00077655,0,0,2.9449e-05,0.00056106,0.00079887,6.4193e-06,0.00016591,0.00036017,0,0,0,0,5.8955e-05,0,0,0.0015019,0,0,0,0,0
1.9305e-05,0,1.7247e-05,0,0,4.9262e-06,0,0.00029917,0.00047312,3.9279e-06,0,0,0,0.012972,0,0,0.00084795,0,0.00030335,0,0,0.00015308,0.0001557,6.7522e-05,4.3485e-06,0.00013631,0.00069847,4.2299e-05,0,0,0,0,0,0,0.00083592,0,0,0,0,0
0,0,7.8879e-06,0,0,7.4035e-05,0,0.00035089,0.00070374,0,0,0,0,0.0021102,0,0,0.00062121,0,0,0,0,0,0,0,0,7.0448e-05,0.00022614,0,0,0,0,0,0,0,0.00037228,0,0,0,0,0
0,0,4.4966e-06,0,0,0.00013544,0,0.00011719,0.00014241,0,0,0,0,0,0,0,0.0010191,0,0,0,0,0,0,0,0,1.5408e-06,0,0,0,0,0,0,0,0,3.2114e-07,0,0,0,0,0
0,0,5.4977e-06,0,0,0.00014138,0,1.6556e-05,0,0,0,0,0,0,0,0,0.00084807,0,0,0,0,0,0,0,0,0,0,0,0,0,0,0,0,0,0,0,0,0,0,0
0,0,2.855e-06,0,0,3.2254e-05,0,0,0,0,0,0,0,0,0,0,0.00021755,0,0,0,0,0,0,0,0,0,0,0,0,0,0,0,0,0,0,0,0,0,0,0
0,0,0,0,0,0,0,0,0,0,0.0035035,0,0,0.013542,0,0,0.0033189,0,0,0,0.00042678,0,0,0,0,0,0.00040569,0,0,0,0,0.00015888,0,0,0,0,0.0052821,0,0,0
0,0.00099516,0,0,0,0,0,0,0,1.3232e-06,0,0.0034328,0.011873,0.0024243,0,0.00096378,0.072715,0,0.00040943,0,0.00081932,0.02008,3.2264e-06,0,2.2201e-05,0,0.00056156,0,0.0033093,0.0012296,0.00046303,0.00023371,0,0.00040106,0.0037348,0.0030869,0.0021385,0.015669,0,0.00079117
0,0.0020954,0,0,0.0041894,0.00018956,0,0,0,0.00014597,0.0060873,0.006421,0.092158,0,0,0.002441,0.016746,3.9631e-05,0.0020507,0,0.0010244,0.048548,0.0017725,0,3.2308e-05,0,0.0038456,0,0.0042916,0.0011105,0.0051431,0.00051293,1.748e-05,5.9794e-05,0.083439,0.003429,0.00036783,0.031724,0,0.0038262
0.0011152,1.2254e-05,0,2.4137e-05,0.013477,0.00018697,0.00020986,0.0045184,0,0.00012623,0.0041512,0.004152,0.042806,0,0.00201,0.0027557,0.0047656,0.00065572,0.00026577,0,0.0030853,0,0.0015175,0.0021895,2.9128e-05,0.00023522,0.0028934,0,0.0074584,0.0023121,0.0042644,0.0045743,0.00037423,0,0.071975,0.0045544,0.00030353,0.0052715,0,0.0093988
0.0014792,0,9.746e-05,3.3805e-05,0.017855,0.00063903,0.00065419,0.018071,0.00041833,3.2595e-05,0.0013534,0.002824,0.0067097,0,0.0024511,0.0011852,0.003271,0.00051147,0.0004302,0,0.0014289,0.0013382,0.0011661,0.0021903,0.00019924,0.001529,0.00035601,0,0.0051775,0.00079611,0.00276,0.0099595,0.00025034,0,0.012873,0.001692,0,0.00088491,0,0.013768
0.00081224,0,8.3766e-05,2.6746e-05,0.0002878,0.0029583,0.00061214,0.015055,0.00085802,0.00013464,0.00033754,0.0025002,0.013264,4.6896e-06,0.0027343,0.0010406,0.0028434,0.00027306,0.0011624,0,0.00035496,0.0017338,0.0009255,0.0013568,4.1198e-05,0.0012815,0,0.0011408,0.00068867,3.2553e-05,0.00079364,0.0067197,0,0,0.00336,0.00073224,0,0,0,0.012986
0.00034677,0,0.00014651,6.8303e-06,0,0.003764,0.00032146,0.011009,0.00040813,0.00015084,5.4469e-06,0.0010648,0.01246,0.0022483,0.0011969,0.00026974,0.0063584,0.00012005,0.00082163,0,0,0.0017787,0.00056306,0.0010505,3.2817e-05,0.0015728,0.00047,0.00093696,0,0,0.00022014,0.0050747,0,0,0.002253,0,0,0,0,0.0034324
0.0001547,0,0.00012227,0,0,0.0037154,0.00015148,0.00065077,0,3.5916e-05,0,0.00048158,0.01024,0.0029259,0.00018625,0,0.0041197,4.0762e-06,0.00094823,0,0,0.0011627,0.00034637,0.00059338,1.5408e-05,0.00093567,0.00065268,0.00069466,0,0,0,0.00038727,0,0,0.0011262,0,0,0,0,0.00014751
0,0,3.2982e-06,0,0,0.00098152,0,0.0008299,0,2.2689e-05,0,0.00026846,0.0068869,0.0085995,0,0,0.0036959,0,0.0017794,0,0,0.00065917,0.00028197,0.00021968,9.9502e-06,2.1697e-05,0.0006191,0.00046544,0,0,0,1.107e-05,0,0,0.0010588,0,0,0,0,0
0,0,0,0,0,0.0001483,0,0.00068839,0,3.625e-05,0,0,0.00023703,0.0052988,0,0,0.00094703,0,0.0016382,0,0,0.00091928,0.00087913,0.00040856,0,0,0.00077802,0.0001727,0,0,0,0,0,0,0.0027137,0,0,0,0,0
0,0,0.00032929,0,0,0,0,0,0,0,0.016865,0,0,0,0,0,0,0,0,0,0.0010208,0,0,0,0,0,0.00015418,0,0,0,0,0.00014558,0,0,0,0,0.010106,0,0,0
0,0,0.00043761,0,0,0,0,0,0,6.2165e-05,0.066166,0.007534,0,0.060764,0,0.0016092,0.050663,0,0,0,0.00093565,0,0.00054312,0,5.4855e-05,0,0.00072121,0,0.0013625,0.0010431,0.0025134,0.00057651,0,0.00045431,0.0025594,0.0043726,0.041683,0,8.9586e-05,0.0025277
4.6152e-05,0.0019895,0.00082231,0,0,0.00029038,0,0.0009712,0,0.00017312,0.10872,0.0089056,0,0.11824,0,0.0024632,0.13397,0,0.00046378,0,0.0025173,0.017053,0.0041647,0,3.2561e-05,0.0015626,0,0,0.0063488,0.0025069,0.0037768,0.00057984,0.0056274,0.00066335,0.050793,0.0091599,0.070508,0,0.00017911,0.0068805
0.0011613,0.0054155,0.00074008,3.1951e-05,0.0017481,0.00022287,0,0.0018225,0,0.00012153,0.084285,0.0099096,0.094143,0.14019,0,0.0041422,0.13448,0.00010443,0.0057451,0,0.0047259,0.10681,0.0020487,0,4.3595e-05,0.0038013,0.00065129,0,0.005434,0.002913,0.0034807,0.00078199,0.013892,0.00079448,0.050006,0.011708,0.060427,0.016393,0.00016129,0.007877
0.0014875,0.0060998,0.0011006,2.9109e-05,0,0,0.0007527,0.011259,0.0022736,0.00034386,0.089892,0.010064,0.10798,0.10266,0,0.0033308,0.10026,0.00012988,0.0070811,0,0.0055592,0.12211,0.0020632,0,8.207e-05,0.0046707,0.0035235,0,0.0072743,0.0065097,0.0057087,0.00078766,0.0074484,0.00063671,0.086219,0.010062,0.062049,0.015875,9.6216e-05,0.00050959
0.0030651,0.0043845,0.0012077,5.2588e-05,0.015979,0,0.0015063,0.0041988,0.0036367,0.00078486,0.099161,0.011611,0.10993,0.097976,0,0.0040947,0.12627,0.00032,0.0032435,0,0.0051368,0.097138,0.0027973,0.0003852,0.00019263,0.0031833,0.0033041,0,0.011479,0.005204,0.0071081,0.0013422,0.0066569,0.00065951,0.096734,0.010081,0.054131,0.017753,0.00012791,0
0.0027351,0.010003,0.0021335,0.0001363,0.015994,0.00089073,0.0018543,0.0025009,0.0058768,0.00078247,0.072521,0.0089017,0.1008,0.10589,0.0010562,0.0036145,0.099433,0.00095433,0.0024471,0,0.0056732,0.094205,0.0021615,0.00088876,0.00014261,0,0.002535,0,0.013379,0.0042992,0.0079817,0.001693,0.010306,0.0006524,0.094912,0.010071,0.05768,0.010574,0.00019158,0.007795
0.00403,0.0060484,0.00022157,7.0183e-05,0.015076,0.00081699,0.0019479,0.021845,0.0061419,0.00021979,0.069331,0.016008,0.13689,0.15753,0.0023125,0.0042285,0.067806,0.00093662,0.0027528,0,0.0055329,0.088496,0.0028988,0.0010529,0.00032267,0.0011632,0.0056919,0,0.013371,0.0047884,0.0074088,0.0082718,0.0074979,0.00058597,0.10221,0.010178,0.04732,0.010173,0.00057695,0.0086972
0.0038979,0.005835,0,5.892e-05,0.011304,0.00031748,0.0039688,0.012325,0.0091595,0.00035063,0.078577,0.015912,0.10886,0.080781,0.0018725,0.0038268,0.013294,0.00028904,0.011929,0,0.005482,0.10081,0.0023709,0.0025038,2.1058e-06,0.0094082,0.0084319,0.0034242,0.012286,0.0038832,0.0090012,0.011436,0.0051501,0.0015464,0.14341,0.011265,0.027403,0.0096426,0.0003926,0.015522
0.0048616,0.012969,0,0,0.011462,0,0.0025867,0.00012636,0.010339,0.00074341,0.061435,0.01578,0.046522,0,0.010445,0.012875,0,0,0.0012553,0,0.014442,0.021646,0.013308,0.010192,0,0.0060923,0.0025412,0.0031057,0.023989,0.014361,0.020332,0.0029159,0.011695,0.00045748,0.054745,0.025752,0.019823,0.022808,0.00044794,0.014689
0,0,3.5485e-05,0,0,0,6.9266e-06,0.012814,0,0,0,0,0,0,0.01167,0,0,0,0,0,0.0014769,0,0,0,0,0.0061595,0.00029125,0,0,0.0019615,0,0.00014644,0.012424,0,0,0,1.9765e-05,0,0,0
0,0.0039425,0.00054412,0,0,0,0.00029656,0.053001,0.00021997,0.00016267,0.027984,0.026449,0,0,0.06241,0.00070094,0.015727,0,0,0,0.0013885,0,0.0035612,0,0.00013759,0.021204,0.0014691,0,0.0087556,0.052382,0.0033948,0.0007912,0.065235,0.0014544,0,0.04673,0.00010936,0,9.4148e-05,0.0050693
7.4714e-06,0.017136,0.002311,0,0.00064706,0.00042227,0.0034891,0.1019,0.033713,0.0010449,0.035939,0.11258,0,0,0.098777,0.004655,0,0,0,0,0.0051248,0,0.093925,0.078791,0.00013522,0.019986,0,0,0.049926,0.094549,0.0084381,0.0011338,0.10256,0.0079748,0,0.11441,0.0002729,0.014078,0.00075938,0.011837
0.0027792,0.023775,0.0038342,0.0001488,0.070261,0.00017386,0.005562,0.10755,0.10401,0.00056042,0.035459,0.10123,0,0,0.13221,0.0099188,0,0.00061345,0.050556,0,0.0094842,0.0085341,0.11632,0.11717,0.0002579,0.014655,0.0040747,0.059041,0.09398,0.097646,0.0078696,0.0020614,0.093565,0.008005,0,0.090543,0.00010362,0.079702,0.0013021,0.012722
0.0059648,0.012107,0.0039545,0.00027524,0.089337,0,0.0051457,0.11849,0.062583,0.0014908,0.031664,0.090082,0,0,0.1071,0.015683,0,0.0010743,0.043728,0,0.014486,0.012015,0.096925,0.10288,0.00025027,0.0099923,0.05837,0.12861,0.094112,0.096929,0.024956,0.0037062,0.08316,0.0068779,0,0.08414,9.4291e-05,0.08006,0.0017715,0.0016944
0.028042,0.031266,0.0045871,0.00040344,0.085741,0,0.0047298,0.092034,0.016023,0.0026737,0.046462,0.089956,0,0,0.098956,0.077379,0.042159,0.0015061,0.070194,0,0.034199,0.016359,0.090678,0.11707,0.0008731,0.0031111,0.074014,0.10921,0.082543,0.089114,0.045009,0.010327,0.085553,0.0075534,0,0.088213,0.0028219,0.1241,0.0033252,0.055604
0.094473,0.077666,0.011354,0.0012012,0.089471,0.0018318,0.00921,0.084459,0.00045723,0.0048475,0.059712,0.093834,0.0044122,0,0.093334,0.086961,0.0047121,0.0029835,0.11053,0,0.095844,0.015297,0.091565,0.10249,0.0010239,0,0.064848,0.097758,0.082967,0.080677,0.10393,0.093327,0.076186,0.0072293,0,0.082344,0.019388,0.10167,0.0038991,0.09868
0.11578,0.082367,0.00072867,0.00054036,0.09314,0.0024758,0.010526,0.1462,0,0.0063328,0,0.099135,0.033781,0.0050124,0.092328,0.085469,0.034271,0.004054,0.098016,0,0.09835,0.014002,0.097527,0.099711,0.0024359,0,0.043354,0.090755,0.083949,0.082368,0.08655,0.099814,0.072355,0.0063961,0,0.11082,0.081116,0.0863,0.010572,0.094172
0.115,0.077203,0,0.0011327,0.098104,0.0003353,0.036066,0.11205,0.010216,0.0072779,0,0.07778,0,0.05599,0.10191,0.082378,0,0.0010354,0.17157,0,0.086692,0.11636,0.10043,0.089736,0.00026791,0.024871,0.057599,0.066373,0.0849,0.088813,0.086562,0.097609,0.083553,0.026871,0.060191,0.13504,0.074475,0.083306,0.0037287,0.13253
0.11327,0.15772,0,0,0.083546,0,0.059618,0,0.073188,0.011823,0,0.057661,0,0.0011564,0.16122,0.17933,0,0,0.029234,0,0.14147,0.029634,0.15012,0.096275,0,0.11339,0.032587,0.024247,0.13724,0.21369,0.1444,0.061746,0.060084,0.023814,0.0080092,0.060639,0.10023,0.08213,0.012359,0.10602
0,0,0.000613,0,0,0,0,0,0,0,0,0,0,0,0.010967,0,0,0,0,0,0.00052107,0,0,3.6916e-05,0,0,0.00040506,0,0,0.011839,0,0.00011817,0.0034055,0,0,0.0010271,0,0,0,0
0,0.00057337,0.0022832,0,0.015078,0,0,0,0.033244,1.5515e-05,0,0.090537,0,0,0,0.004529,0.0109,1.2675e-05,0,0,0.0018654,0.0023398,0.058474,0.04935,7.2886e-05,0,0.0030944,0.011816,0.077777,0.027358,0.0037663,0.00072977,0,0.0035975,0,0.049808,0,0.049656,0,0.0081453
0.0057505,0.01264,0.0039968,0,0.072903,0.00043381,0.00333,0,0.051602,0.0006307,0,0.0027513,0,0,0,0.050845,0.0084301,0.001009,0.027138,0,0.0070789,0.019081,0.03906,0.040789,0.00035999,0,0.057365,0.055834,0.050405,0,0.037804,0.0042428,0,0.0024243,0,0,0,0.060911,0.0023937,0.050208
0.11665,0.14306,0.010145,7.729e-05,0.09761,0.00049875,0.010167,0.0080234,0,0.0072253,0,0,0,0,0,0.094597,0,0.0008549,0.12961,6.2617e-07,0.12134,0.0071124,0,0.0080187,0.00039263,0,0.083642,0.01886,0,0,0.08997,0.084989,0,0.00086228,0,0,0.026335,0.0027366,0.0043887,0.094771
0.086191,0.1828,0.069424,0.0010786,0.02722,0,0.060256,0.035001,0.0041407,0.010467,0,0,0,0,0,0.086444,0,0.0020626,0.11037,2.1626e-05,0.096369,0,0,0,0.0012808,0,0.021586,0,0,0,0.081185,0.13418,0,0.015435,0,0,0.048324,0.018071,0.0081848,0.012854
0.079153,0.035692,0.14252,0.0020645,0.016347,0,0.11334,0,0.1364,0.024463,0,0,0,0,0,0.021781,0,0.003325,0.033875,3.0976e-06,0.070288,0,0,0,0.0020621,0.054433,0,0,0,0,0.045844,0.10451,0,0.10462,0,0,0.038894,0,0.09716,0.0034909
0.00041495,0,0.15414,0.0046595,0.010256,0.0011869,0.10021,0,0.13749,0.079987,0,0,0,0,0,0,0,0.016791,0,0,0,0,0,0,0.016203,0.092247,0,0.025168,0,0,0,0.028898,0,0.098067,0,0,0.024173,0,0.13468,0
0.019221,0,0.073861,0.013475,0,0.065626,0.10211,0,0.13648,0.1016,0,0,0,0,0,0,0,0.098815,0,0,0,0,0,0,0.0098325,0.094784,0.01778,0.21906,0,0,0,0.0017126,0,0.10099,0,0,0,0,0.14219,0
0,0,0,0.010409,0,0.11997,0.1093,0,0.10902,0.041263,0,0,0,0,0,0,0,0.085629,0.01012,0,0,0,0,0,0.01931,0.093213,0.20648,0.062754,0,0,0,0.060252,0,0.092067,0,0,0,0,0.096574,0
0,0,0,0.028536,0,0.023664,0.033521,0,0.02084,0.093676,0,0,0,0,0,0,0,0.032538,0.003266,0,0,0,0,0.020068,0.045993,0.099292,0.015676,0,0,0,0,0.017473,0.19188,0.16558,0,0,0,0,0.074662,0
0,0,0.00055101,0,0,0,0,0.0022124,0,0,0,0.014319,0,0,0.0017675,0,0,0,0,0,0.0013838,0,0.0073838,0.0042337,0,0,0.00065895,0,0,0.0079006,0,0.00016997,0.0011289,0.00014293,0,0.011489,0,0,0,0
0,0,0.00098618,0,0.021691,0,0,0,0.02331,0,0,0.0016551,0,0,0,0.0045974,0.0060375,0.00020331,0,0,0.0025658,0.013598,0.0062696,0.027915,0.00012364,0,0.022948,0.015276,0.020292,0,0,0.001817,0,0.0010535,0,0,0,0.024786,0,0.0083162
0.11222,0.061983,0.0060554,0,0,0.00015655,0.0007131,0,0,0.01033,0,0,0,0,0,0.1004,0,0.00019612,0.049542,0,0.08171,0,0,0,0.00033902,0,0.028873,0,0,0,0.097801,0.047074,0,0.0022654,0,0,0.037898,0,0.0014215,0.12199
0.028351,0,0.14565,0,0.0080957,0.0020744,0.13876,0,0,0.013061,0,0,0,0,0,0,0,0.0012456,0,0,0.0088527,0,0,0,0.001946,0.0064708,0,0,0,0,0.005429,0.028696,0,0.07799,0,0,0.033444,0,0.042996,0
0,0,0.16971,0.0035087,0,0.0057585,0.079689,0,0,0.042616,0,0,0,0,0,0,0,0.0095498,0,7.0892e-05,0,0,0,0,0.015969,0.15671,0,0,0,0,0,0,0,0.11366,0,0,0,0,0.16089,0
0,0,0.006422,0.010557,0,0.095683,0,0,0,0.14714,0,0,0,0,0,0,0,0.16977,0,0.00045625,0,0,0,0,0.018663,0.050848,0,0,0,0,0,0,0,0,0,0,0,0,0.039092,0
0,0,0,0.019212,0,0.2332,0,0,0,0.098863,0,0,0,0,0,0,0,0.15632,0,0.00082572,0,0,0,0,0.027711,0,0,0,0,0,0,0,0,0,0,0,0,0,0,0
0,0,0,0.16485,0,0.13984,0,0,0,0,0,0,0,0,0,0,0,0.0559,0,5.1595e-05,0,0,0,0,0.1636,0,0,0,0,0,0,0,0,0,0,0,0,0,0,0
0,0,0,0.17185,0,0.032328,0,0,0,0,0,0,0,0,0,0,0,0.08106,0,0,0,0,0,0,0.10615,0,0,0,0,0,0,0,0,0,0,0,0,0,0,0
0,0,0,0.069163,0,0.0021731,0,0,0,0,0,0,0,0,0,0,0,0.040208,0,0,0,0,0,0,0.088563,0,0,0,0,0,0,0,0,0,0,0,0,0,0,0
0,0,0.00022281,0,0,0,0,0,0.004414,0,0,0.0068983,0,0,0.0018683,0,0,0,0,0,0.0005751,0,0.0037912,0.0064461,0,0,0,0,0.0045763,0.0031978,0,0,0,0.0001939,0,0.0061546,0,0.0027963,0,0
0.010346,0.015682,0.0019888,0,0.0034454,0,0,0,0,0,0,0,0,0,0,0.026737,0,1.9382e-06,0.0099097,0,0.016726,0.0057653,0,0.0065487,7.2196e-05,0,0.017263,0.0035448,0.0012602,0,0.012757,0.0052013,0,0.00018479,0,0,0.00059791,0.004185,0,0.032676
0.026134,0.0067677,0.05506,0,0,0,0.024731,0,0,0.0098163,0,0,0,0,0,0.0094221,0,4.7585e-05,0.0032227,0,0.021891,0,0,0,0.00096764,0,0.01257,0,0,0,0.021275,0.031462,0,0.0085325,0,0,0.045953,0,0.0017226,0.015494
0.0026815,0,0.060516,0.00084221,0,0.00079347,0.048369,0,0,0.017873,0,0,0,0,0,0,0,0.0015542,0,0,0,0,0,0,0.010822,0.076141,0.052061,0,0,0,0,0,0,0.084561,0,0,0,0,0.12901,0
0,0,0,0.0087355,0,0.037468,0,0,0,0.2032,0,0,0,0,0,0,0,0.13589,0,0,0,0,0,0,0.016982,0,0,0,0,0,0,0,0,0,0,0,0,0,0,0
0,0,0,0.036165,0,0.16143,0,0,0,0,0,0,0,0,0,0,0,0.046392,0,0.0029146,0,0,0,0,0.024906,0,0,0,0,0,0,0,0,0,0,0,0,0,0,0
0,0,0,0.24656,0,0.012439,0,0,0,0,0,0,0,0,0,0,0,0,0,0.0037586,0,0,0,0,0.17765,0,0,0,0,0,0,0,0,0,0,0,0,0,0,0
0,0,0,0.06223,0,0,0,0,0,0,0,0,0,0,0,0,0,0,0,0.041321,0,0,0,0,0.02614,0,0,0,0,0,0,0,0,0,0,0,0,0,0,0
0,0,0,0,0,0,0,0,0,0,0,0,0,0,0,0,0,0,0,0.19046,0,0,0,0,0,0,0,0,0,0,0,0,0,0,0,0,0,0,0,0
0,0,0,0,0,0,0,0,0,0,0,0,0,0,0,0,0,0,0,0.27396,0,0,0,0,0,0,0,0,0,0,0,0,0,0,0,0,0,0,0,0
0,0,0,0,0,0,0,0,0.0014696,0,0,0.0014406,0,0,0,0,0,0,0,0,0,0,0.0018254,0.0016664,0,0,0,0,0.0012374,0,0,0,0,7.0286e-05,0,0,0,0.002611,0,0
0.0079855,0.0017646,0.0002584,0,0.0014947,0,0,0,0,0,0,0,0,0,0,0.0071251,0,0,0.0034362,0,0.017933,0.0018858,0,0.006472,0,0,0.0013117,0.0017178,0,0,0.0089798,0.0074518,0,0,0,0,0,0,0,0.011581
0,0,0.041305,0,0,0,0.024735,0,0,0.001492,0,0,0,0,0,0,0,0,0,0,0,0,0,0,0.00032983,0,0.0037695,0,0,0,0,0.0042981,0,0.015775,0,0,0.0057724,0,0,0
0,0,0.019394,5.3785e-06,0,0,0,0,0,0.0088167,0,0,0,0,0,0,0,0.0021765,0,0,0,0,0,0,0.0098762,0.023348,0.074222,0,0,0,0,0,0,0.0088404,0,0,0,0,0.024561,0
0,0,0,0,0,0.043821,0,0,0,0.046916,0,0,0,0,0,0,0,0.04176,0,0,0,0,0,0,0.0054566,0,0,0,0,0,0,0,0,0,0,0,0,0,0,0
0,0,0,0.0395,0,0,0,0,0,0,0,0,0,0,0,0,0,0,0,0.00091433,0,0,0,0,0.16201,0,0,0,0,0,0,0,0,0,0,0,0,0,0,0
0,0,0,0.1022,0,0,0,0,0,0,0,0,0,0,0,0,0,0,0,0.008563,0,0,0,0,0.038591,0,0,0,0,0,0,0,0,0,0,0,0,0,0,0
0,0,0,0,0,0,0,0,0,0,0,0,0,0,0,0,0,0,0,0.031712,0,0,0,0,0,0,0,0,0,0,0,0,0,0,0,0,0,0,0,0
0,0,0,0,0,0,0,0,0,0,0,0,0,0,0,0,0,0,0,0.39291,0,0,0,0,0,0,0,0,0,0,0,0,0,0,0,0,0,0,0,0
0,0,0,0,0,0,0,0,0,0,0,0,0,0,0,0,0,0,0,0.052055,0,0,0,0,0,0,0,0,0,0,0,0,0,0,0,0,0,0,0,0
0,0,0,0,0,0,0,0,0,0,0,0,0,0,0,0,0,0,0,0,0,0,0,0,0,0,0,0,0,0,0,0,0,0,0,0,0,0,0,0
7.5522e-06,0,0,0,0.00050227,0,0,0,0,0,0,0,9.1751e-07,0,0,0,0,0,0,0,0,0,0,0,0,0.00014908,1.9221e-05,0,0,0,0,0.00046629,0,0,0,0,0,0,0,0.00034983
0,0,0,0,0,0,0,0,0,0,0,0,0,0,0,0,0,0,0,0,0,0,0,0,0,0,3.1337e-05,0,0,0,0,0,0,0,0,0,0,0,0,0
0,0,0,0,0,0,0,0,0,0,0,0,0,0,0,0,4.5866e-05,2.4071e-05,0,0,0,0,0,0,0.00022923,7.6316e-06,8.6052e-05,0,0,0,0,0,0,0,0,0,0,0,0,0
0,0,0,0,0,0,0,0,0,0,0,0,0,0,0,0,0,0,0,0,0,0,0,0,2.1237e-06,0,0,0,0,0,0,0,0,0,0,0,0,0,0,0
0,0,0,3.8968e-05,0,0,0,0,0,0,0,0,0,0,0,0,0,0,0,0,0,0,0,0,2.4903e-06,0,0,0,0,0,0,0,0,0,0,0,0,0,0,0
0,0,0,1.028e-05,0,0,0,0,0,0,0,0,0,0,0,0,0,0,0,0,0,0,0,0,0,0,0,0,0,0,0,0,0,0,0,0,0,0,0,0
0,0,0,0,0,0,0,0,0,0,0,0,0,0,0,0,0,0,0,0,0,0,0,0,0,0,0,0,0,0,0,0,0,0,0,0,0,0,0,0
0,0,0,0,0,0,0,0,0,0,0,0,0,0,0,0,0,0,0,0,0,0,0,0,0,0,0,0,0,0,0,0,0,0,0,0,0,0,0,0
0,0,0,0,0,0,0,0,0,0,0,0,0,0,0,0,0,0,0,0,0,0,0,0,0,0,0,0,0,0,0,0,0,0,0,0,0,0,0,0
0,0,0,0,0,0,0,0,0,0,0,0,1.3328e-06,0,0,0,0,0,0,0,0,0,0,0,0,0,0,0,0,0,0,0,0,0,0,0,0,0.0034106,0,0
7.9742e-05,0,0,0,0.0017825,0,0,0,0,0,0,0,4.4132e-06,0,0,0,0,0,0,0,0,0,0,0,2.72e-05,0.0002984,9.8996e-05,0,0.00093381,0,0,0,0,0,0,0,0,0,0,0.0019957
5.6515e-05,0,0,0,0,0,0,0,0,0,0,1.4344e-05,0,0,0,0.0001055,0,0,0,0,4.3339e-05,0,0,0,4.3901e-05,7.5545e-05,0.00014004,0,0,0,5.758e-06,0.0030895,0,0,0,0,0,0,0,1.5274e-05
6.633e-06,0,0,0,0,0,0.00012312,0,0,0,0,0,0,0,0,0,0.00021252,0.00012219,0,0,0,0,0,0,0.00043943,6.2641e-05,0.00053264,0,0,0,0,0,0,0,0,0,0,0,0,0
0,0,0,0,0,0,0,0,0.0004361,0,0,0,0,0,0,0,9.1673e-06,0.00037103,0,0,0,0,0,0,8.361e-05,1.1444e-06,2.7083e-05,0,0,0,0,0,0,0,0,0,0,0,0,0
0,0,0,3.5833e-05,0,8.9421e-06,0,0,0.00027503,0,0,0,0,0,0,0,0,0,0,0,0,0,0,0,6.9038e-06,0,0,0,0,0,0,0,0,0,0,0,0,0,0,0
0,0,0,8.9601e-05,0,0,0,0,0,0,0,0,0,0,0,0,0,0,0,0,0,0,0,0,1.7052e-06,0,0,0,0,0,0,0,0,0,0,0,0,0,0,0
0,0,0,6.2732e-06,0,0,0,0,0,0,0,0,0,0,0,0,0,0,0,0,0,0,0,0,0,0,0,0,0,0,0,0,0,0,0,0,0,0,0,0
0,0,0,0,0,0,0,0,0,0,0,0,0,0,0,0,0,0,0,0,0,0,0,0,0,0,0,0,0,0,0,0,0,0,0,0,0,0,0,0
0,0,0,0,0,0,0,0,0,0,0,0,0,0,0,0,0,0,0,0,0,0,0,0,0,0,0,0,0,0,0,0,0,0,0,0,0,0,0,0
0,0,0,0,0,0,0,0,0,0,0,0,0,0,0,0,0,0,0,0,0,0,0,0,0,0,7.08e-05,0,0,0,0,0,0,0.00010539,0,0,0,0.0041359,0,0
0,0,0,0,0.0010126,0,0,0,0,0,0,0.00014759,0.00018684,0,0,0,0,0,0,0,8.802e-05,0,0,0,0.00014003,0,0.00013204,0,0.0036623,0,0,0,0,0,0,6.2034e-06,0,0.0060965,0,0.0005163
0.0030364,0,0,0,0.0042414,0,0,0,0,0,0,0.0010519,1.0578e-06,0,0,0.0017419,5.9485e-06,0,0,0,0.0021265,0,0.00029662,0,5.8186e-05,0.0011843,0.00019612,0,0.00099567,0,0.0025542,0.0056863,0,0.00017674,4.1987e-05,6.5957e-05,0,1.1024e-05,9.0021e-06,0.0062133
0.0007044,0,0,0,0,1.7887e-06,0.00071881,7.2375e-05,0,0,0,1.947e-05,0,0,0,0.00049766,0.00025039,6.32e-05,0.00024853,0,2.0186e-06,0,0.00017218,0,3.2326e-05,5.7711e-05,0.00018012,0,0,0,0.00022586,0.0037605,0,0,0,0,0,0,0,0.00016061
2.5713e-05,0,0,0,0,1.3132e-05,0.0010546,8.9662e-05,6.7655e-05,7.8967e-06,0,0,0,0,0,0,0.00077046,0.00069776,9.2563e-05,0,0,0,0,0,0.0002816,0.0001916,0.0007209,0,0,0,0,9.3019e-07,0,0,0,0,0,0,0,0
0,0,0,5.5986e-06,0,6.6128e-05,8.6839e-05,0,0.00071187,9.3633e-05,0,0,0,0,0,0,0.00017451,0.00074834,0,0,0,0,0,0,8.998e-05,7.1068e-05,0.00022591,0,0,0,0,0,0,0,0,0,0,0,0,0
0,0,0,5.8635e-05,0,0.00012559,0,0,0.00045751,6.6458e-05,0,0,0,0,0,0,0,0.00012636,0,0,0,0,0,0,3.7607e-06,0,0,0,0,0,0,0,0,0,0,0,0,0,0,0
0,0,0,4.0211e-05,0,5.1371e-05,0,0,0,3.3992e-05,0,0,0,0,0,0,0,0,0,0,0,0,0,0,1.5645e-06,0,0,0,0,0,0,0,0,0,0,0,0,0,0,0
0,0,0,2.1567e-05,0,0,0,0,0,0,0,0,0,0,0,0,0,0,0,0,0,0,0,0,0,0,0,0,0,0,0,0,0,0,0,0,0,0,0,0
0,0,0,3.9812e-06,0,0,0,0,0,0,0,0,0,0,0,0,0,0,0,0,0,0,0,0,0,0,0,0,0,0,0,0,0,0,0,0,0,0,0,0
0,0,0,0,0,0,0,0,0,0,0,0,0,0,0,0,0,0,0,0,0,0,0,0,0,0,0.00015235,0,0,0,0,0,0,0,0,0,0,0,0,0
0,0.00052363,0,0,0,0,0,0,0,0,0,0.00081334,0.00021344,0,0,0.00094914,0,0,0,0,0.00092838,0,4.5638e-06,0,0.0001056,0,0.0022303,0,0.0006295,2.6658e-05,0.00024738,0,0,0,0,0.00045169,4.2905e-05,0.030495,0,0.00019875
0.00037446,0.0027582,0,0,0.0058983,1.752e-05,0,0,0,0,0.0001137,0.0022433,0.0049601,0,0.00064657,0.0014197,0.00020972,5.4128e-05,0,0,0.0033482,0,0.00054593,1.4199e-05,0.00010052,0.00031169,0.00031783,0,0.0091257,0.0014077,0.0056895,0.00048105,3.1284e-06,0.0013292,0.00075021,0.002707,2.3897e-06,0.013163,0.00051435,0.002726
0.0017436,0.0035092,0,0,0.014328,0.00032784,0,3.4691e-06,0,1.7955e-06,0,0.0014904,0.007332,0,0.0026224,0.0031762,0.00040119,7.2916e-05,0.00014537,0,0.002664,0,0.00044098,0.0004696,5.1547e-05,0.0019394,0,0,0.0056305,9.6413e-05,0.0038497,0.0056005,0,0.00049096,0.00032298,0.00087846,0,0.0014736,0.00059806,0.0085049
0.0010789,0,0,5.5361e-05,0.011015,0.0019792,0.00019855,0.00026831,0,0.00060791,0,0.00069545,4.2607e-06,0,0.00043883,0.0012665,0.00025072,5.1991e-05,0.0008449,0,0.0012361,9.0018e-05,0.00039772,1.1046e-05,9.4197e-05,0.001516,0,0.00011599,0.00087158,0,0.0026816,0.0054761,0,0.00022046,6.3094e-05,0,0,4.5056e-05,0.0001128,0.012315
0.00025321,0,0,0.00036886,5.0211e-05,0.00076612,0.00072405,0.00017057,0.00093104,0.00025462,0,0.00024777,0,0,0,0.001299,0.00064389,5.8429e-05,0.00088494,0,0.00046135,0,0.00025343,0,8.9771e-05,0.0004433,0.00039404,0.0014733,0,0,0.00065307,0.0065912,0,2.4963e-05,0,0,0,0,0,0.0057692
5.484e-06,1.1325e-05,0,0.00019899,0,0.00026339,0.00064638,0.00011696,0.00011732,0.00021364,0,0,0,0,0,0.00045779,0.00063086,0.00043978,0.00069389,0,0,0,6.6321e-05,0,0.00010123,0.00012222,0.00056967,0.00048878,0,0,2.4862e-05,0.0017217,0,0,0,0,0,0,0,0.0001099
0,0,0,0.00020369,0,0.00027334,0.00035366,5.6302e-05,0,0.00021829,0,0,0,0,0,0,0.00035071,0.00039301,0.00032832,0,0,0,0,0,0.00010809,0,0.00047784,1.5878e-05,0,0,0,0.00010475,0,0,0,0,0,0,0,0
0,0,0,0.00039656,0,0.00026833,0.00018414,6.0063e-05,0,0.00014482,0,0,0,0,0,0,0.00026672,0.00092949,0.00025237,0,0,0,0,0,6.3078e-06,0,0.00028725,0,0,0,0,0,0,0,0,0,0,0,0,0
0,0,0,0.00013465,0,4.03e-05,0.00038313,8.0315e-06,0,0.00034167,0,0,0,0,0,0,0.0002666,0.00063369,0,0,0,0,0,0,0,0,0.00076663,0,0,0,0,0,0,0,0,0,0,0,0,0
0,0,0,0,0,0,0,0,0,0,0,0,0,0,0,0,0,0,0,0,0,0,0,0,0,0,0.00014941,0,0,0,0,0,0,0.0012774,0,0,0,0,0,0
0,0,0,0,0,0,2.8584e-05,0,0,0,0,0.0027223,0.00044966,0,0,0.0020446,0,0.00013196,0,0,0.0022163,0,3.3284e-05,0,9.425e-05,0,0.0012335,0,0.0042607,7.4329e-05,0.0025318,0,0,0.0056465,0,0.0015155,0.00037562,0,0,0.001057
0,0.00031478,0,0,0,6.094e-05,0.0019699,0,0,0,0.0037202,0.0032541,0.00079005,0,0,0.0024671,0.00032818,0.00048918,0.00032048,0,0.0045743,0,0.001476,0.0011862,0.00031319,0.00021678,0.0029131,0,0.0056167,0.0032391,0.00376,0.0012309,0.00032907,0.0094986,0.0012638,0.0033966,0.0020771,0.017619,0.00082802,0.0056552
0.00024749,0.0037223,0,0,0.0018386,0.00024637,0.0013621,1.6609e-05,0,0.00052035,0.0021407,0.003421,0.0053532,0,0.0014752,0.0042607,0.00050153,0.0011341,0.0016684,0,0.0041093,0,0.0012998,0.0021223,0.00027925,0.00092163,0.0032148,0,0.0065573,0.003891,0.0039007,0.00076301,0.00070803,0.0062593,0.0012258,0.0059103,0.0023123,0.018718,0.00063787,0.0057514
0.002128,0.0054712,0,0.00066051,0.0046709,0,0.001372,0.00063169,0.0013025,0.002223,0.0036828,0.0031117,0.012449,0,0.001659,0.0032042,0.00045977,0.00081232,0.0018433,8.1632e-06,0.0042869,0.0013131,0.0010166,0.0014236,0.00012019,0.00077353,0.0038112,0,0.010776,0.0025166,0.0054839,0.00096932,0.00097899,0.0067192,0.0015116,0.0049266,0.0025752,0.012436,0.0014547,0
0.0023796,0.0053083,0,0.0013789,0.016542,0.0013393,0.0026424,0,0.0036813,0.0011401,0.0034184,0.0031535,0.010844,0,0.0021317,0.004399,0.00038836,0.0008691,0.00081095,3.399e-06,0.0049003,0.0012472,0.00094921,0.0012093,0.00088858,0.001097,0.0032054,0,0.011261,0.0019415,0.0070726,0.00095956,0.0011441,0.0065241,0.0013257,0.0040721,0.0017605,0.013688,0.001559,0.010062
0.0030748,0.0088587,0,0.0010914,0.015133,0.0031086,0.0021014,0,0.0064124,0.0010984,0.0011767,0.0043983,0.010029,0,0.0024854,0.0036746,0.00045942,0.00083146,0.00065953,0,0.0052332,0.0017711,0.00098266,0.0015617,0.00034406,0.0016482,0.002553,0.00019416,0.011273,0.0018226,0.0071352,0.0044539,0.00038207,0.0061149,0.00074311,0.0045561,0.0010168,0.0094202,0.001776,0.0097899
0.0027356,0.0069683,0,0.0013014,0.015564,0.0049485,0.0023759,5.673e-06,0.005833,0.00094779,0.00096368,0.0049743,0.010217,0,0.0023693,0.0042142,0.0004548,0.0023894,0.0014268,0,0.0054436,0.00083049,0.0011532,0.0010896,0.00072521,0.0017865,0.0034148,0.00062945,0.012192,0.0019403,0.0074036,0.0047579,0.00023281,0.0052938,0.0010889,0.0041858,0.0017347,0.0093535,0.0016313,0.0076126
0.0059173,0.0062555,0,0.0030141,0.011529,0.00057817,0.0026633,0.0014371,0.010669,0.0043917,0.0012598,0.0038556,0.0072883,0,0.002339,0.0037608,0.0022188,0.001404,0.0066084,0,0.0054434,0.0015999,0.0011055,0.0054825,0,0.0065873,0.0054984,0.0015859,0.011455,0.0018198,0.0088482,0.0085869,0.0015302,0.0035471,0.0011614,0.0038905,0.00089621,0.0082072,0.0015018,0.0061428
0.00069715,0.015549,0,0,0.011402,0,0.0080898,0.00051115,0.0092647,0.00017661,0.0054948,0.010418,0.014616,0,0.0056652,0.01363,0.0015947,0,0.002814,0,0.015274,0.0025502,0.0048064,3.1587e-05,0,0.0011616,0.0030295,0.0017426,0.020289,0.0078037,0.019585,0.0055096,0.0009159,0.0041723,0.0030706,0.010756,0.0045483,0.021109,0.0054243,0.017511
0,0,0,0,0,0,0,0.0015678,0,0,0,0,0.0013052,0,0,0,0,0,4.2648e-06,0,0,0,0,0,0,0,0.00032657,0,0,0,0,0,0,0,0,0,0,0,0,0
0,0.0045191,0,0,0,0,0,0.0050664,0,0,0,0.003126,0.002137,0,0,0.0018553,5.5121e-05,1.9382e-06,0.0011825,0,0.003974,0,7.1502e-05,0,0.00016995,0.0053224,0.00050646,0,0.0025875,3.9233e-05,0.0034103,0,0,0.00053908,0,0.0016805,0.034737,0,4.4453e-05,0.0017416
0,0.015015,0,0.00051658,0.00040443,6.9214e-05,0.0021688,0.0095435,0,0,0.014754,0.0065558,0.065145,0,0,0.0023688,0.0020816,0.00025747,0.0020159,0,0.0068814,0,0.0030457,0.00069701,0.00059739,0.023339,0,0,0.01013,0.0092604,0.0081483,0.0017402,0.083589,0.00096048,0.0019263,0.012426,0.06262,0,0.003538,0.0096045
0.00083309,0.033485,0,0.0022537,0.043502,0.0005271,0.0063592,0.01314,0.0026557,0.00077516,0.076986,0.0084774,0.12288,0,0.044444,0.013356,0.002376,0.0010523,0.013091,0,0.0067431,0.08672,0.0016557,0.0006701,0.00076524,0.018084,0,0,0.051487,0.075228,0.009679,0.0009378,0.11208,0.0010773,0.0025934,0.02701,0.055483,0.019669,0.0025067,0.01111
0.0052456,0.036886,0,0.0047968,0.086196,0,0.0055046,0.018072,0.040554,0.0063465,0.10594,0.013126,0.10759,0.00013743,0.093712,0.016792,0.0017905,0.0012892,0.010061,6.8839e-05,0.011892,0.11816,0.0019758,0.00048178,0.00090007,0.014561,0,0,0.088537,0.095695,0.023599,0.002001,0.094546,0.00089193,0.053354,0.088157,0.050405,0.04362,0.0041117,0
0.014455,0.067702,0,0.0044734,0.085141,0,0.0047344,0.012329,0.015598,0.0089001,0.11773,0.033637,0.098026,0.0012126,0.10248,0.085449,0.0030685,0.0012738,0.0056607,5.8355e-05,0.025127,0.10349,0.0046158,0.0006263,0.0029739,0.0036292,0.0036242,0,0.089673,0.095225,0.037665,0.0023722,0.090993,0.0033142,0.072838,0.088071,0.055886,0.096984,0.0073472,0
0.05357,0.083076,0,0.0041126,0.079835,0.00095153,0.011739,0.0087203,0,0.0070631,0.14124,0.092427,0.097392,0.0028427,0.10144,0.084572,0.002735,0.0021275,0.01521,0,0.091184,0.089785,0.049455,0.0047863,0.0033246,0,0.037557,0.027952,0.082135,0.078653,0.10148,0.0068483,0.092164,0.015657,0.096328,0.088839,0.044856,0.10484,0.024483,0.063578
0.11059,0.082374,0,0.0078249,0.092729,0.0020219,0.030375,0.0059073,0,0.009471,0.06656,0.081418,0.10736,0.0092614,0.094648,0.087322,0.001791,0.011048,0.020449,0,0.091467,0.08485,0.10279,0.053903,0.0084402,0,0.043802,0.086156,0.091851,0.089638,0.089927,0.039972,0.074471,0.077937,0.10094,0.088408,0.051826,0.088328,0.086488,0.063982
0.12977,0.060358,0,0.018304,0.098339,0,0.093093,0.094981,0,0.024438,0.062889,0.085297,0.15407,0.0012821,0.10462,0.084604,0.0077872,0.0095391,0.095088,0,0.092639,0.092691,0.10439,0.080418,0,0.057433,0.04456,0.085802,0.082807,0.081675,0.083959,0.088971,0.064566,0.10367,0.12435,0.15883,0.042706,0.080394,0.11389,0.080198
0.062801,0.16964,0,0,0.090125,0,0.16688,0.018559,0,0.0088459,0.095454,0.1717,0.092601,0,0.11657,0.17964,0.015332,0.0008176,0.073847,0,0.14712,0.079467,0.14883,0.0084816,0,0.019727,0.046606,0.040277,0.14672,0.238,0.14791,0.065551,0.014471,0.086623,0.099656,0.12003,0.090166,0.10783,0.14862,0.21394
0,0,0,0,0,0,0,0.00031867,0,0,0,0,0.0010472,0,0,0,0,0,0,0,0,0,0,0,7.2196e-05,0.0020279,0.00018715,0,0,0,0,0,0,0,0,0,0.0037616,0,0,0
0,0,0,0.00065038,0.0031637,0,0,0,0,0,0.023451,0.0051109,0.038757,0,0.011818,0.0083699,0.00054805,1.8111e-06,0,0,0.0030947,0.01258,0,0,0.00018426,0.015135,0.0014578,0,0.040044,0.024941,0.0018983,0,0.05839,0.00032619,0,0.0039599,0.018069,0.0020134,5.5124e-05,0.0013473
1.5634e-06,0.045379,0,0.0038864,0.073871,7.5548e-05,0.0026648,0,0.083177,0.010653,0.14094,0.021697,0.01325,8.153e-05,0.090671,0.04867,0.00071472,0.00028348,0,0,0.017594,0.060826,0.0055018,0,0.0014316,0,0.0015244,0,0.10186,0.10614,0.040456,0.0026538,0.029662,0.0025472,0.076416,0.11417,6.0431e-05,0.076066,0.00056425,0.016647
0.071206,0.1459,0,0.0062153,0.12671,0.00053143,0.019814,0.00019185,0.10365,0.014449,0.045541,0.11437,0,0.016487,0.098777,0.094308,0.0017947,0.0026959,0.025845,0,0.094862,0.0078221,0.083538,0.018756,0.0070956,0,0.062104,0.041274,0.039842,0.025313,0.084268,0.0083947,0,0.028933,0.098516,0.075706,0,0.061039,0.056271,0.064067
0.12101,0.13856,0,0.007944,0.036544,0.00039048,0.10653,0.099627,0.019482,0.017451,0.011487,0.080925,0,0.0055207,0.023535,0.078209,0.0017186,0.01131,0.15237,5.8356e-06,0.088284,0.0011589,0.099911,0.12527,0.017883,0,0.080251,0.096284,0,0,0.077466,0.095941,0,0.107,0.055936,0.0036682,0.0068965,0.062431,0.1125,0.0041716
0.08157,0,2.3359e-06,0.031787,0.017336,0,0.10804,0.099519,0.080485,0.027919,0,0.066405,0,0.0020171,0,0.014953,0.043832,0.042164,0.11227,0.00085288,0.07746,0.015493,0.10136,0.13472,0.014716,0.006223,0.07591,0.14001,0,0,0.054943,0.10161,0,0.090051,0.025472,0,0.041963,0.01927,0.099664,0
0.05239,0,0,0.11124,0.01211,0.00064046,0.081509,0.088565,0.13338,0.089999,0.016792,0,0,6.713e-05,0,0,0.10083,0.12708,0.077637,0.00030316,0,0.016347,0.038343,0.10477,0.039005,0.076386,0.038419,0.071465,0,0,0,0.092884,0,0.072879,0.0034557,0,0.046146,0,0.075909,0.055128
0.021548,0,0,0.11485,0,0.0037892,0.085672,0.092792,0.14148,0.089048,0.011827,0,0,0.0086022,0,0,0.097574,0.11137,0.085915,0,0,0.013355,0,0.059432,0.11179,0.10481,0.0059411,0.0039981,0,0,0,0.064036,0,0.016742,0,0,0.036701,0,0.019163,0.023453
0.018875,0,0,0.14766,0,0.0064694,0,0.033965,0.12421,0.10656,0,0,0,0.15064,0,0,0.1215,0.15256,0.033081,0,0,0.013748,0,0.0061819,0.080989,0.094947,0.13192,0.13126,0,0,0,0,0.035417,0,0,0,0.040417,0,0.0095058,0
0,0,0,0.01789,0,0.021778,0.010734,0.12181,0.11564,0.097301,0,0,0,0.011218,0.038714,0,0.14629,0.13688,0.074435,0,0,0.11927,0.040058,0.10063,0,0.16025,0.11934,0.0091029,0,0,0,0.13288,0.22535,0.11674,0.05704,0,0.13322,0,0.0096743,0
0,0,0,0,0,0,0,0,0,0,0,0,0.0035932,0,0,0,7.162e-05,0,0,0,0,0,0,0,0,0.0030999,0.00027568,0,0,0.0003204,0,0,0.0056877,0,0,0,0.0016508,0,0,0
0,0.013815,0,9.8736e-05,0.025744,0,0,0,0.02452,0.00072653,0.020148,0.0012667,0.0048258,0,0.033602,0.0065451,0,0,0,0,0.00073316,0.011414,0,0,0.0010765,0,0.0016732,0,0.041698,0.040921,0,0,0.006748,0,0.024391,0.04131,2.948e-05,0.047009,0,0
0.095141,0.030208,0,0.0022774,0,0,0,0,0.020164,0.0079565,0.016935,0.11671,0,0.010094,0.0042576,0.10804,7.3797e-05,0.0001162,0,0,0.11759,0,0.081657,0.016935,0.0075241,0,0.048075,0.023537,0,0,0.097244,0.0050966,0,0.052402,0.033967,0.01723,0,0.0043984,0.047294,0.075619
0.060622,0,3.9897e-06,0.024065,0.0048614,0.00010483,0.15356,0.10156,0,0.0085542,0,0.004843,0,0.00038132,0,0,0.01725,0.010305,0.081478,0,0.0082197,0.0096097,0.069638,0.15857,0.022014,0,0.032698,0.035565,0,0,0.010002,0.14972,0,0.099856,0.044404,0,0.031433,0,0.11896,0.13355
0,0,2.028e-06,0.10509,0,0.001419,0.009726,0.045071,0,0.11508,0,0,0,0,0,0,0.16354,0.1449,0.057387,0.0009438,0,0.018995,0,0.0059534,0.006031,0.086357,0,0,0,0,0,0.010887,0,0,0,0,0.047318,0,0,0
0,0,6.5923e-06,0.17319,0,0.0039422,0,0.069273,0.037451,0.13845,0,0,0,0.010953,0,0,0.078267,0.10758,0,0.002196,0,0,0,0,0.14672,0.11718,0,0,0,0,0,0,0,0,0,0,0.0026339,0,0,0
0,0,6.3113e-05,0.0073036,0,0.011789,0,0.0026689,0,0.014162,0,0,0,0.16534,0,0,0,0,0,0.0043227,0,0,0,0,0.1258,0.023933,0,0,0,0,0,0,0,0,0,0,0,0,0,0
0,0,0.00063104,0,0,0.21083,0,0,0,0,0,0,0,0.1468,0,0,0,0,0,0.018151,0,0,0,0,0.032951,0,0,0.060357,0,0,0,0,0,0,0,0,0,0,0,0
0,0,0.0015385,0,0,0.20556,0,0,0,0,0,0,0,0.073288,0,0,0,0,0,0.0070096,0,0,0,0,0,0,0,0.11337,0,0,0,0,0,0,0,0,0,0,0,0
0,0,0,0,0,0.14033,0,0,0,0,0,0,0,0.041757,0,0,0,0,0,0,0,0,0,0,0,0,0,0,0,0,0,0,0,0,0,0,0,0,0,0
0,0,0,0,0,0,0,0,0,0,0,0,0.0052839,0,0.00014022,0,0,0,0,0,0,0,0,0,0,0,1.9922e-05,0,0,0.00054702,0,0,0.0045158,0,0,0,0.0004297,0,0,0
0.0015347,0.012075,0,0,0.0063853,0,0,0,0.013051,0.00036165,0.0069495,0.010521,0,0.00061586,0.015111,0.023574,0,0,0,0,0.0027627,0.0030707,0,0,0.001012,0,0.0040513,0,0.010723,0.008521,0.0036224,0,0,0,0.013413,0.018555,0,0.012701,0,0
0.053507,0,1.2808e-06,0,0,0,0.056886,0.031333,0,0.002899,0,0.02734,0,0.0013744,0,0,0,0.00060796,0.020133,0,0.039317,0,0.038712,0.065207,0.013787,0,0.033344,0.023897,0,0,0.033693,0.05554,0,0.053819,0,0,0.0078986,0,0.033235,0.061184
0.012476,0,2.4367e-06,0.069765,0,0,0,0.011157,0,0.072399,0,0,0,0,0,0,0.076885,0.062628,0.019637,3.9549e-06,0,0.014567,0,0.0069429,0.0074587,0.012192,0.019484,0,0,0,0,0,0,0,0,0,0.042098,0,0,0
0,0,6.1646e-05,0.094303,0,0,0,0,0,0.072066,0,0,0,1.1494e-05,0,0,0.046396,0.026318,0,0.0024998,0,0,0,0,0.13908,0.099962,0.03509,0,0,0,0,0,0,0,0,0,0,0,0,0
0,0,0.00015568,0,0,0.0036785,0,0,0,0,0,0,0,0.27283,0,0,0.011336,0,0,0.0014858,0,0,0,0,0.047051,0,0,0,0,0,0,0,0,0,0,0,0,0,0,0
0,0,0.0011833,0,0,0.22928,0,0,0,0,0,0,0,0,0,0,0,0,0,0.036944,0,0,0,0,0,0,0,0,0,0,0,0,0,0,0,0,0,0,0,0
0,0,0.0087738,0,0,0.076552,0,0,0,0,0,0,0,0,0,0,0,0,0,0.069352,0,0,0,0,0,0,0,0,0,0,0,0,0,0,0,0,0,0,0,0
0,0,0.12482,0,0,0,0,0,0,0,0,0,0,0,0,0,0,0,0,0.31414,0,0,0,0,0,0,0,0,0,0,0,0,0,0,0,0,0,0,0,0
0,0,0.2375,0,0,0,0,0,0,0,0,0,0,0,0,0,0,0,0,0.22836,0,0,0,0,0,0,0,0,0,0,0,0,0,0,0,0,0,0,0,0
0,0,0,0,0,0,0,0,0,0,0.0024092,0,0,0,0,0,0,0,0,0,0,0.0020359,0,0,0,0.0010416,0,0,0,0.00043661,0,0,0.0011289,0,0,0,5.5145e-05,0,0,0
0,0.0017646,0,0,0.0014947,0,0,0,0.0043302,0,0,0.0090229,0,0.00024862,0.0036358,0.0088097,0,0,0,0,0.010677,0,0.0056166,3.6916e-05,0.0002827,0,0,0,0.004371,0.0028664,0.0089798,0,0,0,0.0024361,0.0046318,0,0.0040345,0,0
0.0083012,0,1.6612e-06,0,0,0,0.016928,0.010813,0,0,0,0,0,0,0,0,0,0.0010737,0.0035558,0,0,0.0068075,0.0038351,0.031925,0.0046177,0,0.011287,0.0034462,0,0,0,0.011751,0,0.010636,0,0,0.01599,0,0.010131,0.018226
0,0,1.0198e-06,0.030376,0,0,0,0,0,0.035647,0,0,0,0,0,0,0.022527,0.021858,0,5.8251e-05,0,0.008337,0,0,0.027664,0.033749,0.010206,0,0,0,0,0,0,0,0,0,0.017205,0,0,0
0,0,7.0175e-07,0,0,0,0,0,0,0,0,0,0,0.052746,0,0,0.0068998,0,0,4.499e-05,0,0,0,0,0.12172,0,0.073079,0,0,0,0,0,0,0,0,0,0,0,0,0
0,0,5.803e-05,0,0,0.043764,0,0,0,0,0,0,0,0.014189,0,0,0.014031,0,0,0.004882,0,0,0,0,0,0,0,0,0,0,0,0,0,0,0,0,0,0,0,0
0,0,0.0038913,0,0,0.021024,0,0,0,0,0,0,0,0,0,0,0,0,0,0.012665,0,0,0,0,0,0,0,0,0,0,0,0,0,0,0,0,0,0,0,0
0,0,0.024918,0,0,0,0,0,0,0,0,0,0,0,0,0,0,0,0,0.16649,0,0,0,0,0,0,0,0,0,0,0,0,0,0,0,0,0,0,0,0
0,0,0.59639,0,0,0,0,0,0,0,0,0,0,0,0,0,0,0,0,0.12915,0,0,0,0,0,0,0,0,0,0,0,0,0,0,0,0,0,0,0,0
0,0,0,0,0,0,0,0,0,0,0,0,0,0,0,0,0,0,0,0,0,0,0,0,0,0,0,0,0,0,0,0,0,0,0,0,0,0,0,0
