1.9339e-05,0.017343,0.01522,0.090912,0.010099,0,0.027844,0.03109,0.029693,0.030073,0.039296,0.10015,0,0.035585,0.00015418,0.086766,0.032585,0.0022612,0.013825,0.0027959,0.039231,0.13535,0.019958,0.025637,8.07e-07,0.1475,0.016804,0.016743,0.038618,0.014217,0.018371,0.013332,0.0040875,0.0044388,0.023003,0.27736,0.044481,0.067302,0.006677,0.19377,0.20627
0,0.017563,0.026147,0.030481,0.046035,0.1114,0.031619,0.0049608,0.0078102,0.016191,0.00041913,0.049268,0,0.017202,0,0.025402,0.035647,0.0040403,0.017671,0.0024394,0.039907,0.025662,8.6496e-05,0.0029148,0,0.0035145,0.00011824,0.0021907,0.021497,0.018936,0.012953,0.037355,0.020151,0.012388,0.016857,0,0.0015065,0,0.031398,0,0.0081853
0,0.046967,0.045111,0.047826,0.051034,0.048973,0.016396,0.0041508,0.022369,0.020617,0.0026626,0.043862,0,0.03377,0,0.024743,0.041377,0.013122,0.0053092,0.0059852,0.055162,0.025796,0.02566,0.0014443,0.08549,0.0086877,2.7147e-05,0.015716,0.017097,0.014426,0.017398,0.063084,0.02979,0.045378,0.038479,0,0.0023289,0.00044635,0.022797,0.052016,0.0064401
0.0074706,0.062265,0.031494,0.031346,0.029665,0.00069102,0.067594,0.00015536,0.0065384,0.096092,0,0.052643,0.016311,0.044279,0.0066741,0.014707,0.025182,0.019369,0.00020695,0.01636,0.055952,0.02322,0.053524,0.0032542,0.020937,0.0099139,0.0012508,0,0.008559,0.013784,0.014114,0.043411,0.024667,0.025422,0.030661,0.0005753,0.0079843,0.00018687,0.061363,0.055793,0.016693
0.83857,0.33172,0.095419,0.25146,0.35862,0.0031637,0.094086,0.038684,0.57537,0.17686,0,0.29535,0.44156,0.47107,0,0.013156,0.2348,0.52004,0.0094561,0.38635,0.1325,0.23619,0.024503,0.01205,0.041085,0.23944,0.92254,0.043875,0.027441,0.17781,0.012813,0.07618,0.1267,0.04308,0.080304,0.015828,0.010061,0.42723,0.072645,0.42071,0.020106
0.14627,0.28145,0.70835,0.41944,0.4077,0.77442,0.60798,0.75422,0.26185,0.59147,0.88836,0.17601,0.51253,0.21816,0.93195,0.78697,0.47601,0.28157,0.92221,0.53517,0.41658,0.36127,0.72811,0.91553,0.71341,0.48817,0.041136,0.79575,0.78353,0.66961,0.82481,0.52623,0.6918,0.78053,0.59378,0.56902,0.85536,0.10965,0.63092,0.087844,0.6014
0.0049573,0.072309,0.018203,0.037486,0.017859,0,0.065292,0.052859,0.016496,0.032022,0,0.069412,0.029604,0.048207,0.046794,0.012141,0.020689,0.067052,0.0018629,0.020921,0.07247,0.027869,0.019886,0.0023385,0.062556,0.057649,0.011417,0,0.015916,0.022519,0.023059,0.077541,0.023813,0.023186,0.069974,0.013706,0.0089186,0.12506,0.052447,0.097892,0.027292
0,0.06184,0.020044,0.024391,0.046301,0,0.030702,0.022199,0.015521,0.0093644,0.0013101,0.030855,0,0.015256,0,0.013044,0.062764,0.052958,0.011634,0.018675,0.05133,0.026795,0.055739,0.0014828,0.076524,0.034817,0.0066898,0.062585,0.011581,0.0086919,0.027081,0.061256,0.031533,0.036553,0.099498,0,0.03349,0.11584,0.064257,0.091373,0.069956
0.0016399,0.055066,0.019223,0.026793,0.030674,0.061346,0.036111,0.02352,0.013694,0.015167,0.00069919,0.061076,0,0.0413,0,0.019808,0.029246,0.034475,0.0070866,0.0070433,0.059913,0.029653,0.072278,0.0014816,0,0.0058617,0,0.02607,0.060113,0.018269,0.023275,0.054552,0.035614,0.0279,0.021716,0,0.024171,0,0.054953,0,0.042343
0.0010698,0.053481,0.020784,0.039866,0.0020067,0,0.022376,0.068162,0.050665,0.012146,0.067255,0.12138,0,0.075171,0.014424,0.003265,0.041702,0.0051204,0.010738,0.0042521,0.076949,0.10819,0.0002558,0.033865,0,0.0044391,1.7534e-05,0.037072,0.015647,0.041744,0.026119,0.047058,0.011845,0.0011281,0.025728,0.12351,0.011696,0.15429,0.0025446,0.00060716,0.0013061
0,0,0,1.0377e-05,0,0,0,0,0,0,0.00021246,0,2.5662e-05,0.00066241,0.00027236,0.16847,0,0.0011656,0.00054205,0.00017048,0.0001889,0.0065327,0.024112,0.0085261,0,0.15781,0.019645,0,0.012894,0.0011797,0.0084551,0.00046101,4.1465e-05,0.00016921,0.0050631,0.35803,0.050181,0.1204,0.00046978,0.24157,0.23594
4.6545e-06,0,0,5.956e-05,0,0,0,0,0,0,3.2575e-05,0,0.0058133,0.0024596,0.00025122,0.10813,0.00020874,0.00058566,0.00014173,0,0.0058322,0.00020321,0.0072852,0.027087,0,0.057212,0.005097,0.017807,0.0052022,0.001023,0.021123,0,0,7.4441e-06,0.0070057,0.040137,0.045217,0.075224,1.1403e-05,0.082009,0.11356
0.010922,0,0.00031381,0.074426,0,9.9829e-07,0,0,0,0.00011544,0.0001553,2.1523e-06,0.099333,0.010267,0.0080498,0.069626,0.013243,0.013232,0.010233,7.4938e-06,0.0018767,0.0045785,0.083824,0.10941,0,0.10524,0.054949,0.0025109,0.069875,0.00080271,0.06534,0.00026677,0.00012374,0.0073366,0.043198,0.034376,0.15716,0.058754,0.0018522,0.11638,0.13774
0.21587,0,0.044636,0.18064,0,0.0027693,2.7435e-05,0.00061763,2.53e-06,0.19125,0.0071944,0.092221,0.14786,0.03582,0.078149,0.069287,0.031424,0.094422,0.11739,0.0017538,0.0066299,0.16446,0.098667,0.14153,0.00028854,0.12181,0.20623,0.028703,0.14131,0.032289,0.093238,0.007394,0.016527,0.15601,0.079089,0.055696,0.17705,0.088289,0.013297,0.087289,0.11814
0.22047,3.9691e-06,0.41805,0.081896,0.00052224,0.11512,0.0063423,0.01212,0.0039016,0.17744,0.06799,0.0059387,0.16875,0.16511,0.12629,0.058247,0.052555,0.16317,0.17312,0.036331,0.038284,0.075379,0.091584,0.13062,0.013767,0.19117,0.20602,0.11193,0.13448,0.13053,0.1403,0.078018,0.26007,0.11446,0.18056,0.050362,0.20533,0.17304,0.057919,0.080332,0.11666
0.17476,0.0012833,0.18695,0.093431,0.20198,0.23597,0.12443,0.048433,0.12516,0.15693,0.14487,0.081585,0.1575,0.16507,0.13476,0.069017,0.056666,0.13714,0.16965,0.22997,0.056964,0.079289,0.11435,0.12711,0.10048,0.22806,0.21245,0.12608,0.1149,0.13191,0.14909,0.21776,0.22461,0.14201,0.089885,0.050917,0.20354,0.25671,0.13814,0.11863,0.14738
0.35777,0.10051,0.33724,0.11712,0.27455,0.10447,0.21951,0.062503,0.22841,0.14438,0.14418,0.12322,0.15141,0.15594,0.17079,0.1834,0.060566,0.12864,0.2612,0.24147,0.05447,0.075445,0.23277,0.14491,0.24227,0.13646,0.16796,0.11967,0.20804,0.12376,0.13484,0.34466,0.10878,0.213,0.080154,0.052762,0.15962,0.2274,0.15905,0.048695,0.10398
0.020108,0.21918,0.012808,0.20643,0.50974,0.27677,0.56264,0.51174,0.55122,0.15799,0.13458,0.40288,0.1764,0.14675,0.26975,0.091581,0.10438,0.12162,0.16317,0.21398,0.10179,0.087394,0.051775,0.15805,0.29541,0.0019042,0.1219,0.14225,0.11002,0.54762,0.24593,0.21883,0.10664,0.15945,0.11125,0.074955,0.0019083,0.00019441,0.22831,0.099005,0.026594
8.8789e-05,0.6352,0,0.24276,0.0132,0.2649,0.086758,0.34931,0.081148,0.17068,0.23337,0.18561,0.092575,0.26592,0.19788,0.088804,0.35833,0.28139,0.103,0.27616,0.32039,0.073343,0.051927,0.088223,0.3076,0.00031824,0.0056944,0.11709,0.18909,0.025191,0.13864,0.1308,0.24603,0.18323,0.20727,0.2638,8.9517e-07,0,0.15021,0.11823,0
0,0.043826,0,0.0032321,0,0,0.000294,0.015274,0.010164,0.0012285,0.26742,0.10855,0.00035069,0.052003,0.013793,0.093443,0.32263,0.058632,0.0015602,0.0001588,0.41357,0.43338,0.24371,0.064537,0.040186,0,5.2427e-05,0.33396,0.014194,0.0056803,0.0030506,0.0018086,0.03717,0.02432,0.19653,0.018965,0,0,0.25075,0.0078515,0
0.17308,0.68861,0.66559,0.73937,0.77596,0.30335,0.67615,1,0.90585,0.77825,0.92804,0.52014,0.41096,0.57477,0.81466,0.3216,0.58811,0.42642,0.41529,0.80735,0.84375,0.34283,0.97816,0.63207,0.78658,0.38925,0.62361,0.84195,0.80464,0.4532,0.21422,0.89281,0.7188,0.86002,0.75046,0.67262,0.80484,0.39185,0.6467,0.5384,0.69551
0.23478,0.11142,0.24108,0.090794,0.069523,0.44855,0.11616,0,0.039026,0.054652,0.013488,0.081945,0.38855,0.27619,0.17646,0.53525,0.097931,0.32485,0.55035,0.098994,0.0092606,0.26206,0.0017801,0.35336,0.054073,0.30405,0.35497,0.017757,0.081349,0.20129,0.031903,0.10684,0.12726,0.056611,0.088403,0.049678,0.1463,0.22509,0.19066,0.26706,0.12445
0.31484,0.056923,0.091023,0.068076,0.055791,0.042134,0.070873,0,0.055,0.049444,0.01176,0.079899,0.061803,0.021583,0.0030338,0.033788,0.080663,0.020588,0.016835,0.034122,0.0082877,0.11476,0.0020941,0.0081356,0.071391,0.21461,0.0029114,0.03431,0.043901,0.17726,0.41216,5.3797e-05,0.041768,0.052661,0.071137,0.040771,0.010063,0.14592,0.020269,0.033291,0.036054
0.20158,0.045587,0.002029,0.043574,0.054109,0.069501,0.06909,0,0.00012912,0.060337,0.013831,0.08016,0.051701,0.025768,0.0028337,0.034934,0.092312,0.033138,0.0073072,0.056582,0.0097064,0.094575,0.001592,0.0024577,0.060707,0.019187,0.0036282,0.027954,0.030723,0.062491,0.25948,6.3902e-05,0.045666,0.030103,0.037271,0.043209,0.015193,0.089,0.02154,0.024422,0.037309
0.057842,0.03202,0.00027596,0.03314,0.044614,0.063174,0.0674,0,0,0.048606,0.013047,0.11691,0.042943,0.035616,0.0016959,0.021434,0.019701,0.04954,0.0098784,0.0029199,0.020104,0.05427,0.0013593,0.0015278,0.027253,0.022712,0.0031187,0.021581,0.019672,0.043447,0.02983,5.2441e-05,0.039365,0.00032873,0.034894,0.057634,0.0054904,0.090461,0.048991,0.02272,0.02791
0.016346,0.035621,0,0.021737,0,0.037429,0.00032165,0,0,0.0087135,0.015085,0.040524,0.02767,0.034079,0.00086448,0.025973,0.015203,0.060072,0,0,0.028565,0.036759,0.0014837,9.4796e-05,0,0.015546,0.0031553,0.022118,0.0087485,0.045446,0.024576,4.5323e-05,0.015495,0.00015745,0.017107,0.070036,0.004421,0.038917,0.029018,0.024903,0.022296
0.0015263,0.005928,0,0.0020632,0,0.018925,0,0,0,0,0.0045442,0.062728,0.013874,0.031576,0.00025236,0.010532,0.012962,0.043899,4.4727e-06,8.9059e-06,0.048994,0.03847,0.0011454,0.00022063,0,0.015873,0.002625,0.022907,0.005646,0.016312,0.012514,4.6703e-05,0.011514,5.0826e-05,0.00022423,0.048811,0.0032585,0.0089161,0.011044,0.018463,0.023078
0,0.0080008,0,0.0012419,0,0.0093025,0,0,0,0,3.9102e-06,0.017691,0.002184,6.1841e-05,1.6449e-05,0.0058131,0.017862,0.029134,2.7827e-05,9.0767e-06,0.031171,0.021978,0.0030203,0.00077894,0,0.009958,0.0024919,0.0087731,0.0017586,0.00023261,0.008325,4.0683e-05,9.6282e-05,3.5495e-05,0.00019407,0.0077719,0.0034252,0.0066375,0.010147,0.022555,0.014594
0,0.007391,0,1.9467e-06,0,0.0068069,0,0,0,0,7.483e-06,0,0.00031422,9.6618e-05,1.2084e-05,0.0064355,0.035341,0.012049,0.00015212,9.8455e-06,0.0001337,0.0089377,0.004271,0.00085149,0,0.0057455,0.0022999,0.0019914,0.0020832,0.00024992,0.0049054,2.6542e-05,2.8914e-06,2.4805e-05,0.00020786,0.0042188,0.0035671,0.002472,0.0078595,0.02073,0.01217
0,0.0084966,0,6.0388e-06,0,0.00082842,0,0,0,0,0.00019263,0,2.1043e-06,0.0002586,0.00017923,0.0042425,0.039911,0.00031316,0.00015293,8.4918e-06,2.5357e-05,0.025363,0.0050951,0.00050676,0,0.0030754,0.001188,0.00066079,0.0014799,6.7515e-05,0.0020819,1.9964e-05,3.2802e-05,1.0635e-05,9.9447e-05,0.0052536,0.0034417,0.00072865,0.013772,0.027451,0.0066259
0.061566,0.2098,0.2257,0.19397,0.081073,0.13982,0.095502,0.22807,0.0728,0.073887,0.079287,0.23148,0.08246,0.090472,0.078576,0.050586,0.11802,0.011415,0.087314,0.35765,0.18762,0.053319,0.11025,0.061474,0.19425,0.028704,0.0057423,0.015841,0.030745,0.18569,0.029958,0.18372,0.10382,0.082061,0.11643,0.39017,0.037572,0.1451,0.12858,0.033455,0.11579
0.12221,0.25345,0.32791,0.16944,0.11635,0.28637,0.18082,0.64223,0.17055,0.092504,0.14175,0.19959,0.092641,0.12034,0.34514,0.08449,0.20384,0.018808,0.27477,0.31907,0.14572,0.24362,0.30143,0.06451,0.27632,0.17843,0.074441,0.064784,0.061316,0.1831,0.18057,0.22851,0.10809,0.15816,0.28409,0.29834,0.063114,0.22492,0.23204,0.095708,0.15837
0.14798,0.41129,0.16163,0.10787,0.45481,0.32217,0.1542,0.071477,0.17859,0.12844,0.49603,0.17783,0.073656,0.097179,0.34611,0.17758,0.20387,0.034151,0.10905,0.18278,0.18923,0.14215,0.41954,0.3879,0.28728,0.075994,0.037341,0.098603,0.11946,0.1434,0.78599,0.12947,0.31912,0.28145,0.20639,0.15479,0.12813,0.29391,0.25722,0.2513,0.16235
0.42456,0.051049,0.10451,0.38163,0.28333,0.19826,0.11883,0.017643,0.18352,0.63738,0.2428,0.1607,0.51639,0.16745,0.14512,0.36893,0.33102,0.022507,0.2734,0.072071,0.30217,0.091204,0.15644,0.2605,0.13774,0.54503,0.10576,0.80712,0.73895,0.18935,0.003476,0.3852,0.3879,0.36075,0.12767,0.10859,0.65569,0.18419,0.13966,0.28823,0.56047
0.23961,0.046482,0.11675,0.076227,0.027043,0.04778,0.41359,0.020184,0.37421,0.061148,0.032419,0.20468,0.19418,0.49559,0.063013,0.28175,0.080469,0.76661,0.23863,0.049194,0.12121,0.43336,0.011332,0.089577,0.06075,0.14725,0.76565,0.013503,0.042075,0.29225,0,0.042379,0.035474,0.083369,0.19446,0.041502,0.11549,0.12974,0.11607,0.3243,0.0030184
0.0040428,0.02579,0.051629,0.048102,0.013595,0.0043933,0.026433,0.010652,0.013989,0.0042248,0.0014136,0.012823,0.038004,0.026317,0.022049,0.036668,0.024592,0.11924,0.016724,0.019227,0.049879,0.029296,0.0010088,0.12925,0.043652,0.015779,0.011057,0.00015073,0.0036755,0.0061054,0,0.012008,0.02824,0.01842,0.057542,0.0048409,0,0.022136,0.11253,0.0070042,0
9.6264e-06,0.0021399,0.0049335,0.022756,0.015304,0.0012078,0.0040093,0.0080394,0,4.4998e-05,0.0011257,0.004383,0.0026679,0.0024243,0,0,0.02895,0.027272,1.453e-05,0,0.0024527,0.0070512,0,0.00339,0,0.0063057,0,0,0,9.8091e-05,0,0.0098725,0.0097435,0.0068511,0.0064398,0.0017691,0,0,0.013894,0,0
9.713e-06,0,0.0069342,2.1496e-06,0.0084963,0,0.0066203,0,0.0062114,0.0023719,0.00040879,0.0084739,0,0.00022266,0,0,0.00925,1.3926e-06,9.2416e-05,0,0.0017076,0,0,0.00055715,0,0.0025104,0,0,0.0024877,1.8639e-06,0,0.0088477,0.0046817,0.00083345,0.0034388,0,0,0,0,0,0
0,0,0,0,0,0,0,0.0017072,0.00012912,0,0.0044637,4.5734e-05,0,0,0,0,0,0,0,0,0,0,0,0.0028463,0,0,0,0,0.0012902,0,0,0,0.002939,0.0081045,0.0035433,0,0,0,0,0,0
0,0,0,0,0,0,0,0,0,0,0.00029976,0,0,0,0,0,0,0,0,0,0,0,0,0,0,0,0,0,0,0,0,0,0,0,0,0,0,0,0,0,0
0,0,0,0,0,0,0,0,0,0,0,0,0,0,0,0,0,0,0,0,0,0,0,0,0,0,0,0,0,0,0,0,0,0,0,0.38572,0,0,0,0,0
0,0.73372,0.11491,0.24417,0,0,0,0.99665,0,0.086739,0.11083,0.1968,0.021234,0.00844,0.24601,0,0.034687,0.001165,0,0.99983,0.32105,0.096907,0.30787,0,0.044071,0.11786,0.0011333,0,0.011292,0.5297,0.32766,0.53528,0,0,0.05778,0.32132,0.055746,0.038953,0.14257,0,0.25517
0.35265,0.26627,0.88509,0.51104,1,1,0.69876,0.0033478,0.59356,0.33068,0.46142,0.58341,0.52136,0.34311,0.75399,0.4042,0.67995,6.1565e-07,0.99898,0.00017048,0.40451,0.46259,0.69213,0.36136,0.95593,0.18447,0.12096,0.36396,0.01729,0.11136,0.67234,0.27331,0.80453,0.8624,0.94222,0.29295,0.63948,0.96105,0.85743,0.60593,0.27673
0.64735,1.7539e-05,0,0.24413,0,0,0.122,0,0.21755,0.58258,0.42775,0.083461,0.45741,0.10218,0,0.5958,0.28536,0.12727,0.0010236,0,0.27444,0.11693,0,0.63864,0,0.69766,0.15369,0.63604,0.97142,0.069229,0,0.19141,0.19547,0.1376,0,0,0.30478,0,0,0.17428,0.4681
0,0,0,0.00066123,0,0,0.17923,0,0.1889,0,0,0.13633,0,0.54627,0,0,0,0.87157,0,0,0,0.32358,0,0,0,0,0.72422,0,0,0.28971,0,0,0,0,0,0,0,0,0,0.21979,0
0,0,0,0,0,0,0,0,0,0,0,0,0,0,0,0,0,0,0,0,0,0,0,0,0,0,0,0,0,0,0,0,0,0,0,0,0,0,0,0,0
0,0,0,0,0,0,0,0,0,0,0,0,0,0,0,0,0,0,0,0,0,0,0,0,0,0,0,0,0,0,0,0,0,0,0,0,0,0,0,0,0
0,0,0,0,0,0,0,0,0,0,0,0,0,0,0,0,0,0,0,0,0,0,0,0,0,0,0,0,0,0,0,0,0,0,0,0,0,0,0,0,0
0,0,0,0,0,0,0,0,0,0,0,0,0,0,0,0,0,0,0,0,0,0,0,0,0,0,0,0,0,0,0,0,0,0,0,0,0,0,0,0,0
0,0,0,0,0,0,0,0,0,0,0,0,0,0,0,0,0,0,0,0,0,0,0,0,0,0,0,0,0,0,0,0,0,0,0,0,0,0,0,0,0
0.0083332,0.024704,0.067391,0.076127,0.055501,0.20157,0.028792,0.12768,0.027273,0.11635,0.030076,0.055957,0.023652,0.019204,0.0044232,0.020513,0.082164,0.0011292,0.072271,0.022814,0.088774,0.025761,0.082573,0.13756,0.019079,0.071852,0.010552,0.00092341,0.033845,0.063364,0.01285,0.0053177,0.047951,0.021722,0.045115,0.14655,0.022799,0.056591,0.058539,0.075341,0.10155
0.004925,0.00073886,0.035125,0.0015869,0.0074757,0.0042567,7.5708e-06,0.13712,0,0.0044249,0.007337,0.012304,0.0078494,0.010403,2.3499e-06,0.029942,0.059272,0.00032928,0.066622,0.003308,0.096875,0.014457,0.062527,0.018685,0,0.0093139,0.0072522,0.0016791,0.0011806,0.040755,0.0055886,0.011857,0.024081,0.0090516,0.052337,0.04964,0.0040189,0.0013501,0.0071083,0.012642,0.012958
0.0066779,0.0020913,0.039641,0.0083733,0.020006,0.00065139,2.5886e-06,0.10842,0,0.0028388,0.0070465,0.011098,0.011187,0.0036128,0.0027418,0.013318,0.044679,0.0012026,0.066995,1.3891e-05,0.052378,0.01139,0.062122,0.014381,0,0.0045913,0.006277,0.0037527,0.0039043,0.036904,0.0047228,0.00028154,0.026792,0.0015573,0.043357,0.041908,0.002582,0.0040133,0.0090418,0.0073906,0.0070029
1.7679e-05,0.0030486,0.052362,0.0032883,0.0080647,0.009058,0,0.085109,0,0.0053948,0.010042,0.02866,0.0029975,0.0061799,1.9842e-05,0.0065115,0.025242,0.00014139,0.027893,0.0063661,0.036581,0.03743,0.084996,0.010496,0,0.011614,0.0073413,0.00015164,0.00034504,0.062418,0.0007057,3.1367e-05,0.038281,0.0098968,0.031816,0.018127,0.0030299,0.0031112,0.0043242,0.0068136,0.0084269
0,0,0.070171,0.0086346,0.010329,0.0018151,9.1679e-06,0.12204,0,0.0059101,0.01761,0.022194,0.016192,0.0075304,0.00011853,0.0030167,0.036165,0.00011879,0.052899,0.0064313,0.038953,0.030536,0.067888,0.010461,0,0.0052336,0.0031255,0.0051185,0.00094553,0.034255,0.0068411,0.0012192,0.020938,0.00019364,0.028578,0.026778,0.0083559,0.0058356,0.011517,0.0021134,0.011618
0.0056132,0,0.060277,0.012247,0.006111,0.0073023,0,0.069525,0.0010776,0.0022882,0.010032,0.021355,0.0019646,0.012679,0.00060811,0.0042625,0.063921,3.3641e-05,0.046542,0.002788,0.029207,0.041161,0.054388,0.0085312,0,0.0023227,0.00045847,0,0.00067411,0.023293,0.0023095,0.0028578,0.025589,0.0077873,0.020018,0.017999,0.0025051,0.016688,0.0015866,0.0055046,0.010177
0.0039791,0.00015013,0.045621,0.0025215,0.0018243,0,0.0039209,0.057337,0,0.0054145,0.016998,0.01157,0.0072192,0.018233,5.6169e-06,0.00091448,0.028432,7.5374e-05,0.026853,0.0058401,0.037918,0.031469,0.042651,0.0099854,0.0036396,0.0021825,0.0085207,0.0024187,0.0040339,0.026118,0.0036656,7.2278e-06,0.0082011,0.00046264,0.024845,0.030531,0.0064644,0.005297,0.0053736,0.0051131,0.01276
9.9264e-06,0,0.041125,0.0032486,0.010077,0.00030417,0,0.050043,0.00228,0.0056227,0.0059219,0.024811,0.0073564,0.0073675,6.7081e-05,0.0029484,0.029986,0.00092121,0.019663,0.010401,0.01461,0.021159,0.056236,0.017932,0.00031807,0.0055617,0.0067999,0,0.0016121,0.016525,0.0055488,7.2389e-05,0.014029,0.0080337,0.018819,0.022202,0.0012206,0.010136,0.0010995,0.0034023,0.010523
0.0055058,0.0052104,0.0267,0.0052752,0.00051118,0.00044264,4.6003e-06,0.038427,0,0.0042145,0.0065778,0.010764,0.0025004,0.0028648,0.0031528,0.0010407,0.023379,0.0015671,0.035165,0.0063572,0.018839,0.016156,0.028003,0.0093302,0,0.0022271,0.0049699,0,0.00088502,0.020607,0.0037178,1.1848e-05,0.019336,0.0016422,0.021825,0.016509,0.0010698,0.0028173,0.0049036,0.0047342,0.0072683
0.96494,0.96406,0.56159,0.8787,0.8801,0.7746,0.96726,0.2043,0.96937,0.84755,0.88836,0.80129,0.91908,0.91193,0.98886,0.91753,0.60676,0.99448,0.5851,0.93568,0.58586,0.77048,0.45861,0.76264,0.97696,0.8851,0.9447,0.98596,0.95257,0.67576,0.95405,0.97834,0.7748,0.93965,0.71329,0.62976,0.94795,0.89416,0.89651,0.87695,0.81771
0.43883,0.069847,0.12073,0.107,0.098897,0.20459,0.074879,0.4463,0.067624,0.1845,0.091618,0.12188,0.075168,0.11137,0.055517,0.15804,0.14305,0.061549,0.1615,0.073008,0.18742,0.080714,0.33139,0.20429,0.072085,0.20246,0.10586,0.14883,0.10637,0.099937,0.14608,0.051173,0.10767,0.16757,0.11936,0.28933,0.16464,0.12612,0.093656,0.15827,0.21137
0.16685,0.071573,0.11092,0.032087,0.062433,0.079748,0.06006,0.15034,0.056973,0.062133,0.08858,0.054397,0.11526,0.10142,0.084511,0.086704,0.10237,0.09075,0.11103,0.092483,0.10136,0.099753,0.14825,0.10221,0.048687,0.10395,0.14754,0.082443,0.13055,0.12808,0.10343,0.079878,0.061919,0.15133,0.11035,0.12266,0.10951,0.097939,0.053821,0.094579,0.094988
0.087282,0.040127,0.10723,0.038673,0.060648,0.054797,0.072935,0.039843,0.044828,0.046329,0.0678,0.051567,0.050318,0.08608,0.045668,0.089501,0.059008,0.12931,0.087424,0.035606,0.096564,0.12038,0.058499,0.1015,0.050276,0.067004,0.15966,0.090577,0.08411,0.086806,0.0945,0.060801,0.078255,0.097345,0.094009,0.062353,0.1026,0.083792,0.055506,0.10158,0.072727
0.077314,0.041036,0.058694,0.047775,0.057098,0.043076,0.10958,0.05268,0.051341,0.037358,0.061649,0.084914,0.070657,0.091129,0.066647,0.086557,0.067207,0.11794,0.085579,0.032054,0.074048,0.10004,0.062592,0.068578,0.038232,0.060052,0.13156,0.076304,0.063955,0.10072,0.066279,0.050325,0.051898,0.071365,0.077,0.061769,0.071612,0.063901,0.024958,0.083174,0.078877
0.052788,0.053658,0.043656,0.042173,0.042912,0.066378,0.061666,0.035777,0.048126,0.035231,0.064513,0.039696,0.061943,0.056339,0.044369,0.046851,0.030841,0.092133,0.05357,0.038224,0.050765,0.090924,0.032803,0.059959,0.043841,0.047789,0.06731,0.047275,0.078295,0.059418,0.055946,0.048623,0.053616,0.028487,0.04973,0.047719,0.075284,0.06041,0.028411,0.072376,0.05232
0.028161,0.029288,0.02345,0.022613,0.039765,0.057035,0.029349,0.024682,0.036415,0.024828,0.032733,0.045198,0.03464,0.052588,0.072135,0.06116,0.036003,0.068942,0.038056,0.050409,0.025726,0.032242,0.018923,0.04277,0.03333,0.066742,0.070115,0.085899,0.056718,0.059671,0.050166,0.033972,0.030115,0.040421,0.04176,0.033772,0.057613,0.043405,0.041225,0.045978,0.046908
0.022731,0.017354,0.0062227,0.038876,0.046589,0.025668,0.041068,0.027801,0.047974,0.018676,0.039449,0.056097,0.028535,0.061206,0.034128,0.035946,0.031265,0.035234,0.019504,0.031403,0.03322,0.03044,0.015124,0.049687,0.03161,0.046501,0.035949,0.035352,0.0483,0.047205,0.051016,0.029091,0.031077,0.022196,0.024999,0.03821,0.039831,0.034416,0.022701,0.048748,0.037651
0.010167,0.037591,0.024985,0.034556,0.019159,0.020333,0.029046,0.028097,0.018943,0.017795,0.026399,0.027944,0.02186,0.031955,0.041592,0.030873,0.043584,0.023708,0.031401,0.01643,0.022667,0.022479,0.02995,0.026592,0.033957,0.018157,0.035201,0.028665,0.040615,0.044616,0.035584,0.028686,0.021338,0.020543,0.029765,0.006175,0.014872,0.027603,0.021355,0.039016,0.018141
0.01094,0.024253,0.039475,0.022768,0.015366,0.011444,0.01176,0.00083208,0.026745,0.033021,0.01286,0.015845,0.016238,0.040219,0.036164,0.021888,0.022171,0.025882,0.014526,0.023425,0.014607,0.039599,0.013496,0.024701,0.020433,0.012411,0.031186,0.019031,0.043622,0.025237,0.02191,0.016357,0.026253,0.012713,0.022012,0.022815,0.020667,0.028752,0.0075578,0.027653,0.032909
0.10493,0.61527,0.46463,0.61347,0.55713,0.43693,0.50965,0.19366,0.60103,0.54013,0.5144,0.50246,0.52538,0.3677,0.51927,0.38248,0.4645,0.35455,0.39741,0.60696,0.39362,0.38343,0.28897,0.31971,0.62755,0.37494,0.21562,0.38562,0.34746,0.34832,0.37508,0.60109,0.53786,0.38803,0.43101,0.3152,0.34336,0.43366,0.65081,0.32863,0.35411
0,0.069447,0,0.2504,0,0.035975,0.13635,0.00029737,0,0.08048,0.1336,0.15691,0,0.089716,0.00030791,0.14304,0.025577,0.0027978,0.016453,0.034942,0.094648,0.24128,0.043512,0.0076372,0,0.071723,0.0052554,0.075898,0.030611,0.27505,0.11583,0.12657,0.035472,0,0.00083331,0.23062,0.0072389,0.031559,2.1833e-05,0.13518,0.051865
0.0036367,0.51023,0.055514,0.15751,0.066057,0.27611,0.30696,0.04971,0.064552,0.058282,0.14255,0.25806,0.014453,0.1032,0.00079721,0.17535,0.20846,0.0092388,0.11139,0.11907,0.27456,0.059452,0.11199,0.010793,0.010381,0.12829,0.0083683,0.057961,0.098094,0.18946,0.10785,0.22136,0.15244,0.023372,0.013261,0.19246,0.099143,0.044151,0.090051,0.24652,0.2539
0.46259,0.045302,0.16848,0.054816,0.13347,0.17266,0.12378,0.30974,0.062132,0.12791,0.14559,0.15798,0.14091,0.087739,0.057693,0.13355,0.43251,0.14844,0.21497,0.043687,0.36757,0.061668,0.20623,0.044445,0.078951,0.078247,0.042241,0.060624,0.055341,0.086895,0.073938,0.12861,0.14204,0.091325,0.18997,0.13175,0.039381,0.14612,0.14671,0.13287,0.050465
0.5337,0.054682,0.2268,0.069123,0.40865,0.071607,0.082589,0.28131,0.48977,0.090216,0.062114,0.13111,0.25137,0.037216,0.19391,0.092738,0.10972,0.045958,0.084238,0.060657,0.065063,0.067335,0.19237,0.12544,0.14659,0.13295,0.070663,0.031759,0.04345,0.065212,0.04137,0.10922,0.25866,0.14502,0.23488,0.02595,0.16554,0.20952,0.12911,0.057688,0.087413
7.017e-05,0.029959,0.34073,0.06731,0.20103,0.018738,0.032719,0.28966,0.052376,0.037913,0.024652,0.087947,0.036822,0.036679,0.093787,0.41898,0.015866,0.046412,0.10029,0.060018,0.018085,0.40254,0.17008,0.80352,0.73611,0.12673,0.031453,0.045988,0.20901,0.015206,0.034294,0.065998,0.087471,0.37019,0.21945,0.12287,0.30586,0.50244,0.10898,0.037774,0.0624
0,0.040226,0.10579,0.034961,0.096629,0.42491,0.040075,0.027175,0.27832,0.037289,0.028131,0.208,0.034658,0.64545,0.15423,0.015286,0.028032,0.74715,0.11525,0.68162,0.027866,0.1393,0.059569,0.0081584,0.026046,0.13918,0.41917,0.057781,0.063196,0.018337,0.028997,0.063182,0.086385,0.1829,0.074855,0.12373,0.091043,0.066218,0.17265,0.11743,0.017969
0,0.024662,0.1027,0.26057,0.094157,0,0.27753,0.042106,0.052849,0.56791,0.46234,0,0.52179,0,0.37259,0.021055,0.17984,0,0.35742,0,0.15222,0.028419,0.21625,0,0.001925,0.23983,0.4226,0.29247,0.5003,0.34984,0.022911,0.10012,0.041756,0.11356,0.26674,0.16057,0.045174,0,0.28334,0.27247,0.026587
0,0.2255,0,0.10531,0,0,0,0,0,0,0.0010252,0,0,0,0.12669,0,0,0,0,0,0,0,0,0,0,0.083048,0.00025133,0.37752,0,0,0.42536,0.18493,0.19577,0.073623,0,0.012053,0.24661,0,0.069141,6.7635e-05,0.4494
0,0,0,0,0,0,0,0,0,0,0,0,0,0,0,0,0,0,0,0,0,0,0,0,0,0,0,0,0,0,0.14944,0,0,1.2003e-05,0,0,0,0,0,0,0
0,0,0,0,0,0,0,0,0,0,0,0,0,0,0,0,0,0,0,0,0,0,0,0,0,0,0,0,0,0,0,0,0,0,0,0,0,0,0,0,0
0.70772,0.75291,0.46512,0.85092,0.92466,0.50029,0.81342,0,0.99202,0.77881,0.50801,0.65331,0.759,0.96349,0.48913,0.1602,0.62775,0.76622,0.53358,0.87913,0.18334,0.45819,0.16373,0.3535,0.3525,0.29737,0.79511,0.89083,0.94174,0.59666,0.57218,0.28963,0.81438,0.49135,0.21799,0.27641,0.2879,0.31218,0.7262,0.34983,0.49553
0.29028,0.15384,0.14226,0.015192,0.070723,0.069198,0.17159,0,0.0079824,0.02605,0.17767,0.09247,0.22333,0.035612,0.23787,0.52827,0.12626,0.052422,0.35782,0.092557,0.091765,0.19476,0.053993,0.61184,0.24153,0.11482,0.049319,0.10133,0.04509,0.29921,0.029348,0.037796,0.063619,0.12133,0.32063,0.12393,0.031781,0.30548,0.16283,0.038516,0.027072
0.0018088,0.075089,0.33784,0.064317,0.0046165,0.12986,0.014847,0.044835,0,0.093296,0.098616,0.049515,0.015298,0.00038998,0.16697,0.0623,0.072144,0.1407,0.10203,0.028139,0.070716,0.22571,0.055133,0.026699,0.382,0.1135,0.025821,0.007835,0.00080798,0.039266,0.037324,0.068035,0.09017,0.25965,0.33338,0.13507,0.36087,0.15058,0.10811,0.022465,0.075392
0.00017716,0.0076275,0.054776,0.037175,0,0.20904,0.00014452,0.024445,0,0.058366,0.04564,0.086361,0.0023668,0.00020976,0.099645,0.068845,0.14143,0.03949,0.006512,1.4551e-05,0.14108,0.086812,0.16448,0.0079655,0.023972,0.15259,0.05229,0,5.7097e-06,0.026462,0.035829,0.067754,0.030594,0.12766,0.1018,0.010342,0.18589,0.18888,0.00255,0.063735,0.081956
1.1717e-05,0.0083574,0,0.020346,0,0.091601,0,0.33877,0,0.037501,0.05619,0.073366,0,0.00028492,0.0051588,0.1029,0.032415,1.5449e-06,5.8363e-05,5.1326e-05,0.34149,0.022313,0.17442,0,0,0.11253,0.068096,0,1.0501e-05,0.035844,0.05331,0.1039,0.0005946,0,0.021455,0.0042547,0.087203,0.042866,0.0003131,0.13697,0.11827
0,0.0021731,0,0.012051,0,3.5015e-06,0,0.23683,0,0.0059774,0.065586,0.038774,0,1.4883e-05,0.00065447,0.040502,0,0.0011641,0,8.0261e-05,0.12831,0.0063864,0.27487,0,0,0.15919,0.0093632,0,0.0042435,0.0025586,0.085684,0.20046,0.00064037,0,0.0047398,0.056532,0.028456,1.7042e-05,0,0.30437,0.15704
0,0,0,0,0,0,0,0.29248,0,0,0.033943,0.0029865,0,0,0.00057774,0.036985,0,0,0,2.4343e-05,0.043298,0.0047601,0.11256,0,0,0.05,0,0,0.0081031,0,0.084057,0.13422,0,0,0,0.17725,0.017894,0,0,0.079226,0.044736
0,0,0,0,0,0,0,0.062355,0,0,0.014343,0.0032137,0,0,0,0,0,0,0,0,0,0.0010693,0.00064774,0,0,0,0,0,0,0,0.07367,0.096977,0,0,0,0.13059,0,0,0,0.0048932,0
0,0,0,0,0,0,0,0.00029737,0,0,0,0,0,0,0,0,0,0,0,0,0,0,0.00017337,0,0,0,0,0,0,0,0.028593,0.0012303,0,0,0,0.085619,0,0,0,0,0
0,0,0,0,0,0,0,0,0,0,0,0,0,0,0,0,0,0,0,0,0,0,0,0,0,0,0,0,0,0,0,0,0,0,0,0,0,0,0,0,0
0,0,0,0,0,0,0,0.43102,0,0,0,0,0,0,0,0,0,0,0,0,0,0,0,0,0,0,0,0,0,0,0,0,0,0,0,0.063678,0,0,0,0,0
0,0.062057,0.057479,0.0036568,0,0,0,0.56898,0,0.00023793,0.0018212,0.020007,0,0,0,0,0,0,0,0,0,0,0.48977,0,0,0,0.0012356,0,0.0083471,0.0020941,0.74382,0.10606,4.3304e-05,0.00015803,0.24291,0.3252,0.0032273,0,0.034385,0.00047736,0.010524
0,0.19294,0.093918,0.22836,0.018099,0,0,0,0,0.00013667,0.68325,0.08993,1.0291e-05,0.00012449,0.53504,0.013327,0.0059366,0.0011195,0.33704,3.5794e-05,0.34185,0.21143,0.45238,0.00025148,0.16235,0.7972,0.12893,0.55195,0.0033697,0.034028,0.18426,0.70414,0.20658,0.57606,0.10764,0.35217,0.7413,0,0.062314,0.42676,0.70026
2.9733e-05,0.025639,0.1309,0.16829,0.084618,0.00045056,0.28576,0,0.071424,0.62028,0.029706,0.051327,0.58268,0.00014229,0.39949,0.23868,0.25784,0.049984,0.12901,0.0037601,0.35611,0.07075,0.057838,0.50552,0.19751,0.1509,0.57437,0.1439,0.51319,0.36426,0.032289,0.1897,0.053909,0.074377,0.19371,0.10034,0.18861,0.47521,0.35836,0.46059,0.14388
0.015295,0.03829,0.26671,0.14879,0.096583,0.78104,0.070265,0,0.2624,0.11337,0.032395,0.31418,0.06082,0.67528,0.045363,0.50476,0.1074,0.87958,0.10572,0.70405,0.12956,0.028036,1.0499e-05,0.095209,0.34911,0.035521,0.29198,0.059441,0.060409,0.034135,0.019677,6.9624e-05,0.12644,0.026259,0.17561,0.021751,0.039806,0.3508,0.15866,0.074911,0.096793
0.30614,0.032912,0.31823,0.052324,0.2376,0.12192,0.046124,0,0.083272,0.040307,0.027817,0.073718,0.19493,0.03251,0.015712,0.041627,0.096127,0.051831,0.14929,0.077801,0.062461,0.39252,0,0.34056,0.25266,0.014744,0.0031623,0.046097,0.20584,0.042619,0.01715,2.3057e-05,0.18009,0.11966,0.2363,0.027504,0.025821,0.10096,0.17636,0.020671,0.041782
0.58874,0.10501,0.1147,0.025236,0.48433,0.068067,0.070563,0,0.4727,0.15391,0.060961,0.10928,0.14593,0.036638,0.0043868,0.048377,0.38673,0.0078456,0.14855,0.0632,0.053709,0.088721,0,0.044136,0.037759,0.0016269,0.00017297,0.063082,0.070112,0.07272,0.0023858,2.4487e-06,0.26399,0.14358,0.031196,0.052196,0.00034266,0.046064,0.18801,0.007553,0.0017132
0.089798,0.17424,0.018063,0.032684,0.078766,0.02852,0.15757,0,0.10513,0.071753,0.11396,0.068622,0.015633,0.1121,0,0.078749,0.11057,0.0026541,0.11815,0.090874,0.041467,0.12962,0,0.014263,0.00060422,1.0266e-05,8.8615e-05,0.068637,0.10884,0.28484,0.00021674,1.0185e-06,0.1607,0.059196,0.012621,0.030155,0.00034926,0.017748,0.021512,0.0047912,0.0010097
0,0.36891,0,0.20434,0,0,0.36969,0,0.0050823,0,0.047799,0.2541,0,0.13144,0,0.070681,0.026664,0.0062672,0.012242,0.060277,0.013292,0.048732,0,3.9969e-05,0,0,4.7608e-05,0.041428,0.02985,0.16526,0.00019273,0,0.0066876,0.00070471,7.0821e-07,0.0138,0.00030793,0.0092168,0.00040918,0.0026216,0.0024925
0,0,0,0.13632,0,0,3.1525e-05,0,0,0,0.0022881,0.01884,0,0.011757,0,0.0037998,0.0087166,0.00072302,0,0,0.0015527,0.030197,0,2.1324e-05,0,0,1.2409e-05,0.025466,4.0273e-05,4.6238e-05,0,0,0.0015632,0,0,0.013203,0.00023875,0,0,0.0016271,0.0015446
0,0,0,0,0,0,0,0,0,0,8.9868e-06,0.039044,0,0.020281,9.7208e-06,2.5381e-05,0,6.4834e-05,6.4095e-06,4.6969e-06,0,0.25461,0.0002663,0.0038594,0,0.05369,0.0016595,0.12116,2.0538e-05,0,0.0022873,1.7306e-05,0,0,0.0048302,0.042014,0.0041856,0.00082188,3.1862e-05,0.038635,0.051372
0,0,0,0.0016171,0,0,0,0,0,0.031486,0.00046328,0.070831,0,0.014636,9.9959e-06,0,0.00023849,0,2.0608e-05,0,0.0053436,0.0061988,0,0.0018601,0,0,0,0.0059988,0,0,1.2025e-06,1.0242e-05,0,0,0,0.0022616,0.0095932,0.028682,0,0,0.027441
0,0,0.0017854,0.034223,0,0.00018808,3.9249e-06,0,0,0.022575,0.0003395,0.032776,0,0.004438,3.5553e-05,0.002868,0,0,0,0,0.0062061,0,0,5.7982e-05,0,0,0,0.0026685,0,7.1347e-05,5.1948e-05,0.0025255,0,0,0.018158,0,0,0.00064418,0.012467,0,0.0018893
0,0,0.00091005,0.023723,0,0.0023726,0.0017926,0,0,0.001855,0.0096606,0.004721,0.0034201,0.0092612,0.00037103,0.0013404,0,0.0026832,0.00018759,0.0046369,0.0040746,0.0011634,0,0.0039819,0,0,0,0.0018105,0,8.8247e-05,9.9431e-06,0.018208,7.5502e-05,0,0.10843,0.00098117,0,0.019794,0.01045,1.5302e-06,0.00058431
0.45777,0.38137,0.59792,0.28357,0.41334,0.48802,0.39581,0.61274,0.47668,0.37553,0.50028,0.21027,0.43291,0.41761,0.37134,0.37463,0.53336,0.57758,0.53588,0.41938,0.52291,0.26697,0.53102,0.44411,0.50311,0.4268,0.59412,0.32588,0.44611,0.49257,0.51045,0.50125,0.36621,0.41697,0.43027,0.1947,0.48763,0.3897,0.37256,0.40941,0.3219
0.54223,0.61863,0.39484,0.50187,0.58666,0.48732,0.59772,0.38726,0.52332,0.48104,0.48113,0.33991,0.56218,0.44959,0.62751,0.48873,0.4508,0.41816,0.46337,0.57236,0.4208,0.17701,0.44487,0.53037,0.49689,0.41662,0.38626,0.4256,0.54147,0.50712,0.48259,0.46285,0.63362,0.58303,0.40403,0.23408,0.4508,0.45574,0.59478,0.35878,0.41759
0,0,0.0045409,0.059145,0,0.022091,0.0046643,0,0,0.00090359,0.0070904,0.029824,0.0014828,0.02074,0.0004422,0.0069455,0.006657,0.00041257,0.00048979,0.0034441,0.0022794,0.00088071,0,0.0086222,0,0.00023852,8.5189e-06,0.008591,9.9945e-06,5.441e-05,3.9953e-06,0.0075737,0,0,0.032929,0.0045526,4.625e-05,0.0072068,0.0022554,0.00044497,0.00028591
0,0,1.1309e-05,0.069429,0,7.1189e-06,4.1089e-06,0,0,0.049373,6.7639e-07,0.061549,0,0.0061002,0.00016678,0.012961,0.0050953,0,2.1024e-05,0,0.0048752,0.0048037,0,0.00054296,0,0,1.262e-06,0.0028352,7.476e-06,9.1035e-05,0,0.0071189,9.7396e-05,0,0.0012898,0.0010235,0,0.0043806,0.0070207,0.0009548,0.0051593
0,0,0,0.026419,0,0,0,0,0,0.037234,0.00099321,0.14003,0,0.041885,4.8532e-05,0.016044,0.0038353,0,5.7268e-06,0,0.02769,2.7191e-05,0,0.00077691,0,0,3.7397e-05,0.014212,1.1055e-05,0,1.2579e-06,4.7076e-06,0,0,0,0.0033499,0.0035958,0.014179,5.2682e-06,0.00036429,0.0038154
0,0,0,0,0,0,0,0,0,0,3.1181e-05,0.071044,0,0.015459,6.0343e-05,0.096461,1.306e-05,0.0011008,1.4062e-05,0.00016578,0.0058237,0.28834,0.023846,0.0058255,0,0.10265,0.017916,0.091238,0.012374,0,0.0045967,0.0004437,0,0,6.6093e-05,0.51704,0.044148,0.078852,0.00043265,0.19141,0.16996
0.97831,0.72838,0.9474,0.64936,0.99838,0.50987,0.83074,0.19583,1,0.81354,0.64457,0.45092,0.27904,0.79658,0.9162,0.71754,0.5403,0.74096,0.87141,0.88956,0.2643,0.43349,0.14812,0.92381,0.96435,0.45736,0.93416,0.72285,0.94994,0.55139,0.7961,0.60976,0.88128,0.99632,0.59797,0.20826,0.75444,0.16626,0.68832,0.39932,0.60346
0.020709,0.11692,0.035267,0.083191,0.0016231,0.099067,0.0012117,0.052998,0,0.0038235,0.075429,0.040345,0.64015,0.015554,0.030056,0.037418,0.12114,0.0011509,0.1189,0.0045915,0.078428,0.0031254,0.32423,0.014219,0.035651,0.28904,0.015873,0.0065511,0.0048651,0.12803,0.0040603,0.04703,0.013231,0.002482,0.042471,0.00028486,0.10866,0.02871,0.034133,0.098875,0.020225
0.00085255,0.0133,0.0087232,0.019374,0,0.061215,5.5201e-05,0.051903,0,0.0038971,0.043697,0.025734,0.037811,0.011457,0.017737,0.014345,0.039504,0.0026044,0.008872,0.0055561,0.07695,4.135e-05,0.17308,0.01752,0,0.011577,0.022021,0.0029118,0.0057138,0.099182,0.00025834,0.0028222,0.025528,3.6154e-06,0.021067,0.0037028,0.0060879,0.11241,0.022922,0.030525,0.0081613
0.00013015,0.021914,0.0033558,0.030834,0,0.043607,0.0050813,0.046234,0,0.0028196,0.042275,0.010709,0.027977,0.017663,0.015453,0.011174,0.022822,0.0036938,0.0001591,0,0.052502,0.0012386,0.032661,0.0015484,0,0.010009,0.0083262,0,0.001059,0.0611,0.0033662,0.0019703,0.0018164,0.0002198,0.018569,0.0032415,0.023864,0.16705,0.019035,0.075321,0.021465
0,0.017299,0.0051279,0.03439,0,0.027651,0.00023843,0.13148,0,0.0072322,0.013251,0.013787,0.015018,0.0079322,0.02028,0.0086086,0.020416,0.0041178,6.7134e-05,0,0.10167,0.0010032,0.026312,0,0,0.006963,2.9731e-06,0,0,0.024774,0.0022842,0.00022221,0.013104,0.0001169,0.013416,0.046621,0.0086871,0.064144,0.027925,0.08707,0.020504
0,0.055279,0.000124,0.028169,0,0.03967,0.0013184,0.054617,0,0.021263,0.015387,0.0089585,0,0.010065,0,0.024827,0.031206,0.041876,3.3061e-05,0,0.13626,0.0041829,0.058673,9.4779e-07,0,0.0056859,0,0.0023023,0,0.0054242,0.0018114,0.00039244,0.010172,0.00039325,0.039688,0.056296,0.011341,0.05084,0.060509,0.026749,0.023731
0,0.0094132,0,0.03345,0,0.10252,0.0064461,0.049514,0,0.0056541,0.035958,0.096491,0,0.020647,0,0.032951,0.09468,0.05417,5.6826e-06,0,0.12693,0,0.073664,0.0005854,0,0.024778,1.4947e-06,0,0.00072855,0.010835,0.0012834,0.00011218,0.0085477,0.00046281,0.036605,0.025054,0.012777,0.13206,0.14669,0.051396,0.02628
0,0.021885,0,7.9855e-06,0,0.1164,0.0054792,0.097185,0,0.0017467,0.015131,0.042424,0,0.031523,0,0.05662,0.12792,0.050217,0.00016005,0,0.11823,0.0013863,0.13915,0.0017491,0,0.03825,0,0,0,0.029256,0.008756,0.010239,0.0071443,0,0.20625,0.053048,0.02581,0.077525,0,0,0.054514
0,0.015605,0,0.0034793,0,0,0.023972,0.21582,0,0.014767,0.012834,0.14086,0,0.087858,0,0.020615,0.0019984,0.053072,0.00014954,0.0032573,0.024805,0.0085745,2.1203e-06,0.003046,0,0,4.9177e-05,0.12863,0.00499,0.067333,0.036,0.0097492,0.035365,0,0.014302,0.066103,0,0.082752,0,0.00081619,0.00033168
0,0,0,0.11774,0,0,0.12546,0.10443,0,0.12525,0.10147,0.16977,0,0.00071897,0.00027236,0.0759,1.306e-05,0.048134,0.00024065,0.097039,0.01992,0.54695,0.024112,0.03752,0,0.15634,0.019562,0.13676,0.032709,0.022671,0.14608,0.3177,0.003811,0,0.0096551,0.53739,0.048333,0.11825,0.00046978,0.22993,0.22133
0,0.0058326,0,0.020598,0,0,0.010954,0.007323,0.023937,0,0.022581,0.057753,0,0.00024916,0,0,0.027606,0,0,0,0.032778,0.0078693,0,0,0,7.3843e-05,0,0,0.0092933,0.010823,0,4.0345e-05,0,0.00097508,0.00067039,0,0,0,0,0.00038797,0
0,0,0,0.036519,0,0,0.0079359,0,0.0016413,0,0,0.013009,0,0.023488,0,0,0,0,0.0039488,0,0,0,0,0.01913,0,0.00099797,0,0,0.012394,8.2991e-07,0,0,0,0,0,0,0,0,0,0,0
0,0,0,0.014647,0,0,0,0,0,0,0,0,0,0,0,0,5.3972e-05,0,0,0,0,0.00062407,0,0,0,0.00083988,0,0,0.0018616,0,0,0,0,0,0,0,0,0.00091453,0,0,0
0,0,0,0,0,0,0,0,0,0,0,0.0058835,0,2.3938e-05,0,0,0,0,1.4334e-05,0,0,0,0,0,0,0.010234,0,0,0,1.3015e-05,0,0,0,0,0.0016074,0,0,2.3618e-05,0,0,0
0,0,0,0,0,0,0,0,0,0.001945,0,0.0064732,0,0.00014862,0,0,0,0,0,0,0,0,0,0,0,0.0082981,0,0,0,2.8328e-06,0,0,0,0,0,0,0,0.001145,0,0.0029104,0
0,0,0,0,0,0,0,0,0,0,0,0,0,0.00015552,0,2.2267e-05,0,0,3.3455e-06,0,2.8834e-06,0.0035401,0,0,0,0.0015933,0,0,0,1.2918e-06,0,1.0592e-05,0,0,0,0,0.00036108,0.00021152,0,0.0076207,0.012157
0,0,0,0,0,0,0,0,0,0,0,0,0,0,0,0.00055811,9.9977e-05,0,0,0,3.9141e-05,0,0,1.523e-05,0,0,2.1544e-05,0,3.861e-06,0,0,1.2543e-05,0,0,0,0.012003,0.0041233,0.00043777,0,0.0026855,0.0068122
0,0,0,0,0,0,0,0,0,0,0,0,0,0,0,0,0,0,0,0,1.2261e-05,0,0,0,0,1.4294e-05,0.00020868,0,0,0,0.00020128,4.5563e-06,0,0,0,0.008165,0,0,0,0,0
0,0,0,0,0,0,0,0,0,0,0,0,0,0,0,0,0,0,0,0,1.7e-06,0.00103,0.00036767,0.00063661,0,2.992e-05,0.00012203,0,0.00060115,0,7.2243e-05,2.6381e-06,0,0,0,0,0,0,0,0,0
1.9339e-05,0.01151,0.01522,0.019148,0.010099,0,0.0089544,0.023767,0.0041148,0.028128,0.016715,0.017029,0,0.01152,0.00015418,0.086186,0.0048244,0.0022612,0.0098586,0.0027959,0.0063972,0.12229,0.01959,0.0058559,8.07e-07,0.12542,0.016452,0.016743,0.014464,0.0033768,0.018097,0.013261,0.0040875,0.0034637,0.020725,0.25719,0.039996,0.06457,0.006677,0.18016,0.18731
0,0.0023473,0.00033721,0.01661,4.5702e-05,0.088734,0,7.2678e-05,0.0021463,0,1.1402e-05,0.018538,0,0.0022345,0,0,0.029359,0,0.0011887,0,0.011562,0,0,0,0,5.2571e-05,0.00011824,0,0.011748,0.01883,0.0010402,0,0,0.00029663,3.8461e-05,0,0.00065651,0,0.000323,0,0.0025814
0,0,0,0.0068161,0,0.022671,0.0069463,9.0203e-06,0,0.0033268,0,0.0038582,0,0.0026544,0,0.0027607,0,0,0,0,0,0,0,0,0,0,0,0,0,0,0.0016747,0,0.0029242,0,0,0,0,0,0,0,0
0,0,0,0,0,0,0,0,0,0,0,0.0079569,0,5.0312e-06,0,0,0,0,0,0,0,0,0,0,0,0,0,0,0,0,0,0,0,0,0,0,0,0,0,0,0
0,0,0,0,0,0,0,0,0,0,0,0,0,0,0,0,0,0,0,0,0,0,0,0,0,0,0,0,0,0,0,0,0,0,0,0,0,0,0,0,0
0,0,0.0054643,0,0,0,0,0,0,0,0,0,0,0,0,0,0,0,0,0,0,0,0,0,0,0,0,0,0,0,0,0,0,0,0,0,0,0,0,0,0
0,0,0,0,0,0,0,0,0,0,0,0,0,0,0,0,0,0,0,0,0,0,0,0,0,0,0,0,0,0,0,0,0,0,0,0,0,0,0,0,0
0,0,0,0,0,0,0,0,0,0,0,0,0,0,0,0,0,0,0,0,0,0,0,0,0,0,0,0,0,0,0,0,0,0,0,0,0,0,0,0,0
0,0,0,0,0,0,0,0,0,0,0,0,0,0,0,0,0,0,0,0,0,0,0,0,0,0,0,0,0,0,0,0,0,0,0,0,0,0,0,0,0
0,0,0,0,0,0,0,0,0,0,0,0,0,0,0,0,0,0,0,0,0,0,0,0,0,0,0,0,0,0,0,0,0,0,0,0,0,0,0,0,0
0,0.015215,0.020345,0.0070551,0.04599,0,0.024673,0.0048791,0.0056639,0.012864,0.00040773,0.018916,0,0.012308,0,0.022641,0.0062882,0.0040403,0.016482,0.0024394,0.028345,0.025662,8.6496e-05,0.0029148,0,0.003462,0,0.0021907,0.0097494,0.00010674,0.010238,0.037355,0.017226,0.012092,0.016819,0,0.00085,0,0.031075,0,0.0056038
0,0.006034,0.0004202,0.037828,0.0030704,0.048973,0.0072938,0.0039752,0.016651,0.0079201,0,0.01732,0,0.0044989,0,0,0.035294,0,0.0032133,0,0.0080422,0,0.0046979,0,0.029897,0.0017191,2.7147e-05,0,0.0056343,0.013245,0,5.7497e-05,0.0030436,0.0078362,0.003642,0,2.7747e-05,0.0001565,0,0,0
0,0,0,0.00049202,0,0,0,3.847e-06,0,0,0,0.0047519,0,2.7311e-05,0,0.0020814,0,0,0,0,0.005324,0,0.010815,0,0,0,0,0,0,0.00092094,0,0,0,0,0,0,0,0,0,0,0
0,0,0,0,0,0,0,0,0,0,0,0,0,0,0,0,0,0,0,0,0,0,0,0,0,0,0,0,0,0,0,0,0,0,0,0,0,0,0,0,0
0,0,0,0,0,0,0,0,0,0,0,0,0,0,0,0,0,0,0,0,0,0,0,0,0,0,0,0,0,0,0,0,0,0,0,0,0,0,0,0,0
0,0,0,0,0,0,0,0,0,0,0,0,0,0,0,0,0,0,0,0,0,0,0,0,0,0,0,0,0,0,0,0,0,0,0,0,0,0,0,0,0
0,0,0,0,0,0,0,0,0,0,0,0,0,0,0,0,0,0,0,0,0,0,0,0,0,0,0,0,0,0,0,0,0,0,0,0,0,0,0,0,0
0,0,0,0,0,0,0,0,0,0,0,0,0,0,0,0,0,0,0,0,0,0,0,0,0,0,0,0,0,0,0,0,0,0,0,0,0,0,0,0,0
0,0,0,0,0,0,0,0,0,0,0,0,0,0,0,0,0,0,0,0,0,0,0,0,0,0,0,0,0,0,0,0,0,0,0,0,0,0,0,0,0
0,0,0,0,0,0,0,0,0,0,0,0,0,0,0,0,0,0,0,0,0,0,0,0,0,0,0,0,0,0,0,0,0,0,0,0,0,0,0,0,0
0,0.040933,0.044691,0.009506,0.047964,0,0.0091021,0.00017168,0.005718,0.012697,0.0026626,0.021789,0,0.029244,0,0.022661,0.0060822,0.013122,0.0020958,0.0059852,0.041796,0.025796,0.010147,0.0014443,0.055593,0.0069687,0,0.015716,0.011463,0.00025996,0.017398,0.063027,0.026746,0.037541,0.034837,0,0.0023011,0.00028985,0.022797,0.052016,0.0064401
0.0074257,0.0032741,0.0059137,0.019356,0.0026249,0,0.00029721,0,0.0029653,0.049381,0,0.0071509,0.014899,0.00043559,0.0066579,0,0.017412,0,6.8564e-07,0,0.011357,0,0.00033936,0.00067464,0.0044182,0,0.00020507,0,0,0.010689,0,0.0036101,0.0088365,0.0054071,0.00092009,0,0.00032768,0,0.019588,0,0
0,0.0013789,0,0,0,0,0,0.00015536,0,0,0,0.00091938,0.001412,2.4818e-06,0,0,0,0,0,0,0.0037982,0,0,0,0,0,0,0,0,0,0,0,5.5514e-06,0,0,0,0,0,0,0,0
0,0,0,0,0,0,0,0,0,0,0,0,0,0,0,0,0,0,0,0,0,0,0,0,0,0,0,0,0,0,0,0,0,0,0,0,0,0,0,0,0
0,0,0,0,0,0,0,0,0,0,0,0,0,0,0,0,0,0,0,0,0,0,0,0,0,0,0,0,0,0,0,0,0,0,0,0,0,0,0,0,0
0,0,0,0,0,0,0,0,0,0,0,0,0,0,0,0,0,0,0,0,0,0,0,0,0,0,0,0,0,0,0,0,0,0,0,0,0,0,0,0,0
0,0,0,0,0,0,0,0,0,0,0,0,0,0,0,0,0,0,0,0,0,0,0,0,0,0,0,0,0,0,0,0,0,0,0,0,0,0,0,0,0
0,0,0,0,0,0,0,0,0,0,0,0,0,0,0,0,0,0,0,0,0,0,0,0,0,0,0,0,0,0,0,0,0,0,0,0,0,0,0,0,0
0,0,0,0,0,0,0,0,0,0,0,0,0,0,0,0,0,0,0,0,0,0,0,0,0,0,0,0,0,0,0,0,0,0,0,0,0,0,0,0,0
0,0,0,0,0,0,0,0,0,0,0,0,0,0,0,0,0,0,0,0,0,0,0,0,0,0,0,0,0,0,0,0,0,0,0,0,0,0,0,0,0
4.4879e-05,0.057612,0.02558,0.01199,0.02704,0.00069102,0.067296,0,0.0035731,0.04671,0,0.044573,0,0.043841,1.626e-05,0.014707,0.0077704,0.019369,0.00020626,0.01636,0.040796,0.02322,0.053185,0.0025796,0.016519,0.0099139,0.0010458,0,0.008559,0.0030945,0.014114,0.039801,0.015825,0.020015,0.029741,0.0005753,0.0076566,0.00018687,0.041775,0.055793,0.016693
0.039675,0.039256,0.0092457,0.013465,0.010853,0,0.017513,0.0044583,0.0017062,0.003397,0,0.011606,0.023958,0.019481,0,0,0.029177,0,0.0014605,0.0094595,0.016097,0.0037306,0,0.0013064,0.0064178,0.00049083,0.0016762,0,1.3687e-06,0.0099398,0.00024638,0,0.00057105,0.0096169,0.0010844,0,0.0002152,0.00089408,0.010818,0.00054661,0
0,0,0,0,0,0,0,0.0013214,0,0,0,0.0075188,0,0,0,0,0.0001631,0,0,0,0.00097338,0.0031307,0,0,0,0,0,0,0,1.3941e-05,0,0,0.00021924,0,0,0,0,0,0,0,0
0,0,0,0,0,0,0,0,0,0,0,0.00093674,0,4.7696e-06,0,0,0,0,0,0,0,0,0,0,0,0,0,0,0,1.6924e-06,0,0,0,0,0,0,0,0,0,0,0
0,0,0,0,0,0,0,0,0,0,0,0,0,0,0,0,0,0,0,0,0,0,0,0,0,0,0,0,0,0,0,0,0,0,0,0,0,0,0,0,0
0,0,0,0,0,0,0,0,0,0,0,0,0,0,0,0,0,0,0,0,0,0,0,0,0,0,0,0,0,0,0,0,0,0,0,0,0,0,0,0,0
0,0,0,0,0,0,0,0,0,0,0,0,0,0,0,0,0,0,0,0,0,0,0,0,0,0,0,0,0,0,0,0,0,0,0,0,0,0,0,0,0
0,0,0,0,0,0,0,0,0,0,0,0,0,0,0,0,0,0,0,0,0,0,0,0,0,0,0,0,0,0,0,0,0,0,0,0,0,0,0,0,0
0,0,0,0,0,0,0,0,0,0,0,0,0,0,0,0,0,0,0,0,0,0,0,0,0,0,0,0,0,0,0,0,0,0,0,0,0,0,0,0,0
0,0,0,0,0,0,0,0,0,0,0,0,0,0,0,0,0,0,0,0,0,0,0,0,0,0,0,0,0,0,0,0,0,0,0,0,0,0,0,0,0
0.7989,0.29246,0.086173,0.23799,0.34777,0.0031637,0.076574,0.032904,0.57366,0.17347,0,0.27529,0.4176,0.45158,0,0.013156,0.20546,0.52004,0.0079955,0.3769,0.11543,0.22933,0.024503,0.010743,0.034667,0.23895,0.92086,0.043875,0.027439,0.16785,0.012567,0.07618,0.12591,0.033463,0.079219,0.015828,0.0098455,0.42633,0.061827,0.42016,0.020106
0.0047372,0.03755,0.074676,0.054236,0.011248,0.078149,0.041453,0.035349,0.011681,0.2102,0.15654,0.020414,0.065181,0.011103,0.021017,0.032326,0.03611,0.009156,0.29674,0.036524,0.026586,0.037312,0,0.19971,0.093842,7.7268e-05,0,0.00070813,0.014974,0.0081358,0.029135,0.0042597,0.041095,0.035562,0.045898,0.0054236,0.0034415,0,0.11369,0,0.0022709
0,0,0,0,0,0,0,0,0,0,0.026929,0.0062186,0.0010527,0,0,0.0059951,0.00011752,0.0030362,0,0,0.00095491,0.0081028,0,0,0,0,0,0,0,2.2968e-05,0,0,0,0,0.00017223,0.0093081,0,0,0,0,0
0,0,0,0,0,0,0,0,0,0,4.6448e-05,0,0,1.1163e-05,0,0,0,0,0,0,0,0,0,0,0,0,0,0,0,0,0,0,0,0,0,0,0,0,0,0,0
0,0,0,0,0,0,0,0,0,0,0,0,0,0,0,0,0,0,0,0,0,0,0,0,0,0,0,0,0,0,0,0,0,0,0,0,0,0,0,0,0
0,0,0,0,0,0,0,0,0,0,0,0,0,0,0,0,0,0,0,0,0,0,0,0,0,0,0,0,0,0,0,0,0,0,0,0,0,0,0,0,0
0,0,0,0,0,0,0,0,0,0,0,0,0,0,0,0,0,0,0,0,0,0,0,0,0,0,0,0,0,0,0,0,0,0,0,0,0,0,0,0,0
0,0,0,0,0,0,0,0,0,0,0,0,0,0,0,0,0,0,0,0,0,0,0,0,0,0,0,0,0,0,0,0,0,0,0,0,0,0,0,0,0
0,0,0,0,0,0,0,0,0,0,0,0,0,0,0,0,0,0,0,0,0,0,0,0,0,0,0,0,0,0,0,0,0,0,0,0,0,0,0,0,0
0,0,0,0,0,0,0,0,0,0,0,0,0,0,0,0,0,0,0,0,0,0,0,0,0,0,0,0,0,0,0,0,0,0,0,0,0,0,0,0,0
0.14153,0.2439,0.63368,0.3652,0.39646,0.69627,0.56653,0.71887,0.25017,0.38127,0.70484,0.14938,0.44629,0.20705,0.91094,0.74865,0.43978,0.26937,0.62547,0.49865,0.38904,0.31585,0.72811,0.71582,0.61957,0.48809,0.041136,0.79504,0.76856,0.66145,0.79568,0.52197,0.65071,0.74496,0.54771,0.55429,0.85192,0.10965,0.51723,0.087844,0.59913
0,0.0066531,0.00061967,0.021705,0.0076114,0,0.012244,3.3779e-06,5.7982e-05,0.016085,0,0.0049861,0,0.0028627,0,0,0.010631,0.0086618,2.5577e-05,0,0.007827,0.0015512,0,0,0,0,5.9883e-06,0,0.0089146,0.018127,0.00091002,0,0.0010923,0.0010465,0.0036417,0.0014384,0,0,0,0,0
0,0,0,0,0,0,0,0,0,0,0,0.016876,0,0,0,0,0,0,0,0,0,0.00039746,0,0,0,0,0,0,0,3.2383e-06,0,0,0,0,0.00016795,0.0099775,0,0,0,0,0
0,0,0,0,0,0,0,0,0,0,0,0,0,0,0,0,0,0,0,0,0,0,0,0,0,0,0,0,0,0,0,0,0,0,0,0,0,0,0,0,0
0,0,0,0,0,0,0,0,0,0,0,0,0,0,0,0,0,0,0,0,0,0,0,0,0,0,0,0,0,0,0,0,0,0,0,0,0,0,0,0,0
0,0,0,0,0,0,0,0,0,0,0,0,0,0,0,0,0,0,0,0,0,0,0,0,0,0,0,0,0,0,0,0,0,0,0,0,0,0,0,0,0
0,0,0,0,0,0,0,0,0,0,0,0,0,0,0,0,0,0,0,0,0,0,0,0,0,0,0,0,0,0,0,0,0,0,0,0,0,0,0,0,0
0,0,0,0,0,0,0,0,0,0,0,0,0,0,0,0,0,0,0,0,0,0,0,0,0,0,0,0,0,0,0,0,0,0,0,0,0,0,0,0,0
0,0,0,0,0,0,0,0,0,0,0,0,0,0,0,0,0,0,0,0,0,0,0,0,0,0,0,0,0,0,0,0,0,0,0,0,0,0,0,0,0
0,0,0,0,0,0,0,0,0,0,0,0,0,0,0,0,0,0,0,0,0,0,0,0,0,0,0,0,0,0,0,0,0,0,0,0,0,0,0,0,0
0.0049573,0.065656,0.017584,0.015781,0.010248,0,0.053049,0.052856,0.016438,0.015936,0,0.04755,0.029604,0.045344,0.046794,0.012141,0.010058,0.05839,0.0018373,0.020921,0.064643,0.02592,0.019886,0.0023385,0.062556,0.057649,0.011411,0,0.0070015,0.0043889,0.022149,0.077541,0.022721,0.02214,0.066164,0.00229,0.0089186,0.12506,0.052447,0.097892,0.027292
0,0.0051715,0.0022407,0.012245,0,0,0,0.022199,0,1.8033e-05,0,0.012548,0,0.0014861,0,0,0.02393,0.0063846,0,0,0.010495,0.0012839,0,0,0.00062201,0,0,0,0.0064118,0.0070082,0,0.0039188,0.0020209,0.0031255,0.00052869,0,0,0,0,9.1377e-05,0
0,0,0,4.3418e-05,0,0,0,0,0,0,0,0.0029669,0,0,0,0,1.4215e-06,0.0016505,0,0,0,0,0,0,0,0,0,0,0,0,0,0,0,0,0,0,0,0,0,0,0
0,0,0,0,0,0,0,0,0,0,0,0,0,0,0,0.0012421,0,0,0,0,0,0,0,0,0,0,0,0,0,0,0,0,0,0,0,0,0,0,0,0,0
0,0,0,0,0,0,0,0,0,0,0,0,0,0,0,0,0,0,0,0,0,0,0,0,0,0,0,0,0,0,0,0,0,0,0,0,0,0,0,0,0
0,0,0,0,0,0,0,0,0,0,0,0,0,0,0,0,0,0,0,0,0,0,0,0,0,0,0,0,0,0,0,0,0,0,0,0,0,0,0,0,0
0,0,0,0,0,0,0,0,0,0,0,0,0,0,0,0,0,0,0,0,0,0,0,0,0,0,0,0,0,0,0,0,0,0,0,0,0,0,0,0,0
0,0,0,0,0,0,0,0,0,0,0,0,0,0,0,0,0,0,0,0,0,0,0,0,0,0,0,0,0,0,0,0,0,0,0,0,0,0,0,0,0
0,0,0,0,0,0,0,0,0,0,0,0,0,0,0,0,0,0,0,0,0,0,0,0,0,0,0,0,0,0,0,0,0,0,0,0,0,0,0,0,0
0,0,0,0,0,0,0,0,0,0,0,0,0,0,0,0,0,0,0,0,0,0,0,0,0,0,0,0,0,0,0,0,0,0,0,0,0,0,0,0,0
0,0.056668,0.017803,0.012102,0.046301,0,0.030702,0,0.015521,0.0093464,0.0013101,0.01534,0,0.01377,0,0.011802,0.038832,0.044923,0.011634,0.018675,0.040835,0.025511,0.055739,0.0014828,0.075902,0.034817,0.0066898,0.062585,0.0051689,0.0016836,0.027081,0.057337,0.029512,0.033427,0.098969,0,0.03349,0.11584,0.064257,0.091282,0.069956
0.0016399,0.012262,0.0051702,0.015444,0.0022636,0,0,0,0.00064932,0,0,0.013301,0,0.017827,0,0.0014743,0.0032487,0,0.00037816,0,0.042875,0.0012984,0,0,0,0,0,0,0.01444,0.012235,0,0.0067205,9.8411e-05,0,0.00025254,0,0,0,0.0038042,0,0
0,0,0,0,0,0,0,0,0.0029239,0,0,0.00083481,0,0.00041016,0,0,1.056e-06,0,0,0,0,0,0,0,0,0,0,0,0,0,0,0,0,0,0,0,0,0,0,0,0
0,0,0,0,0,0,0,0,0,0,0,0.0027515,0,0,0,0,0,0,0,0,0,0,0,0,0,0,0,0,0,0,0,0,0,0,0,0,0,0,4.6122e-06,0,0
0,0,0,0,0,0,0,0,0,0,0,0,0,0,0,0,0,0,0,0,0,0,0,0,0,0,0,0,0,0,0,0,0,0,0,0,0,0,0,0,0
0,0,0,0,0,0,0,0.019058,0,0,0,0,0,0,0,0,0,0,0,0,0,0,0,0,0,0,0,0,0,0,0,0,0,0,0,0,0,0,0,0,0
0,0,0,0,0,0,0,0,0,0,0,0,0,0,0,0,0,0,0,0,0,0,0,0,0,0,0,0,0,0,0,0,0,0,0,0,0,0,0,0,0
0,0,0,0,0,0,0,0,0,0,0,0,0,0,0,0,0,0,0,0,0,0,0,0,0,0,0,0,0,0,0,0,0,0,0,0,0,0,0,0,0
0,0,0,0,0,0,0,0,0,0,0,0,0,0,0,0,0,0,0,0,0,0,0,0,0,0,0,0,0,0,0,0,0,0,0,0,0,0,0,0,0
0,0,0,0,0,0,0,0,0,0,0,0,0,0,0,0,0,0,0,0,0,0,0,0,0,0,0,0,0,0,0,0,0,0,0,0,0,0,0,0,0
0,0.042804,0.014053,0.011349,0.02841,0.061346,0.036111,0.0044626,0.010121,0.015167,0.00069919,0.044189,0,0.023064,0,0.018334,0.025996,0.034475,0.0067085,0.0070433,0.017039,0.028355,0.072278,0.0014816,0,0.0058617,0,0.02607,0.045673,0.006034,0.023275,0.047832,0.035516,0.0279,0.021463,0,0.024171,0,0.051145,0,0.042343
0.0010698,0.019908,0,0.0071499,0,0,0.00077111,3.9253e-05,0.014648,6.4865e-06,0.0085327,0.016366,0,0.013807,0,1.8381e-05,0.018786,0,0,0,0.031011,0.0027879,0,0,0,0,0,0,0,0.021608,0,0.023454,0,0.00045739,0,0,0,0,0,0,0
0,0,0.0040158,0.022081,0,0,0.0081455,0,0.0010102,0,0,0,0,0.012611,0,0.0015556,0,0,0.00013775,0,0,0,0,0.0075654,0,7.4927e-05,0,0,0,0.00013596,0.00025423,0,0,0,0,0,0,0,0,0,0
0,0,0,0.0025683,0,0,0,0,0,0.0024908,0,0.0034575,0,0,0,0,0,0,0,0,0,0.021983,0,0,0,0,0,0,0,0,0,0,0,0,0,0,0,0,0,0,0
0,0,0,0,0,0,0,0,0,0.0096466,0,0.049635,0,0.0092793,0,0,0,0,0.0025964,0,0,0.00098225,0,0,0,0,0,0,0,0,0,0,0.0020159,0,0,0,0,0,0,0,0
0,0,0.0081386,0.0052365,0,0,6.9523e-05,0,0.019375,0,0,0.0043116,0,0.0078731,0,0,0,0,0,0,0,0,0,0,0,0,0,0,0,4.6218e-06,0,0,0,0,0,0,0,0,0,0,0
0,0.0045587,0,0,0,0,0.0053643,0.0048311,0.010915,0,0,0.00022732,0,0.0040817,0,0,0,0,0.00144,0,0,0.0088248,0,0,0,0,0,0,0,0.0097052,0,0,0,0,0,0,0,0,0,0,0
0,0.0031435,0,0,0,0,0,0,0,1.7303e-06,0.023951,0,0,0.0044232,0.0098035,0,0.0037217,0,0,0.0029631,0.021909,0,0,0.011132,0,0.003912,0,0,0.0053658,0.0074647,0.0015062,0.0017616,0,0,0,0.023098,0,0,0,0,0
0,0,0,0,0,0,0,0,0,0,0.0015032,0,0,0.00051905,0.0046199,0,0,0,0,0,0.0054212,0,0,2.5101e-06,0,0,0,0,0,0,0,0,0,0,0,0,0,0,0,0,0
0,0,0,0,0,0,0,0,0,0,0,0,0,1.5968e-06,0,0,0.00039472,0,0,0,0,0.05497,0,0.00090822,0,0,0,0,0.0042634,0,0,0,0,0,0,0,0,0,0,0,0
0,0.02587,0.0086297,0.0028303,0.0020067,0,0.0080259,0.063292,0.0047164,0,0.033268,0.047378,0,0.022575,6.7765e-07,0.0016911,0.018799,0.0051204,0.0065639,0.001289,0.018608,0.018643,0.0002558,0.014257,0,0.00045221,1.7534e-05,0.037072,0.0060176,0.0028254,0.024359,0.021843,0.0098295,0.00067069,0.025728,0.10041,0.011696,0.15429,0.0025446,0.00060716,0.0013061
0,0.11901,0.038892,0.00082072,0,0.033021,0,0,0.054681,0.042195,0,0,0.00058597,0.022679,0.035572,0.0028121,0.012859,0.0055003,0.00092388,0.021938,0.0081675,0,0.038878,0.013823,0.068846,0,0,0.0061638,0.034593,0.025797,0,0.00013217,0.00035365,0.031417,0.013671,0.025532,0.0090216,0.00028091,0.013676,0.012103,0
0.049164,0.31618,0.22755,4.8609e-06,0,0.078113,0.00011235,0,0.30479,0.07964,0,0.10372,0.034016,0.093948,0.088336,0.032238,0.038324,0.081277,0.0080422,0.15918,0.030696,0.036148,0.074027,0.060054,0.16095,0,0.0031615,0.06736,0.091563,0.071749,0.0017987,0.00018029,0.010171,0.08227,0.028921,0.054053,0.051396,0.0012924,0.094559,0.00034488,0.051503
0.13002,0,0.10183,0,0.0050798,0.037104,0.0053208,0.00021229,0.07999,0.0084577,0.0013747,0.0837,0.099447,0.079746,0.090456,0.037365,0.03174,0.12208,0.041743,0.12692,0.034473,0.058256,0.064254,0.083568,0.18659,0,0.0036361,0.085339,0.078029,0.27841,0.014292,0,0.1691,0.10525,0.044486,0.011425,0.016992,0,0.05685,0.00027823,0.049229
0.20275,0,0.12102,0,0.18949,0.029765,0.059101,0.0056717,0.018536,1.2404e-05,0.037432,0.076115,0.096816,0.08839,0.094702,0.1135,0.082882,0.11835,0.13682,0.12764,0.075688,0.04036,0.088156,0.067864,0.14115,0,0.002465,0.089369,0.07826,0.10109,0.0024174,0,0.25751,0.10949,0.038677,0.0033205,0.0012266,4.5806e-05,0.067866,8.988e-07,0.022447
0.099269,0,0.26512,0,0.18228,0.2234,0.14761,0.022468,0,0,0.069578,0.00064038,0.056368,0.071835,0.10944,0.064712,0.17624,0.099765,0.15022,0.10556,0.15132,0.045411,0.094712,0.068453,0.014815,0,9.7253e-06,0.083358,0.16229,0.013738,5.1058e-05,0,0.094811,0.082138,0.054383,4.1601e-05,0.00030385,0.00037147,0.13254,0,0.025012
0.00058619,0,0.021634,0,0.20188,0.2486,0.18038,0.046451,0,0,0.19041,0,0.0019702,0.084926,0.14519,0.058697,0.2473,0.097682,0.10744,5.8913e-05,0.19543,0.064263,0.19878,0.093679,8.07e-07,0,0,0.08219,0.08028,0.0057353,0,0,0.082761,0.056651,0.074296,0,8.9517e-07,0.00047257,0.12093,0,0.0017025
0.00013741,0,1.2543e-05,0,0.40807,0.01677,0.47309,0.090966,0,0,0.07699,0,2.6399e-06,0.059418,0.18239,0.037259,0.14298,0.097877,0.076047,0,0.2549,0.043607,0.043216,0.063671,0,0,0,0.10062,0.072727,0.0016645,0,0,0.074796,0.11222,0.093127,0,0,8.971e-05,0.091637,0,0
0,0,0,0,0.013198,0,0.13366,0.46976,0,0,0.2029,0,0,0.21221,0.17599,0.065588,0.031611,0.076245,0.073942,0,0.031785,0.044395,0.045881,0.035351,0,0,0,0.094065,0.076908,0,0,0,0.089776,0.050401,0.077413,0,0,0,0.078494,0,0
0,0,0,0,2.0147e-06,0,0.00069871,0.3171,0,0,0.0043395,0,0,0.02544,0.045786,0.085841,0,0.25925,0.0033975,0,0,0.049019,0.057483,0.048995,0,0,0,0.081292,0.12569,0,0,0,0.20077,0.0018763,0.0864,0,0,0,0.14525,0,0
0,0,0,0,0,0,1.4983e-05,0.012807,0,0,0,0,0,0.035895,0.0052867,0.0076154,0,0.028957,0.00083169,0,0,0.37692,0.20733,0.015542,0,0,0,0.2757,0.00068877,0,0,0,0.019892,0.00021046,0.0045455,0,0,0,0.11884,0,0
0.017761,0.10077,0.06351,0.011053,0,0.043083,0,0,0.045817,0.03512,0,0.0726,0.008767,0.031255,0.0083065,0.016017,0.01263,0.0058041,0.0022786,0.075248,0.014041,0.013749,0.022216,0.016061,0.044494,0,0.011974,0.0086639,0.028449,0.022103,0.009821,0.00032709,7.7163e-06,0.022057,0.0090404,0.015749,0.040793,0.00097239,0.020041,0.0060575,0.016772
0.039745,0.070989,0.11167,0,0,0.023983,0,0,0.12742,0.083949,0.019757,0.11164,0.059911,0,0,0.0066035,0,0,0.067408,0.0061336,0,0.020378,0.0042846,0.015477,0.03468,0,0.048473,0,0,0,0.061737,2.0997e-05,0,0.0025398,0.019626,0,0.055232,0.013618,0.003318,0.074082,0.054393
0,0.036949,0,0,0,0,0,0,0.051383,0.00016848,0.080383,0.0041279,0,0,0,0,0,0,0.069602,0,0,0,0.00083689,0,0.029695,0,0.0021451,0,0,0.042359,0.03595,0,0,0.020184,0,0,0.021916,0.03347,0,0.039004,2.8082e-06
0,0,0,0,0,0,0,0,0,0.00023972,0.057751,0.045907,0.0065657,0,0,0.004209,0,0,0.0038414,0,0,0,0,0,0,0,8.9365e-05,0,0,0.12412,0.013142,0,0,0.0045494,0,0.01237,0,0.044052,0,0,0.036299
0,0,0,0,0,0.011287,0,0,0,0,0.011701,0.087555,0.0063336,0,0,0.022624,0,0,0,0.081722,0,0,0,0,0,0,0,0,0,0,0,0,0,0,0,0.00017236,0.00032997,0.050718,0,0,0
0,0,0,0,0,0.020318,0,0,0,0,0,0.001679,0.0037673,0,0,0.0094829,0,0,0,0,0,0,0,0,0,0,0,0,0,0,0,0,0,0,0,0,0,0.001363,0,0,0
0,0,0,0,0,0.00010793,0,0,0,0,0,0,0,0,0,0,0.065169,0,0,0,0.092929,0,0,0,0,0,0,0,0,0,0,0,0,0,0,0,0,0,0,0,0
0,0,0,0,0,0,0,0.026246,0,0,0.014354,0,0,0,0,0,0.014427,0,0,0,0.010238,0,0,9.0967e-06,0,0,0,0,0,0,0,0,0,0,0.029506,0,0,0,0,0,0
0,0,0,0,0,0,0,0.0083221,0,0,0,0,0,0,0,0,0,0,0,0,0,0,0,0,0,0,0,0,0,0,0,0,0,0,0.058458,0,0,0,0,0,0
0,0,0,0,0,0,0,0,0,0,0,0,0,0,0,0,0,0,0,0,0,0.026611,0,0,0,0,0,0,0,0,0,0,0,0,0.031659,0,0,0,0,0,0
0.023005,0.01818,0.011136,0.12108,0,0.019682,0,0,0.027645,0.010354,0,0.012246,0.015197,0.018745,0.0036887,0.01097,0.0022878,0.001967,0.006547,0.020286,0.0064532,0.0051035,0.0070064,0.010823,0.014929,0,0.018258,0.0024056,0.0094243,0.017308,0.031372,0.00025131,2.4448e-06,0.0034551,0.0096805,0.0042816,0.020366,0.0068813,0.0060291,0.00095894,0.014584
0,0.093215,0,0.00093033,0,0,0,0,0,0.012576,0.050281,0.011663,0.012816,0,0,0,0,0,0.034479,0,0,0,0.001599,0,0,0,0.058255,0,0,0,0.057392,0.00051992,0,0.0099244,0,0,0,0.066376,0,0.00018962,0
0,0,0,0.0016036,0,0,0,0,0,0,0.015164,0.12327,0,0,0,0,0,0,0,0,0,0,0.00031266,0,0,0,0.0014131,0,0,0,0.024116,0,0,0,0,0,0.024444,0.080628,0,0,0
0,0,0,0,0,0,0,0,0,0,0,0,0,0,0,0,0,0,0,0,0,0,1.037e-05,0,0,0,0,0,0,0,0.0051073,0,0,0,0,0.10827,0.0041661,0.081393,0,0,0
0,0,0,0,0,0,0,0,0,0,0,0,0,0,0,0,0,0,0,0,0,0,0,0,0,0,0,0,0,0,0,0,0,0,0,0,0,0.090286,0,0,0
0,0,0,0,0,0,0,0,0,0,0,0,0,0,0,0,0,0,0,0,0,0,0,0,0,0,0,0,0,0,0,0,0,0,0,0,0,0.20754,0,0,0
0,0,0,0,0,0,0,0,0,0,0,0,0,0,0,0,0,0,0,0,0,0,0,0,0,0,0,0,0,0,0,0,0,0,0,0,0,0,0,0,0
0,0,0,0,0,0,0,0,0,0,0,0,0,0,0,0,0,0,0,0,0,0,0,0,0,0,0,0,0,0,0,0,0,0,0,0,0,0,0,0,0
0,0,0,0,0,0,0,0,0,0,0,0,0,0,0,0,0,0,0,0,0,0,0,0,0,0,0,0,0,0,0,0,0,0,0,0,0,0,0,0,0
0,0,0,0,0,0,0,0,0,0,0,0,0,0,0,0,0,0,0,0,0,0,0,0,0,0,0,0,0,0,0,0,0,0,0,0,0,0,0,0,0
0.017626,0,0.0077123,0.0091223,0,0.013739,0,0,0.018076,0.0076901,0.0010846,0.0053604,0.021729,0.011895,0.00084249,0.0037557,0.00011079,0.00074998,0.012117,0.012178,0,0.0013919,0.0034834,0.0078479,0.030216,0,0.025196,0.00090967,0.0017328,0.0016129,0.032794,0.00067884,0,0.0077874,0.012132,0,0.010574,0.022788,0.0023146,0.001708,0.015857
0,0,0,0.019141,0,0,0,0,0,0,0.037276,0,0,0,0,0,0,0,0.025025,0,0,0,0.00034513,0,0.0064732,0,0,0,0,0,0.047574,0.00013488,0,0,0,0,0,0.0024805,0,0.00019291,0
0,0,0,0.00086445,0,0,0,0,0,0,0,0,0,0,0,0,0,0,0,0,0,0,0,0,0,0,0,0,0,0,0.011548,0,0,0,0,0,0,0,0,0,0
0,0,0,0,0,0,0,0,0,0,0,0,0,0,0,0,0,0,0,0,0,0,0,0,0,0,0,0,0,0,0,0,0,0,0,0.043056,0,0,0,0,0
0,0,0,0,0,0,0,0,0,0,0,0,0,0,0,0,0,0,0,0,0,0,0,0,0,0,0,0,0,0,0,0,0,0,0,0.077384,0,0,0,0,0
0,0,0,0,0,0,0,0,0,0,0,0,0,0,0,0,0,0,0,0,0,0,0,0,0,0,0,0,0,0,0,0,0,0,0,0,0,0,0,0,0
0,0,0,0,0,0,0,0,0,0,0,0,0,0,0,0,0,0,0,0,0,0,0,0,0,0,0,0,0,0,0,0,0,0,0,0,0,0,0,0,0
0,0,0,0,0,0,0,0,0,0,0,0,0,0,0,0,0,0,0,0,0,0,0,0,0,0,0,0,0,0,0,0,0,0,0,0,0,0,0,0,0
0,0,0,0,0,0,0,0,0,0,0,0,0,0,0,0,0,0,0,0,0,0,0,0,0,0,0,0,0,0,0,0,0,0,0,0,0,0,0,0,0
0,0,0,0,0,0,0,0,0,0,0,0,0,0,0,0,0,0,0,0,0,0,0,0,0,0,0,0,0,0,0,0,0,0,0,0,0,0,0,0,0
0.011953,0.0070711,0.0068212,0.028541,0,0.005787,0,0,0.010186,0.00682,0.0048536,0.0063903,0.022597,0.010439,0.0017331,0.0029529,0.0033059,0.00039847,0.024051,0.011231,0.0042014,0.0013408,0.0049516,0.0046082,0.019803,0.00055024,0.022467,0.00017819,0.010892,0.0058405,0.028036,0.00015066,0,0,0.012965,0.0020701,0.015274,0.013136,0,0.0013486,0.00085121
0,0,0,0,0,0,0,0,0,0,0.030179,0,0,0,0,0,0,0,0.003829,0,0,0,0,0,0,0,0,0,0,0,0.0029143,0,0,0,0,0,0.0010945,0,0,0,0
0,0,0,0,0,0,0,0,0,0,0,0,0,0,0,0,0,0,0,0,0,0,0,0,0,0,0,0,0,0,0.0053902,0,0,0,0,0,0,0,0,0,0
0,0,0,0,0,0,0,0,0,0,0,0,0,0,0,0,0,0,0,0,0,0,0,0,0,0,0,0,0,0,0,0,0,0,0,0,0,0,0,0,0
0,0,0,0,0,0,0,0,0,0,0,0,0,0,0,0,0,0,0,0,0,0,0,0,0,0,0,0,0,0,0,0,0,0,0,0,0,0,0,0,0
0,0,0,0,0,0,0,0,0,0,0,0,0,0,0,0,0,0,0,0,0,0,0,0,0,0,0,0,0,0,0,0,0,0,0,0,0,0,0,0,0
0,0,0,0,0,0,0,0,0,0,0,0,0,0,0,0,0,0,0,0,0,0,0,0,0,0,0,0,0,0,0,0,0,0,0,0,0,0,0,0,0
0,0,0,0,0,0,0,0,0,0,0,0,0,0,0,0,0,0,0,0,0,0,0,0,0,0,0,0,0,0,0,0,0,0,0,0,0,0,0,0,0
0,0,0,0,0,0,0,0,0,0,0,0,0,0,0,0,0,0,0,0,0,0,0,0,0,0,0,0,0,0,0,0,0,0,0,0,0,0,0,0,0
0,0,0,0,0,0,0,0,0,0,0,0,0,0,0,0,0,0,0,0,0,0,0,0,0,0,0,0,0,0,0,0,0,0,0,0,0,0,0,0,0
0.01542,0.0049523,0.0055994,0.070191,0,0.0080804,0,0,0.0080031,0.0090115,0.0045427,0.0059473,0.019787,0.0054265,0.0013405,0.0023906,0.0047121,0.00078648,0.027668,0.014387,0.001065,0.0020503,0.0060811,0.0051324,0.018487,0.00050768,0.018235,0.00051885,0,0.005728,0.025249,0.025294,5.9718e-07,0.0022593,0.047357,0.0054975,0.0078548,0.0085551,0.0024217,0.013883,0.0084645
0,0,0,0,0,0,0,0,0,0,0.026368,0,0.0055275,0,0,0,0,0,0.003939,0,0,0.0042387,0,0,0,0,0,0,0,0,0.00070624,0.012224,0,0,0.021925,0,0.0018001,0,0,0.013383,0
0,0,0,0,0,0,0,0,0,0,0,0,0,0,0,0,0,0,0,0,0,0.12601,0,0,0,0,0,0,0,0,0,0,0,0,0,0,0,0,0,0,0
0,0,0,0,0,0,0,0,0,0,0,0,0,0,0,0,0,0,0,0,0,0,0,0,0,0,0,0,0,0,0,0,0,0,0,0,0,0,0,0,0
0,0,0,0,0,0,0,0,0,0,0,0,0,0,0,0,0,0,0,0,0,0,0,0,0,0,0,0,0,0,0,0,0,0,0,0,0,0,0,0,0
0,0,0,0,0,0,0,0,0,0,0,0,0,0,0,0,0,0,0,0,0,0,0,0,0,0,0,0,0,0,0,0,0,0,0,0,0,0,0,0,0
0,0,0,0,0,0,0,0,0,0,0,0,0,0,0,0,0,0,0,0,0,0,0,0,0,0,0,0,0,0,0,0,0,0,0,0,0,0,0,0,0
0,0,0,0,0,0,0,0,0,0,0,0,0,0,0,0,0,0,0,0,0,0,0,0,0,0,0,0,0,0,0,0,0,0,0,0,0,0,0,0,0
0,0,0,0,0,0,0,0,0,0,0,0,0,0,0,0,0,0,0,0,0,0,0,0,0,0,0,0,0,0,0,0,0,0,0,0,0,0,0,0,0
0,0,0,0,0,0,0,0,0,0,0,0,0,0,0,0,0,0,0,0,0,0,0,0,0,0,0,0,0,0,0,0,0,0,0,0,0,0,0,0,0
0.024493,0.007187,0.0035693,0.087526,0,0.027156,0,0,0.014874,0.010689,0.0029113,0.002287,0.02231,0.021551,0.0011575,0.0071428,0.0013877,0.00033793,0.018148,0.022053,0.0001235,0.0042365,0.0026811,0.010674,0.034607,0.00054139,0.035572,0.00090582,0.0074937,0.012472,0.021416,0.0048305,0,0.0048724,0.018519,0.0019622,0.02027,0.0070814,0.0027539,0.026267,0.0059917
0,0,0,0,0,0,0,0,0,0,0.023275,0,0.015883,0,0,0,0,0,0.016888,0,0,0.0080412,0,0,0,0,0,0,0,0,0.0069709,0.062693,0,0,0.0019379,0,0,0,0,0,0
0,0,0,0,0,0,0,0,0,0,0,0,0,0,0,0,0,0,0,0,0,0,0,0,0,0,0,0,0,0,0,0,0,0,0,0,0,0,0,0,0
0,0,0,0,0,0,0,0,0,0,0,0,0,0,0,0,0,0,0,0,0,0,0,0,0,0,0,0,0,0,0,0,0,0,0,0,0,0,0,0,0
0,0,0,0,0,0,0,0,0,0,0,0,0,0,0,0,0,0,0,0,0,0,0,0,0,0,0,0,0,0,0,0,0,0,0,0,0,0,0,0,0
0,0,0,0,0,0,0,0,0,0,0,0,0,0,0,0,0,0,0,0,0,0,0,0,0,0,0,0,0,0,0,0,0,0,0,0,0,0,0,0,0
0,0,0,0,0,0,0,0,0,0,0,0,0,0,0,0,0,0,0,0,0,0,0,0,0,0,0,0,0,0,0,0,0,0,0,0,0,0,0,0,0
0,0,0,0,0,0,0,0,0,0,0,0,0,0,0,0,0,0,0,0,0,0,0,0,0,0,0,0,0,0,0,0,0,0,0,0,0,0,0,0,0
0,0,0,0,0,0,0,0,0,0,0,0,0,0,0,0,0,0,0,0,0,0,0,0,0,0,0,0,0,0,0,0,0,0,0,0,0,0,0,0,0
0,0,0,0,0,0,0,0,0,0,0,0,0,0,0,0,0,0,0,0,0,0,0,0,0,0,0,0,0,0,0,0,0,0,0,0,0,0,0,0,0
0.051103,0.011577,0.0041588,0.015156,0,0.027151,0,0,0.026484,0.011982,0,0.017471,0.0060337,0.015935,0.001556,0.0098365,0.0024604,0.00062032,0.011421,0.036294,0.0069751,0.0080994,0.0057565,0.015609,0.025643,0.00026338,0.032247,0.00099115,0.017654,0.0049173,0.0097708,0.0091174,0,0.007596,0.012115,0.0013875,0.025189,0.0070658,0.0023544,0.021961,0.013957
0,0,0,0,0,0,0,0,0,0,0.023854,0,0.068386,0,0,0,0,0,0.036901,0,0,0,2.1707e-06,0,6.9824e-06,2.3662e-06,0.017386,0,0,0,0.043263,0.10067,0,0,0,0,0,0,0,0.0001253,0
0,0,0,0,0,0,0,0,0,0,0.0017596,0,0.0065901,0,0,0,0,0,0,0,0,0,0,0,0,0,0,0.014596,0,0,0,0,0,0,0,0,0,0,0,0,0
0,0,0,0,0,0,0,0,0,0,0,0,0,0,0,0,0,0,0,0,0,0,0.0099029,0,0,0,0,0.0022204,0,0,0,0,0,0,0,0,0,0,0,0,0
0,0,0,0,0,0,0,0,0,0,0,0,0,0,0,0,0,0,0,0,0,0,0,0,0,0,0,0,0,0,0,0,0,0,0,0,0,0,0,0,0
0,0,0,0,0,0,0,0,0,0,0,0,0,0,0,0,0,0,0,0,0,0,0,0,0,0,0,0,0,0,0,0,0,0,0,0,0,0,0,0,0
0,0,0,0,0,0,0,0,0,0,0,0,0,0,0,0,0,0,0,0,0,0,0,0,0,0,0,0,0,0,0,0,0,0,0,0,0,0,0,0,0
0,0,0,0,0,0,0,0,0,0,0,0,0,0,0,0,0,0,0,0,0,0,0,0,0,0,0,0,0,0,0,0,0,0,0,0,0,0,0,0,0
0,0,0,0,0,0,0,0,0,0,0,0,0,0,0,0,0,0,0,0,0,0,0,0,0,0,0,0,0,0,0,0,0,0,0,0,0,0,0,0,0
0,0,0,0,0,0,0,0,0,0,0,0,0,0,0,0,0,0,0,0,0,0,0,0,0,0,0,0,0,0,0,0,0,0,0,0,0,0,0,0,0
0.0090897,0.015684,0.0047631,0.011022,0,0.039881,0,0,0.073354,0.031333,0,0.0411,0.0013119,0.043445,0.0035967,0.016694,0.012926,0.0009211,0.00071913,0.071361,0.01737,0.0046343,0.0021309,0.020399,0.038151,0.00014089,0.011934,0.0010914,0.031844,0.031216,0,0.0063311,0,0.017511,0.013576,0.01071,0.053673,0.005059,0.011244,0.030584,0.021907
0.14538,0,0,0,0,0.015474,0,0,0.0023128,0,0.0018659,0,0.025691,0.0036017,0,0.0077178,0,0,0.020839,0.010234,0,0.0036243,0.0013019,0.014101,9.1376e-06,0.00027922,0.10878,9.9885e-06,0,0,0.072195,0.052774,0,0,0.018593,0,0.0087517,0.0049187,0.00096958,0.00016441,0.016822
0,0,0,0,0,0,0,0,0,0,0.0084341,0,0.083789,0,0,0,0,0,0.007544,0,0,0,1.4092e-05,0,0.008986,0.059328,0.0081487,0.00094443,0,0,0.064108,0.10354,0,0,0,0,0.0014999,0,0,0.025284,0
0,0,0,0,0,0,0,0,0,0,0.00061499,0,0.099772,0,0,0,0,0.0011599,0,0,0,0,0.014195,0,0,0,0,0,0,0,0,0,4.1465e-05,0.0020025,0,0,0,0,0,0,0
0,0,0,0,0,0,0,0,0,0,1.3797e-05,0.089369,0.068389,0,0.00027236,0,0,0,0,0,0,0,0,0,0,0,0,0,0,0,0,0,0,0,0,0,0,0,0,0,0
0,0,0,0,0,0,0,0,0,0,0,0,0.054004,0.0032446,0,0,0,0,0,0,0,0,0,0,0,0,0,0,0.0046612,0,0,0,0,0,0,0,0,0.039331,0,0,0
0,0,0,0,0,0,0,0,0,0,0,0,0.0081796,0,0,0.013921,0,0,7.1556e-05,0,0,0.0038345,0,0,0,0,0,0,0,0,0,0,0,0,0,0,0,0,0,0,0
0,0,0,0,0,0,0,0,0,0,0,0,0.000374,0.00017565,0,0,0,0,6.0163e-05,0,0,0,0,0,0,0,0,0,0,0,0,0,0,0,0,0,0,0,0,0,0
0,0,0,0,0,0,0,0,0,0,3.4646e-05,0,0,0.00025731,0,0,0,0,0,0,6.8022e-05,0,0,0,0,0,0,0,0,0,0,0,0,9.2305e-06,0,0,0,0,0,0,0
0,0,0,0,0,0,0,0,0,0,0.00015526,0,0,0,0,0,0,0,0,3.8117e-05,6.6128e-06,0,0,0,0,0,0,0,0,0,0,0,0,2.1213e-05,0,0.051646,0,0,0,0,0
0,0.12245,0.0036226,0.049235,0,0.021412,0,0,0.028643,0.051939,0,0.015264,0,0,0.0033107,0.0015457,0.0123,0.00021074,0.00091958,0.013415,0.0050824,0,0.00010375,0.015153,0.020824,0.00011532,0,0.00065645,0.043375,0.022177,0,0.013192,0,0.029451,0.0088859,0.024217,0.0091518,0.0031942,0.0069257,0.0030786,0
0.028197,0.073602,0.0013631,0.08269,0,0.049162,0,0,0.098858,0.11041,0,0.059249,2.8193e-05,0.033641,0.00099816,0.035714,0.035164,5.0739e-05,0.001938,0.063643,0.029972,0.004354,6.9904e-05,0.065311,0.068276,0.008177,0.032206,0.00045044,0.029718,0.082356,0,0.027657,0,0.065525,0.032424,0.034316,0.10485,0.036545,0.014203,0.027483,0.052022
0.11244,0.0020985,2.1957e-05,0.10503,0,0.0065328,0,0,0.0084846,0.1222,9.4316e-05,0.019764,0.0033854,0.014743,4.7036e-05,0.041604,0.024306,0,0.0028102,0.018456,0.018137,0.0010273,0,0.071045,0.027648,0.17928,0.13075,1.3649e-06,0.0043954,0.086793,0.046749,0.24538,0,0.03342,0.039099,0.042582,0.10983,0.055962,0.0042814,0.076729,0.056084
0.019503,8.4838e-05,0,0.059646,0,0.00038208,0,0,0.00047088,0.12758,0.00018904,8.869e-05,0.011742,0.0031461,0,0.058675,0.023188,5.6833e-06,0.0010645,0.0016967,0.0026495,0.00013337,0,0.070647,0.0045262,0.16856,0.14862,0,0.0013729,0.034753,0.10645,0.19849,0,0.12743,0.042074,0.03337,0.089744,0.046574,0.0018389,0.053869,0.068005
0.0023056,0,0,0.071201,0,9.2865e-06,0,0,0,0.17426,1.5763e-05,0.0028447,0.013744,3.115e-05,0,0.067971,0.010374,0,6.053e-05,0.00018658,0.0011731,0.00016311,0,0.058287,0.00018893,0.14472,0.14582,0,0.00029002,0.0052826,0.081604,0.11556,0,0.0073011,0.024914,0.039779,0.1038,0.039721,0.00018082,0.068014,0.06917
4.89e-05,0,0,0.06191,0,0,0,0,0,0.063375,1.4124e-05,9.5847e-06,0.025281,0.0077512,0,0.071085,0.0097547,0,9.3912e-07,0,0.00050713,0.00040422,0,0.032476,0,0.10325,0.068872,0,0.0076657,0.00055366,0.056468,0.017177,0,3.6567e-05,0.011489,0.03196,0.088213,0.027736,7.8201e-06,0.066637,0.081217
0,0,0,0.19186,0,0,0,0,0,0,2.1028e-05,0,0.011143,0,0,0.083461,0.0015562,0,0.00029111,0,0.006122,0.0021905,0,0.0063407,0,0.086715,0.020745,0,0,3.7032e-05,0.046207,0.0022086,0,0,0.0027112,0.028237,0.045718,0,0,0.091307,0.062134
0,0,0,0.0013513,0,0,0,0,0,0,5.5226e-06,0,0.0016885,0.00013782,0,0,2.7464e-06,0,0.00011922,0,0.00030873,0,0,0.0013348,0,0.072566,0.003465,0,0,0.00081753,0.021279,2.0021e-06,0,2.7383e-05,0.00049124,0.030232,0.0061433,0,0,0.086854,0.027491
0,0,0,0,0,0,0,0,0,0,1.5164e-05,0,7.4428e-05,9.0988e-05,0,0,0,0,0,0,9.2359e-05,0,0,0.0062854,0,0.018655,4.6414e-05,0,0,0.0007854,0.0048559,0,0,0.00011679,5.4213e-06,0.027603,0.001981,0,0.00046978,0.02449,0.0082984
0,0,0,1.0377e-05,0,0,0,0,0,0,0,0,0,6.439e-07,0,0,0,0,0,0.00013236,2.1906e-05,0,0,0.0013804,0,0.15636,0.019623,0,0,0.00058704,0.0072544,0.00046101,0,1.0292e-06,0.0048963,0.27878,0.048395,0,0,0.23362,0.21978
0,6.8017e-05,0.041006,0.021248,0,0.025677,0.0071517,0,6.5224e-05,0.00039142,0,0,0,0.022679,0.033179,0.0084681,0.013678,0,0,0,0.0012557,0,0.009829,0.01405,0.00068351,0.053089,0.021003,0.033217,0,0.012237,0,0.0002827,0.044736,0.018117,0.022474,0.012087,0.061206,0.011506,0.0048305,0.046089,0.051169
0.1301,0.00025751,0.14644,0.062096,0.0055668,0.10667,0.10656,0,0.0022751,0.024459,0,0.030153,0.013,0.088721,0.072075,0.038343,0.03693,0.073623,0.019239,1.4141e-05,0.010346,0.048065,0.085268,0.056416,0.0074864,0.10587,0.15028,0.076011,0.00045073,0.070113,0,0.0051591,0.14416,0.07115,0.062405,0.040999,0.14418,0.069558,0.027246,0.07688,0.081371
0.12625,0.0087786,0.23723,0.048954,0.15532,0.12478,0.12365,0.0004751,0.030423,0.11875,0,0.062987,0.085367,0.084419,0.078326,0.050451,0.037092,0.07294,0.085772,0.00087666,0.035983,0.054874,0.05367,0.080422,0.044865,0.1385,0.17785,0.083873,0.0038082,0.057725,0.059261,0.028161,0.077626,0.093208,0.15704,0.040991,0.13726,0.074978,0.045648,0.0699,0.072135
0.11068,0.0573,0.11651,0.062431,0.15488,0.041191,0.14766,0.0084423,0.13838,0.14649,0.022088,0.070379,0.078276,0.083718,0.099084,0.039767,0.0337,0.071928,0.13479,0.023261,0.044444,0.049715,0.087612,0.086032,0.074341,0.159,0.16398,0.077051,0.081207,0.060884,0.11596,0.12935,0.068111,0.12023,0.064747,0.045836,0.13602,0.042496,0.11161,0.059407,0.11807
0.19771,0.11325,0.25618,0.080781,0.16981,0.028165,0.36647,0.026526,0.14313,0.11322,0.06657,0.10236,0.11107,0.071835,0.11241,0.12811,0.039526,0.067903,0.16295,0.14908,0.041834,0.045504,0.094626,0.07354,0.15935,0.14838,0.15803,0.074287,0.16073,0.18568,0.099444,0.15846,0.061748,0.096191,0.059259,0.041308,0.14966,0.00093063,0.094302,0.10833,0.075365
0.22657,0.10399,0.078949,0.066505,0.4012,0.16455,0.11011,0.04865,0.17691,0.10496,0.084277,0.2319,0.069644,0.084926,0.14883,0.096267,0.033454,0.072944,0.10225,0.21938,0.037997,0.057873,0.21665,0.10097,0.1841,0.0047768,0.1346,0.084398,0.1448,0.3189,0.10134,0.27052,0.059104,0.071258,0.065459,0.043208,0.025424,0.00068506,0.13109,0.021174,0.049131
0.0015831,0.30928,0.00020755,0.2251,0.086154,0.27746,0.0026481,0.098146,0.45149,0.11821,0.080724,0.083245,0.02656,0.059418,0.18378,0.061894,0.12673,0.053076,0.081158,0.20489,0.083571,0.05383,0.048165,0.068101,0.20627,0.0012091,0.13076,0.093716,0.20644,0.033221,0.1935,0.17918,0.069006,0.056933,0.090022,0.049722,0.00088225,0.00018545,0.15632,0.1139,0.0060808
0.0001153,0.33846,0,0.15833,0.0011103,0.085723,0.00033104,0.51725,0.038952,0.20484,0.17954,0.12105,0.00017672,0.21221,0.073431,0.054798,0.24705,0.16328,0.075695,0.18282,0.21664,0.045418,0.050352,0.047844,0.19242,0.00091321,0.0062773,0.079171,0.15353,0.010166,0.12945,0.18442,0.18464,0.12498,0.10733,0.065351,3.8658e-05,8.9592e-06,0.11554,0.03749,0
0,0.053871,0,0.0083698,0,1.7471e-05,1.4299e-06,0.23493,0.018362,0.017124,0.10781,0.10902,0,0.02544,0.012493,0.11281,0.21171,0.088456,0.0041962,0.21945,0.37048,0.049369,0.057691,0.048771,0.11346,0,0.0031433,0.077812,0.15927,0.0042282,0.053691,0.043081,0.054059,0.029784,0.21507,0.13194,0,0,0.13006,0.10113,0
0,0.014735,0,0.0017036,0,0,0,0.012781,0,0.0003144,0.16658,0.0034533,0,0.035895,0.0032939,0.01638,0.1664,0.010924,0.00083219,5.8913e-05,0.14915,0.40971,0.20732,0.016918,0.013845,0,5.7633e-06,0.26538,0.077606,0.0017895,0.00060541,0.00091879,0.013516,0.0019838,0.065206,0.012534,0,0,0.17806,0.00027913,0
0.045987,1.1398e-06,0.028138,0.0093445,0,0.057375,0.028994,0,1.5026e-05,0.00019403,0,0.0074688,0.00067212,0.031255,0.019448,0.021362,0.0088621,0.050717,0.0051973,0,0.00040215,0.0067614,0.020467,0.025013,0.0001635,0.022016,0.017481,0.0105,0,0.030025,0,2.0021e-06,0.059903,0.020849,0.021517,0.010262,0.028235,0.011126,0.001859,0.025989,0.010581
0.084716,0,0,0,0,0.004983,0,0,0,0.09289,0.0086324,0.0096489,0.054779,0.0052264,0,0.0055333,0,0,0.073636,0,0,0.0058435,0.013623,0.010229,0,0,0,0,0.011929,0,0.058063,0,0.04555,0.012933,0,0,0.0030383,0.00056036,0,0,0
0,0,0.086846,0,0.0028006,0,0,0,0,0.019277,0.075387,0,0.0032759,0,0,0,0,0,0.022158,0,0,0,0.00084309,0,0.0030055,0,0,0,0,0,0.051175,0,0.058964,0.0015913,0,0,0,0.025523,0,0,0
0,0,0,0,0.023162,0,0,0,0,0,0.068018,0,0,0,0,0,0,0,0,0,0,0,8.1893e-06,0,0,0,0,0,0,0,0,0,0,0.0086377,0,0,0.00087189,0.10636,0,0,0
0,0,0,0,0,0,0.017952,0,0,0,0.020058,0,0,0,0,0,0,0,0,0,0,0,0,0,0,0.0069389,0,0,0,0,0,0,0,0,0,0,0,0.16237,0,0,0
0,0,0,0,0,0,0.064904,0,0,0,0,0,0,0,0,0.0085672,0,0,0,0,0,0,0,0,0,0.025122,0,0,0,0.017711,0,0,0,0,0,0,0,0.25067,0,0,0
0,0,0,0,0,0.0019553,0,0,0,0,0,0.059409,0,0,0,0.0040735,0,0,0,0,0,0,0,0,0,0,0,0,0,0.015377,0.00063646,0,0,0,0,0,0,0.0069939,0,0,0
0,0,0,0,0,0,0,0.042413,0,0,0,0,0,0,0,0,0,0.03226,0,0,0,0,0,0,0,0,0,0,0,0,0,0,0,0,0,0,0,0,0,0,0
0,0,0,0,0,0,0,0.01038,0,0,0,0.0081619,0,0,0,0,0,0.0050591,0,0,0,0,0,0,0,0,0,0,0,0,0,0,0,0,0,0.097734,0,0,0,0,0
0,0,0,0,0,0,0,0,0,0,0.0082681,0.0057954,0,0,0,0,0,1.9691e-05,0,0,0,0,0,0,0,0,0,0,0,0,0,0,0,0,0,0.013834,0,0,0,0,0
0.0462,0,0.0025466,0,0,0.012766,0.0099505,0,0,0,0,0.0023668,0.0088833,0.018745,0.012618,0.0069527,0.0022479,0.018842,0.022125,0,0.00033353,0.0035947,0.010027,0.013041,7.1546e-06,0.0023675,0.0045759,0.0054743,0,0.016111,0.011012,0,0.019569,0.0065238,0.0044996,0.0011613,0.0089361,0.0034122,0.00054598,0.011067,0.0055155
0,0,0,0,0,0,0,0,0,0.014289,0.039185,0,0.038085,0,0,0,0,0,0.022897,0,0,0,0.00024807,0,0,0,0,0,0.00022134,0,0.020703,0,0,0,0,0,0,0,0,0,0
0,0,0,0,0,0,0,0,0,0.024588,0.025442,0,0,0,0,0,0,0,0,0,0,0,0,0,0,0,0,0,0,0,0,0,0,0,0,0,0,0,0,0,0
0,0,0,0,0,0,0,0,0,0,0,0,0,0,0,0,0,0,0,0,0,0,2.1804e-06,0,0,0,0,0,0,0,0,0,0,0,0,0,0,0,0,0,0
0,0,0,0,0,0,0,0,0,0,0,0,0,0,0,0,0,0,0,0,0,0,0,0,0,0,0,0,0,0,0,0,0,0,0,0,0,0,0,0,0
0,0,0,0,0,0,0,0,0,0,0,0,0,0,0,0,0,0,0,0,0,0,0,0,0,0,0,0,0,0,0,0,0,0,0,0,0,0,0,0,0
0,0,0,0,0,0,0,0,0,0,0,0,0,0,0,0,0,0,0,0,0,0,0,0,0,0,0,0,0,0,0,0,0,0,0,0,0,0,0,0,0
0,0,0,0,0,0,0,0,0,0,0,0,0,0,0,0,0,0,0,0,0,0,0,0,0,0,0,0,0,0,0,0,0,0,0,0,0,0,0,0,0
0,0,0,0,0,0,0,0,0,0,0,0,0,0,0,0,0,0,0,0,0,0,0,0,0,0,0,0,0,0,0,0,0,0,0,0,0,0,0,0,0
0,0,0,0,0,0,0,0,0,0,0,0,0,0,0,0,0,0,0,0,0,0,0,0,0,0,0,0,0,0,0,0,0,0,0,0,0,0,0,0,0
0.012245,0,0.00041102,0.0061793,0,0.020744,0.0034499,0,0,0,0,0,0.01296,0.011895,0.00027372,0.00929,0.001692,0.0099924,0.028315,0,0,0.0026823,0.010775,0.013776,1.3891e-06,0.0038614,0.0028459,0.0012156,0,0.0029859,0.016671,0,0.0074375,0.0019864,0.0067872,0.003104,0.0075722,0.0044771,0.00014694,0.0047734,0.0082799
0,0,0,0,0,0,0,0,0,0,0.022802,0,0.011081,0,0,0,0,0,0,0,0,0,0,0,0,0.00024661,0,0,0,0,3.2442e-05,0,0,0,0,0,0,0,0,0,0
0,0,0,0,0,0,0,0,0,0,0,0,0,0,0,0,0,0,0,0,0,0,0,0,0,0,0,0,0,0,0,0,0,0,0,0,0,0,0,0,0
0,0,0,0,0,0,0,0,0,0,0,0,0,0,0,0,0,0,0,0,0,0,0,0,0,0,0,0,0,0,0,0,0,0,0,0,0,0,0,0,0
0,0,0,0,0,0,0,0,0,0,0,0,0,0,0,0,0,0,0,0,0,0,0,0,0,0,0,0,0,0,0,0,0,0,0,0,0,0,0,0,0
0,0,0,0,0,0,0,0,0,0,0,0,0,0,0,0,0,0,0,0,0,0,0,0,0,0,0,0,0,0,0,0,0,0,0,0,0,0,0,0,0
0,0,0,0,0,0,0,0,0,0,0,0,0,0,0,0,0,0,0,0,0,0,0,0,0,0,0,0,0,0,0,0,0,0,0,0,0,0,0,0,0
0,0,0,0,0,0,0,0,0,0,0,0,0,0,0,0,0,0,0,0,0,0,0,0,0,0,0,0,0,0,0,0,0,0,0,0,0,0,0,0,0
0,0,0,0,0,0,0,0,0,0,0,0,0,0,0,0,0,0,0,0,0,0,0,0,0,0,0,0,0,0,0,0,0,0,0,0,0,0,0,0,0
0,0,0,0,0,0,0,0,0,0,0,0,0,0,0,0,0,0,0,0,0,0,0,0,0,0,0,0,0,0,0,0,0,0,0,0,0,0,0,0,0
0.0058368,0,0.00079268,0.00020755,0,0.0096957,8.8331e-05,0,0,0,0,0.00012246,0.014539,0.010439,0.0073744,0.0031251,0,0.010826,0.023446,0,0,0.006746,0.002902,0.00070764,6.9482e-06,0.00043252,0.00082768,0.0019727,0,0.011284,0.013195,0,0.0064086,0.005936,0.0029188,0.001674,0.0063859,0.0030062,0.0003546,0.0035384,0.0040263
0,0,0,0,0,0,0,0,0,0,0.010574,0,0.012653,0,0,0,0,0,0,0,0,0.011388,0,0,0,0.00052848,0,0,0,0,0,0,0,0,0,0,0,0,0,0,0
0,0,0,0,0,0,0,0,0,0,0,0,0,0,0,0,0,0,0,0,0,0.060177,0,0,0,0,0,0,0,0,0,0,0,0,0,0,0,0,0,0,0
0,0,0,0,0,0,0,0,0,0,0,0,0,0,0,0,0,0,0,0,0,0,0,0,0,0,0,0,0,0,0,0,0,0,0,0,0,0,0,0,0
0,0,0,0,0,0,0,0,0,0,0,0,0,0,0,0,0,0,0,0,0,0,0,0,0,0,0,0,0,0,0,0,0,0,0,0,0,0,0,0,0
0,0,0,0,0,0,0,0,0,0,0,0,0,0,0,0,0,0,0,0,0,0,0,0,0,0,0,0,0,0,0,0,0,0,0,0,0,0,0,0,0
0,0,0,0,0,0,0,0,0,0,0,0,0,0,0,0,0,0,0,0,0,0,0,0,0,0,0,0,0,0,0,0,0,0,0,0,0,0,0,0,0
0,0,0,0,0,0,0,0,0,0,0,0,0,0,0,0,0,0,0,0,0,0,0,0,0,0,0,0,0,0,0,0,0,0,0,0,0,0,0,0,0
0,0,0,0,0,0,0,0,0,0,0,0,0,0,0,0,0,0,0,0,0,0,0,0,0,0,0,0,0,0,0,0,0,0,0,0,0,0,0,0,0
0,0,0,0,0,0,0,0,0,0,0,0,0,0,0,0,0,0,0,0,0,0,0,0,0,0,0,0,0,0,0,0,0,0,0,0,0,0,0,0,0
0.0037588,0,0.00055918,0,0,0.0089418,0.0014153,0,0,0,0,0.00015744,0.0090316,0.0054265,0.002811,0.0048313,0.0049418,0.0084501,0.020257,0,0.00018752,0.0025392,0.002518,0.011416,0,0.004091,0.0015619,0.0020504,0,0.0005275,0.014025,0,0.0067246,0,0.0033825,0,0.0056873,0.0025874,8.0422e-05,0.006465,0.00032352
0,0,0,0,0,0,0,0,0,0,0.0058959,0,0.019437,0,0,0,0,0,0,0,0,0.0034544,0,0,0,0,0,0,0,0,0,0,0,0,0,0,0,0,0,0,0
0,0,0,0,0,0,0,0,0,0,0,0,0,0,0,0,0,0,0,0,0,0.062111,0,0,0,0,0,0,0,0,0,0,0,0,0,0,0,0,0,0,0
0,0,0,0,0,0,0,0,0,0,0,0,0,0,0,0,0,0,0,0,0,0,0,0,0,0,0,0,0,0,0,0,0,0,0,0,0,0,0,0,0
0,0,0,0,0,0,0,0,0,0,0,0,0,0,0,0,0,0,0,0,0,0,0,0,0,0,0,0,0,0,0,0,0,0,0,0,0,0,0,0,0
0,0,0,0,0,0,0,0,0,0,0,0,0,0,0,0,0,0,0,0,0,0,0,0,0,0,0,0,0,0,0,0,0,0,0,0,0,0,0,0,0
0,0,0,0,0,0,0,0,0,0,0,0,0,0,0,0,0,0,0,0,0,0,0,0,0,0,0,0,0,0,0,0,0,0,0,0,0,0,0,0,0
0,0,0,0,0,0,0,0,0,0,0,0,0,0,0,0,0,0,0,0,0,0,0,0,0,0,0,0,0,0,0,0,0,0,0,0,0,0,0,0,0
0,0,0,0,0,0,0,0,0,0,0,0,0,0,0,0,0,0,0,0,0,0,0,0,0,0,0,0,0,0,0,0,0,0,0,0,0,0,0,0,0
0,0,0,0,0,0,0,0,0,0,0,0,0,0,0,0,0,0,0,0,0,0,0,0,0,0,0,0,0,0,0,0,0,0,0,0,0,0,0,0,0
0.0042414,0,0.00085823,0.0047987,0,0.0049656,0.002288,0,0,0,0,8.6344e-05,0.0047992,0.018399,0.0016106,0.0058493,0,0.0086352,0.028126,0,0.00012699,0.0040599,0.0023342,0.011893,2.2162e-06,0.0023531,0.0015709,0.0014187,0,0.0045756,0.01657,0,0.0040059,0.0055535,0.0036008,0.0024666,0.0080554,0.0047127,0.00044164,0.0042813,0.0044022
0,0,0,0,0,0,0,0,0,0,0.0039771,0,0.034983,0,0,0,0,0,0,0,0,0,1.8907e-05,0,0,0,0,0,0,0,0.00097719,0,0,0,0,0,0,0,0,0,0
0,0,0,0,0,0,0,0,0,0,0,0.06672,0,0,0,0,0,0,0,9.3373e-05,0,0,0,0,0,0,0,0,0,0,0,0,0,0,0,0,0,0,0,0,0
0,0,0,0,0,0,0,0,0,0,0,0.017691,0,0,0,0,0,0,0,9.2339e-07,0,0,0,0,0,0,0,0,0,0,0,0,0,0,0,0.05649,0,0,0,0,0
0,0,0,0,0,0,0,0,0,0,0,0,0,0,0,0,0,0,0,0,0,0,0,0,0,0,0,0,0,0,0,0,0,0,0,0,0,0,0,0,0
0,0,0,0,0,0,0,0,0,0,0,0,0,0,0,0,0,0,0,0,0,0,0,0,0,0,0,0,0,0,0,0,0,0,0,0,0,0,0,0,0
0,0,0,0,0,0,0,0,0,0,0,0,0,0,0,0,0,0,0,0,0,0,0,0,0,0,0,0,0,0,0,0,0,0,0,0,0,0,0,0,0
0,0,0,0,0,0,0,0,0,0,0,0,0,0,0,0,0,0,0,0,0,0,0,0,0,0,0,0,0,0,0,0,0,0,0,0,0,0,0,0,0
0,0,0,0,0,0,0,0,0,0,0,0,0,0,0,0,0,0,0,0,0,0,0,0,0,0,0,0,0,0,0,0,0,0,0,0,0,0,0,0,0
0,0,0,0,0,0,0,0,0,0,0,0,0,0,0,0,0,0,0,0,0,0,0,0,0,0,0,0,0,0,0,0,0,0,0,0,0,0,0,0,0
0.0025192,0,0.00067746,0.0037975,0,0.0099345,0.0021124,0,0,0,0,2.3462e-06,0.00097471,0.019088,0.010437,0.0091788,0.0033563,0.016833,0.027945,0,0.00012294,0.0034572,0.00039312,0.0065885,0,0.0061397,0.0011644,0.0027996,0,0.0092719,0.003736,0,0.0050356,0.0062573,0.0038702,0,0.016215,0.0085635,0.00032866,0.011755,0.0088653
0,0,0,0.061054,0,0,0,0,0,0,0.0031368,0,0.059788,0,0,0,0,0,0.016415,3.3893e-05,0.004171,0,0.00036927,0,0,0,0,0,0,0,0.010812,0,0,0,0,0,0,0,0,0,0
0,0,0,0.061172,0,0,0,0,0,0,0.00017995,0.0070553,0.018126,0,0,0,0,0,0,4.2291e-05,0.000874,0,0.014713,0,0,0,0,0,0,0,0,0,0,0,0,0.1421,0,0,0,0.0043091,0
0,0,0,0,0,0,0,0,0,0,0,0,0,0,0,0,0,0,0,0,9.3704e-05,0,0.0083855,0,0,0,0,0.0070539,0,0,0,0,0,0,0,0.083483,0,0,0,0,0
0,0,0,0,0,0,0,0,0,0,0,0,0,0,0,0,0,0,0,0,1.1671e-06,0,0,0,0,0,0,0.00023266,0,0,0,0,0,0,0,0,0,0,0,0,0
0,0,0,0,0,0,0,0,0,0,0,0,0,0,0,0,0,0,0,0,0,0,0,0,0,0,0,0,0,0,0,0,0,0,0,0,0,0,0,0,0
0,0,0,0,0,0,0,0,0,0,0,0,0,0,0,0,0,0,0,0,0,0,0,0,0,0,0,0,0,0,0,0,0,0,0,0,0,0,0,0,0
0,0,0,0,0,0,0,0,0,0,0,0,0,0,0,0,0,0,0,0,0,0,0,0,0,0,0,0,0,0,0,0,0,0,0,0,0,0,0,0,0
0,0,0,0,0,0,0,0,0,0,4.2428e-05,0,0,0,0,0,0,0,0,0,0,0,0,0,0,0,0,0,0,0,0,0,0,0,0,0,0,0,0,0,0
0,0,0,0,0,0,0,0,0,0,2.4357e-05,0,0,0,0,0,0,0,0,0,0,0,0,0,0,0,0,0,0,0,0,0,0,0,0,0,0,0,0,0,0
0.0005731,0,0.001636,0.010922,0,0.0082692,0.0027073,0,0,0,0,0,0,0.043445,0.018813,0.022344,0.0082802,0.051334,0.0019183,0,0.00026304,0.0027691,0.00013431,0.029907,0,0.022265,0.0033424,0.0046234,0,0.037802,0,0,0.0037998,0.02131,0.010034,0.0103,0.026367,0.02149,0.00063983,0.027897,0.014597
0.00092215,0,0,0,0,0.00042281,0,0,0,0,0.00026116,0,0.009465,0.0036017,0,0.0083468,0.00095946,0,0.028233,0,0.001278,0.001752,0,0.014163,0,0,0,0,0,0,0.017029,0,0,0,0,0.00046354,0,0.0011908,0,0,0
0,0,0,0.015728,0,0,0,0,0,0,0.00034027,0.00073251,0.078293,0,0,0,0.0046547,0,0.0025162,0,0.00013045,0,0.0010136,0,0,0,0.01576,0,0,0,0.0033399,0.0001924,0,0.017005,0,0.036489,0,0,0,0.16636,0
0,0,0,0,0,0,0,0,0,0,4.0841e-06,0,0.087082,0,0,0.065585,0.00028397,0,0,0,9.2567e-05,0,0,0,0,0,0.00053679,0.010397,0,0,0.0039073,8.6937e-05,0,0,0,0,0,0.057123,0,0,0
0,0,0,0,0,0,0,0,0,0,2.2952e-06,0,0.079617,0,0,0.0078632,0,0,0,0,1.4619e-06,0,0,0,0,0.00016889,0,0,0,0,0,0,0,0,0.00019499,0,0,0,0.00033572,0,0
0,0,0,0,0,0,0,0,0,0,0,0,0.039326,0.0032446,0,0,0,0,0,0,0,0.0043177,0,0,0,0,0,0,0,0,0,0,0,0,0,0,0,0,0,0,0
0,0,0,1.0377e-05,0,0,0,0,0,0,0,0,0.0055455,0,0,0,0,0,0.0001523,0,0,0,0,0,0,0,0,0,0,0,0,0,1.621e-05,0,0,0,0,0,0,0,0
0,0,0,0,0,0,0,0,0,0,4.1747e-05,0,0.00037538,0.00016439,0,0,0,0,2.9166e-05,0,0,0,0,0,0,0,0,0,0,0,0,0,2.5255e-05,0,0,0,0,0,0,0,0
0,0,0,0,0,0,0,0,0,0,9.1951e-05,0,1.8665e-06,0.00026497,9.0871e-05,0,0,0,0,0,0,0,0,0,0,0,0,0,0,4.3819e-05,0,0,0,4.812e-05,0,0,0,0,0,0,0
0,0,0,0,0,0,0,0,0,0,4.5842e-06,0,0,0,0,0,0,0,0,0,0,0,0,0,0,0,0,0,0,9.9352e-05,0,0,0,4.2471e-06,0,0,0,0,0,0,0
0,0,0.00095191,0.023627,0,0.00091899,0.00045156,0,0,0,0,0,0,0,0.034295,0.0032519,0.0055206,0,0,0,0.00021549,0,3.8954e-05,0.016165,0,0.037986,0.00075244,0.0037,0,0.011353,0,0,0.004118,0.027033,0.014786,0.018979,0.063625,0.020431,0.00037422,0.022843,0.046509
0,0,5.8017e-05,0.063925,0,0.0045238,0.0010711,0,0,0,0,0,0,0.033524,0.053031,0.065183,0.0091875,0.073625,0.0037375,0,5.9217e-06,0.0014637,0,0.072801,0,0.067646,0.00031248,0.0031871,0,0.062755,0,0,0.0016929,0.049899,0.012749,0.03749,0.09984,0.055107,6.1529e-05,0.018168,0.112
0,0,0,0.0036149,0,0.00026603,2.7435e-05,0,0,0,0,2.3993e-05,0,0.014859,0.018325,0.088313,0.0035857,0.025948,0.0049047,0,0,0.00022211,0,0.071697,0,0.028807,0.0033381,0.00042102,0,0.018671,0.0016372,0.00018167,4.1493e-05,0.059354,0.0019162,0,0.019365,0.053061,0,0.057965,0.080392
0,0,0,0.00010107,0,2.268e-06,0,0,0,0,7.0961e-07,0,0,0.0031461,0.0032744,0.053057,0.00016503,0.0090451,0.00071129,0,0,0.00013533,0,0.063695,0,0.001116,0,3.4286e-05,0,0.003821,0.0032305,0,0,0.070817,3.1294e-05,0,0.0027236,0.00089575,0,0,0.028103
0,0,0,0,0,0,0,0,0,0,1.7e-05,0,0.0022091,3.115e-05,0.00049711,0,0,0.0019241,3.7097e-05,0,0,0.00029506,0,0.031859,0,0.15617,0,0,0,0.00053943,0,0,0,0.00030151,0.0047013,0,0.048412,0,0.00013406,0,0.22308
0,0,0,0,0,0,0,0,0,0,1.6491e-05,0,0.0050816,0.0077512,1.67e-05,0,0,0.00024443,0,0,0,0.0018759,0,0.0053679,0,0,0,0,0,4.8311e-05,0,0,0,5.7341e-06,0,0,0,0,0,0,0
0,0,0,0,0,0,0,0,0,0,4.1787e-06,0,0.0042708,0,0,0,0,0,0.00035276,0,0,0,0,0.00099496,0,0,0,0,0,1.2894e-05,0,0,0,0,0,0,0,0,0,0,0
0,0,0,0,0,0,0,0,0,0,0,0,0.00054853,0.0001253,1.5341e-05,0,0,0,7.829e-06,0,0,0,0,0.0074392,0,0,0,0,0,0.0012259,0,0,0,7.8673e-05,0,0,0,0,0,0,0
0,0,0,0,0,0,0,0,0,0,0,0,2.4985e-05,0.00010711,0.00016615,0,0,0.0011656,0,0,0,0,0,0.00017933,0,0,0,0,0,0.00048865,0,0,0,4.4601e-05,0,0,0,0,0,0,0
0,0,0,0,0,0,0,0,0,0,0,0,0,6.439e-07,0,0,0,0,0,0,0,0,0,0,0,0,0,0,0,0.00032232,0,0,0,0,0,0,0,0,0,0,0
