0.013372,0.012904,0.02222,0.054303,0.011754,0.01403,0.041892,0.011095,0.012261,0.0092125,0.033091,0.075606,0.010407,0.028275,0.017391,0.011958,0.017691,0.032303,0.074254,0.0024032,0.0070401,0.034013,0.024933,0.0063905,0.032168,0.017154,0.017313,0.021077,0.027946,0.03498,0.02091,0.015087,0.016273,0.0017778,0.056397,0.030883,0.067241,0.048405,0.023869,0.017299,0.037602,0.064991
0.0030346,0,0,0.00027359,0.0025092,0.00016377,0.0065745,1.4868e-05,0.0026473,1.539e-06,0.0098944,0,0,9.0258e-06,0.0024636,0,0,0,0,0,0,0.00010515,0,0,4.9792e-05,0.01799,0,0,0.0033443,0,0.006965,0,0,0.00017461,0,0.0031422,0.0010697,0,0.0019734,0.0089351,0.01286,0.0167
8.5168e-06,0,0,0.0016918,0.0018624,0.0072704,5.4657e-05,0.0028348,0,0.00095161,0.003961,0.003638,0.00022284,0.0043631,0.0027105,0.044785,0,0,0,0,0.012675,0,0.0002152,0.00022383,6.1005e-05,0.016281,0,0.0029025,0,0.0080778,0.0047577,0.0057634,3.892e-05,0.00011956,0.008678,0.0024119,5.1298e-05,0.0065801,0.029623,0.0063602,0.013148,0.014855
0.0010609,0,0,0.0026985,0.0033466,0.0019975,0.0023766,0.0012878,0,0.001473,0.0036937,0.0021867,0,0.0033964,0,0,0,0,0,0.0011793,0,0.097695,0.030819,0,0,0.015649,0,0,0,0.0096964,0.012501,0,0,0,1.7324e-06,0.0044054,0.0082387,0,0.04486,0.0039837,0.10364,0.0052546
0.094409,0,0,0.063743,0.020104,0.051923,0.075672,0.058203,0.075476,0.099465,0.18148,0.090762,3.2096e-05,0.072004,7.3241e-06,0,0,0.00069974,0,0,0.0075708,0,0.00015509,0,5.2227e-05,0.017506,0,0,0.034278,0.017092,0.01042,9.5751e-06,0,0.00015424,0,0.0023126,9.9417e-06,0.01052,0.08361,0.0038162,0.00021448,0.0032617
0.3327,0.29387,0.455,0.46292,0.28681,0.30472,0.33543,0.19558,0.26061,0.36277,0.15338,0.2566,0.53662,0.24474,0.44584,0.22093,0.53087,0.4529,0.47269,0.76892,0.48409,0.19537,0.40689,0.37973,0.47868,0.27776,0.52404,0.54982,0.37922,0.39648,0.37207,0.49172,0.46815,0.81768,0.51066,0.40343,0.45288,0.47348,0.26642,0.24699,0.21894,0.39736
0.026196,0,0,0.012124,0,8.5791e-06,0.0057593,0.051909,0,0.000338,0,0.00013134,0,0.017,0.011638,0.0053328,0,0,0,0,0,0.15216,0,0,0,0.060766,0,0,0,0.005968,0.018839,0,0.0045807,0,0,0.022341,0.012411,0,0.068089,0.03461,0.27208,0.021605
0.01567,0,0,0.0095539,0.043318,0.025602,0.0012878,0,0,0.00034192,0.079436,1.2384e-06,0.0056327,5.7893e-05,0.0064844,0.23234,0,0,0,6.8628e-06,0.067928,0,0,0,0,0.05198,0,0.0077968,0,0.012924,0.010274,0.00016224,0.0041538,0.010736,0.00027566,0.0068785,0.0051275,0.0058665,0.12147,0.15065,0.026192,0.039273
0.016794,0.0089465,0,0.017187,0.053594,0.044569,0,0.00063985,0.015307,0.0008866,0.13695,0.00014212,0,0.0063024,0,0,0,0,0,0.00039649,0,0.017708,0,0,0,0.050147,0,0,0,0,0.014961,0,0.0054793,0,0.014421,0.037883,0.00058334,0,0.023197,0.19106,0.017399,0.023642
0.49676,0.68428,0.52278,0.37551,0.5767,0.54972,0.53095,0.67844,0.6337,0.52456,0.39811,0.57093,0.44709,0.62385,0.51346,0.48466,0.45144,0.5141,0.45305,0.22709,0.42069,0.50296,0.53699,0.61366,0.48899,0.47476,0.45864,0.4184,0.55521,0.51478,0.5283,0.48726,0.50132,0.16936,0.40956,0.48632,0.45239,0.45515,0.33689,0.33629,0.29793,0.41306
0.97612,0.96925,0.93096,0.92203,0.94231,0.91604,0.44402,0.18174,0.22451,0.87682,0.95136,0.94641,0.95995,0.95367,0.96267,0.32722,0.88357,0.90291,0.87059,0.84194,0.93567,0.91957,0.93664,0.97338,0.97919,0.38759,0.95777,0.93194,0.95302,0.92763,0.94243,0.93846,0.88359,0.91873,0.87136,0.67492,0.87055,0.78886,0.88842,0.93647,0.72384,0.83351
0.014707,0.022132,0.044348,0.048764,0.039841,0.04411,0.53542,0.80679,0.76682,0.048476,0.040191,0.024598,0.020583,0.044393,0.020463,0.63455,0.052346,0.084236,0.11388,0.1421,0.050994,0.042804,0.055448,0.01739,0.012973,0.10636,0.030232,0.036977,0.034736,0.059416,0.03624,0.048227,0.083441,0.058838,0.10811,0.17979,0.1076,0.17922,0.094955,0.040964,0.24498,0.064059
0.0044178,0.0082295,0.021944,0.026659,0.014033,0.02825,0.0092377,0.0027565,0.0085565,0.027514,0.0063497,0.021331,0.018406,0.0015159,0.015286,0.011754,0.051367,0.0068493,0.013069,0.014068,0.012971,0.034886,0.0075243,0.0082205,0.0055659,0.49766,0.011275,0.027575,0.011718,0.012015,0.020091,0.010818,0.014014,0.020221,0.017718,0.12088,0.019206,0.021844,0.013001,0.0070018,0.0081849,0.099489
0.004675,0.00027024,0.0016619,0.0010838,0.0026259,0.0062756,0.0098017,0.0086287,0.00011122,0.031008,0.0019559,0.0062063,0.00064497,0.00042071,0.00086103,0.025099,0.006256,0.0047815,0.0017189,0.0015509,0.00034529,0.00079297,0.00034278,0.00051983,0.001812,0.00079583,0.0006939,0.0020195,0.00043608,0.00066768,0.00070666,0.0021261,0.017757,0.0014823,0.00038623,0.020781,0.0019182,0.0086235,0.0033872,0.01394,0.016514,0.0014746
7.7046e-05,0.00011382,0.0010194,0.0014028,0.0010723,0.0041085,0.00090984,5.7613e-05,0,0.011087,0.00014289,0.00118,0.00029505,0,0.00058356,0.00011129,0.0054123,0.0011285,0.00071748,0.00033579,1.7759e-05,0.001861,5.1374e-05,0.00046405,0.00045105,0.0075864,2.3796e-05,0.00071253,8.8712e-05,0.00027041,0.00052519,0.00033453,0.00051156,0.00071213,0.0024169,0.00099191,0.00070434,0.00091469,0.0002356,0.001444,0.0039961,0.0014393
0,1.5849e-06,5.9202e-05,5.3405e-05,0.00010137,0.000807,0.00058676,2.0782e-05,0,0.0021532,0,0.00017838,0.00012341,0,0.00013254,0.0012633,0.00069922,9.6625e-05,2.5735e-05,6.8049e-06,0,3.7805e-05,0,1.8739e-05,1.3164e-05,1.4051e-05,0,0.00076056,0,2.1572e-06,8.0277e-06,3.9215e-05,0.00068412,2.0001e-05,1.4095e-05,0.0021725,1.7999e-05,0.00052418,3.8582e-06,6.3842e-05,0.0018488,1.5419e-05
0,0,6.0992e-06,3.7131e-06,1.8512e-05,0.00034376,2.915e-05,0,0,0.0018902,0,9.4432e-05,0,0,0,0,0.00032375,0,0,0,0,4.778e-05,0,7.1323e-06,0,0,0,1.3556e-05,0,0,0,0,0,0,0,0.00044648,8.9365e-07,4.6938e-06,0,6.0972e-05,0.00058788,8.9552e-06
0,0,0,0,0,4.4683e-05,0,0,0,0.00086324,0,7.9419e-07,0,0,0,0,2.9349e-05,0,0,0,0,0,0,0,0,0,0,3.9213e-06,0,0,0,0,0,0,0,1.678e-05,0,0,0,5.6711e-05,2.6346e-05,0
0,0,0,0,0,8.8207e-07,0,0,0,0.00012402,0,0,0,0,0,0,0,0,0,0,0,0,0,0,0,0,0,0,0,0,0,0,0,0,0,0,0,0,0,0,1.6743e-05,0
0,0,0,0,0,1.7542e-05,0,0,0,6.4725e-05,0,0,0,0,0,0,0,0,0,0,0,0,0,0,0,0,0,0,0,0,0,0,0,0,0,0,0,0,0,0,0,0
0.093923,0.098405,0.086574,0.066238,0.093784,0.088005,0.14611,0.073485,0.074482,0.084734,0.085677,0.064566,0.073547,0.092377,0.10323,0.069825,0.079342,0.091866,0.054195,0.022855,0.065937,0.097314,0.084363,0.075935,0.15652,0.10249,0.063222,0.083085,0.077599,0.15627,0.086653,0.097169,0.072823,0.18518,0.092893,0.06933,0.049756,0.071871,0.095067,0.069037,0.0705,0.049918
0.086383,0.089616,0.089273,0.088246,0.1054,0.10016,0.16618,0.07796,0.076219,0.10399,0.11004,0.094822,0.087907,0.077418,0.092522,0.086552,0.071294,0.086226,0.055241,0.1519,0.094192,0.090702,0.094779,0.079891,0.059855,0.096874,0.06816,0.082682,0.073857,0.067688,0.065686,0.068036,0.082639,0.069282,0.078303,0.050542,0.076787,0.073914,0.062194,0.049559,0.0749,0.087085
0.08479,0.078648,0.07893,0.10029,0.10276,0.10047,0.16651,0.084142,0.098916,0.09172,0.10478,0.12247,0.083703,0.075357,0.061902,0.089555,0.094117,0.093463,0.049849,0.13398,0.082677,0.085148,0.095892,0.066212,0.064745,0.087292,0.11779,0.13055,0.078798,0.083549,0.092397,0.10474,0.051352,0.070257,0.042608,0.070813,0.063784,0.062479,0.068603,0.089129,0.079107,0.073889
0.095824,0.083324,0.082778,0.055924,0.092701,0.090461,0.13574,0.07089,0.07706,0.095956,0.10128,0.10995,0.084842,0.064538,0.081234,0.048456,0.11469,0.099772,0.066174,0.028795,0.090322,0.086974,0.089241,0.076788,0.072141,0.12001,0.12191,0.058339,0.085144,0.072927,0.071726,0.1307,0.069989,0.069444,0.12008,0.064468,0.059102,0.054863,0.10085,0.043141,0.083204,0.09757
0.087444,0.078011,0.084429,0.059753,0.090506,0.084967,0.053225,0.070623,0.09059,0.087564,0.089856,0.092732,0.072281,0.081761,0.17139,0.098511,0.10858,0.091934,0.053598,0.031329,0.10166,0.076083,0.080161,0.082522,0.086399,0.29727,0.067999,0.16036,0.080559,0.060707,0.076688,0.078459,0.083735,0.049485,0.069955,0.064077,0.076204,0.12216,0.082667,0.072217,0.056439,0.073323
0.096877,0.10383,0.10078,0.10025,0.078791,0.10002,0.05106,0.067672,0.097121,0.091293,0.11442,0.096794,0.086563,0.078219,0.060112,0.080973,0.07691,0.085876,0.041581,0.15125,0.08308,0.11854,0.091382,0.078774,0.073025,0.036312,0.061812,0.068863,0.083312,0.054721,0.092092,0.053495,0.075171,0.074252,0.075234,0.12833,0.083783,0.072428,0.080032,0.060582,0.064527,0.11838
0.22473,0.078433,0.081143,0.069056,0.088303,0.096835,0.060784,0.092801,0.063051,0.097363,0.10654,0.078942,0.082549,0.069578,0.071322,0.081418,0.1003,0.095762,0.084235,0.11632,0.076152,0.19791,0.077759,0.090867,0.072206,0.062439,0.045385,0.074965,0.088767,0.089483,0.081799,0.078131,0.076353,0.064624,0.050064,0.072722,0.074635,0.059686,0.094423,0.077118,0.094419,0.069935
0.16813,0.090261,0.09658,0.085082,0.09022,0.094084,0.064536,0.053435,0.069724,0.085083,0.077535,0.082596,0.09382,0.094865,0.074812,0.068233,0.079673,0.10139,0.080436,0.070637,0.09471,0.14852,0.080505,0.068816,0.082141,0.055211,0.075595,0.054035,0.11833,0.089348,0.11147,0.11042,0.074811,0.053424,0.10664,0.089483,0.033625,0.087982,0.061184,0.090266,0.078715,0.060747
0.061896,0.10695,0.10618,0.10553,0.12885,0.11599,0.069542,0.13902,0.11238,0.1017,0.10095,0.080041,0.080523,0.078796,0.066938,0.097601,0.098486,0.087615,0.088386,0.044176,0.12843,0.038157,0.11666,0.20124,0.092812,0.055602,0.20535,0.11355,0.16317,0.11167,0.13521,0.11422,0.084596,0.082511,0.064677,0.10115,0.11336,0.068771,0.11021,0.087679,0.13373,0.086201
0,0.19253,0.19333,0.26962,0.12868,0.12901,0.086307,0.26997,0.24045,0.16059,0.10893,0.17708,0.25426,0.28709,0.21654,0.27888,0.17662,0.1661,0.42631,0.24875,0.18285,0.060663,0.18926,0.17896,0.24016,0.086501,0.17278,0.17357,0.15046,0.21363,0.18627,0.16464,0.32853,0.28154,0.29954,0.28908,0.36896,0.32584,0.24477,0.36127,0.26446,0.28295
0.29638,0.52994,0.42223,0.48384,0.39741,0.45743,0.14327,0.62406,0.010429,0.23006,0.02914,0.086135,0.13936,0.073348,0.13431,0.063019,0.15697,0.30292,0.054337,0.20605,0.38509,0.5575,0.14361,0.51262,0.34537,0.22844,0.22678,0.18692,0.079651,0.20726,0.15481,0.12222,0.38319,0.14746,0.1984,0.42904,0.079718,0.13707,0.3004,0.09283,0.45777,0.4825
0.26691,0.17422,0.21262,0.306,0.2022,0.19259,0.43532,0.053908,0.61726,0.25495,0.10576,0.17821,0.30802,0.26237,0.050882,0.18321,0.12395,0.30067,0.20489,0.52336,0.27429,0.22887,0.27239,0.17671,0.28966,0.43609,0.31581,0.18917,0.12852,0.15466,0.21857,0.096304,0.2295,0.44271,0.38357,0.20646,0.38844,0.26404,0.33773,0.30957,0.23857,0.16649
0.1289,0.20475,0.21091,0.029825,0.26372,0.20671,0.18008,0.1286,0.047376,0.37509,0.35908,0.48482,0.37575,0.48128,0.22204,0.3765,0.25399,0.26053,0.31918,0.12008,0.16609,0.10287,0.36204,0.16252,0.17305,0.15839,0.20173,0.22783,0.31635,0.36514,0.35828,0.24509,0.14052,0.13377,0.12556,0.092311,0.20209,0.24568,0.11459,0.15951,0.069904,0.12643
0.14073,0.062786,0.12685,0.020388,0.1005,0.11725,0.088849,0.075681,0.21028,0.13134,0.41362,0.18751,0.12846,0.15831,0.39578,0.19906,0.28794,0.11959,0.24993,0.04417,0.046768,0.032722,0.17628,0.099607,0.12683,0.063902,0.15791,0.23169,0.36619,0.16504,0.15601,0.39621,0.13501,0.18348,0.16191,0.1252,0.2192,0.24609,0.095604,0.30035,0.063265,0.10918
0.13602,0.027911,0.027396,0.11184,0.031404,0.023737,0.10135,0.074229,0.0377,0.0063949,0.089973,0.046402,0.033618,0.0077684,0.17991,0.14421,0.15983,0.016115,0.14107,0.072342,0.085022,0.03942,0.044385,0.021145,0.065087,0.069899,0.060384,0.1299,0.095601,0.08272,0.060694,0.11921,0.088428,0.066218,0.10555,0.10438,0.10542,0.060749,0.11565,0.13768,0.12837,0.062411
0.031059,0.00039128,0,0.042571,0.0047777,0.00063326,0.049812,0.032673,0.076779,0.002176,0.00235,0.01693,0.012255,0.010318,0.017084,0.033248,0.011676,0.00017957,0.028119,0.033995,0.042713,0.022152,0.0012905,0.022851,0,0.034037,0.022608,0.028497,0.0089241,0.016807,0.035189,0.02097,0.018267,0.021345,0.021085,0.031636,0.0051275,0.046374,0.027285,7.0353e-05,0.041806,0.045767
0,0,0,0.0053464,0,0.0016569,0.0013225,0,0.00011703,0,8.486e-05,0,0.0025337,0,0,0.0007589,0.005643,0,0.0024728,0,2.2745e-05,0.01365,0,0.0045331,0,0.0092377,0.014779,0.0059898,0.0047617,0.0083803,0.016444,0,0.0050819,0.0050146,0.0039229,0.01098,0,0,0.0087419,0,0.00031011,0.0072256
0,0,0,0.00020091,0,0,0,0.01085,5.2775e-05,0,0,0,0,0,0,0,0,0,0,0,0,0.0028169,0,0,0,0,0,0,0,0,0,0,0,0,0,0,0,0,0,0,2.1983e-06,0
0,0,0,0,0,0,0,0,0,0,0,0,0,0.006599,0,0,0,0,0,0,0,0,0,0,0,0,0,0,0,0,0,0,0,0,0,0,0,0,0,0,0,0
0,0,0,0,0,0,0,0,0,0,0,0,0,0,0,0,0,0,0,0,0,0,0,0,0,0,0,0,0,0,0,0,0,0,0,0,0,0,0,0,0,0
2.4476e-06,0.28436,0.20495,0.007861,0.054573,0.17838,0.00039571,0.053809,0,0,0,0,0,0,0.0058403,0,0,0.027067,0,0.0018334,0,0.024195,0.0019817,0.25357,0.052504,0,0,0.0050845,0,0.0066372,0.00096371,0.0033915,0.0079473,0,0.004836,0.0086872,0,0,0,0,0,0.040692
0.17611,0.61755,0.79505,0.99214,0.93001,0.80875,0.5583,0.7419,0.42911,0.80801,0.060394,0.33992,0.36771,0.0037705,0.060794,0.012725,0.32554,0.91224,0.04328,0.92079,0.99972,0.9758,0.41785,0.70541,0.94684,0.6942,0.90155,0.49451,0.19605,0.84905,0.43987,0.2128,0.72648,0.57188,0.95052,0.99068,0.35427,0.36419,0.91735,0.1918,1,0.95931
0.82388,0.098096,0,0,0.01542,0.01287,0.31174,0.20429,0.50551,0.19199,0.93961,0.66008,0.63229,0.99568,0.93337,0.98727,0.66951,0.060689,0.95672,0.077374,0.00027786,0,0.58017,0.041024,0.00066137,0.3058,0.098454,0.5004,0.80395,0.14432,0.55917,0.78381,0.26557,0.42812,0.04464,0.00062913,0.64573,0.63581,0.082651,0.8082,2.8044e-06,0
0,0,0,0,0,0,0.12956,0,0.065381,0,0,0,0,0.00054947,0,0,0.0049525,0,0,0,0,0,0,0,0,0,0,1.1293e-05,0,0,0,0,0,0,0,0,0,0,0,0,0,0
0,0,0,0,0,0,0,0,0,0,0,0,0,0,0,0,0,0,0,0,0,0,0,0,0,0,0,0,0,0,0,0,0,0,0,0,0,0,0,0,0,0
0,0,0,0,0,0,0,0,0,0,0,0,0,0,0,0,0,0,0,0,0,0,0,0,0,0,0,0,0,0,0,0,0,0,0,0,0,0,0,0,0,0
0,0,0,0,0,0,0,0,0,0,0,0,0,0,0,0,0,0,0,0,0,0,0,0,0,0,0,0,0,0,0,0,0,0,0,0,0,0,0,0,0,0
0,0,0,0,0,0,0,0,0,0,0,0,0,0,0,0,0,0,0,0,0,0,0,0,0,0,0,0,0,0,0,0,0,0,0,0,0,0,0,0,0,0
0,0,0,0,0,0,0,0,0,0,0,0,0,0,0,0,0,0,0,0,0,0,0,0,0,0,0,0,0,0,0,0,0,0,0,0,0,0,0,0,0,0
0,0,0,0,0,0,0,0,0,0,0,0,0,0,0,0,0,0,0,0,0,0,0,0,0,0,0,0,0,0,0,0,0,0,0,0,0,0,0,0,0,0
0.32673,0.19161,0.083485,0.075734,0.010285,0.017313,0.44112,0.48493,0.33151,0.04207,0.049066,0.19829,0.25387,0.039574,0.10299,0.15113,0.046229,0.003815,0.08831,0.079701,0.29643,0.29579,0.074551,0.15347,0.23144,0.26522,0.1024,0.056242,0.16463,0.21843,0.24629,0.014989,0.21292,0.17715,0.18362,0.21467,0.21656,0.1439,0.096675,0.048991,0.088012,0.30825
0.083679,0.064614,0.0054634,0.083952,0.016829,0.010649,0.13622,0.089027,0.064122,0.0094904,0.064363,0.068164,0.062931,0.0048114,0.11761,0.11353,0.042866,0.002247,0.093039,0.10283,0.11538,0.086029,0.033615,0.064666,0.11425,0.085459,0.069826,0.0516,0.067581,0.064835,0.04766,0.066671,0.10877,0.13437,0.10245,0.10129,0.066698,0.077146,0.06531,0.014953,0.036493,0.099161
0.045693,0.027418,0.0027661,0.029937,0.039221,0.042322,0.063709,0.047341,0.078058,0.008094,0.020679,0.045958,0.023416,0.010338,0.084422,0.10335,0.051935,0.0013422,0.090304,0.1286,0.020477,0.098353,0.021225,0.045264,0.060371,0.049498,0.037123,0.059313,0.052245,0.057092,0.082767,0.027066,0.063762,0.12045,0.082636,0.049727,0.074218,0.058026,0.095336,0.032239,0.046529,0.070968
0.038752,0.04313,0.0068976,0.056677,0.044058,0.031321,0.05515,0.032531,0.080046,0.011724,0.036117,0.056404,0.023865,0.024723,0.033992,0.063084,0.028051,0.00056949,0.066217,0.062668,0.062037,0.034257,0.029202,0.023219,0.01601,0.036756,0.040025,0.060155,0.059902,0.066116,0.047185,0.056015,0.047749,0.065058,0.051126,0.051672,0.074096,0.052672,0.042118,0.053074,0.052159,0.046612
0.058224,0.040077,0.021634,0.025413,0.030102,0.02411,0.023162,0.025944,0.053027,0.007969,0.033359,0.021135,0.039953,0.050828,0.067449,0.053815,0.016367,0.00053614,0.064685,0.038676,0.043842,0.043843,0.0056401,0.001613,0.02731,0.040265,0.045969,0.031194,0.039576,0.025663,0.041279,0.035344,0.052921,0.053069,0.02193,0.067097,0.049009,0.036963,0.049898,0.11046,0.042298,0.020861
0.031124,0.058362,0.01968,0.02578,0.041997,0.025931,0.018878,0.012047,0.0589,0.014588,0.038025,0.067221,0.03428,0.0091009,0.024102,0.049405,0.032898,0.0059532,0.049751,0.03271,0.017461,0.021818,0.010766,0.0058142,0.034546,0.041608,0.091347,0.011773,0.042918,0.036582,0.031473,0.037865,0.042837,0.031772,0.035662,0.036512,0.056672,0.022798,0.031841,0.048112,0.026841,0.02449
0.027943,0.029287,0.048929,0.01235,0.031416,0.035813,0.017955,0.019003,0.014137,0.032401,0.045818,0.017852,0.010438,0.0089085,0.035285,0.038038,0.032709,0.0081802,0.047729,0.039056,0.075295,0.033062,0.020741,0.010173,0.03105,0.022064,0.029221,0.032445,0.033961,0.042427,0.018374,0.028064,0.021927,0.022195,0.071026,0.039105,0.010581,0.038849,0.020699,0.039136,0.033325,0.032179
0.029199,0.023713,0.036033,0.0142,0.017102,0.024345,0.010613,0.034844,0.014964,0.058542,0.0056217,0.033195,0.032204,0.017499,0.038763,0.043185,0.037185,0.0059258,0.036674,0.0064935,0.048548,0.014354,0.015372,0.021005,0.021804,0.027878,0.029592,0.034415,0.040382,0.022758,0.0083218,0.018086,0.012981,0.0049952,0.022529,0.03416,0.02767,0.031794,0.024663,0.046642,0.024069,0.013032
0.021037,0.017399,0.029904,0.020582,0.012627,0.040468,0.020527,0.017571,0.028235,0.053312,0.036564,0.019915,0.040645,0.01956,0.051209,0.013529,0.031916,0.013934,0.0095984,0.032585,0.014678,0.023279,0.005152,0.028561,0.0025753,0.019308,0.023184,0.038588,0.012417,0.013147,0.031118,0.02724,0.023761,0.026437,0.030781,0.025939,0.024924,0.018962,0.026324,0.045529,0.021407,0.025517
0.33762,0.50439,0.74521,0.65537,0.75636,0.74773,0.21266,0.23676,0.277,0.76181,0.67039,0.47186,0.4784,0.81466,0.44418,0.37092,0.67984,0.9575,0.45369,0.47667,0.30585,0.34922,0.78374,0.64622,0.46065,0.41194,0.53132,0.62427,0.48638,0.45295,0.44554,0.68866,0.41237,0.3645,0.39824,0.37982,0.39957,0.51889,0.54714,0.56086,0.62887,0.35893
0.21757,0.47246,0.27059,0.11005,0.15103,0.15605,0.60635,0.40958,0.53694,0.31933,0.11434,0.42711,0.26712,0.14001,0.31422,0.35024,0.22402,0.19355,0.25163,0.18234,0.20615,0.30255,0.24324,0.38018,0.30315,0.39746,0.17239,0.18146,0.2581,0.23796,0.29167,0.21528,0.22526,0.34561,0.28316,0.25732,0.35396,0.17385,0.13369,0.13659,0.14203,0.38408
0.10096,0.1874,0.19051,0.071945,0.24228,0.26748,0.077852,0.13004,0.098887,0.2645,0.17408,0.094331,0.10951,0.15405,0.078823,0.078131,0.074442,0.25738,0.10472,0.093488,0.15451,0.094783,0.11737,0.16171,0.16214,0.075629,0.084487,0.094416,0.12373,0.079623,0.11839,0.073205,0.1241,0.070691,0.10125,0.10481,0.10119,0.10236,0.064523,0.087518,0.083366,0.079087
0.092912,0.10635,0.20491,0.057616,0.25221,0.1625,0.031583,0.064769,0.10618,0.08485,0.094591,0.094543,0.081778,0.13454,0.055376,0.087157,0.13879,0.21459,0.06182,0.071273,0.12315,0.088439,0.11489,0.1079,0.060538,0.048275,0.050266,0.08122,0.05632,0.058674,0.094365,0.12984,0.094561,0.078381,0.061698,0.059927,0.050326,0.032651,0.066796,0.096543,0.070953,0.086761
0.045986,0.037752,0.065801,0.051668,0.029599,0.082521,0.038042,0.050013,0.02941,0.048516,0.1294,0.022751,0.034337,0.082627,0.048795,0.035388,0.052425,0.059115,0.033452,0.071773,0.067575,0.038411,0.051747,0.057595,0.078219,0.031267,0.081851,0.041724,0.036338,0.046052,0.09066,0.07028,0.0684,0.013825,0.072693,0.10144,0.032621,0.016994,0.037137,0.1322,0.038039,0.051508
0.061628,0.02983,0.061244,0.041207,0.049662,0.043324,0.030484,0.057416,0.023837,0.028988,0.095128,0.038341,0.029843,0.031513,0.061045,0.033193,0.04668,0.035528,0.038963,0.075797,0.041059,0.042756,0.06295,0.050119,0.026396,0.03195,0.070332,0.080419,0.025525,0.025618,0.050989,0.072862,0.024221,0.048011,0.03074,0.05059,0.028338,0.023881,0.056992,0.073308,0.061167,0.048378
0.022215,0.023706,0.019151,0.019362,0.027436,0.031907,0.011173,0.022848,0.011592,0.013643,0.050304,0.023803,0.014761,0.040383,0.019369,0.025993,0.020698,0.026009,0.050532,0.042481,0.067289,0.042132,0.033989,0.031628,0.037157,0.02128,0.061054,0.045659,0.053691,0.045704,0.022551,0.018756,0.035957,0.045878,0.053188,0.072412,0.062466,0.056062,0.01946,0.057762,0.024628,0.024221
0.032257,0.019616,0.027929,0.016056,0.0056261,0.032347,0.0013612,0.01463,0.0079448,0.037995,0.026814,0.024839,0.0243,0.021876,0.0241,0.021058,0.02358,0.025576,0.030153,0.028405,0.038371,0.012183,0.029996,0.030843,0.059505,0.0030663,0.02326,0.039012,0.024483,0.013295,0.0062064,0.037301,0.042355,0.035818,0.0166,0.020644,0.0080694,0.0432,0.028038,0.037974,0.027825,0.031812
0.04786,0.00043857,0.0038919,0.050457,0.015751,0.021935,0.01428,0.005196,0.019688,0.022641,0.019791,0.021585,0.045984,0.015867,0.0054592,0.027763,0.020019,0.017368,0.025179,0.053628,0.0070895,0.044296,0.032447,0.014042,0.012739,0.011304,0.037183,0.053638,0.036527,0.008631,0.027567,0.037145,0.021572,0.029216,0.03504,0.014833,0.036745,0.04059,0.02897,0.029608,0.026661,0.044987
0.025136,0.021482,0.006958,0.021529,0.033895,0.020591,0.011259,5.232e-05,0.0089412,0.020833,0.027886,0.020699,0.025126,0.020684,0.031167,0.029593,0.022164,0.013683,0.015178,0.023138,0.013197,0.0091799,0.025205,0.0088905,0.013892,0.0072642,0.019989,0.01395,0.016513,0.025821,0.018511,0.032704,0.018506,0.016396,0.045517,0.023764,0.033081,0.022821,0.041866,0.024498,0.026042,0.014326
0.35347,0.10097,0.14901,0.56011,0.19251,0.18135,0.17762,0.24546,0.15658,0.15871,0.26766,0.232,0.36723,0.35845,0.36164,0.31148,0.37718,0.1572,0.38838,0.35768,0.28161,0.32527,0.28816,0.15709,0.24626,0.3725,0.39919,0.3685,0.36878,0.45862,0.27909,0.31262,0.34507,0.31618,0.30012,0.29426,0.2932,0.48758,0.52252,0.32401,0.49928,0.23485
0.43515,0.57938,0.38251,0.5587,0.57435,0.5774,0.24377,0.38364,0.045055,0.64492,0.54701,0.6553,0.31276,0.35702,0.41508,0.26397,0.49207,0.59564,0.1188,0.23119,0.42749,0.28516,0.59368,0.61657,0.46778,0.18726,0.54778,0.50735,0.53878,0.44314,0.50185,0.50378,0.35001,0.23619,0.54304,0.42456,0.39005,0.49504,0.47664,0.22377,0.40066,0.16937
0.28203,0.37071,0.39489,0.23916,0.38435,0.40157,0.39461,0.29379,0.51543,0.26877,0.37842,0.2652,0.30615,0.46094,0.32517,0.48917,0.37091,0.38479,0.31999,0.63904,0.42579,0.48813,0.37054,0.35281,0.38103,0.39243,0.30793,0.33539,0.28756,0.32096,0.29078,0.37153,0.37869,0.44986,0.34073,0.33555,0.35402,0.36752,0.37953,0.50548,0.27751,0.48539
0.25489,0.049362,0.2214,0.20214,0.041058,0.020371,0.20118,0.21321,0.24779,0.085905,0.073789,0.079493,0.3129,0.18048,0.19007,0.23719,0.13543,0.018735,0.43875,0.12975,0.13804,0.19593,0.035776,0.030324,0.12602,0.31152,0.12885,0.12766,0.15976,0.19877,0.17675,0.1133,0.20405,0.22406,0.099951,0.21944,0.20212,0.09198,0.14328,0.26926,0.321,0.3428
0.027935,0.00055092,0.0012015,0,0.00024535,0.00066288,0.044807,0.056348,0.067159,0.00040348,0.00078228,3.6155e-06,0.068186,0.001566,0.06968,0.0096782,0.0015888,0.00084285,0.12246,2.537e-05,0.0086836,0.030789,3.8542e-06,0.00028782,0.025169,0.090003,0.015391,0.028991,0.0139,0.037132,0.030624,0.011391,0.067256,0.089452,0.016278,0.020455,0.053815,0.045458,0.00055681,0.0014923,0.0008318,0.0024427
0,0,0,0,0,0,0.054108,0.013019,0.0043586,0,0,0,0,0,0,0,0,0,0,0,0,0,0,5.6462e-06,0,0.01506,5.1591e-05,0.00061173,0,0,0,0,0,0.00024099,0,0,0,0,0,0,0,0
0,0,0,0,0,0,0.021596,0.038617,0.12021,0,0,0,0,0,0,0,0,0,0,0,0,0,0,0,0,1.0179e-06,0,0,0,0,0,0,0,0.00014837,0,0,0,0,0,0,0,0
0,0,0,0,0,0,0.039941,0.00079732,0,0,0,0,0,0,0,0,0,0,0,0,0,0,0,0,0,0.0037199,0,0,0,0,0,0,0,4.8175e-05,0,0,0,0,0,0,0,0
0,0,0,0,0,0,0,0.00057844,0,0,0,0,0,0,0,0,0,0,0,0,0,0,0,0,0,0,0,0,0,0,0,0,0,0,0,0,0,0,0,0,0,0
0,0,0,0,0,0,0,0,0,0,0,0,0,0,0,0,0,0,0,0,0,0,0,0,0,0,0,0,0,0,0,0,0,0,0,0,0,0,0,0,0,0
0,0,0,0,0,0,0,0,0,0,0,0,0,0,0,0,0,0,0,0,0,0,0,0,0,0,0,0,0,0,0,0,0,0,0,0,0,0,0,0,0,0
0.1501,0.022147,0.00033658,0.57674,0.0014315,0.0028546,0.010617,0.21167,0.15581,0.055945,0.0017308,0.017317,0.069252,0.097575,0.1216,0.092828,0.049736,0.004997,0.092793,0.075689,0.16478,0.071702,0.0046982,0.00094921,0.0070071,0.040312,0.049431,0.20949,0.14663,0.2081,0.14649,0.092605,0.050701,0.021634,0.014939,0.012196,0.058326,0.14307,0.16696,0.040868,0.23833,0.065152
0.22109,0.12237,0.12836,0.39847,0.051243,0.033129,0.054484,0.068245,0.12962,0.094667,0.092306,0.066618,0.32258,0.4283,0.21137,0.13813,0.19544,0.023663,0.26877,0.1316,0.1539,0.13449,0.14687,0.013411,0.044387,0.12767,0.24309,0.38306,0.33888,0.23411,0.24409,0.1948,0.23153,0.17035,0.020325,0.018922,0.10553,0.25501,0.41815,0.1103,0.48708,0.094293
0.10984,0.27493,0.39367,0.024792,0.30535,0.25939,0.064706,0.023,0.01117,0.18136,0.43474,0.24761,0.15187,0.38551,0.35698,0.13683,0.35234,0.21855,0.17815,0.24086,0.17349,0.18765,0.46104,0.22089,0.34313,0.12424,0.33345,0.20691,0.23749,0.1965,0.13614,0.44458,0.18694,0.2556,0.20892,0.1891,0.12962,0.22045,0.26773,0.22988,0.12273,0.094328
0.094953,0.12112,0.14506,0,0.19373,0.2437,0.075181,0.048559,0.018218,0.38603,0.25425,0.26784,0.15354,0.086787,0.15215,0.20458,0.27931,0.34724,0.1315,0.17748,0.20241,0.21208,0.29838,0.27818,0.17705,0.057658,0.19494,0.13442,0.08359,0.10451,0.11597,0.14355,0.083875,0.12508,0.36216,0.22356,0.22728,0.14714,0.094321,0.24968,0.11174,0.31222
0.11228,0.085505,0.095939,0,0.12015,0.1808,0.079152,0.040942,0.034265,0.11235,0.17239,0.18452,0.14375,0.0016022,0.083256,0.14071,0.10149,0.26029,0.21447,0.19863,0.092242,0.13728,0.071461,0.19091,0.11667,0.13062,0.10157,0.046796,0.12034,0.061754,0.068275,0.084123,0.15601,0.12802,0.17481,0.24021,0.13911,0.090921,0.032336,0.2483,0.0073842,0.21871
0.11757,0.069247,0.11662,0,0.13977,0.10851,0.19388,0.057217,0.19093,0.15753,0.035743,0.11228,0.068857,0.00023061,0.068934,0.16413,0.021034,0.13075,0.11433,0.13253,0.085247,0.080178,0.01699,0.086488,0.077173,0.21905,0.055168,0.012521,0.064316,0.065829,0.096239,0.033845,0.092694,0.12304,0.10003,0.14375,0.13684,0.080643,0.013659,0.11125,0.030405,0.11926
0.081394,0.091683,0.082022,0,0.11894,0.11625,0.24135,0.16178,0.41631,0.011097,0.0081578,0.077499,0.07252,0,0.0057137,0.056924,0.00064437,0.013607,0,0.041666,0.04726,0.030233,0.00057137,0.046081,0.065489,0.19777,0.020487,0.0061993,0.0058706,0.091187,0.1072,0.0044781,0.064172,0.1279,0.087579,0.10045,0.10842,0.050167,0.0046649,0.0097163,0.002335,0.070736
0.11275,0.053953,0.021178,0,0.069328,0.055153,0.2213,0.14319,0.043675,0.0010134,0.00067693,0.026308,0.017636,0,0,0.06587,0,0.00090762,0,0.0015447,0.06731,0.097849,0,0.062845,0.078507,0.086018,0.0018718,0.00054381,0.0021071,0.038,0.084683,0.00048408,0.08044,0.046309,0.024249,0.041751,0.069576,0.012593,0.0013052,0,0,0.017166
2.8295e-05,0.086357,0.014008,0,6.2764e-05,0.00021549,0.059331,0.20973,0,0,0,0,0,0,0,0,0,0,0,0,0.01336,0.04816,0,0.067636,0.089483,0.016658,0,4.9036e-05,0.0007753,1.3799e-05,0.00092143,0.00087872,0.052021,0.0020718,0.0069904,0.027014,0.025307,5.4818e-06,0.00086603,0,0,0.0077854
0,0.072682,0.0028,0,0,0,0,0.035667,0,0,0,0,0,0,0,0,0,0,0,0,0,0.00037783,0,0.032601,0.0011013,0,0,1.5561e-05,0,0,0,0.00065493,0.0016176,0,0,0.0030539,0,0,0,0,0,0.00035266
0,0.10806,0.013396,0,0,0,0.10156,0.25549,0,0,0,0,0,0,0,0,0,0.0021613,0,0,0,0.14477,0,0.079147,0.13006,0.030666,0,0.00017387,0,0,0,0.0013043,0.022102,0,0,0.03987,0,0,0,0,0,0.070791
0.0014757,0.083528,0.018084,0,0.032226,0.031087,0.38431,0.30368,0.52697,0,0.0041535,0,0.0033033,0.00013812,0.00014412,0.0518,0,0.00098309,0.035482,0.0061889,0.14312,0.059274,0,0.073921,0.065228,0.28143,0,0.0005177,0.0036025,0.00052256,0.0049947,0.00064629,0.076584,0.25211,0.061602,0.039265,0.21731,0.00083849,0.0032488,1.246e-05,0,0.067848
0.23295,0.087813,0.086022,0,0.14101,0.092239,0.34771,0.055467,0.12454,0.010667,0.002947,0.10569,0.094534,0.00094167,0.0008758,0.22227,0.0068593,0.0064718,0.28197,0.096777,0.047078,0.069517,0.00021534,0.034668,0.071471,0.1564,0.021816,0.0065145,0.0047194,0.14805,0.24906,0.0017676,0.23894,0.051007,0.10127,0.078443,0.084923,0.10229,0.0016263,0.055849,0.0021914,0.118
0.22494,0.075363,0.08971,0,0.10642,0.11536,0.045767,0.05557,0.097831,0.088274,0.0073358,0.11176,0.24519,0.0015837,0.12251,0.10871,0.020574,0.035002,0.095607,0.1301,0.075428,0.086831,0.0062119,0.078807,0.06003,0.18073,0.070814,0.0038771,0.014334,0.079885,0.068312,0.0071182,0.07618,0.082066,0.12343,0.22693,0.10554,0.078926,0.010377,0.1516,0.046197,0.14934
0.078572,0.06398,0.12613,0,0.13795,0.18256,0.03867,0.058312,0.095811,0.14993,0.099189,0.13963,0.052735,0.0017026,0.16023,0.13651,0.12277,0.3061,0.058463,0.21196,0.11042,0.080948,0.069526,0.17916,0.10555,0.10835,0.13402,0.040195,0.20965,0.076575,0.059463,0.12474,0.087889,0.10347,0.15336,0.33843,0.1304,0.088118,0.021035,0.27052,0.13503,0.13883
0.036399,0.2258,0.42096,0.083163,0.38477,0.41465,0.031187,0.043639,0.060617,0.33378,0.35516,0.26917,0.11711,0.4623,0.19091,0.10767,0.26474,0.49253,0.08316,0.20034,0.14279,0.15362,0.26793,0.35913,0.30171,0.066259,0.18402,0.17837,0.10323,0.11322,0.095357,0.19239,0.16533,0.17912,0.24716,0.18518,0.20172,0.15863,0.14851,0.29439,0.10096,0.23721
0.11622,0.28875,0.23505,0.12004,0.166,0.11874,0.025752,0.069874,0.049392,0.34048,0.48006,0.29319,0.32682,0.10204,0.30343,0.18449,0.41279,0.13905,0.1651,0.16454,0.1685,0.21992,0.53971,0.18636,0.20316,0.12003,0.31917,0.30785,0.25351,0.2923,0.24225,0.44405,0.12637,0.19285,0.27057,0.049338,0.11452,0.18441,0.33232,0.14407,0.10631,0.097735
0.17837,0.057113,0.010315,0.15197,0.030155,0.037196,0.019263,0.084465,0.039358,0.070062,0.049824,0.054644,0.11731,0.14476,0.10508,0.18196,0.131,0.014478,0.24276,0.12085,0.17014,0.15627,0.11607,0.0081729,0.049842,0.040594,0.19738,0.28399,0.2542,0.19811,0.16389,0.16278,0.15349,0.1252,0.025678,0.029882,0.094862,0.21699,0.4087,0.072811,0.33638,0.05707
0.11852,0.0095989,0.0003216,0.56777,0.0014158,0.0077559,0.0057786,0.069264,0.0054794,0.0057632,0.00090028,0.025486,0.042994,0.27803,0.095186,0.0065913,0.039856,0.0028337,0.037458,0.068928,0.11803,0.028806,0.00025755,0.00059099,0.012919,0.01555,0.059129,0.16466,0.14047,0.06417,0.098564,0.057646,0.05298,0.013186,0.00998,0.011655,0.044625,0.16005,0.069202,0.010016,0.26949,0.05594
0.01256,0,1.2339e-05,0.077063,4.9478e-05,0.00041769,0,0.0042398,0,0.0010425,0.00043074,0.00042798,0,0.0085002,0.021632,0,0.0014005,0.00038875,0,0.00031121,0.0245,5.0664e-05,7.93e-05,4.044e-05,2.8428e-05,0,0.013641,0.013846,0.016282,0.027181,0.018118,0.0075518,0.00013865,0.00098542,0.0069422,0.0010101,0.0060984,0.0097613,0.0049711,0.00072859,0.0034519,0.007243
0.42285,0.39399,0.24648,0.32994,0.36116,0.30733,0.44097,0.69642,0.66902,0.22433,0.29751,0.42434,0.33057,0.48025,0.3999,0.38987,0.25339,0.26739,0.52697,0.04618,0.43644,0.55302,0.23279,0.41676,0.37836,0.35253,0.20903,0.24957,0.34676,0.39482,0.43179,0.30134,0.34391,0.0074015,0.28979,0.3245,0.40019,0.37525,0.12911,0.143,0.045291,0.42038
0.055114,0.14089,0.12121,0.08889,0.19472,0.20571,0.0008393,0.0032694,0.0030283,0.18718,0.2148,0.14119,0.12196,0.14971,0.1188,0.088384,0.12661,0.13312,0.1005,0.022066,0.023533,0.10957,0.18211,0.078521,0.1158,0.05216,0.16864,0.12721,0.053589,0.044477,0.05445,0.13123,0.058527,0.010963,0.10112,0.13368,0.086169,0.034105,0.083389,0.47853,0.099531,0.12343
0.047534,0.26124,0.23093,0.078988,0.19804,0.18895,0.00041197,0.0041607,0.0017553,0.20445,0.16789,0.09852,0.14442,0.099878,0.10708,0.092066,0.14988,0.24078,0.064852,0.016551,0.013824,0.024248,0.20391,0.12174,0.15244,0.041125,0.15106,0.07963,0.03634,0.068685,0.093905,0.11925,0.077571,0.011625,0.23518,0.041093,0.084191,0.068968,0.060773,0.049097,0.029385,0.076298
0.052158,0.088166,0.21662,0.050897,0.084206,0.10306,0.0010674,0.011145,0.0041365,0.11196,0.14189,0.10986,0.11787,0.086331,0.065469,0.087386,0.14782,0.16395,0.044019,0.06154,0.015912,0.0083963,0.15145,0.1867,0.14798,0.023759,0.12955,0.13599,0.080329,0.084591,0.084262,0.18953,0.10724,0.078787,0.14196,0.094683,0.06368,0.11296,0.073636,0.015361,0.059645,0.10142
0.11019,0.068898,0.093434,0.1661,0.10983,0.13138,0.29648,0.11882,0.15768,0.17275,0.1075,0.066065,0.043424,0.1081,0.066011,2.783e-05,0.12181,0.10692,0.075889,0.41233,0.28455,0.01125,0.13678,0.094611,0.077535,0.1449,0.057726,0.16846,0.31285,0.18231,0.12757,0.11554,0.17761,0.56903,0.067855,0.015793,0.062137,0.16131,0.14361,0.023981,0.14009,0.11573
0.059757,0.025015,0.041699,0.095863,0.029882,0.048349,0.19454,0.11472,0.10169,0.036504,0.029107,0.050138,0.016032,0.046001,0.03827,8.6301e-05,0.05705,0.016468,0.057373,0.41782,0.16711,0.0025142,0.065705,0.040543,0.031298,0.17525,0.028791,0.097613,0.10768,0.06398,0.053978,0.038226,0.0943,0.26521,0.078757,0.046962,0.075833,0.13303,0.10515,0.0097084,0.15771,0.069193
0.011871,0.0045792,0.0091954,0.012057,0.0024553,0.0027141,0.00039355,2.2976e-05,0.0010853,0.013289,0.0055093,0.019864,0.016812,0.001578,0.011238,0.069699,0.036152,0.019741,0.0071739,0.021761,0.0092643,0.035741,0.01117,0.00060474,0.011069,0.019974,0.0078528,0.038319,0.015399,0.024034,0.014879,0.0088673,0.011366,0.038237,0.018566,0.029679,0.024267,0.032327,0.11694,0.0063498,0.05399,0.0033393
0.0055514,0.0026544,0.0021714,0.040526,0.010364,0.0026881,0.0016806,0.0015962,6.6414e-05,0.038694,0.0051886,0.016107,0.050273,0.0040584,0.021807,0.090546,0.028052,0.036356,0.020719,0.0016124,0.013071,0.020768,0.0092735,9.8575e-05,0.005508,0.0066722,0.014903,0.032923,0.0021024,0.036541,0.020578,0.023565,0.0098574,0.0016096,0.0069328,0.031306,0.016302,0.0099859,0.082707,0.021858,0.042263,0.0094656
0.099979,0.0077741,0.037964,0.05419,0.0056526,0.002974,0.00010846,4.5627e-05,0.0014504,0.0074698,0.01127,0.0060525,0.0046078,0.0083663,0.0582,0.055109,0.018804,0.0088621,0.0066641,4.8338e-05,0.00063181,0.023133,0.0055059,0.0063691,0.01596,0.03087,0.022849,0.046568,0.0060751,0.014898,0.011036,0.019454,0,0.0075794,0.015933,0.0056681,0.021814,0.011326,0.090436,0.10015,0.10761,0.0019863
0.135,0.0067871,0.00028943,0.082541,0.0036892,0.0068494,0.063513,0.049794,0.060086,0.0033623,0.019337,0.067862,0.15403,0.01572,0.11322,0.12683,0.060427,0.0064108,0.095831,9.7404e-05,0.035668,0.21136,0.0013103,0.054046,0.064052,0.15276,0.20959,0.023709,0.038869,0.085667,0.10755,0.052993,0.11961,0.009561,0.043907,0.27663,0.16542,0.060736,0.11425,0.15195,0.26449,0.078759
0.019905,0.012802,0.024866,0.041753,0.017368,0.030716,0.020067,0.053987,0.062627,0.019853,0.022034,0.017228,0.01275,0.031272,0.025429,0,0.025546,0.01002,0.020672,0.013063,0.056199,1.0486e-05,0.016042,0.005462,0.013508,0.030003,0.013574,0.010205,0.043944,0.019855,0.01074,0.033843,0.01352,0.035392,0.052483,0.017124,0.063589,0.050922,0.02323,0.0064418,0.023039,0.12727
0.010244,0.0042335,0.015032,0.011018,0.022673,0.013017,0.020201,0.11307,0.18402,0.027589,0.014893,0.029479,0.0079894,0.045393,0.017032,0,0.024755,0.016561,0.016489,0.016854,0.034319,0.00042949,0.017545,0.017078,0.025327,0.044711,0.017429,0.024165,0.025664,0.011387,0.01747,0.01865,0.011375,0.020278,0.05378,0.01841,0.034383,0.058145,0.028783,0.0077381,0.050884,0.049379
0.011603,0.0061827,0.021566,0.0075788,0.010254,0.0079201,0.033119,0.03615,0.011001,0.024866,0.019238,0.015301,0.0013765,0.02273,0.026539,0.0021484,0.016349,0.013064,0.013033,0.057052,0.01884,0.021211,0.0098107,0.014675,0.017914,0.043817,0.021625,0.03804,0.027829,0.014963,0.0085097,0.013814,0.01325,0.0028339,0.048681,0.030467,0.031183,0.052152,0.026493,0.0086383,0.039238,0.048787
0.0099976,0.001833,0.019129,0.0033911,0.00451,0.014361,0.022013,0.0071694,0.00092375,0.015037,0.026069,0.012087,0.0025852,0.040248,0.0056809,0.0048484,0.028499,0.0059729,0.034422,0.10927,0.01532,0.017018,0.020741,0.020701,0.015947,0.026914,0.026967,0.045898,0.0094283,0.012909,0.0077069,0.013421,0.013131,0.010736,0.070533,0.041148,0.017905,0.039363,0.053782,0.012929,0.033802,0.03216
0.00088014,0.006752,0.013573,0.011041,0.0024871,0.021299,0.048293,0.0064451,0.0021987,0.018922,0.016196,0.02611,0.004179,0.031998,0.016608,0.042118,0.026467,0.029588,0.050483,0.15397,0.02486,0.015493,0.031184,0.0065301,0.0062514,0.026575,0.0048983,0.027086,0.02234,0.018125,0.0060467,0.026107,0.0049496,0.0095459,0.033504,0.031143,0.046044,0.047052,0.028631,0.016514,0.04196,0.048644
0.0061143,0.0042357,0.018435,0.043807,0.015733,0.0081161,0.027806,0.0084812,2.7118e-06,0.0079856,0.0087698,0.0080245,0.0013381,0.022495,0.013363,0.078667,0.017585,0.031634,0.033905,0.075051,0.043213,0.022577,0.017772,0.011107,0.013942,0.049817,0.024181,0.018836,0.026875,0.037315,0.00025476,0.019847,0.0073793,0.0065597,0.044598,0.016885,0.019245,0.016357,0.048289,0.055722,0.021363,0.037486
0.014098,0.03458,0.034087,0.042564,0.020746,0.025942,0.030549,1.004e-05,0.0010023,0.032246,0.020038,0.039219,0.01016,0.024715,0.038212,0.13475,0.013767,0.024337,0.027297,0.085766,0.037126,0.032129,0.022107,0.026991,0.030044,0.053413,0.014806,0.02111,0.082303,0.012229,0.019139,0.033822,0.033228,0.026507,0.059513,0.037854,0.024128,0.017162,0.079599,0.32309,0.067369,0.037768
0.034892,0.033749,0.022774,0.056872,0.051913,0.041907,0.056581,0.01558,0.00062151,0.021717,0.046047,0.036281,0.020725,0.01378,0.060663,0.091463,0.053689,0.033017,0.044044,0.12648,0.055051,0.054242,0.04439,0.031606,0.061131,0.057264,0.032518,0.037718,0.020814,0.023699,0.02744,0.029645,0.029788,0.041923,0.047316,0.038904,0.036941,0.023037,0.11452,0.23127,0.20996,0.055795
0.094933,0.10954,0.059448,0.074751,0.13454,0.14517,0.096518,0.00028543,0.0019175,0.11491,0.12509,0.13844,0.059266,0.033821,0.16157,0.12394,0.17002,0.10093,0.11783,0.1535,0.16533,0.17179,0.12542,0.19571,0.066936,0.058282,0.16855,0.23795,0.086717,0.070332,0.13313,0.17049,0.10201,0.14551,0.1369,0.15071,0.12446,0.087975,0.19702,0.10612,0.30173,0.09615
0.79733,0.7861,0.77109,0.70722,0.71978,0.69155,0.64485,0.75882,0.73569,0.71687,0.70163,0.67783,0.87963,0.73355,0.6349,0.52206,0.62332,0.73488,0.64183,0.209,0.54975,0.6651,0.69498,0.67014,0.749,0.60921,0.67545,0.53899,0.65408,0.77919,0.76956,0.64036,0.77136,0.70071,0.45269,0.61735,0.60212,0.60783,0.39965,0.23153,0.21066,0.46656
0,0,0.00024135,0,0.0080157,0.0087498,2.921e-05,0,0,0,0,0,0.0034086,0,1.6725e-05,0.0028313,0.017511,0.02645,0.052563,0.0015411,9.8811e-06,0.0056197,0,0.00062132,0,0.010678,0,0.015361,0.00207,0,0.0028199,0.0025137,0,0,0,9.1241e-05,0.00044446,0.005733,0.0046485,0.0078643,0.032559,0.00065781
0.00042531,0.011735,0.020646,0.037893,0.0015201,0.0024795,0.025482,0.010109,0.0093752,0.0065839,0.029992,0.072762,0.0069986,0.028275,0.010537,0.0090685,0,0,0.017943,0.00082718,0.0060511,0.027074,0.02443,0.003843,0.00017967,0.006476,0.017313,0.0046789,0.008673,0.016571,0.0058334,0.0066995,0.014044,0.0013837,0.056397,0.030791,0.066796,0.015794,0.0079597,0.0074503,0.0050156,0.027226
0.011662,0,0,0,0,5.6508e-06,0,0,0,0,0,0,0,0,0,0,0,0,0.003748,0,0.00031853,0,0,0.0012387,0,0,0,0,0,0,0,0,0,0,0,0,0,0,0.0019692,0.0018723,0,0
0,0,0,0,0,0,0,0,0,0,0,0,0,0,0.0068372,0,0.00017991,0,0,0,0,0.00044809,0,0.00061717,0.029239,0,0,5.4191e-05,0,0,0,0,0,0,0,0,0,0,0.0032304,0,0,0.037107
0,0,0,0,7.7076e-05,0,0,0,0,0,0,0,0,0,0,0,0,0,0,0,0,0,0,7.0353e-05,0,0,0,0,0,0,0,3.6413e-06,0,0,0,0,0,0,0,0,0,0
3.8742e-06,0,0,0,0.0020377,0.00056486,0,0,0,0,5.4398e-05,0,0,0,0,0,0,0,0,0,0,0,0,0,0,0,0,0,0,0,0,0,0,0,0,0,0,0.026441,0,0,0,0
0,0,0,0,0,0,0.0066691,0,0,0,0,0,0,0,0,0,0,0,0,0,0,0,0.00050248,0,0,0,0,0.00098305,0,0,0,0,0.0022289,0.00013417,0,0,0,0.00043682,0,0,0,0
0,0.0011692,0,0,0,0,0,0,0,0,0.0027314,0,0,0,0,0,0,0,0,0,0,0,0,0,0,0,0,0,0.0029798,0.018409,0.012257,0,0,0,0,0,0,0,0,0,0,0
0,0,0,0,0,0,0,0,0,0,0,0,0,0,0,0,0,0,0,0,0,0,0,0,0,0,0,0,0.014224,0,0,0.0058559,0,0,0,0,0,0,0,0,0,0
0.0012811,0,0.0013324,0.01641,0.00010304,0.0022301,0.0097114,0.00098665,0.0028858,0.0026286,0.00031353,0.0028435,0,0,0,5.8621e-05,0,0.0058534,0,3.4956e-05,0.00066062,0.0008714,0,0,0.0027495,0,0,0,0,0,0,1.4184e-05,0,0.00025994,0,0,0,0,0.0060608,0.00011245,2.7045e-05,7.4485e-07
0,0,0,0,0,0,0,0,0,0,0,0,0,0,0.0024636,0,0,0,0,0,0,0.00010515,0,0,0,0.008729,0,0,0,0,0.006965,0,0,0,0,3.0317e-05,0.00039994,0,9.1506e-05,0.0052693,0.0089919,0.00014041
0,0,0,6.8581e-05,3.9516e-05,0.00013278,0.0065745,0,0,0,0.0072497,0,0,0,0,0,0,0,0,0,0,0,0,0,0,0.0092614,0,0,0,0,0,0,0,0,0,0.00080335,0.00066973,0,0.00023589,0,7.8952e-07,0.0013362
0.0028838,0,0,0,0,0,0,1.4868e-05,0,0,0,0,0,0,0,0,0,0,0,0,0,0,0,0,0,0,0,0,0,0,0,0,0,0,0,0.0023085,0,0,0.00013097,0.0032168,0,0
0,0,0,0,0,0,0,0,0,0,0,0,0,0,0,0,0,0,0,0,0,0,0,0,0,0,0,0,0,0,0,0,0,0,0,0,0,0,0,0,0,5.1645e-06
0,0,0,0,0,0,0,0,0,0,0,0,0,0,0,0,0,0,0,0,0,0,0,0,0,0,0,0,0,0,0,0,0,0,0,0,0,0,0,0,0,0
0,0,0,0,0,0,0,0,0,0,0,0,0,0,0,0,0,0,0,0,0,0,0,0,0,0,0,0,0,0,0,0,0,0,0,0,0,0,0,0,0,0
0,0,0,0,0,0,0,0,0,0,0,0,0,0,0,0,0,0,0,0,0,0,0,0,0,0,0,0,0,0,0,0,0,0,0,0,0,0,0,0,0,0
0,0,0,0,0,0,0,0,0,0,0,0,0,0,0,0,0,0,0,0,0,0,0,0,0,0,0,0,0,0,0,0,0,0,0,0,0,0,0,0,0,0
0,0,0,0,0,0,0,0,0,0,0,0,0,0,0,0,0,0,0,0,0,0,0,0,0,0,0,0,0,0,0,0,0,0,0,0,0,0,0,0,0,0
0.00015078,0,0,0.00020501,0.0024697,3.0994e-05,0,0,0.0026473,1.539e-06,0.0026447,0,0,9.0258e-06,0,0,0,0,0,0,0,0,0,0,4.9792e-05,0,0,0,0.0033443,0,0,0,0,0.00017461,0,0,0,0,0.0015151,0.00044895,0.0038678,0.015219
0,0,0,0,0.0002463,0.00011614,0,0,0,0,0,0,0,0,0,0.0084801,0,0,0,0,0,0,0,0.00022383,0,0.0034796,0,0.0017474,0,0.0080778,0.0019252,0.0039005,0,0,0,0,9.6934e-06,0.0050591,0.029327,0.0035363,0.0014842,9.5085e-05
0,0,0,0.0010187,1.8496e-05,0.00070986,5.4657e-05,0,0,0,0,0,0,5.4229e-05,0,0.0010437,0,0,0,0,0.0057844,0,0,0,0,0.0044905,0,0,0,0,0,0,0,0,0,0,0,0,0.00025464,0,0.0068451,0.00015636
0,0,0,0,0,0,0,0.00069327,0,0.00049395,0,0.003638,0,0,0,0,0,0,0,0,0,0,0,0,0,0,0,0,0,0,0,0,0,0,0.00013253,0.0012566,4.1605e-05,0,4.1372e-05,0.0024216,0,0.0020059
0,0,0,0,0,0,0,0,0,0,0,0,0,0,0,0,0,0,0,0,0,0,0,0,0,0,0,0,0,0,0,0,0,0,0,0,0,0,0,0,0,0
0,0,0,0,0,0,0,0,0,0,0,0,0,0,0,0,0,0,0,0,0,0,0,0,0,0,0,0,0,0,0,0,0,0,0,0,0,0,0,0,0,0
0,0,0,0,0,0,0,0,0,0,0,0,0,0,0,0,0,0,0,0,0,0,0,0,0,0,0,0,0,0,0,0,0,0,0,0,0,0,0,0,0,0
0,0,0,0,0,0,0,0,0,0,0,0,0,0,0,0,0,0,0,0,0,0,0,0,0,0,0,0,0,0,0,0,0,0,0,0,0,0,0,0,0,0
0,0,0,0,0,0,0,0,0,0,0,0,0,0,0,0,0,0,0,0,0,0,0,0,0,0,0,0,0,0,0,0,0,0,0,0,0,0,0,0,0,0
0,0,0,0,0,0,0,0,0,0,0,0,0,0,0,0,0,0,0,0,0,0,0,0,0,0,0,0,0,0,0,0,0,0,0,0,0,0,0,0,0,0
8.5168e-06,0,0,0.00067309,0.0015976,0.0064444,0,0.0021415,0,0.00045766,0.003961,0,0.00022284,0.0043088,0.0027105,0.035261,0,0,0,0,0.006891,0,0.0002152,0,6.1005e-05,0.0083111,0,0.0011551,0,0,0.0028325,0.0018629,3.892e-05,0.00011956,0.0085455,0.0011553,0,0.001521,0,0.00040235,0.0048192,0.012598
0.0005966,0,0,0,0,0,0,0,0,0,0,0,0,0.00072874,0,0,0,0,0,0,0,0.050488,0,0,0,0.0006419,0,0,0,0,0.011646,0,0,0,0,0,0,0,0.02473,0.00052572,0.031165,0.00021211
0,0,0,0.0011197,0.00021225,0,0,0,0,0,0,0.0021867,0,0,0,0,0,0,0,0,0,0.004428,0,0,0,0.0035075,0,0,0,0.0030867,0,0,0,0,1.7324e-06,0,0,0,0.018081,0,0.056257,0.00036435
0,0,0,0,0,0,0,0,0,0,0,0,0,0,0,0,0,0,0,0,0,0.029796,0,0,0,0,0,0,0,0,0,0,0,0,0,0.0043122,0,0,0,0.0014124,0,0.0039986
0,0,0,0,0,0,0,0,0,0.00014036,0,0,0,0,0,0,0,0,0,0,0,0.00031447,0,0,0,0,0,0,0,0,0,0,0,0,0,0,0.0025207,0,0,0,2.3002e-05,0
0,0,0,0,0,0,0,0,0,0,0,0,0,0,0,0,0,0,0,0,0,0,0,0,0,0,0,0,0,0,0,0,0,0,0,0,0,0,0,0,0,0
0,0,0,0,0,0,0,0,0,0,0,0,0,0,0,0,0,0,0,0,0,0,0,0,0,0,0,0,0,0,0,0,0,0,0,0,0,0,0,0,0,0
0,0,0,0,0,0,0,0,0,0,0,0,0,0,0,0,0,0,0,0,0,0,0,0,0,0,0,0,0,0,0,0,0,0,0,0,0,0,0,0,0,0
0,0,0,0,0,0,0,0,0,0,0,0,0,0,0,0,0,0,0,0,0,0,0,0,0,0,0,0,0,0,0,0,0,0,0,0,0,0,0,0,0,0
0,0,0,0,0,0,0,0,0,0,0,0,0,0,0,0,0,0,0,0,0,0,0,0,0,0,0,0,0,0,0,0,0,0,0,0,0,0,0,0,0,0
0.00046428,0,0,0.0015788,0.0031344,0.0019975,0.0023766,0.0012878,0,0.0013327,0.0036937,0,0,0.0026676,0,0,0,0,0,0.0011793,0,0.012668,0.030819,0,0,0.0115,0,0,0,0.0066097,0.00085541,0,0,0,0,9.323e-05,0.005718,0,0.0020487,0.0020455,0.016191,0.0006796
0.0023358,0,0,0,0,0,0,0,0.0030486,0,0,0,0,0.01617,0,0,0,0,0,0,0,0,0,0,0,0.010595,0,0,0,0.0059476,0,0,0,0,0,0,0,0,0.0005921,0.00054738,0,0.00017429
0.0072436,0,0,0.025935,0.00019427,0,0.01785,0.0012338,0,0,0.00056316,0.04175,0,0,0,0,0,0,0,0,0,0,0,0,0,0,0,0,0,0,0,0,0,0,0,0,0,0,0,0,0,0.0023549
0.0052494,0,0,0,0,0,0,0,0,0.0021534,4.8127e-05,0,0,0,0,0,0,0.00069974,0,0,0,0,0,0,5.2227e-05,0,0,0,0,0,0,0,0,0,0,0.0023116,0,0,0,0.0015141,0,0
0,0,0,0,0,2.2576e-05,0,0,1.4362e-05,6.4481e-05,0.0036242,0,0,0,0,0,0,0,0,0,0,0,0,0,0,0,0,0,0,0,0,0,0,0,0,0,0,0,0,0,0,0
0.0065496,0,0,0,0,0.00042546,0,0.02194,0,0.0016572,0,0,0,0,0,0,0,0,0,0,0,0,0,0,0,0,0,0,0,0,0,0,0,0,0,0,0,0,0,0,0,0
0,0,0,0,0,0.00015385,0,0,0,3.944e-06,0,0,0,0,0,0,0,0,0,0,0,0,0,0,0,0,0,0,0,0,0,0,0,0,0,0,0,0,0,0,0,0
0,0,0,0,0.00024132,0.00082565,0,0,0,0,0,0,0,0,0,0,0,0,0,0,0,0,0,0,0,0,0,0,0,0,0,0,0,0,0,0,0,0.0054688,0,0,0,0
0,0,0,0,0,0,0,0,0,0,0,0,0,0,0,0,0,0,0,0,0,0,0,0,0,0,0,0,0,0,0,0,0,0,0,0,0,0,0,0,0,0
0,0,0,0,0,0,0,0,0,0,0,0,0,0,0,0,0,0,0,0,0,0,0,0,0,0,0,0,0,0,0,0,0,0,0,0,0,0,0,0,0,0
0.073031,0,0,0.037807,0.019669,0.050495,0.057822,0.035029,0.072413,0.095586,0.17724,0.049013,3.2096e-05,0.055834,7.3241e-06,0,0,0,0,0,0.0075708,0,0.00015509,0,0,0.0069103,0,0,0.034278,0.011144,0.01042,9.5751e-06,0,0.00015424,0,9.98e-07,9.9417e-06,0.0050511,0.083018,0.0017547,0.00021448,0.00073252
0.00098749,0,0,0,0,0,0,0,0,0,0,0,0,0.010904,0,0,0.0087293,0,0.0082822,0.0019849,0.059557,0,0.044439,0.00075597,0.0080161,0.012373,0.0052087,0.096338,0.01478,0.0028474,0.0066904,1.1824e-06,0.0065333,0.025503,0,0,0,0.041733,0.046864,0.0038961,0.019057,0.016888
0.079794,0,0,0.27551,0.00016386,0.00073018,0.097633,0.031558,0,0,0.0039996,0.020509,0.19306,0,0.12228,0,0.044484,0,0.0073011,0.5139,0.0051609,0,0,0.02787,0,0,0.14648,0.058413,0.0046178,0,0,0.09603,0.0004669,0.25538,0.30804,0,0.11568,0.041577,0.055275,0,0,0.18779
0,0,0.014182,0,0,0,0,0,0,0.00084841,0,4.4755e-05,0,0,0,0,0.019252,0.0052116,0.090772,0,0.063028,0,0,0,0.13398,0.0084221,0,0,0,0.10448,0,0,0.00084397,0.15067,0,0.12473,0,0,0,0.001604,3.1277e-05,0
0,0,0.0002316,0,0,0,0,0,0,0.00035945,0.0024833,0,0.00019487,7.1744e-05,0,0,0,0,0,0,0.11912,0,0,0,0,0.0012659,0,0.00074087,0.036105,0,0.00013905,1.082e-05,0,0,0,0,0.05688,0.041038,0,0,0,0
0.055334,0.00014528,0,0,0,0.00011256,0,0.017345,0,0.00074657,0,0,0,0,0,0,0,0,0,0,0,0,0.0019495,0.0267,0,0,0,0,0,0,0.031398,0.0039859,0,0,0,0,0,0,0,0,0,0
0,0,0,0,0,9.8797e-06,0,0,0,0,0,0,0,0,0,0,0,0,0,0,0,0,0,0.0023041,0,0,0,0,0,0,0,0,0.0052817,0,0,0,0,0,0,0,0,0
0,0,0.052888,0,0.0019833,0.0034641,0,0,0,0,0,0,0.063776,0,0.017172,0,0,0,0,0,0,0,0,0,0,0,0,0.0045467,0,0,0,0,0.11089,0,0,0,0,0.021599,0,0,0,0
0,0,0,0,0,0,0,0,0,0,0,0,0,0,0,0,0,0,0,0,0,0,0,0,0,0,0,0,0,0,0,0,0,0,0,0,0,0,0,0,0,0
0,0,0,0,0,0,0,0,0,0,0,0,0,0,0,0,0,0,0,0,0,0,0,0,0,0,0,0,0,0,0,0,0,0,0,0,0,0,0,0,0,0
0.19658,0.29372,0.3877,0.18741,0.28466,0.3004,0.2378,0.14667,0.26061,0.36081,0.1469,0.23605,0.27959,0.23377,0.30639,0.22093,0.45841,0.44769,0.36634,0.25304,0.23723,0.19537,0.3605,0.3221,0.33668,0.2557,0.37235,0.38978,0.32372,0.28916,0.33384,0.39169,0.34414,0.38612,0.20262,0.27869,0.28032,0.32753,0.16428,0.24149,0.19985,0.19268
0,0,0,0,0,0,0,0,0,0,0,0,0,0.00086937,0.011638,0,0,0,0,0,0,0.033594,0,0,0,0,0,0,0,0,0,0,0,0,0,0,3.3676e-05,0,0.020463,0.009067,0.10117,0
0,0,0,0.00041233,0,4.6719e-06,0,0,0,0,0,0,0,0,0,0,0,0,0,0,0,0.0014675,0,0,0,1.921e-05,0,0,0,0,0,0,0,0,0,0,0,0,2.3589e-05,0,0.039208,0
0,0,0,0,0,0,0,0,0,9.4632e-07,0,0.00013134,0,0,0,0,0,0,0,0,0,0.0008728,0,0,0,0,0,0,0,0,0,0,0,0,0,0.00069441,0,0,0,0.0010321,0,1.9498e-05
0,0,0,0,0,0,0,4.3515e-05,0,1.0412e-05,0,0,0,0,0,0,0,0,0,0,0,0.0001192,0,0,0,0,0,0,0,0,0,0,0,0,0,0,0,0,0,0,0,0
0,0,0,0,0,0,0,0,0,0,0,0,0,0,0,0,0,0,0,0,0,0,0,0,0,0,0,0,0,0,0,0,0,0,0,0,0,0,0,0,0,0
0,0,0,0,0,0,0,0,0,0,0,0,0,0,0,0,0,0,0,0,0,0,0,0,0,0,0,0,0,0,0,0,0,0,0,0,0,0,0,0,0,0
0,0,0,0,0,0,0,0,0,0,0,0,0,0,0,0,0,0,0,0,0,0,0,0,0,0,0,0,0,0,0,0,0,0,0,0,0,0,0,0,0,0
0,0,0,0,0,0,0,0,0,0,0,0,0,0,0,0,0,0,0,0,0,0,0,0,0,0,0,0,0,0,0,0,0,0,0,0,0,0,0,0,0,0
0,0,0,0,0,0,0,0,0,0,0,0,0,0,0,0,0,0,0,0,0,0,0,0,0,0,0,0,0,0,0,0,0,0,0,0,0,0,0,0,0,0
0.026196,0,0,0.011712,0,3.9072e-06,0.0057593,0.051865,0,0.00032664,0,0,0,0.016131,0,0.0053328,0,0,0,0,0,0.1161,0,0,0,0.060747,0,0,0,0.005968,0.018839,0,0.0045807,0,0,0.021647,0.012378,0,0.047602,0.024511,0.1317,0.021586
2.7135e-05,0,0,0,0,0.00014324,0,0,0,0,0,0,0,4.9074e-05,0,0.042774,0,0,0,0,0,0,0,0,0,4.5572e-05,0,0.0023957,0,0,0.0043882,0.00016224,0,0,0,0,0,0,0.041072,0.00042344,0.0017324,0
0,0,0,0.00010192,0,4.1367e-05,0,0,0,1.194e-06,0,0,0,0,0,0.0011853,0,0,0,0,6.8241e-05,0,0,0,0,2.4563e-05,0,0,0,0,0,0,0,0,0,0.00019183,0,0,0.014082,0.00073907,0.0019295,1.5831e-05
0,0,0,0,0,0,0,0,0,0.00030832,0,1.2384e-06,0,5.9442e-06,0,0,0,0,0,0,0,0,0,0,0,0,0,0,0,0,0,0,0,0,0,4.1998e-05,0,0,0,0.0011981,0,0.00034567
0,0,0,0,0,0,0,0,0,0,0,0,0,0,0,0,0,0,0,0,0,0,0,0,0,0,0,0,0,0,0,0,0,0,0,0,0,0,0,0,0,0
0,0,0,0,0,0,0,0,0,0,0,0,0,0,0,0,0,0,0,0,0,0,0,0,0,0,0,0,0,0,0,0,0,0,0,0,0,0,0,0,0,0
0,0,0,0,0,0,0,0,0,0,0,0,0,0,0,0,0,0,0,0,0,0,0,0,0,0,0,0,0,0,0,0,0,0,0,0,0,0,0,0,0,0
0,0,0,0,0,0,0,0,0,0,0,0,0,0,0,0,0,0,0,0,0,0,0,0,0,0,0,0,0,0,0,0,0,0,0,0,0,0,0,0,0,0
0,0,0,0,0,0,0,0,0,0,0,0,0,0,0,0,0,0,0,0,0,0,0,0,0,0,0,0,0,0,0,0,0,0,0,0,0,0,0,0,0,0
0,0,0,0,0,0,0,0,0,0,0,0,0,0,0,0,0,0,0,0,0,0,0,0,0,0,0,0,0,0,0,0,0,0,0,0,0,0,0,0,0,0
0.015643,0,0,0.009452,0.043318,0.025417,0.0012878,0,0,3.2405e-05,0.079436,0,0.0056327,2.8751e-06,0.0064844,0.18838,0,0,0,6.8628e-06,0.06786,0,0,0,0,0.051909,0,0.0054011,0,0.012924,0.005886,0,0.0041538,0.010736,0.00027566,0.0066447,0.0051275,0.0058665,0.066317,0.14829,0.02253,0.038911
1.0138e-05,0,0,0,7.0538e-06,0,0,0,0,0,0,0,0,0,0,0,0,0,0,0,0,0,0,0,0,0.00637,0,0,0,0,0,0,0,0,0,0.00011213,8.9365e-07,0,0.0045134,0,0.0097808,8.5595e-05
0,0,0,6.7797e-06,1.2738e-06,0,0,6.4143e-05,0,0,0,0,0,0,0,0,0,0,0,0,0,1.5457e-05,0,0,0,3.3731e-05,0,0,0,0,0,0,0,0,0,0.00024002,0,0,0.0065467,0.0012546,1.3849e-06,0
0,0,0,0,0,0,0,0.00030138,0,0,0,0.00014212,0,0,0,0,0,0,0,0,0,0,0,0,0,0,0,0,0,0,0,0,0,0,0,1.6644e-05,0,0,0.00012922,0.00033173,0,0
0,0,0,0,0,0,0,0,0,0,0,0,0,0,0,0,0,0,0,0,0,1.5845e-06,0,0,0,0,0,0,0,0,0,0,0,0,0,0,0,0,0,0,0,0
0,0,0,0,0,0,0,0,0,0,0,0,0,0,0,0,0,0,0,0,0,0,0,0,0,0,0,0,0,0,0,0,0,0,0,0,0,0,0,0,0,0
0,0,0,0,0,0,0,0,0,0,0,0,0,0,0,0,0,0,0,0,0,0,0,0,0,0,0,0,0,0,0,0,0,0,0,0,0,0,0,0,0,0
0,0,0,0,0,0,0,0,0,0,0,0,0,0,0,0,0,0,0,0,0,0,0,0,0,0,0,0,0,0,0,0,0,0,0,0,0,0,0,0,0,0
0,0,0,0,0,0,0,0,0,0,0,0,0,0,0,0,0,0,0,0,0,0,0,0,0,0,0,0,0,0,0,0,0,0,0,0,0,0,0,0,0,0
0,0,0,0,0,0,0,0,0,0,0,0,0,0,0,0,0,0,0,0,0,0,0,0,0,0,0,0,0,0,0,0,0,0,0,0,0,0,0,0,0,0
0.016784,0.0089465,0,0.01718,0.053585,0.044569,0,0.00027432,0.015307,0.0008866,0.13695,0,0,0.0063024,0,0,0,0,0,0.00039649,0,0.017691,0,0,0,0.043743,0,0,0,0,0.014961,0,0.0054793,0,0.014421,0.037514,0.00058245,0,0.012007,0.18948,0.0076166,0.023556
0,0,0.00092408,0,0.00058338,0.0022845,0.00010208,0,0.00048474,0,0,0,0.0092538,7.4211e-06,2.3508e-05,0.03425,0.022277,0.0034088,0.047852,0.0019041,9.0046e-06,0.038357,0,6.0298e-05,0,0.002853,0.018163,0.018735,0,0.033456,0.012504,0.01246,0.0035778,0.0011391,0,0.0023811,0,0.024202,0.052258,0.17295,0.081477,0.0010993
4.319e-05,0.0019819,0.0032831,0.0068296,0.00028468,0.0006537,0.0040683,0.0031356,0.0021772,0.012378,0.0047014,0.0043368,0.0072386,0.00055313,0.006252,0.003029,0,0,0.00095994,4.2415e-05,0.0041779,0.01348,0.0015804,0.00097759,0,0.006111,0.0032534,0.0047841,0.004365,0.0029868,0.0084718,0.0053008,0.012362,0.0001738,0.037193,0.011495,0.064014,0.0028781,3.4192e-06,0.0012692,0.0010449,0.0013994
0.0018036,0,0,0,0,0,7.7515e-05,0,0,0,6.5911e-06,8.6124e-05,0,0,0,0,0,0,1.3468e-06,0,0,0,0,0,0,0,0,0,0,0,0,2.4328e-05,0,0,0,0,0,0,0,0.00069847,0,0
0,0,0,0,0,0,0,0,0,0,1.4239e-06,0,0,0,0.00019897,0,0,0,0,0,0,1.827e-06,0,0,0.00045165,0,0,0,0,0,0,0,0,0,0,0,0,0,8.7818e-06,0,0,0.00027861
0,0,0,0,0,0,0,0,0,0,0,0,0,0,0,0,0,0,0,0,0,0,0,0,0,0,0,0,0,0,0,0,0,0,0,0,0,0,0,0,0,0
0,0,0,0,0,0,0,0,0,0,0,0,0,0,0,0,0,0,0,0,0,0,0,0,0,0,0,0,0,0,0,0,0,0,0,0,0,0,0,0,0,0
0,0,0,0,0,0,0,0,0,0,0,0,0,0,0,0,0,0,0,0,0,0,0,0,0,0,0,0,0,0,0,0,0,0,0,0,0,0,0,0,0,0
0,0,0,0,0,0,0,0,0,0,0,0,0,0,0,0,0,0,0,0,0,0,0,0,0,0,0,0,0,0,0,0,0,0,0,0,0,0,0,0,0,0
0,0,0,0,0,0,0,0,0,0,0,0,0,0,0,0,0,0,0,0,0,0,0,0,0,0,0,0,0,0,0,0,0,0,0,0,0,0,0,0,0,0
0.49491,0.6823,0.51857,0.36868,0.57583,0.54678,0.5267,0.6753,0.63104,0.51218,0.3934,0.56651,0.43059,0.62329,0.50699,0.44738,0.42916,0.51069,0.40424,0.22515,0.4165,0.45112,0.53541,0.61262,0.48854,0.4658,0.43723,0.39488,0.55085,0.47834,0.50733,0.46947,0.48538,0.16805,0.37237,0.47244,0.38837,0.42807,0.28462,0.16137,0.21541,0.41028
0,0,0,0,0,0,0,0,0,0,0,0,0,0,0,0,2.3951e-05,0,1.8957e-06,0,0,0,0,0,0,0,0,0,0,0,0,0,0,0,0,0,0,0,0,0,0,0
0,0,0,0,0,0,0,0,0,1.2241e-06,1.3338e-06,0,9.5445e-07,0,0,0,0,0,9.2731e-06,0,0,0,0,0,0,0,0,0,2.3503e-06,1.3384e-05,0,0,0,0,0,0,0,0,0,0,0,1.3339e-06
0,0,0,0,0,0,0,0,0,0,0,0,0,0,0,0,8.776e-06,0,1.7047e-06,0,0,0,0,0,0,0,1.9169e-05,0,0,2.2259e-06,3.8797e-06,0,0,0,0,0,0,0,0,0,0,0
0,0,0,0,0,0,0,0,0,1.0225e-06,0,0,0,0,0,0,4.0589e-06,0,0,0,0,0,0,0,0,0,1.789e-05,0.00011159,0,0,0,5.8265e-06,0,0,0,0.00095727,0,0,0,0,0,0
0,0,0,0,0,9.4265e-07,0,0,0,2.3565e-06,0,0,0,0,0,0,0,0,0,0,0,0,0,0,0,0,0,1.2686e-06,0,0,0,0,0,0,0,0,0,0,0,0,0,0
0,0,0,0,0,8.3754e-07,0,0,0,0,0,0,0,0,0,0,0,0,0,0,0,0,0,0,0,0,0,6.9711e-06,0,0,0,0,0,0,0,0,0,0,0,0,0,0
0,0,0,0,0,0,0,0,0,0,0,0,0,0,0,0,0,0,0,0,0,0,0,0,0,0,0,0,0,0,0,0,0,0,0,0,0,0,0,0,0,0
0,0,0,0,0,0,0,0,0,0,0,0,0,0,0,0,0,0,0,0,0,0,0,0,0,0,0,0,0,0,0,0,0,0,0,0,0,0,0,0,0,0
0,0,0,0,0,0,0,0,0,0,0,0,0,0,0,0,0,0,0,0,0,0,0,0,0,0,0,0,0,0,0,0,0,0,0,0,0,0,0,0,0,0
0,0,0,0,0,0,0,0,0,0,0,0,0,0,0,0,0,0,0,0,0,0,0,0,0,0,0,0,0,0,0,0,0,0,0,0,0,0,0,0,0,0
0,0,0,0,0,0,0,0,0,0,0,0,0,0,0,0,3.4793e-05,0,0,0,0,0,0,0,0,0,0,0.00013006,0,2.6225e-05,0.00015325,0,0,0,0,0.0077391,0,0,0,0,0,7.078e-06
0,1.2527e-06,0,0,0,0,0,0,0,1.9673e-05,1.3319e-06,0,1.2826e-05,0,0,0,7.3902e-05,3.6717e-06,1.342e-05,0,0,0,0,0,0,0,0.0015485,0.00027988,1.279e-05,1.8991e-06,0,8.3306e-05,0,0,0,0,0,0,0,0,4.2231e-06,2.957e-05
0,5.5329e-06,0,1.9711e-05,0,2.1226e-06,0,0,0,1.6441e-05,0,0,0,0,0,0,4.0704e-05,0,6.9318e-06,0,0,0,0,0,0,0,0.00086811,2.6151e-05,0,6.2328e-05,0.00018664,9.5969e-05,0,0,0,0,0,0,0,4.6462e-06,2.4905e-06,1.5617e-05
0,0,0,7.1665e-07,0,0,0,0,0,8.9622e-06,0,0,0,0,0,0,3.1326e-05,0,7.9721e-07,0,0,0,0,0,0,0,0.00011085,0.0003843,0,9.5737e-06,1.317e-05,5.9327e-05,0,0,0,0.00055967,0,0,0,2.6546e-06,0,4.0015e-06
0,0,0,0,0,3.1551e-06,0,0,0,1.0592e-05,0,0,0,0,0,0,1.6783e-06,0,0,0,0,0,0,0,0,0,1.2797e-05,8.0195e-05,0,0,0,2.6324e-06,0,0,0,0.0005194,0,0,0,4.4578e-06,0,0
0,0,0,0,0,3.6863e-06,0,0,0,0,0,0,0,0,0,0,0,0,0,0,0,0,0,0,0,0,0,3.0489e-06,0,0,0,0,0,0,0,7.1786e-05,0,0,0,0,0,0
0,0,0,0,0,0,0,0,0,0,0,0,0,0,0,0,0,0,0,0,0,0,0,0,0,0,0,0,0,0,0,0,0,0,0,9.3143e-05,0,0,0,0,0,0
0,0,0,0,0,0,0,0,0,0,0,0,0,0,0,0,0,0,0,0,0,0,0,0,0,0,0,0,0,0,0,0,0,0,0,0,0,0,0,0,0,0
0,0,0,0,0,0,0,0,0,0,0,0,0,0,0,0,0,0,0,0,0,0,0,0,0,0,0,0,0,0,0,0,0,0,0,0,0,0,0,0,0,0
0,0,0,0,0,0,0,0,0,0,0,0,0,0,0,0,0,0,0,0,0,0,0,0,0,0,0,0,0,0,0,0,0,0,0,0,0,0,0,0,0,0
0,0,1.8648e-06,0,0,0,0,0,0,0,0,0,1.3742e-06,0,0,0,0.00015267,0,6.1093e-05,1.4833e-06,0,0,0,0,0,0,1.1718e-05,0,0,1.5856e-05,0,0,0,0,0,0.004944,0,1.77e-05,0,0,0,1.2719e-05
0,0,4.6473e-06,6.6404e-06,0,0,1.257e-06,0,0,0.00017202,1.205e-05,0,1.5882e-05,0,0,0,8.2889e-05,1.1911e-05,0,0,0,0,0,0,0,0,0.0039476,0.0014694,3.1311e-05,4.7218e-05,0,0.00038063,0,0,0,0.010737,0,0,2.4459e-06,1.8662e-06,3.7677e-06,0.00025799
0,1.6341e-05,2.7186e-06,6.9526e-06,0,7.1273e-06,6.1959e-06,0,0,4.6964e-05,2.2217e-06,1.087e-05,3.6786e-05,0,0,0,0.00012032,8.7333e-06,7.7582e-07,0,0,3.2448e-06,0,0,0,0,0.002445,0.00059705,2.3009e-05,5.0844e-05,8.0742e-05,0.00020131,0,0,0,0.0003773,0,0,0,1.0996e-05,0,5.5048e-05
0,2.0055e-06,0,7.4851e-06,0,2.2019e-06,3.9486e-06,0,0,1.5861e-05,0,2.0719e-05,0,0,0,0,8.4982e-05,0,8.6574e-06,0,0,9.5885e-07,0,0,0,0,0.0007856,0.0002844,0,9.7028e-05,0.00012179,0.00010005,0,0,0,0.0025712,0,0,0,5.0953e-06,0,0
0,0,0,6.6702e-07,0,0,1.2545e-06,0,0,8.5423e-06,0,7.873e-07,0,0,0,0,1.7749e-05,0,0,0,0,0,0,0,0,0,6.6454e-05,0.0002064,0,6.9537e-05,7.4606e-05,6.5514e-05,0,0,0,1.4146e-05,0,0,0,7.8278e-06,0,2.4397e-06
0,0,0,0,0,8.8047e-07,0,0,0,1.2001e-05,0,0,0,0,0,0,8.3072e-06,0,0,0,0,0,0,0,0,0,0,0.00011232,0,2.1572e-06,9.5762e-07,1.2947e-06,0,0,0,0,0,0,0,2.636e-06,0,8.3571e-06
0,0,0,0,0,3.6445e-06,0,0,0,6.0549e-06,0,0,0,0,0,0,8.5474e-07,0,0,0,0,0,0,0,0,0,0,2.7356e-05,0,0,0,0,0,0,0,0.00016925,0,0,0,0,0,0
0,0,0,0,0,4.3959e-06,0,0,0,0,0,0,0,0,0,0,0,0,0,0,0,0,0,0,0,0,0,1.9862e-06,0,0,0,0,0,0,0,0.0001212,0,0,0,0,0,0
0,0,0,0,0,0,0,0,0,0,0,0,0,0,0,0,0,0,0,0,0,0,0,0,0,0,0,0,0,0,0,0,0,0,0,1.549e-06,0,0,0,0,0,0
0,0,0,0,0,0,0,0,0,0,0,0,0,0,0,0,0,0,0,0,0,0,0,0,0,0,0,0,0,0,0,0,0,0,0,0,0,0,0,0,0,0
0,0,0,0,0,7.3766e-06,0,0,0,0,0,0,0,0,0,0,0.00015603,4.8437e-06,1.6655e-05,1.9658e-06,0,0,0,0,0,0,0,9.8415e-05,0,3.3818e-05,0.0012018,0,0,0,0,0,0,2.4821e-05,0,0,8.6496e-06,6.2609e-05
0,0,1.3638e-05,2.9637e-05,0,7.3902e-06,5.9985e-06,0,0,0.00010813,1.4978e-06,0,6.0705e-06,0,1.0586e-05,2.0497e-05,0.00079582,7.4661e-06,9.2768e-05,0,0,1.3834e-06,0,0,0,0,0.0025377,0.0032779,0,0.00064517,0.00063046,0.00021805,0,0,0,0.064172,0,9.3313e-05,1.5677e-05,1.8795e-05,1.9353e-05,0.00015422
0,0,4.8569e-06,0,0,9.512e-06,2.9581e-05,0,0,0.00027529,8.7513e-06,1.114e-05,4.4414e-05,0,0,1.7289e-05,0.00022556,3.2598e-06,9.8693e-05,0,0,1.4056e-05,0,0,0,0,0.0069282,0.0041184,1.6077e-05,0.0001494,8.1285e-05,0.00045165,0,0,0,0.010738,0,4.7045e-06,1.2437e-05,0,4.7124e-06,0.00039147
0,2.4133e-05,2.121e-06,1.7902e-05,0,9.3789e-06,2.4595e-05,0,0,0.00018108,1.2018e-06,2.5264e-05,5.222e-05,0,0,4.8004e-06,0.00010599,1.6735e-05,3.7339e-05,0,0,2.6929e-06,0,0,0,1.2183e-05,0.0027502,0.0030629,0,0.00031534,0.0004474,0.00053287,0,0,0,0.0018729,2.7546e-06,1.7372e-06,8.0101e-06,0,2.8935e-06,0.0002098
0,3.1336e-05,9.2203e-07,6.1355e-06,0,2.2972e-06,1.4177e-06,0,0,6.4876e-05,0,1.1632e-05,2.9178e-05,0,0,0,0.00013655,8.6496e-06,0,0,0,0,0,0,0,0,0,0.0004953,0,8.2664e-05,0.00013944,5.528e-05,0,0,0,0.0082281,1.0379e-06,0,0,1.5739e-05,2.9973e-06,0.0001816
0,0,9.2009e-07,1.6991e-06,0,9.1791e-07,0,0,0,3.2536e-05,0,1.6313e-05,4.2007e-06,0,0,0,0.00022175,2.2569e-06,0,0,0,0,0,0,0,0,0,0.0005654,0,0,0,0,0,0,0,0.0030787,0,0,0,8.3419e-06,5.6552e-06,0
0,0,2.1361e-06,0,0,6.9477e-06,0,0,0,1.4287e-05,0,1.1597e-05,0,0,0,0,5.5997e-05,0,1.0805e-06,0,0,0,0,0,0,0,0,0.00015889,0,0,0,0,0,0,0,0.001709,0,0,0,3.3588e-05,0,0
0,0,0,0,0,8.8207e-07,0,0,0,3.8471e-05,0,4.8496e-06,0,0,0,0,3.6991e-05,0,0,0,0,0,0,0,0,0,0,0,0,0,0,0,0,0,0,3.5638e-05,0,0,0,4.2065e-05,0,0
0,0,0,0,0,0,0,0,0,2.7071e-05,0,0,0,0,0,0,2.301e-05,0,0,0,0,0,0,0,0,0,0,0,0,0,0,0,0,0,0,0,0,0,0,1.8201e-06,0,0
0,0,0,0,0,0,0,0,0,0,0,0,0,0,0,0,0,0,0,0,0,0,0,0,0,0,0,0,0,0,0,0,0,0,0,0,0,0,0,0,0,0
0,0,1.3e-05,7.0005e-05,0,1.9367e-05,0,0,0,0,0,0,0,0,0,0,0.0001442,1.5646e-06,5.5158e-05,0,0,0,0,0,0,0,0.0084993,0.0015605,0,4.63e-05,0,2.153e-05,0,0,0,0,0,0,0,0,1.3787e-05,5.207e-05
0,0,0.00010144,0.00017083,0,7.7101e-05,1.9381e-05,1.7504e-06,0,6.4858e-05,6.3051e-06,0,1.201e-05,0,3.3343e-05,4.2779e-05,0.00035938,1.0308e-05,0.00017737,4.6594e-06,0,1.8579e-05,0,0,0,0.00016541,0.034812,0.0034251,1.351e-05,0.0027464,0.0065067,0.00051997,0,0,0,0.00047103,1.3854e-06,7.7781e-05,3.5304e-06,2.1985e-05,6.6614e-05,0.0001175
0,3.1327e-05,7.5759e-05,0.00011284,0,4.3774e-05,3.5153e-05,4.9302e-06,0,0.00018647,6.7499e-06,4.6188e-05,0,0,3.1345e-05,1.8527e-05,0.00090807,0,0.00010937,8.2059e-06,0,0,0,0,0,9.5021e-05,0.037877,0.0027763,5.1614e-05,0.0018195,0.0039459,0.00098516,0,0,0,0.010323,2.3227e-06,8.2282e-05,6.0856e-05,0,0.00014151,0
0,5.5076e-05,8.3165e-05,0.00029018,0,7.374e-05,6.2194e-05,0,0,0.00014531,5.5947e-05,6.682e-05,0,0,4.0607e-05,4.1097e-05,0.0016136,1.275e-05,7.6984e-05,9.8834e-06,0,3.4273e-06,0,0,0,8.681e-05,0,0.0025905,3.4266e-05,0.0046127,0.0052352,0.0016931,0,0,0,0,0,7.4196e-05,9.8674e-05,1.2585e-06,7.482e-05,0.00030372
0,3.5823e-05,7.7436e-05,9.8702e-05,0,6.804e-05,2.502e-05,0,0,0.00029926,1.4696e-06,2.0178e-05,3.8465e-05,0,2.714e-05,3.2518e-05,0.0011967,2.9411e-06,0.00025158,2.087e-05,0,2.7464e-06,0,0,0,5.1724e-05,0,0.0072349,0,0,0,0,0,0,4.6857e-06,0,1.1183e-06,4.7302e-05,1.9417e-05,1.3031e-05,6.6418e-05,0.00029363
0,0,8.3541e-05,0,0,9.8081e-05,3.624e-05,0,0,0.00041429,0,2.3421e-05,3.3723e-05,0,1.7114e-05,6.1432e-05,0.0010446,5.8623e-05,0.00011652,7.598e-06,0,2.8146e-05,0,0,0,6.0051e-05,0,0.0045293,0,0,0,0,0,0,0,0.034849,1.0274e-05,2.6895e-05,0,0,4.2102e-05,0
0,0,0.00010015,0,0,0.00012536,4.6745e-05,0,0,0.00032839,0,0.00014031,0.0001404,0,2.7394e-05,4.4118e-05,0.00061598,4.3121e-06,0.00028543,2.0995e-06,0,4.4562e-06,0,0,0,0.0001475,0,0,0,0,0,0,0,0,0,0.0046932,0,6.2759e-05,0,1.9527e-05,1.5387e-05,0
0,0,0,0,0,0,0.00013607,0,0,0.00053322,0,2.7771e-05,0,0,0,2.668e-05,0.00075518,6.5216e-05,9.0716e-07,7.7535e-06,0,1.6709e-05,0,0,0,0.00030692,0,0,0,0,0,0,0,0,0,0,0,1.5382e-05,0,0,3.0811e-05,0
0,0,0,0,0,0,0.00011931,0,0,0.00016488,0,0,0,0,0,0.00066769,0.00068419,0,0,0,0,2.1254e-06,0,0,0,0,0,0,0,0,0,0,0,0,0,0,0,0,0,0,5.4008e-05,0
0,0,0,0,0,0,0,0,0,0,0,0,0,0,0,0.00032867,0,0,0,0,0,0,0,0,0,0,0,0,0,0,0,0,0,0,0,0,0,0,0,0,0,0
0,0,1.5302e-05,8.7453e-05,0,0,0,0,0,0,0,0,0,0,1.2535e-06,0,7.0045e-05,6.5451e-05,2.7123e-05,0,0,0,0,0,0,0.00050187,0.046227,0.0010725,0,0.001162,0,0,0,0,0,0,0,0,0,0,1.4618e-05,0.00012312
0,0,4.0097e-05,0.00020295,0,1.6945e-05,2.5165e-05,3.4368e-06,0,0.00015065,2.6843e-05,0,4.7748e-06,0,0.00015853,2.9451e-05,0.00071299,0.00024302,0.00035252,4.2629e-05,0,4.3895e-05,0,0,0,0.0010498,0.33995,0.007886,4.1328e-05,0.0013915,4.8353e-05,0.0025896,0,0,0,0.014754,0,2.7198e-05,7.8364e-06,0.00017289,4.6124e-05,0.00015565
0,4.4482e-05,4.8579e-05,6.5325e-05,0,4.1348e-05,7.7771e-05,9.1461e-06,0,0.00029094,3.1296e-05,0.00013559,0,0,0.00010547,1.6901e-05,0.00059968,0.00013316,0.0004742,6.6857e-05,0,2.328e-06,0,0,0,0.00050324,0.35388,0.015713,0.00039962,1.9897e-05,0.00037321,0.0054961,0,0,9.6092e-07,0.16415,6.9346e-06,4.0143e-05,0.00044626,0.00013677,9.6175e-05,0
0,0.00071819,4.5518e-05,0.00055976,0,3.2556e-05,0.00017532,3.1618e-06,0,0.0002253,0.00031639,0.00019699,0,0,0.00010941,0,0.0055599,0.00022704,0.001071,2.8497e-05,0,0.00016606,0,0,1.945e-06,0.00082927,0,0.033549,0.00020391,0.0082456,0.0069321,0.0077877,0,0,0,0.17958,0,0.0001867,0.0007611,0.00029725,0.00020073,0
5.761e-06,0.003284,5.6721e-05,9.7806e-05,1.1284e-06,9.5788e-05,0,0,0,0.00036045,4.9414e-05,0.00018503,0.0004997,0,3.5948e-05,0,0.01081,0.00013422,0.0016035,0.00024745,0,0.00031381,0,0,1.8283e-06,0.00096182,0,0.079341,0,0,0.0035347,0,0,0,9.8205e-05,0.21693,1.9915e-05,3.9684e-05,0.00085245,0.00087228,0.00077674,0.0037944
0,0.00012779,0.00013479,0.00069923,1.2476e-05,0.00020504,0,1.8118e-05,0,0.00064258,0,8.839e-05,0.0013381,0,3.7348e-05,0,0.0077623,0.00070154,0.0021608,0.00021107,0,0.00072917,0,0,2.8806e-06,0.0012242,0,0.11596,0,0,0,0,0,0,3.7618e-05,0.20007,0.00016044,7.7972e-05,0,0.0018731,0.001036,0
0,0,0.00054407,0.00010082,0,0.00088931,2.9712e-05,0,0,0.0040687,0,0.00070656,0.0023844,0,0.00019072,0.00028132,0.0057637,0.0007731,0.0059576,0.00036605,0,0.00023786,0,0,0,0.0011443,0,0,0,0,0,0,0,0,0,0,0,0.00068203,0,0.0019322,0.00037106,0
0,0,0,0.00020091,0,0,0.0016213,0,0,0.0058392,0,0.00067958,0,0,0.00010698,0.0075972,0.007738,0.0013766,0,0.00028857,0,9.343e-05,0,0,0,0.00062083,0,0,0,0,0,0,0,0,0,0,0,0.00053407,0,0.00067431,0.0012492,0
0,0,0,0,0,0,0.0021703,0,0,0.0031859,0,0,0,0,0,0.010242,0.0058626,0,0,0,0,0.00015254,0,0,0,0,0,0,0,0,0,0,0,0,0,0,0,0,0,0.00075539,0.0010997,0
0,0,0,0,0,0,0,0,0,0,0,0,0,0,0,0,0,0,0,0,0,0,0,0,0,0,0,0,0,0,0,0,0,0,0,0,0,0,0,0,0,0
0,0,7.2913e-06,0,0,0,0,0,0,0,0,0,0,0,1.5212e-05,1.3416e-06,0.00017488,0,2.4037e-05,8.9131e-06,0,0,0,0,0,5.1509e-05,0.10549,0,0,0,0,0.00035564,0,0,0,0,0,0,0,0,2.2529e-05,0.00011813
0,5.3658e-05,4.2649e-05,8.3503e-05,9.7936e-07,1.5731e-05,1.3733e-05,0,0,0.00013526,7.3845e-05,0,2.9351e-05,0,5.0733e-06,3.1905e-05,0.0021966,1.9188e-05,0.0010072,2.8926e-05,0,0.00025495,0,0,0,0,0.0080252,0.045732,6.2386e-05,0.005805,0.00039102,0.0066132,0,0,1.4798e-06,0,0,2.3191e-05,6.2047e-06,0.00039429,0.00014612,0.00054797
0,0.00078998,7.7101e-05,0,1.2655e-05,9.5233e-05,0.00014468,0,0,0.00074321,0.00029557,0.00025874,0.001155,0,0,0.00016786,0.0098754,0.00048175,0.0018081,0.00025444,7.398e-06,8.7219e-05,0,6.2775e-06,4.0996e-06,0,0.026687,0.13603,0.0024543,0.013164,0.026073,0.0029903,0,0,1.5278e-05,0.014571,8.3496e-05,4.0442e-05,0.00024645,0.0014868,0,0.00013316
0,0.0015839,8.2187e-05,0.002739,1.2115e-05,0.00037712,0.00059476,2.4234e-05,0,0.0029856,0.00052606,0.00081501,0.0024327,0,4.1074e-05,0.00044349,0.0076868,0.0014169,0.0045306,0.00016449,1.6263e-05,0.00022853,0,1.1571e-05,1.1243e-06,0.0006024,0,0.13832,0.0040791,0.37527,0.33524,0.026236,1.1165e-06,2.3846e-06,0.00017186,0,0.00039139,0.00032483,0.0019863,0.001594,0.00017309,0.042268
7.9996e-05,0.0018447,0.00091748,0.0054017,2.0004e-05,0.00061605,0.00070549,0,3.1073e-06,0.0038124,0.0013098,0.0020277,0.0028669,0,2.4863e-05,0.00068604,0.042933,0.0013636,0.025841,0.0020625,7.0789e-05,0,0,4.6894e-06,6.1759e-06,0.00012396,0,0.12593,0,0.093028,0.13751,0.036126,2.0088e-05,9.2538e-06,0.00083436,0.040907,0.0003665,0.0010191,0.00041389,0.0011764,0.0028186,0.051663
0.00023239,0.007549,0.0026054,0.0037387,0.00018901,0.00077448,0.00069207,0.00047889,0,0.0065392,0,0.0037133,0.0025183,0,0.00071901,0.0010561,0.17052,0.0052483,0.022897,0.0039257,6.1367e-05,0.004167,0,2.4424e-05,0.00010041,0.046273,0,0.017903,0,0,0,0,0.00014429,3.14e-05,0.00050646,0,0.00052686,0.0017832,0,0.0008177,0.0019931,0
3.8431e-05,0,0.0048429,0.0076778,0.00056187,0.004255,0.00080366,0.00068194,0,0.0049825,0,0.0026721,0.0097369,0,0.0022197,0.0012857,0.069694,0.0096792,0.098629,0.00089613,0,0.0064272,0,3.248e-06,0.00023302,0.096993,0,0,0,0,0,0,6.5463e-06,0,0,0,0.00060875,0.0022407,0,0.0011212,0.020885,0
0,0,0.0095931,0.031605,0.00012415,0.0048188,4.039e-05,0,0,0.0067327,0,0.014417,0.096899,0,0.0063269,0.00042468,0.064696,0.0077558,0.13693,0.032678,0,0.011758,0,0,0,0.07813,0,0,0,0,0,0,0,0,0,0,0,0.010417,0,0.0058577,0.020938,0
0,0,0,0.041464,0,0,0,0,0,0.026066,0,0.0044093,0,0,0.0022542,0.046605,0.070696,0.035765,0,0.038656,0,0.0044935,0,0,0,0.046222,0,0,0,0,0,0,0,0,0,0,0,0.0066838,0,0.0063933,0.062719,0
0,0,0,0.11199,0,0,0.076418,0,0,0.05532,0,0,0,0,0,0,0,0.037115,0,0,0,0.044738,0,0,0,0,0,0,0,0,0,0,0,0,0,0,0,0,0,0.055099,0.062549,0
0,0,0,0,0,0,0,0,0,0,0,0,0,0,0,0,0.00012288,0,0.00012193,6.9738e-06,0,0,0,0,0,0,0.0089233,0.0072994,0,0.00435,0,0.0011851,0,0,0,0,0,0,0,0,1.6272e-05,0
0,0.00073604,6.6768e-05,0.00010418,8.0209e-06,0,0,0,0,0.00031279,0.0004467,2.0492e-06,0.00014072,0,8.1624e-06,5.8623e-06,0.0072519,0.00013953,0.00091928,3.23e-05,0,3.6411e-05,0,0,0,0,0,0.073628,0.0029232,0.013884,0.0020509,0.0031521,0,0,0,0,7.2514e-06,8.6537e-06,2.3646e-06,0.0007673,0.00026864,0.00128
0,0,0.00010159,0.00145,6.6375e-06,0.00049049,0.00043147,0,0,0.0030266,0.0004017,0.00021964,0.003363,0,4.1223e-06,0.0011326,0.0057424,0.0011823,0.0041911,0.00039292,3.6562e-05,0.00012976,0,1.5982e-06,1.2864e-06,0,0,0.090838,0.0021135,0.31267,0.30639,0.01112,0,0,0.00012835,0,0.00048261,8.1567e-05,0.0014636,0.0010668,0.00066638,0.008519
0,0.0018332,0.0024793,0.0018962,0.00013072,0.00051368,0.00082465,4.0339e-05,0,0.0045191,0.00061062,0.0025582,0.0047621,0,0.00021726,0.0011823,0.057915,0,0.01874,0.0031361,1.4037e-05,0.0045184,0,1.2461e-06,1.5959e-05,0.0045674,0,0,0.013301,0.005669,0.050495,0.25086,0.00016948,7.3554e-06,0.00047002,0,0.00023851,0.0016156,0.0010805,0.001255,0.0043996,0
0.0012484,0.011746,0.0042507,0.0032628,0.00030099,0.0009489,0.0019132,0.002626,9.0716e-05,0.0036571,0.0069601,0.0049641,0.0022781,5.0522e-06,0.003227,0.0075357,0.13397,0.016468,0.06376,0.0083952,6.3017e-05,0.0075827,0,0.00013981,0.00073343,0.042506,0,0,0.072536,0,0,0.16386,0.00014094,8.4368e-05,0,0,0,0.0026707,0.0054111,0.00082271,0.01239,0.010725
0.00099556,0.054089,0.0065415,0.085837,0.00046672,0.0020229,0.0008595,0.00095377,0.001205,0.0041684,0.014129,0.0030606,0.1029,0.00030267,0.0019244,0.022843,0.031994,0.019712,0.15467,0.083213,0.0016424,0.0057318,3.778e-05,0.00019241,0.00024456,0.033863,0,0,0.050538,0,0,0,0.00022302,0.00042966,0,0,0,0.0078242,0.017666,0.0034082,0.05094,0.14276
0.0030892,0.26676,0.006596,0.093639,0.002592,0.0080097,0.021746,0.00033142,0.00059114,0.028161,0.005971,0.0072669,0.18057,3.1118e-05,0,0.12605,0,0.14988,0.066822,0.11391,0.0045345,0.1328,6.0956e-05,0.00094094,0.00083901,0,0,0,0,0,0,0,0.0033709,0.00094012,0.0064066,0,0.013173,0.015874,0.050408,0.035081,0.16622,0
0.005855,0,0.024825,0.090271,0.010261,0.014404,0.10934,0.0048069,0,0.15249,0,0.079474,0.19337,0,0.00096043,0.13628,0,0.14471,0,0.16929,0.0016977,0.24613,0,0.0034617,0.0024248,0,0,0,0,0,0,0,0.0080587,0.0020692,0.012795,0,0.0177,0.13336,0.016532,0.10386,0.091722,0
0.00061186,0,0.25916,0,0.016664,0.022266,0.10105,0.031186,0,0.14031,0,0.22808,0.01991,0,0.16777,0.17527,0,0.06071,0,0.060141,0,0.058382,0,0.0037215,0.0045885,0,0,0,0,0,0,0,0.0014569,0.00058741,0.0034504,0,0.011623,0.20221,0,0.15609,0.027411,0
0,0,0.047515,0,0.032803,0.15338,0.03831,0,0,0.086754,0,0.055294,0,0,0.16602,0.12141,0,0,0,0.018618,0,0,0,0,0.042235,0,0,0,0,0,0,0,0,0,0,0,0.0014259,0.17349,0,0.10563,0,0
0,0,0,0,0,0,0,0,0,0,0,0,0,0,0,0,0,0,4.3267e-05,1.5914e-05,0,0,0,0,0,0,0,0.0091183,0,0.003356,0,0.00023351,0,0,0,0,0,0,0,4.0741e-05,3.9033e-06,0
0,5.9795e-05,4.8779e-05,2.8417e-05,0,6.8761e-05,0,0,0,0.00018897,5.2609e-05,0,0.0010497,0,1.576e-06,0,0.005382,0.00092089,0.0017923,2.537e-05,0,0,0,0,0,0,0,0.0505,0.00085988,0.071464,0.019349,0.001177,0,0,0,0,2.5912e-05,0,0,0.00047626,0.00035514,0.0049136
0,0,0.00060676,0.0056167,1.8184e-05,0.00022184,0.00032624,0,1.3829e-05,0.0033915,0.00041886,0.00046997,0.00035485,0,0.00013772,0.00082001,0.026812,0.00052896,0.014381,0.00087275,3.2387e-05,0,0,0,2.5908e-06,0,0,0,0.00030662,0.058443,0.062322,0.15478,3.7982e-05,0,0.00021869,0,5.5467e-05,0.0015096,0.0017833,0.00096978,0.0023857,0.015643
0.0014301,0,0.0038829,0.0035969,0.00025906,0.00055836,0.00048856,0.0027155,0,0.0040503,0.0040705,0.0011053,0.00069941,0,0.0027891,0,0.15567,0.014995,0.05103,0.0068816,6.1828e-05,0.0025177,0,3.5321e-05,0.00075706,0.11075,0,0,0.043371,0,0,0.23566,0.00013795,3.2277e-05,0.00017641,0,0,0.0019635,0.0036896,0.00078491,0.0062389,0.040863
0.00074336,0.018657,0.008666,0.080628,0.00040854,0.0039475,0.0023615,0.0014384,0.0008699,0.0031607,0.0061822,0.0036419,0.14956,0.00043596,0.0029559,0,0,0.0054538,0.17924,0.056356,0.0012197,0.007177,2.8245e-05,0.00015262,0.00018737,0.022259,0,0,0.39744,0,0,0,0.00010194,0.00036363,0.0011439,0,0.00052011,0.0022055,0.012797,0.0016487,0.068567,0.15725
0,0.41529,0.0031144,0.095557,0.0031705,0.0067855,0.021466,0.0011367,0.0027851,0.058773,0.029542,0.042669,0.14973,3.2234e-05,0.0014462,0.17952,0,0.17566,0,0.16014,0.0054492,0.13907,6.2307e-05,0.0011275,0.00066771,0.088558,0,0,0.24494,0,0,0,0.0059748,0.00088463,0.012934,0,0.026265,0.03144,0.090276,0.059902,0.17015,0.1365
0.00018572,0.042533,0.064635,0.099851,0.0084904,0.010116,0.08971,0.0047922,0.0029237,0.17683,0.28666,0.25488,0,0.0010095,0.041268,0.050492,0,0.087396,0,0.083546,0.0094836,0.096615,0.0017834,0.0033468,0.0045066,0.23172,0,0,0,0,0,0,0.0071325,0.0068661,0.032485,0,0.019436,0.20842,0.2941,0.15311,0.034139,0
0.011111,0,0.2554,0,0.017842,0.079967,0.035306,0.34377,0.38011,0.029597,0.22894,0.15002,0,0.0098117,0.28194,0,0,0,0,0,0.16906,0,0.0036269,0.0047477,0.010617,0.065118,0,0,0,0,0,0,0.011815,0.025045,0,0,0,0.030069,0.17085,0.086211,0,0
0.36374,0,0.061928,0,0.24788,0.27085,0.10866,0.14548,0.16425,0,0,0,0,0.25449,0.077251,0,0,0,0,0,0.22642,0,0.037709,0.11844,0.32642,0,0,0,0,0,0,0,0.3522,0.058092,0.02131,0,0.06872,0,0,0,0,0
0.27039,0,0,0,0.25975,0.087712,0.02771,0.073553,0.091189,0,0,0,0,0.19894,0,0,0,0,0,0,0.26358,0,0.32093,0.5361,0.20269,0,0,0,0,0,0,0,0.26414,0.41974,0.48125,0,0.4037,0,0,0,0,0
0,0,0,0,0,0,0,0,0,0,0,0,0,0,0,0,0,0,2.0741e-05,2.1271e-06,0,0,0,0,0,0,0.0075813,0,0,0.0065464,0,0,0,0,0,0,0,0,0,0,0,0
0,0,0,0,0,1.7446e-05,0,0,0,0.00013829,0,0,2.3563e-05,0,0,0,0.00033948,4.8174e-05,0.00019356,6.7735e-05,0,0,0,0,0,0,0,0.013553,1.2614e-05,0.014684,0.030469,0,0,0,0,0,0,0,0,0.00014623,8.7917e-05,0.00022863
0,0,2.7287e-05,0.00037822,1.0656e-05,2.7613e-05,0,0,3.5682e-06,0.00079858,0,0,0,0,3.4533e-05,1.237e-05,0.025619,0,0.0069495,0.00057116,5.5505e-06,0,0,0,0,0,0,0,0,0,0,0.084305,0.00016519,1.3996e-06,1.3389e-05,0,0,0.00030896,0.00088042,6.9838e-06,0.0017725,0.0016628
0.00014401,0,0,6.9648e-05,2.9211e-05,1.3238e-05,0,0.00011606,0,0.0013744,0.0011402,0,0,1.1806e-05,0.00065283,0,0.05607,0.0083634,0.10006,0.0062129,2.9735e-06,0.0013253,0,0,6.6052e-06,0.05208,0,0,0.0061602,0,0,0,0,7.0506e-05,0,0,0,0,0.005385,0,0.022,0.027029
0,0.090799,0.0023962,0.12724,0.00061299,0.0006789,0,0,0.001689,0.0042218,0.0022734,0,0.070994,0.00039151,0.0019128,0.0017272,0,0.018884,0.032329,0.036321,0.0015457,0.012553,3.2645e-05,0,0,0.044715,0,0,0.15806,0,0,0,0,0.00010538,1.4367e-06,0,9.0784e-05,0.0013759,0.023639,0.00033959,0.056411,0.35166
0,0.081297,0.002139,0.10303,0.0014069,0.0041335,0.065841,0,0,0.12696,0.04664,0.0050363,0,0,0.0030644,0.10554,0,0.19223,0,0.11186,0.0012691,0.20668,0.00020314,7.7403e-05,0.00073379,0.027701,0,0,0,0,0,0,0.0068952,0.00030881,0.027089,0,0.030074,0.089366,0.16127,0.087898,0.10616,0
0,0,0.226,0,0.0081825,0.016387,0.0058425,0.23971,0.052326,0.041833,0.36283,0.13052,0,0,0.14805,0,0,0,0,0,0,0.0047485,0.00355,0.00013148,0.0012879,0,0,0,0,0,0,0,0,0.0092601,0.012637,0,0.0061541,0.07155,0.13783,0.11963,0,0
0.24797,0,0,0,0.043847,0.30367,0.025321,0.14612,0.30195,0,0,0,0,0.023472,0.085824,0,0,0,0,0,0.31372,0,0.019234,0.0051842,0.045135,0,0,0,0,0,0,0,0.15035,0.015212,0.030225,0,0.04751,0,0,0,0,0
0.092124,0,0,0,0.34393,0,0.25843,0,0,0,0,0,0,0.51107,0,0,0,0,0,0,0,0,0.072698,0.32214,0.35555,0,0,0,0,0,0,0,0.18746,0.38967,0.25405,0,0.35061,0,0,0,0,0
0,0,0,0,0,0,0,0,0,0,0,0,0,0,0,0,0,0,0,0,0,0,0.54005,0,0,0,0,0,0,0,0,0,0,0.070182,0.10154,0,0,0,0,0,0,0
0,0,0,1.176e-06,0,1.3267e-06,0,0,0,0,0,0,0,0,0,0,0,0,0,0,0,0,0,0,0,0,0,0,0,0,0,0,0,0,0,0,0,0,0,0,0,0
0,0,0,0,0,3.6767e-06,0,0,0,0,0,0,0,0,0,0,0,4.5504e-05,0,0,0,0,0,0,0,0,0,0,0,0,0,0,0,0,0,0,0,0,0,0,0,0
0,0,0,0,0,1.3952e-05,0,0,0,5.4962e-05,0,0,0,0,0,0,0,0.00010594,0,0,0,0,0,0,0,0,0,0,0,0,0,0,0,0,0,0,0,0,0,6.6353e-07,4.3704e-05,0
0,0,0,3.2101e-06,0,7.911e-06,0,0,0,1.941e-05,0,0,0,0,0,0,0,1.1262e-05,0,0,0,0,0,0,0,0,0,0,0,0,0,0,0,0,0,0,0,0,0,0,3.1675e-06,0
0,0,0,0,0,2.6394e-06,0,0,0,8.8955e-06,0,0,0,0,0,0,0,2.2876e-06,0,0,0,0,0,0,0,0,0,0,0,0,0,0,0,0,0,0,0,0,0,0,0,0
0,0,0,0,0,1.2303e-06,0,0,0,6.0538e-06,0,0,0,0,0,0,0,0,0,0,0,0,0,0,0,0,0,0,0,0,0,0,0,0,0,0,0,0,0,0,0,0
0,0,0,0,0,1.0607e-06,0,0,0,1.1504e-06,0,0,0,0,0,0,0,0,0,0,0,0,0,0,0,0,0,0,0,0,0,0,0,0,0,0,0,0,0,0,0,0
0,0,0,0,0,6.7312e-06,0,0,0,0,0,0,0,0,0,0,0,0,0,0,0,0,0,0,0,0,0,0,0,0,0,0,0,0,0,0,0,0,0,0,0,0
0,0,0,0,0,0,0,0,0,0,0,0,0,0,0,0,0,0,0,0,0,0,0,0,0,0,0,0,0,0,0,0,0,0,0,0,0,0,0,0,0,0
0,0,0,0,0,0,0,0,0,0,0,0,0,0,0,0,0,0,0,0,0,0,0,0,0,0,0,0,0,0,0,0,0,0,0,0,0,0,0,0,0,0
0,0,0,1.0751e-05,0,0,0,0,0,0,0,0,0,0,0,0,0,0,0,0,0,0,1.8516e-06,0,0,0,0,0,0,0,0,0,0,0,0,0,0,0,0,0,0,0
0,0,0,8.8023e-06,1.0656e-05,5.5904e-05,1.257e-06,0,0,3.9235e-05,0,0,0,0,0,0,6.2492e-06,0.00050607,0,0,0,0,0,0,0,0,0,0,0,0,0,0,0,0,0,0,0,0,0,1.8662e-06,7.0013e-06,0
0,0,0,1.2494e-05,1.0619e-06,3.9639e-05,6.1959e-06,0,0,0.00019479,0,0,0,0,0,0,2.9491e-06,0.00020611,0,0,0,0,0,0,0,0,0,0,0,0,0,0,0,0,0,0,0,0,0,3.6128e-06,0.00012724,0
0,0,0,2.2194e-05,1.4131e-05,0.00010146,0,0,0,0.00020616,0,0,0,0,0,0,0,3.3104e-05,0,0,0,0,0,3.4904e-06,0,0,0,3.9213e-06,0,0,0,0,0,0,0,0,0,0,0,5.8042e-06,2.3059e-05,0
0,0,0,7.1665e-07,0,1.3947e-05,0,0,0,1.8534e-05,0,0,0,0,0,0,0,2.14e-05,0,0,0,0,0,0,0,0,0,0,0,0,0,0,0,0,0,0,0,0,0,3.8991e-06,3.9485e-06,0
0,0,0,0,0,1.1225e-05,0,0,0,1.1754e-05,0,0,0,0,0,0,0,0,0,0,0,0,0,0,0,0,0,0,0,0,0,0,0,0,0,0,0,0,0,0,1.8759e-06,0
0,0,0,0,0,0,0,0,0,1.5526e-05,0,0,0,0,0,0,0,0,0,0,0,0,0,0,0,0,0,0,0,0,0,0,0,0,0,0,0,0,0,0,0,0
0,0,0,0,0,8.8047e-07,0,0,0,0,0,0,0,0,0,0,0,0,0,0,0,0,0,0,0,0,0,0,0,0,0,0,0,0,0,0,0,0,0,0,0,0
0,0,0,0,0,5.3997e-06,0,0,0,0,0,0,0,0,0,0,0,0,0,0,0,0,0,0,0,0,0,0,0,0,0,0,0,0,0,0,0,0,0,0,0,0
0,0,0,0,0,8.846e-07,0,0,0,0,0,0,0,0,0,0,0,0,0,0,0,0,0,0,0,0,0,0,0,0,0,0,0,0,0,0,0,0,0,0,0,0
0,0,0,1.7997e-05,0,0,0,0,0,2.8616e-05,0,0,0,0,0,0,0,0,0,0,0,0,0,0,0,0,0,0,0,0,0,0,0,0,0,0,0,0,0,0,0,0
0,0,0,0.00017191,6.8409e-05,0.00025824,5.9985e-06,0,0,0.00023537,0,0,0,0,0,0,1.5221e-05,0.00091031,8.3868e-07,0,0,3.3003e-06,0,0,0,0,0,0,0,0,0,0,0,0,0,0,0,0,0,1.0129e-05,3.1889e-05,0
0,0,0,1.4823e-05,3.5422e-05,0.00012291,1.9568e-05,0,0,0.00024128,0,3.1904e-06,0,0,0,0,5.812e-06,0.00022603,0,0,0,9.5743e-06,0,1.5982e-06,0,0,0,3.3347e-06,0,0,0,0,0,0,0,0,0,0,0,7.7572e-06,7.1673e-05,0
0,0,0,1.582e-06,7.5422e-06,7.6907e-05,3.245e-06,0,0,0.00015701,0,6.4329e-06,0,0,0,0,7.0587e-06,0.00017746,0,0,0,0,0,9.7664e-06,0,0,0,9.8377e-07,0,0,0,0,0,0,0,1.1929e-06,0,0,0,8.0549e-07,9.0889e-06,0
0,0,0,5.3496e-06,4.6123e-06,9.1636e-05,4.8686e-06,0,0,0.00019113,0,0,0,0,0,0,8.2479e-07,4.6662e-05,0,0,0,0,0,0,0,0,0,0,0,0,0,0,0,0,0,4.0854e-06,0,0,0,1.1858e-05,3.638e-06,0
0,0,0,3.229e-06,0,2.5868e-05,0,0,0,3.5617e-05,0,0,0,0,0,0,0,2.0694e-05,0,0,0,0,0,0,0,0,0,0,0,0,0,0,0,0,0,0,0,0,0,5.168e-06,2.49e-06,0
0,0,0,0,0,1.0967e-05,0,0,0,1.3781e-05,0,0,0,0,0,0,0,3.2411e-06,0,0,0,0,0,0,0,0,0,0,0,0,0,0,0,0,0,0,0,0,0,0,2.1822e-06,0
0,0,0,0,0,1.6647e-05,0,0,0,1.3486e-05,0,0,0,0,0,0,0,0,0,0,0,0,0,0,0,0,0,0,0,0,0,0,0,0,0,0,0,0,0,0,0,0
0,0,0,0,0,1.7703e-06,0,0,0,6.4219e-06,0,0,0,0,0,0,0,0,0,0,0,0,0,0,0,0,0,0,0,0,0,0,0,0,0,0,0,0,0,0,0,0
0,0,0,0,0,1.6975e-06,0,0,0,2.733e-06,0,0,0,0,0,0,0,0,0,0,0,0,0,0,0,0,0,0,0,0,0,0,0,0,0,0,0,0,0,0,0,0
0,0,0,9.1717e-06,0,0,0,0,0,0,0,0,6.822e-07,0,0,0,0,0,0,0,0,0,3.4643e-06,0,0,0,0,0,0,0,0,0,0,0,0,0.00025769,0,0,0,0,0,0
0,0,0,0.00022873,9.5845e-05,0.0003129,9.7136e-06,0,0,0.00015849,0,0,1.1274e-06,0,0,0,1.1138e-05,0.00044959,7.7024e-06,0,0,2.7287e-06,0,1.0421e-05,0,0,0,1.0625e-06,0,0,0,0,0,7.3749e-06,0,0,0,2.2081e-06,8.1452e-07,1.2256e-05,0.00013322,2.6977e-06
0,0,0,0.00017461,0.00018258,0.00046631,1.4263e-05,0,0,0.00015091,0,2.084e-05,0,0,0,0,1.3488e-05,0.0011817,0,0,0,4.2168e-06,0,1.2461e-06,0,0,0,2.207e-06,0,0,0,0,0,4.6899e-06,0,0,0,0,0,0,0.00029231,1.6352e-06
0,0,0,7.038e-05,4.5506e-05,0.00018598,3.3184e-05,0,0,0.00015397,0,2.0421e-05,0,0,0,0,4.3157e-05,0.00038599,0,0,0,0,0,4.5921e-06,0,0,0,4.8613e-06,0,0,0,0,0,4.8207e-06,0,2.0023e-05,2.7546e-06,0,1.795e-06,0,5.8366e-05,0
0,0,0,2.532e-05,1.4692e-05,9.9709e-05,1.8355e-05,0,0,0.00012455,0,1.4658e-05,0,0,0,0,3.7999e-05,0.00016521,0,0,0,0,0,2.7295e-06,0,0,0,0,0,0,0,0,0,2.018e-06,0,8.4805e-05,1.0379e-06,0,0,1.441e-05,9.882e-05,6.3889e-06
0,0,0,3.5735e-06,9.3451e-06,0.00013453,9.878e-06,0,0,0.00051357,0,6.4227e-06,0,0,0,0,7.5843e-06,0.00026673,0,0,0,0,0,0,0,0,0,0,0,0,0,0,0,0,0,0.00013985,0,0,0,8.1233e-06,7.6179e-05,3.4962e-06
0,0,0,1.6991e-06,1.5073e-05,0.00035607,0,0,0,0.00025793,0,4.7187e-06,0,0,0,0,2.7455e-06,0.00015383,0,0,0,0,0,0,0,0,0,0,0,0,0,0,0,0,0,0.00010962,0,0,0,1.2775e-05,7.2976e-05,0
0,0,0,0,0,1.135e-05,0,0,0,0.00029736,0,7.9419e-07,0,0,0,0,1.7411e-06,0,0,0,0,0,0,0,0,0,0,1.0226e-06,0,0,0,0,0,0,0,2.1388e-05,0,0,0,3.5202e-05,4.6164e-05,0
0,0,0,0,0,0,0,0,0,0.00019196,0,0,0,0,0,0,3.5349e-06,0,0,0,0,0,0,0,0,0,0,0,0,0,0,0,0,0,0,6.864e-07,0,0,0,3.3286e-05,1.1201e-05,0
0,0,0,0,0,0,0,0,0,4.6423e-05,0,0,0,0,0,0,0,0,0,0,0,0,0,0,0,0,0,0,0,0,0,0,0,0,0,0,0,0,0,0,3.7922e-06,0
0,0,0,3.7689e-06,0,0,0,0,0,0.00017038,0,0,0,0,0,0,0,0,0,0,0,0,1.9232e-06,0,0,0,0,0,0,0,0,0,0,0,0,0.00012276,0,0,0,0,0,0
0,1.6135e-06,0,5.1114e-05,8.8303e-05,0.0001963,3.4626e-05,4.5613e-06,0,0.00044059,0,2.6036e-06,1.4476e-05,0,2.0363e-05,1.2896e-05,0,0.0002289,0,0,0,1.4315e-05,1.2052e-05,2.982e-05,0,0,0,7.594e-05,0,0,0,4.5211e-06,3.5567e-06,1.0602e-05,0,0.0010686,1.3854e-06,5.854e-05,1.3786e-05,3.0969e-05,0.0001848,1.0974e-05
0,1.5727e-06,0,5.244e-05,0.00012218,0.0002855,3.3574e-05,1.3979e-05,0,0.00022073,0,6.2333e-06,2.5503e-05,0,3.0296e-05,1.951e-05,4.767e-05,0.00078975,7.5615e-06,0,0,0,1.0676e-05,0.00012351,0,0,0,1.5175e-05,0,0,0,2.3418e-06,2.3518e-05,1.0181e-05,9.6092e-07,0.00042558,2.3227e-06,2.8388e-05,1.2045e-05,0,0.00020795,1.3882e-06
0,3.2602e-06,0,0.00032928,0.00028684,0.00052738,0.00010002,1.1127e-06,0,0.00035856,0,1.6953e-05,2.6622e-05,0,3.3049e-05,2.0121e-05,9.014e-05,0.0013141,3.6196e-06,0,0,0,5.7665e-06,0.00014016,0,0,0,6.2534e-05,0,0,0,6.6891e-06,8.9987e-06,1.2752e-05,0,5.6917e-05,0,3.9035e-05,2.4888e-05,0,0.00063536,0
0,6.0868e-06,0,0.00033882,0.00015338,0.00062061,0,0,0,0.0003682,0,3.283e-06,1.6893e-05,0,2.216e-05,2.6614e-05,0.00010565,0.0016091,4.0256e-06,0,0,2.5159e-06,7.7594e-06,4.978e-05,0,0,0,3.5157e-05,0,0,9.5762e-07,1.2635e-05,3.1138e-06,2.2131e-05,2.957e-06,0,0,1.1616e-05,1.674e-05,1.5753e-05,0.00034455,5.9117e-06
0,1.7408e-06,0,6.9906e-05,0.00051294,0.0022139,3.6841e-05,0,0,0.00026336,0,1.8958e-05,2.0347e-05,0,1.43e-05,1.9982e-05,0.00013806,0.0039248,0,0,0,9.3544e-06,1.0781e-05,5.3486e-05,0,0,0,1.418e-05,0,0,0,0,1.0847e-05,4.0182e-05,1.0177e-05,0,1.1392e-05,1.1879e-05,0,0,0.00015897,0
0,0,0,0,4.7923e-05,0.00012775,3.3252e-05,0,0,0.00065614,0,5.9468e-05,1.3128e-05,0,1.2374e-05,2.9509e-05,9.0404e-05,0,0,6.8049e-06,0,1.5837e-05,0,0,0,0,0,4.1345e-05,0,0,0,0,2.2394e-05,0,0,0,0,4.2667e-05,0,2.8571e-05,0.00049093,0
0,0,0,0,0,0,0.00012317,0,0,0.0013703,0,5.0333e-05,4.6273e-06,0,0,1.346e-05,0.00017244,0,1.9877e-06,0,0,2.3742e-05,0,0,0,0,0,4.6004e-05,0,0,0,0,0,0,0,0.00011237,0,0,0,0,0.0011472,0
0,0,0,0,0,0,0.0001512,0,0,0.0012432,0,0,0,0,0,0.00015551,0.00020358,0,0,0,0,0,0,0,0,0,0,0,0,0,0,0,0,0,0,4.9891e-05,0,0,0,0,0.00096592,0
0,0,0,0,0,0,0,0,0,0,0,0,0,0,0,0.00046759,0,0,0,0,0,0,0,0,0,0,0,0,0,0,0,0,0,0,0,0,0,0,0,0,0.00065659,0
0,0,0,1.4645e-06,0,0,0,0,0,0.00017236,0,0,1.0687e-06,0,0,0,2.3706e-05,0,4.4434e-06,0,0,0,4.5601e-06,0,0,0,0,3.241e-05,0,0,0,0,2.2358e-05,9.3449e-07,0,0,0,2.895e-05,0,0,2.7876e-05,0
0,2.1738e-06,0,7.5233e-05,0.00013319,0.00037297,3.7257e-05,0,0,0.0029356,1.1472e-05,0,3.6359e-05,0,9.1924e-05,2.7659e-05,4.1099e-05,0.0060226,0,4.0553e-06,0,9.7777e-06,8.5871e-06,1.0898e-05,0,0,0,0.00013668,0,0,0,1.5199e-05,0.00019703,0.00010412,1.4798e-06,0,0,0.00013231,3.9152e-06,0.00029777,0.00030162,2.6424e-05
0,6.544e-06,0,0,0.00020773,0.0004388,0.00010579,0,0,0.0026353,4.6953e-06,5.9958e-05,4.0405e-05,0,0.00013865,2.2189e-05,0.0001145,0.017539,1.0115e-05,0,0,0,1.6431e-05,4.8313e-05,4.5641e-06,0,0,0.00015293,0,0,0,1.8922e-05,0.00014027,0.00015665,4.9355e-06,5.7851e-05,6.9346e-06,6.7872e-05,1.6768e-06,0.00022473,1.5819e-05,0
0,1.4744e-05,0,0.00039088,0.0006481,0.0014516,0.0002124,0,0,0.0025883,5.4438e-06,0.00018462,2.025e-05,0,8.5473e-05,1.0119e-05,0.00034219,0.013117,4.4033e-05,4.7372e-06,0,2.6184e-05,1.7333e-05,8.6611e-05,3.3088e-06,1.9666e-05,0,0.00019681,0,0,3.6064e-06,1.8721e-05,0.00014965,0.00020044,0,0.00019749,0,0.00012187,0.00021439,0.00017245,0.001063,0
0,2.2945e-05,0,0.00088934,0.00084655,0.0019386,0,2.6481e-05,0,0.0055196,2.0862e-05,0.00013455,2.8631e-05,0,4.4463e-05,2.9689e-05,0.00080331,0.013808,0.00014757,3.8293e-05,0,0.00034529,6.3829e-05,5.8964e-05,0,2.2179e-06,4.0823e-06,5.3767e-05,0,2.1496e-05,3.1944e-05,9.3599e-05,0.00011956,0.00015162,2.0627e-05,0,0,7.5634e-05,0,0.0010158,0.0013913,0.00050876
0,1.7694e-05,0,0.0048741,0.0039557,0.012353,3.2866e-05,0,0,0.0043791,0,0.00011282,2.5536e-05,0,3.6513e-05,1.896e-05,0.0010704,0.049598,0.00016844,7.2013e-05,0,0.00030422,0.00015329,0.00047216,1.0181e-05,6.5876e-05,0,8.5075e-05,0,1.2763e-05,2.6567e-05,1.0295e-05,7.6745e-05,0.0004726,0.00040535,0.0017418,0.00017981,5.4821e-05,0.00039201,0.0025203,0.0044894,0.00010626
0,0,0,0.0022349,0.0016096,0.0019295,0.00076993,0,0,0.0064978,0,0.00047485,4.509e-05,0,0.00010047,2.2026e-05,0.0011807,0,9.0415e-05,0.00010716,0,0.00029821,0,0,0,0.0010279,0,0.00025167,0,0,0,0,0.00036561,0,0,0.0039781,0,0.00046371,0,0.0028698,0.0036157,0
0,0,0,0,0,0,0.0015594,0,0,0.0097813,0,0.00060806,0.00024048,0,0.00014187,1.3553e-05,0.0011574,0,0.00037323,0.00011885,0,0.00053665,0,0,0,0.001125,0,0.00035852,0,0,0,0,0,0,0,0.0019251,0,0.00013214,0,0.00070581,0.0045558,0
0,0,0,0,0,0,0.0023341,0,0,0.0098116,0,0,0,0,0,0.00024772,0.0027678,0,0,0,0,0,0,0,0,0.00098291,0,0,0,0,0,0,0,0,0,0.0018798,0,0,0,0.00073882,0.014367,0
0,0,0,0,0,0,0,0,0,0,0,0,0,0,0,0.00012318,0,0,0,0,0,0,0,0,0,0,0,0,0,0,0,0,0,0,0,0,0,0,0,3.2971e-06,0.01118,0
0,0,0,9.4441e-06,0,0,0,0,0,6.9217e-05,2.6657e-06,0,9.5445e-07,0,0,0,0,0.0024796,1.7819e-06,0,0,0,0,0,0,0,0,0,0,0,0,0,0,6.6245e-06,0,0,0,0,0,1.8419e-05,9.2297e-06,0
0,4.8949e-06,0,0.00012725,0.00046307,0.0011803,4.8928e-05,0,0,0.0026179,4.1082e-06,0,4.4348e-06,0,6.8156e-05,4.3247e-05,0.00019954,0.011171,2.1744e-05,6.2847e-06,0,0.00011196,1.401e-05,0,1.2864e-06,0,0,7.4847e-05,0,0,0,1.0121e-05,8.6004e-06,4.8178e-05,4.2447e-06,0,0,2.7198e-05,4.2966e-06,0.00050216,0.0018027,3.0051e-05
0,2.5781e-05,0,0.0010844,0.0010736,0.0016421,0.00016911,0,0,0.0022183,6.9945e-06,0.00014892,0,0,0,2.708e-05,0.00058363,0.0011415,0.00016496,5.3683e-05,0,6.9149e-05,1.901e-05,0.00015249,0,3.4912e-05,1.6947e-06,2.6151e-05,2.5425e-05,8.09e-06,3.4167e-05,3.9427e-05,3.7426e-05,8.7734e-05,8.6422e-05,2.8741e-06,8.095e-05,5.5195e-05,4.5581e-05,0.0012895,0.0022342,0.00012465
0,3.2143e-05,1.8421e-06,0.0036968,0.0024842,0.0043624,0.00057319,0,0,0.0016765,1.4746e-05,0.0001943,0,0,4.9098e-05,0,0.0010098,0.10787,0.0001066,3.2398e-05,0,0,8.8906e-05,0.0011656,2.0487e-06,0.00055998,1.4305e-06,0.00028761,1.3661e-05,3.4413e-05,7.6872e-05,5.474e-05,4.7006e-05,0.00035227,0.00064267,0.00097122,0.00039719,0.00025258,0.00062967,0.0020798,0,0.00038104
3.3695e-05,9.6066e-06,3.616e-06,0.005394,0.0056234,0.006283,0.0008108,3.7282e-05,3.1073e-06,0.002934,0.00016092,0.00061297,0,0.00010477,3.6823e-05,6.3867e-05,0.0017043,0.16444,0.0001029,0.0002143,4.6443e-05,3.8513e-05,0.00076443,0.0010259,9.1785e-05,0.0010177,4.0894e-05,0.0002801,2.7451e-05,0.00012452,9.8083e-05,0.00012885,6.0648e-05,0.00032601,0.00069797,0.0050529,0.00032821,0.0005647,0.0014919,0.0011364,0.0094172,0.00012125
8.2366e-05,0.00034212,0.00011387,0.0021408,0.0057711,0.0062114,0.00065409,0.00026674,0,0.004494,0.00015353,0.0027274,0.00096673,0,0,0.0010098,0.0040689,0.19335,0.00053952,0.0005287,1.3071e-05,0.00088585,0.0016743,0.0054658,0.0003743,0.0010105,0.00017141,0.0027327,0,0.0001915,0.00043444,0.00062559,0.0013526,0.0014956,0.00021835,0.0029414,0.00051446,0.0013825,0.00039962,8.6823e-05,0.041494,0.00016734
0,0.0025097,0,0.017711,0.029068,0.049987,7.8972e-05,0,0,0.013094,0,0.0029095,0.0019674,0,0.0024158,0.001204,0.0080719,0,0.0022002,0.0015417,0,0.0011325,0.0021757,0.00934,0.0002851,4.1803e-05,0,0.0033819,0,7.9498e-05,9.894e-05,4.2091e-05,0.0033214,0.0082906,0,0,0.00063002,0.0024263,0,0,0.039074,0.0010972
0,0,0,0.052037,0.027973,0.035959,0,0,0,0.053334,0,0.0088606,0.0038575,0,0.0030374,0.0037456,0.0092055,0,0.0025581,0.003115,0,0.0061645,0,0,0,0,0,0.0039999,0,0,0,0,0.0059759,0,0,0,0,0.0085949,0,0.0011418,0.12031,0
0,0,0,0.03869,0,0,0.0067289,0,0,0.16634,0,0.0063299,0.0082533,0,0.0038979,0.015276,0.025158,0,0.017486,0.0031229,0,0.010083,0,0,0,0.0024304,0,0.0061796,0,0,0,0,0,0,0,0.025371,0,0.0021345,0,0.014385,0.11319,0
0,0,0,0.10557,0,0,0.11353,0,0,0.050532,0,0,0,0,0,0,0.12711,0,0.002372,0,0,0,0,0,0,0.095193,0,0,0,0,0,0,0,0,0,0.093208,0,0,0,0.055095,0.058943,0
0,0,0,0,0,0,0,0,0,0.00012922,0,0,0,0,0,0,0,0.0012397,6.9746e-06,0,0,0,0,0,0,0,0,0,0,0,0,0,0,0,0,0,0,0,0,2.1315e-05,4.4327e-05,0
0,0,0,0.0012075,0.00030685,0.00113,7.0334e-05,0,0,0.00071469,4.0377e-06,0,5.2209e-06,0,2.2541e-05,1.7107e-05,0.0005021,0.003025,1.7961e-05,2.3467e-05,0,6.107e-05,1.5966e-05,0,0,0,0,0,3.0287e-06,1.0694e-06,0,3.203e-06,0,8.1303e-05,0,0,1.9358e-05,1.4565e-05,4.1213e-06,0.0010293,0.0024504,0.00014935
0,3.1327e-05,1.0666e-06,0.0039086,0.0034223,0.0038822,0.00060568,0,0,0.002372,1.537e-05,0.0003085,0,0,4.956e-06,9.1581e-05,0.00043267,0.10994,0.00015124,0.00018385,1.3605e-05,0.00021325,0.00011758,0.00089878,9.3157e-06,0.001073,0,4.1717e-05,3.5556e-05,5.6657e-05,0.00018067,7.6758e-05,3.2038e-05,0.00037244,0.00026908,0,0.00049951,4.8064e-05,3.8484e-05,0.0014695,0.00074399,0.00012528
0,2.0088e-06,6.7662e-06,0.00010689,0.0041953,0.0055916,0.00085455,0,5.8632e-06,0.0036553,0.00014367,0.0014514,0.00027362,0.00023452,0.00013815,0.00090413,0.0010374,0.098095,0.00042971,0.00014011,3.7303e-05,0,0.001479,0.0013659,0.00054028,9.0151e-05,4.5703e-05,0.00017505,2.5813e-06,3.8851e-05,5.7763e-05,0.00024921,9.8787e-05,0.00056774,0.0001134,0.00038261,0.00022275,0.00093527,0.00040413,0.0010697,0.027003,2.7406e-05
0.00030951,0.0013084,0.00015919,0.018741,0.017983,0.017091,0.0025957,0.0028222,4.1392e-05,0.012524,0.00028919,0.0032426,0.0025743,0.00023259,0.0016693,0.0023493,0.0079307,0,0.002532,0.00074889,2.8323e-05,0.0014914,0.00047468,0.0013531,0.00063325,7.5066e-05,3.2904e-05,0.0041816,0.00016621,6.9978e-05,0.00010035,0.00033271,0.0057072,0.0062083,0,0.0072812,0,0.002945,0.0023074,0.0020349,0.013226,0
0.0011209,0.0014291,0.00018444,0.14209,0.16818,0.18694,0.0020657,0.0020862,0.0010867,0.097424,0.0011279,0.0048003,0.0022267,0.0015516,0.0026423,0.0094607,0.010077,0,0.0055802,0.0044635,0.00063018,0.0036035,0.0034862,0.015453,3.7804e-05,0.00067923,0.00027817,0.0057369,0.0010644,0.00096907,0.0015097,0.0011205,0.0033206,0.012682,0,0.00089316,0,0.0071895,0.003041,0.0025966,0.12136,0.0080954
0.0018956,0.0019165,0.00091722,0.13735,0.1722,0.15806,0.046842,0.0027199,0.00024772,0.12331,0.0032917,0.00064099,0.0023547,0.0011095,0.0004908,0.031153,0.041539,0,0.025699,0.0026033,0.0022997,0.0014912,0.021467,0.18509,0.0013049,0.013498,0.0031828,0.00029173,0.00061868,0.0053301,0.0071389,0.0050137,0.00058299,0.015009,0.013099,0,0.014554,0.0040894,0.0048668,0.030511,0.097809,0.053536
0.0031572,0.0055837,0.0047837,0.058444,0.11078,0.065495,0.10178,0.0046073,0,0.087081,0.0010801,0.019254,0.0057665,0,0.00011245,0.078268,0.15886,0,0.022099,0.080422,0.00029101,0.097711,0.046468,0.30596,0.0047432,0.086913,0.0038216,0.031774,0,0.0024401,0.0047059,0.0061831,0.012801,0.10529,0.012588,0.21338,0.016754,0.099722,0.0021494,0.10866,0.010263,0.026144
0,0.0131,0.0022919,0,0,0,0.091449,0,0,0,0,0.12681,0.1884,0,0.021248,0.16998,0.11209,0,0.12318,0.078387,0,0.15727,0.17013,0,0.0070176,0.0884,0,0.096607,0,0.0046557,0.0065707,0.0028659,0.18911,0.23015,0.014599,0.23031,0.013161,0.21244,0.010416,0.20188,0,0.0094774
0,0.0098037,0,0,0,0,0,0,0,0,0,0.18809,0.26785,0,0.29095,0.27523,0.064865,0,0.21302,0.21499,0,0.17741,0,0,0.0032944,0.011122,0,0.23543,0,0,0,0,0.23522,0,0,0.091938,0,0.1883,0,0.10065,0,0
0,0,0,0,0,0,0,0,0,6.1384e-05,0,0,0,0,0,0,0,0,0,0,0,0,0,0,0,0,0,0,0,0,0,0,0,0,0,0,0,0,0,0,0.00027125,0
0,0,0,0.0017811,2.5517e-05,9.5408e-05,1.1146e-05,0,0,0.00039232,0,0,3.728e-06,0,1.576e-06,0,0.00022707,0.014754,7.3751e-05,1.305e-05,0,2.4471e-06,0,0,0,9.8955e-05,0,0,7.8665e-06,0,3.8797e-06,0,0,9.4851e-06,6.2794e-05,0,8.4152e-06,0,1.3374e-06,0.00045055,0.00015165,5.6302e-05
0,0,7.8779e-06,0.0013956,0.0055225,0.0031808,0.00030766,0,1.1534e-05,0.0041721,4.6932e-05,1.902e-05,8.4429e-05,0.00023584,0.00012824,0.00011203,0.00044766,0.13998,0.00036712,8.6134e-05,3.218e-05,8.885e-05,0.001037,0,1.1681e-06,0.00048239,3.1968e-05,0,0,1.2718e-05,0,3.5094e-05,3.9656e-06,0.0002625,4.1489e-05,0,5.5467e-05,0.00012068,7.1634e-06,0.00018518,0.015085,0.00031785
3.9301e-05,0.00028153,0.0001521,0.0090462,0.0058475,0.020211,0.00086402,0.0025172,0,0.0088835,0.00067297,0.0007099,0.0034855,0.00021807,0.00094909,0.0018105,0.013105,0,0.0014966,0.0010484,1.6492e-05,0.0020472,0.00097111,0.00031303,0.00016466,0,7.5422e-05,0.0026345,4.1838e-05,5.6675e-05,5.2592e-06,0.00038322,0.005574,0.0017636,0.00021727,0.0006857,6.356e-05,0.003327,0.0018515,0.00051312,0.035659,0.0010757
0.0028258,0.0010014,0.00015604,0.15314,0.2252,0.21696,0.0008059,0.00096534,0.0011888,0.11636,0.00056027,0.0049483,0.0024685,0,0.0035176,0,0.0070874,0,0.0020833,0.0029695,0.00052995,0.0083318,0.0017527,0.012128,6.1919e-05,0,0.00049229,0.0058104,0.0014538,0.0013077,0.004087,0.00063379,0.0029297,0.014705,0.0014699,0.068708,0.00048749,0.0011926,0.0024643,0.0013897,0.11232,0.0020558
0,0.0015679,0.00094551,0.062697,0.071908,0.059052,0.048444,0,0.0029201,0.10117,0.00093893,0.0044583,0.0044772,0,0.0027977,0.0044277,0.062575,0,0.025984,0.031647,0.004163,0.0011695,0.018934,0.22039,0.0012027,0.059522,0.0034374,0.012098,0.0035683,0.0038611,0.0046846,0.0035924,0.00066799,0.0096178,0.022329,0.062281,0.024476,0.014101,0.0067828,0.045412,0.016462,0.02433
0.00018107,0.0077882,0.0088899,0.012842,0,0,0.065475,0,0.0025337,0,0.0079053,0.072986,0.053242,0.03449,0.0052522,0.22337,0.18252,0,0.078279,0.049623,0.0042869,0.11114,0.10707,0.13396,0.0020633,0.034339,0.0028001,0.10976,0.006276,0.0049083,0.00084841,0.0084967,0.027185,0.18732,0.021389,0.15156,0.020479,0.19023,0.02692,0.12489,0,0.0013878
0.0068013,0.022824,0.011849,0,0,0,0.046958,0.29792,0.26946,0,0.014784,0.28225,0.25732,0.42438,0.23014,0.043888,0.010286,0,0.22153,0.10572,0.024909,0.13463,0.26376,0,0,0.048592,0.011366,0.21132,0.026592,0.046215,0.11548,0.0095466,0.26681,0.14331,0.0015247,0.0097201,0.0018372,0.082356,0.26054,0.064696,0,0
0.26714,0.37254,0.058981,0,0,0,0.13681,0.1932,0.10992,0,0.056525,0.084089,0.01348,0.10886,0.17756,0,0,0,0.016849,0.12496,0.27887,0.02245,0.033137,0,0.13892,0.13188,0.18169,0.063721,0.21999,0.49621,0.46837,0.040268,0.063106,0.0063238,0.033355,0,0.023114,0,0.24451,0,0,0.14913
0.3036,0.24549,0.44319,0,0,0,0.01427,0.13005,0.13867,0,0.35649,0,0,0,0,0,0,0,0,0,0.3072,0,0,0,0.45474,0.18858,0.35076,0,0.28634,0.085583,0.1381,0.45377,0,0,0.48914,0,0.45504,0,0.050023,0,0,0.12779
0,0,0,0,0,0,0,0,0,0,0,0,0,0,0,0,4.9074e-06,0,0,0,0,0,0,0,0,0,0,0,0,0,0,0,0,0,0,0,0,0,0,1.0054e-05,0.00038333,0
0,0,0,8.84e-05,2.4533e-06,0,4.6601e-06,0,0,0,0,0,0,0,0,0,1.3858e-05,0,8.7909e-06,0,0,0,0,0,0,0.00015155,0,0,0,0,0,0,0,0,1.3389e-05,0,0,0,0,7.4455e-06,0,8.4119e-06
0,0,3.2197e-06,5.3644e-06,0,0.00052207,0,0,0,4.3193e-05,0,0,3.0064e-05,0.00018024,2.1178e-05,3.4571e-06,0,0.039646,0.00014368,0,9.8577e-06,0,0.00047062,0,0,0,2.1112e-06,0,0,1.0165e-05,0,0,0,0,0,0,0,0.00014919,0,0,0.018264,0
1.2301e-05,3.2354e-05,8.3266e-05,0.0051235,0,0,0,2.6556e-06,0,0.0063668,3.0982e-05,0,0.00043837,0,0.00042287,9.8085e-05,0.0040214,0,0.00083185,0.00066483,0,0.00062754,0,0,2.9158e-06,0,0,0.00013006,0,7.3482e-06,0,0,0.00050821,0.00051634,0,0.023063,0,0.00069865,0.00060013,0,0.031348,0.00013096
0.00023479,0,0.00029221,0.11798,0.13287,0.13127,0.00065694,0,0.0017462,0.085211,0.00032834,0,0,0,0.0021421,0,0.0084598,0,0.016588,0.0025899,2.8157e-05,0.00021944,0.010398,0,0.00013385,0,2.4187e-05,0.0021455,0.0013115,0.00015309,0.0016439,5.9012e-05,0,0.0035939,0,0,5.5147e-05,0.0019416,0.0047583,0,0.063759,0.0071916
0,0.00089067,0.0024553,0.037492,0,0,0.052928,0,0,0,0.0026244,0.00010627,0.00026679,0.0061823,0.0014069,0.06209,0.12169,0,0.0014953,0.040384,0.0035446,0.025451,0.021852,0.10483,0.0004709,0.11173,0.0017128,0.020274,0.0012593,0.0075831,0,0.003963,0,0.017911,0.026401,0,0.030546,0.021383,0.016972,0.082781,0,0.011028
0,0.005533,0.011833,0,0,0,0.0074598,0,0.018218,0,0.0048946,0.085882,0.17157,0.35924,0.045193,0.074094,0.0066072,0,0.21514,0.10522,0.00010597,0.21566,0.29193,0,0.0022166,0.049046,0.0035084,0.11954,0.00097677,0.021457,0.00018432,0.0034557,0.12358,0.23249,0.011664,0,0.0041306,0.15211,0.092185,0.14521,0,0.041194
0.082592,0.038425,0.0053747,0,0,0,0.046597,0.36276,0.45395,0,0.014184,0.096358,0.0080612,0.062986,0.20291,0,0,0,0,0.14415,0.15439,0.018846,0,0,0.024834,0.040897,0.047552,0.059794,0.051065,0.3186,0.24553,0.020582,0.050813,0,0.037716,0,0.041558,0,0.21241,0,0,0.12265
0.32997,0.26745,0.39688,0,0,0,0.20386,0,0,0,0.29178,0,0,0,0,0,0,0,0,0,0.21855,0,0,0,0.35684,0.029315,0.38897,0,0.39915,0,0,0.32183,0,0,0.2994,0,0.35078,0,0.053499,0,0,0.4115
0,0,0.050442,0,0,0,0,0,0,0,0.2419,0,0,0,0,0,0,0,0,0,0,0,0,0,0,0,0,0,0,0,0,0.11645,0,0,0.012512,0,0,0,0,0,0,0
