0.44145,0.52515,0.40621,0.31701,0.36735,0.36525,0.47894,0.54807,0.50917,0.374,0.28778,0.34895,0.38504,0.46756,0.35649,0.35455,0.37075,0.41176,0.34414,0.32763,0.27706,0.44401,0.37337,0.52493,0.46113,0.36228,0.30977,0.32217,0.38323,NaN,0.37198,0.30754,0.36761,0.33552,0.40296,0.31538,0.33815,0.31396,0.16658,NaN,0.20408,0.28667
0.011604,0.00078681,0,0.028759,0.03308,0.035845,0.013785,0.044491,0.025704,0.026334,0.0064905,0.013757,0,0.014262,0,0,0,0,0,9.6878e-07,0.078057,0,0,0.0010844,0.0011086,0.039363,0.007448,8.8377e-06,0.030923,NaN,0.012471,0.0033696,0,6.6393e-05,8.5042e-07,0.0018022,0.011828,0.01198,0.074386,NaN,0.016594,0.015975
0.022143,0.0065225,0,0.017578,0.014737,0.0062674,0.0053149,0.020265,0.01925,0.0090205,0.025007,0.0037137,0,0.014768,0.0057868,0,0,0,0,4.5442e-09,0.0014221,0.0003261,0.026854,0,0.0011839,0.01633,0.011586,0.0067319,0.00070006,NaN,0.0085836,0.00024048,0.0042123,0,3.7194e-05,0.030674,0.0066868,0.0041235,0.1372,NaN,0.018784,0.034065
0.021562,0.0020815,0,0.01388,0.026867,0.032919,0.00048114,0.012763,0.0066603,0.0015945,0.047825,0.0026217,7.7591e-09,0.014004,0,1.159e-05,0,0,0,0.0026733,0.00862,0.022382,0,2.2407e-07,7.7976e-05,0.057664,0.0050319,0.0035211,0.0021812,NaN,0.013734,0.0091069,0,0.00022181,0.0073223,0.026645,0.006614,0.00017672,0.0079603,NaN,0.038436,0.012054
0.013687,1.5231e-06,0,0.013192,0.034178,0.028468,0.0028018,0.0047652,0.0070653,0.0042151,0.043079,0.0035257,0.0068428,0.0093377,0.0056548,0.017016,0,0,0,2.8079e-06,0.037424,0,0.0023903,0.00018684,2.1033e-05,0.067865,0.0042759,0.014243,0.00041995,NaN,0.0076937,0.014065,0.0062921,0.010009,0.00824,0.016356,0.0055956,0.010546,0.030001,NaN,0.019494,0.023523
0.0056579,0,0,0.013892,0.018678,0.018114,0.0011448,0.0032728,0.0078937,0.0030226,0.023639,0.0019805,0.0041438,0.0049256,0.0023282,0.31619,0,0,0,0.00058983,0.019031,0,0.0011627,2.7176e-05,6.3975e-05,0.020626,0.0075541,0.0068342,0.00029229,NaN,0.0055489,0.015087,0.0057527,0.0074685,0.0028418,0.012404,0.0062642,0.0055927,0.12497,NaN,0.023469,0.028074
0.019799,0.0065939,0,0.013606,0.013718,0.019586,0.00064281,0.0081171,0.0059466,0.0067887,0.025495,0.001315,1.751e-05,0.026222,3.9141e-06,0.00064168,0,0,0,0.0028219,0.0099501,0.062245,5.1635e-07,7.0542e-09,8.7068e-05,0.017816,0.0060723,0.0052903,0.0009419,NaN,0.0071233,0.0078576,3.6649e-05,0.00054965,0.0085056,0.026644,0.0068734,0.00010502,0.030694,NaN,0.30641,0.016843
0.01643,0.0028386,0,0.0078647,0.006903,0.0054104,0.0086904,0.043444,0.012231,0.010682,0.014687,0.0046691,0,0.016153,0.0064558,0.0032545,0,0,0,0,0,0.17819,0.013294,3.709e-07,0.0019766,0.087357,0.012509,0.0059028,0.0024653,NaN,0.021988,0.00021607,0.0041656,5.4562e-06,2.4581e-05,0.033243,0.009344,0.0062011,0.068431,NaN,0.035911,0.038499
0.028606,0.00023814,0,0.021668,0.014321,0.019637,0.043871,0.038462,0.10944,0.028912,0.0089811,0.017317,0,0.040984,3.8844e-05,0.042957,0,0,0,7.7967e-05,0.068821,0,0,0.0076193,0.0012746,0.025995,0.01239,0.00015656,0.0735,NaN,0.0090621,0.0042087,8.4459e-06,8.9142e-05,0.00016046,0.0024662,0.011838,0.015859,0.13778,NaN,0.02576,0.016456
0.41906,0.45575,0.59379,0.5514,0.47017,0.46849,0.44418,0.27635,0.29665,0.53543,0.51701,0.60144,0.60395,0.39179,0.62324,0.26533,0.62924,0.58823,0.65579,0.6662,0.49961,0.29284,0.58293,0.46614,0.53308,0.3047,0.62335,0.63514,0.50534,NaN,0.54149,0.6372,0.61193,0.64606,0.56991,0.53426,0.59623,0.63076,0.22063,NaN,0.31104,0.52783
0,0.00039609,2.9782e-12,0.0035258,6.7496e-07,2.4104e-05,0.00038794,0,0,7.3428e-06,7.9838e-06,0.00088908,5.5593e-07,0,5.8091e-07,0.00027791,1.3896e-05,0.00011708,0.0010596,0.00015017,5.6235e-09,0,2.147e-06,0.00029591,5.1535e-09,0,5.6092e-05,2.6887e-06,0,NaN,0.00059715,0.0025212,5.1665e-06,0.00012101,1.9442e-06,0.00015938,0.0011834,0.0011958,0.00084121,NaN,0.0004111,1.0515e-05
0,0.0012192,2.3137e-07,0.0018312,5.9702e-05,0.001429,0.0087449,5.3899e-10,0,0.00035555,0.00024981,0.003243,5.2247e-05,0,1.2406e-05,0.0053403,0.00053926,0.0022255,0.0051624,0.0024232,1.4043e-06,0,7.7619e-05,0.0027789,6.0362e-06,5.8951e-09,0.0031916,0.00010314,1.6209e-10,NaN,0.002593,0.0070802,0.0001798,0.0018498,0.00034261,0.0049025,0.0063509,0.0042621,0.0044296,NaN,0.0076484,0.00013187
1.7576e-10,0.007528,2.485e-05,7.1647e-05,0.00086223,0.0031338,0.0084702,3.4943e-09,2.1102e-10,0.0015117,0.0067428,0.0028454,0.000324,0,0.00026593,0.0057998,0.0093771,0.022293,0.0014255,0.0044519,3.5166e-05,1.982e-06,0.0021601,0.0051959,1.9845e-05,9.5629e-06,0.0048619,0.0016209,1.4478e-08,NaN,0.0035283,0.00010732,0.0014042,0.0043557,0.0017365,0.006185,0.0050832,0.0011988,0.0024164,NaN,0.018343,0.0021729
1.3778e-07,0.0050737,0.00017421,0,0.0050611,0.0053252,0.00051776,1.6759e-06,2.7239e-08,0.028124,0.019959,2.017e-05,0.015445,5.641e-11,0.013054,0.0066967,0.017424,0.024937,0.014659,0.0014335,0.0012061,6.3758e-05,0.03217,0.0043377,5.8734e-05,0.0005087,0.0011489,0.012489,6.5008e-06,NaN,0.012554,2.0862e-05,0.019933,0.012492,0.01595,0.013826,0.0072718,0.00082999,3.4755e-05,NaN,0.015103,0.041868
2.0791e-05,0.0024605,0.0025503,0,0.018395,0.02276,8.0575e-06,4.5784e-06,5.837e-06,0.029548,0.062641,1.5598e-06,0.027014,2.7036e-08,0.024448,0.020316,0.024648,0.00065399,0.043066,0.0055353,0.035909,0.0032076,0.068167,0.013481,0.0012597,0.052466,0.0021176,0.024305,0.00068908,NaN,0.016233,2.3429e-06,0.026069,0.020795,0.02757,0.0055519,0.0038574,0.01349,7.7604e-08,NaN,0.0066123,0.060573
0.00071512,0.019112,0.017974,0,0.046167,0.03297,7.6764e-08,0.0014853,0.0018717,0.027344,0.05197,0,0.019257,0.00034067,0.065026,0.014493,0.022377,0,0.033233,0.044076,0.067319,0.10894,0.046994,0.0093668,0.020564,0.046498,0.050924,0.02782,0.0015391,NaN,0.0017178,0,0.024999,0.010234,0.045952,6.0008e-05,0.020573,0.018486,0,NaN,0.0015401,0.032834
0.0018742,0.0099953,0.10731,0,0.047298,0.033027,0,0.00073815,0.20809,0,0.00018225,0,0.024471,0.00044062,0.014774,3.095e-05,0,0,0.00017875,0.073787,0.092012,0.058822,0.010648,0,0.056908,0.047489,0.054811,0.023358,0.10804,NaN,7.6186e-05,0,0.0013954,0.015105,0.054417,0,0.017194,0.018081,0,NaN,0,0.075005
0.25166,0.028618,0.05038,0,0.00026158,0.00022363,0,0.26364,0.20843,0,1.9678e-06,0,0,0.069562,0.0068048,0,0,0,0,0.0051968,0.046901,0,0,0,0.069126,0,0.044563,2.192e-07,0.11485,NaN,3.6661e-06,0,1.2987e-05,0.00046736,0.00032999,0,2.6244e-05,7.865e-05,0,NaN,0,0.039666
0.027973,0.0002548,0,0,0,0,0,0.034782,0.016013,0,0,0,0,0.39714,0,0,0,0,0,0,0.0010609,0,0,0,0.00021229,0,0.02269,0,0.11038,NaN,9.5429e-09,0,0,2.4534e-06,0,0,0,0,0,NaN,0,0.02152
0,0,0,0,0,0,0,0,0.00017112,0,0,0,0,0.00042077,0,0,0,0,0,0,2.2875e-08,0,0,0,0,0,0,0,8.8911e-07,NaN,0,0,0,0,0,0,0,0,0,NaN,0,0
0,0.0010672,1.6697e-12,0.0052677,1.6925e-06,5.1889e-05,0.00067389,0,0,1.8391e-05,1.4557e-05,0.0018043,8.788e-07,0,7.177e-07,0.00081915,2.0379e-05,0.00019871,0.0021937,0.00024031,1.5897e-08,0,2.3661e-06,0.00067842,2.9171e-09,0,0.00011345,3.6142e-06,0,NaN,0.0010026,0.0050345,6.1369e-06,0.00016009,2.8858e-06,0.00013283,0.0021977,0.0020561,0.0035299,NaN,0.00088517,1.2123e-05
0,0.0038815,2.5627e-07,0.0039228,9.821e-05,0.0026583,0.015007,2.5879e-10,0,0.00079607,0.00039686,0.0069554,0.00013129,0,1.9644e-05,0.01379,0.0014567,0.0053679,0.012818,0.0057161,1.2438e-06,2.473e-08,0.00014676,0.0067432,6.416e-06,2.6104e-09,0.006451,0.00020098,2.174e-10,NaN,0.0077405,0.016873,0.00033165,0.0030109,0.00080693,0.008041,0.013614,0.010515,0.013777,NaN,0.016631,0.00014768
5.0693e-11,0.020969,4.0931e-05,6.4693e-05,0.0012702,0.0051138,0.017487,1.4584e-09,2.5967e-11,0.0028951,0.011563,0.0095292,0.00053324,0,0.00052137,0.015477,0.020055,0.037744,0.0027256,0.0071667,4.005e-05,3.4533e-06,0.0037344,0.0099977,3.6431e-05,1.4752e-05,0.010317,0.002682,3.6167e-08,NaN,0.00679,0.00022911,0.0019518,0.0058064,0.003245,0.015986,0.0095762,0.0029316,0.0068842,NaN,0.035353,0.003446
9.182e-08,0.0051292,0.00021089,4.6534e-07,0.012532,0.01465,0.00054054,8.2666e-07,1.4289e-08,0.049879,0.039883,5.8378e-05,0.031175,0,0.022518,0.014911,0.036583,0.059884,0.025836,0.0034901,0.0016518,0.000249,0.059173,0.016253,0.0003009,0.0012467,0.0042613,0.030189,1.5029e-05,NaN,0.029923,4.275e-05,0.04583,0.036098,0.027828,0.027993,0.016978,0.0013772,0.00016343,NaN,0.03085,0.057969
2.4248e-05,0.012001,0.0050111,0,0.03591,0.048096,1.746e-05,1.064e-05,1.0784e-05,0.062291,0.12162,4.8569e-06,0.039116,2.4019e-08,0.041911,0.026214,0.044816,0.012409,0.059577,0.010889,0.023738,0.0055971,0.10086,0.030662,0.0071595,0.093194,0.0031398,0.042118,0.00072588,NaN,0.041049,6.6781e-06,0.036032,0.053021,0.040841,0.020275,0.0049551,0.01852,7.3944e-07,NaN,0.0097905,0.075975
0.0017282,0.021342,0.022315,0,0.090973,0.064093,5.2124e-07,0.0013375,0.0024782,0.050799,0.098558,8.8314e-11,0.06538,0.00013365,0.12601,0.017877,0.046112,0,0.044666,0.059227,0.11616,0.047779,0.052649,0.022298,0.060827,0.089728,0.082727,0.065251,0.0041334,NaN,0.004228,0,0.070717,0.034467,0.098979,0.0018508,0.035257,0.033134,0,NaN,0.0026658,0.051734
0.0031578,0.037095,0.18132,0,0.083493,0.061072,0,0.0031336,0.016399,0,0.00075097,0,0.052508,0.00054063,0.033879,2.2868e-05,0,0,0.0012299,0.10841,0.087518,0.24399,0.027206,0,0.10797,0.062134,0.082321,0.052461,0.12652,NaN,0.00021754,0,0.0056425,0.040422,0.1095,1.628e-07,0.027811,0.026948,0,NaN,0,0.050978
0.25524,0.054508,0.075803,0,0.0077138,0.004765,0,0.19378,0.35386,0,7.9127e-06,0,0.00051473,0.018878,0.015085,0,0,0,0,0.015105,0.070436,0,0,0,0.14903,0,0.090523,0.00055579,0.19158,NaN,1.4561e-05,0,0.00010142,0.002451,0.034879,0,0.0013042,0.00064856,0,NaN,0,0.050945
0.12275,0.0020508,0,0,0,0,0,0.21553,0.037614,0,0,0,0,0.34007,0,0,0,0,0,0,0.00044273,0,0,0,0.030905,0,0.042685,0,0.16029,NaN,6.629e-08,0,0,4.904e-05,0,0,0,0,0,NaN,0,0.020564
0,0,0,0,0,0,0,0.003648,0,0,0,0,0,0.00089749,0,0,0,0,0,0,1.9313e-08,0,0,0,0,0,0.00064744,0,0.0015396,NaN,0,0,0,0,0,0,0,0,0,NaN,0,0
0,0.0021054,0,0.0063154,1.3923e-06,5.2924e-05,0.00075642,0,0,2.2801e-05,1.6869e-05,0.0028904,1.1887e-06,0,1.0276e-06,0.0012226,3.5621e-05,0.00011698,0.0025766,0.0001949,9.284e-09,0,2.7623e-06,0.0014653,7.4834e-09,0,8.5244e-05,5.2848e-06,0,NaN,0.0020323,0.0063311,6.017e-06,0.00014242,3.4379e-06,0.0002207,0.0021573,0.0032191,0.0054214,NaN,0.0012916,1.1744e-05
0,0.0048834,2.1578e-07,0.0073023,8.8968e-05,0.002029,0.022784,0,0,0.0010058,0.00046036,0.01022,0.00019611,0,2.6213e-05,0.020923,0.0016917,0.0052684,0.018217,0.008595,7.14e-07,1.4772e-08,0.00019215,0.0059826,4.0041e-06,5.4112e-11,0.010482,0.00023176,4.2493e-10,NaN,0.012762,0.026269,0.00047983,0.0044515,0.0011953,0.0046159,0.021413,0.014442,0.025791,NaN,0.020196,0.00020385
0,0.031729,5.1141e-05,0.0001208,0.0012044,0.0098066,0.030074,1.7154e-09,3.8813e-11,0.0035154,0.0073933,0.018305,0.00067939,0,0.00077364,0.021457,0.027568,0.043181,0.0024334,0.01059,3.3954e-05,5.6227e-06,0.0030438,0.017856,4.3883e-05,8.6149e-06,0.011743,0.0024542,5.2241e-08,NaN,0.0078234,0.00045584,0.0022891,0.007033,0.0039144,0.030211,0.011449,0.0047372,0.011706,NaN,0.035909,0.0038108
2.008e-08,0.0057567,0.00019626,8.2623e-06,0.016148,0.018819,0.0023056,1.7171e-07,2.2864e-09,0.029275,0.048488,0.00014751,0.039506,0,0.010709,0.0074368,0.03159,0.057249,0.014481,0.0071509,0.0011448,0.00035393,0.041445,0.030484,0.00054857,0.0010972,0.013572,0.038666,1.31e-05,NaN,0.047348,8.8674e-05,0.05056,0.069878,0.038116,0.031131,0.023376,0.0013821,0.00029688,NaN,0.032994,0.042806
7.4926e-06,0.017777,0.0029325,8.2875e-08,0.034705,0.049722,7.4313e-05,1.3938e-05,3.9623e-06,0.06513,0.09938,1.1839e-05,0.041106,7.3343e-09,0.064482,0.014009,0.046169,0.022843,0.028831,0.004454,0.0059738,0.0010903,0.057909,0.047717,0.0037381,0.044375,0.0025025,0.047266,0.00011914,NaN,0.043543,1.5295e-05,0.055312,0.048224,0.061409,0.032552,0.0037282,0.0068767,2.3458e-06,NaN,0.010667,0.068793
0.0012164,0.0049967,0.0084088,0,0.072054,0.057002,1.9577e-06,0.00010657,0.00010609,0.058898,0.074486,2.4383e-07,0.078038,6.1015e-06,0.094091,0.013306,0.044503,0,0.056257,0.027541,0.077,0.013854,0.051131,0.032902,0.052752,0.087273,0.02888,0.06515,0.0020105,NaN,0.018375,3.9438e-09,0.08531,0.053925,0.10281,0.016069,0.02544,0.020674,0,NaN,0.0057895,0.034579
0.000957,0.046113,0.1242,0,0.040567,0.032605,0,0.0032365,0.0043856,1.7958e-05,0.012822,0,0.025906,0.00030868,0.036953,3.7856e-06,0.010465,0,0.015668,0.086519,0.062035,0.19141,0.029395,5.3045e-05,0.066345,0.050944,0.063348,0.039022,0.015328,NaN,0.00085056,0,0.011707,0.029364,0.045979,6.2956e-06,0.017489,0.017423,0,NaN,0,0.012891
0.020258,0.020266,0.059733,0,0.036711,0.026563,0,0.0055685,0.094147,0,4.2596e-05,0,0.025394,0.0025176,0.0157,0,0,0,6.237e-06,0.039851,0.087494,0.0023943,9.2448e-06,0,0.090271,0.016173,0.054431,0.008237,0.085615,NaN,3.4076e-05,0,0.00078638,0.0038121,0.052915,0,0.011725,0.0019288,0,NaN,0,0.026855
0.24454,0.021175,0.013741,0,0,0,0,0.20255,0.051501,0,4.4765e-07,0,0,0.13159,3.315e-05,0,0,0,0,0,0.015954,0,0,0,0.038722,0,0.013435,0,0.061973,NaN,9.2596e-07,0,8.386e-08,0.00018827,0,0,2.26e-06,0,0,NaN,0,0.01169
0.0054788,4.362e-05,0,0,0,0,0,0.035154,0.0031134,0,0,0,0,0.035364,0,0,0,0,0,0,0.00043948,0,0,0,0,0,0.00026215,0,0.0074121,NaN,0,0,0,0,0,0,0,0,0,NaN,0,5.5315e-05
0,0.0036866,0,0.0077414,1.876e-06,7.3888e-05,0.0010109,0,0,2.5009e-05,1.5522e-05,0.0028737,1.3838e-06,0,2.0447e-06,0.0011853,3.9519e-05,9.9842e-05,0.0023188,0.00029298,7.4745e-09,0,2.5383e-06,0.001702,5.4659e-09,0,0.00010108,4.7739e-06,0,NaN,0.0014719,0.0079281,6.431e-06,0.00012894,3.7013e-06,0.00023765,0.0025696,0.0035578,0.0077237,NaN,0.00090791,1.3264e-05
0,0.0051262,2.1684e-07,0.0078955,7.2769e-05,0.0016541,0.031801,0,0,0.00071011,0.00047152,0.013504,0.00010408,0,2.3852e-05,0.026877,0.0020393,0.0033073,0.020863,0.0087062,2.4368e-07,2.496e-09,0.00020596,0.0048201,4.2258e-07,1.6767e-09,0.01508,0.000291,3.7429e-10,NaN,0.021112,0.038658,0.00050818,0.006336,0.00040943,0.005018,0.021024,0.016967,0.033645,NaN,0.01859,0.00019819
0,0.044802,2.4297e-05,0.0013663,0.00085208,0.012963,0.034431,1.8531e-09,0,0.003106,0.004186,0.02779,0.0010752,0,0.00064696,0.024243,0.030384,0.037875,0.0038023,0.019059,2.299e-05,8.7482e-06,0.0014422,0.028673,5.9489e-05,2.9205e-06,0.017313,0.0020439,3.275e-08,NaN,0.0070034,0.0020558,0.0021391,0.012781,0.0039962,0.034659,0.020728,0.0092602,0.02019,NaN,0.034551,0.0025243
1.6854e-09,0.0073015,0.00012223,1.8567e-05,0.014218,0.019325,0.017148,1.0747e-07,8.3439e-10,0.01189,0.035047,0.0006444,0.020622,0,0.0029262,0.0032862,0.027585,0.058442,0.0043881,0.0072068,0.00020476,7.0361e-05,0.01696,0.042187,0.00035491,0.00087913,0.017638,0.027174,3.5498e-06,NaN,0.053388,0.00015057,0.028116,0.057629,0.024939,0.039871,0.022536,0.0011929,0.00067324,NaN,0.039758,0.02754
8.0647e-07,0.018863,0.0013325,3.3069e-06,0.024701,0.035162,0.0002216,8.365e-06,1.6773e-07,0.063058,0.057813,3.5664e-05,0.041262,2.091e-09,0.034386,0.010812,0.050935,0.030336,0.025192,0.0010895,0.0022249,0.00040117,0.044262,0.047405,0.00094903,0.00074435,0.0017356,0.034089,3.1254e-05,NaN,0.025931,1.75e-05,0.056806,0.024038,0.034604,0.025482,0.0050404,0.0018907,9.5963e-06,NaN,0.012364,0.029989
0.00011463,0.0014198,0.0051167,3.0029e-09,0.031808,0.034063,2.0763e-06,2.6915e-05,2.3518e-05,0.053195,0.056891,2.2298e-06,0.060134,2.6014e-07,0.043405,0.016412,0.042507,5.8274e-05,0.048211,0.012528,0.056321,0.0062329,0.06213,0.022294,0.019635,0.074228,0.006483,0.048885,0.00028218,NaN,0.034114,9.2741e-07,0.060811,0.03871,0.050375,0.025114,0.016159,0.014132,1.7508e-07,NaN,0.010605,0.026555
0.00093817,0.018278,0.036662,0,0.049214,0.038614,0,0.001169,0.00038847,0.024333,0.031135,2.2758e-09,0.030858,6.0428e-05,0.077414,0.0025761,0.036577,0,0.025384,0.037906,0.063434,0.092445,0.031756,0.010758,0.035047,0.078859,0.045236,0.036697,0.0013261,NaN,0.0024523,0,0.033704,0.016958,0.039404,0.0013669,0.028688,0.015433,0,NaN,0.00081974,0.0079483
0.0035384,0.011433,0.090359,0,0.046778,0.032553,0,0.0019231,0.0013794,0,0.0004959,0,0.029137,0.00024188,0.014004,0,2.439e-05,0,0.0005544,0.066896,0.038389,0.086861,0.0084765,0,0.05508,0.040388,0.027614,0.027912,0.0047391,NaN,0.0001644,0,0.0031369,0.019053,0.0087668,0,0.016822,0.014417,0,NaN,0,0.0030264
0.036984,0.011457,0.04548,0,0.0077472,0.004547,0,0.020369,1.1638e-05,0,1.2029e-06,0,0.00313,0.0014861,0.006076,0,0,0,1.045e-07,0.00805,0.012744,0,0,0,0.051205,0,0.0056859,0.0016528,0.00079542,NaN,7.6995e-06,0,0.0001246,0.0011438,0,0,0.001696,0.00033415,0,NaN,0,0.00047925
0.02014,0.0017713,0.0022731,0,0,0,0,0.011546,0,0,0,0,0,1.8193e-06,0,0,0,0,0,0,6.4102e-06,0,0,0,0.009687,0,1.6427e-05,0,3.1501e-07,NaN,5.7366e-08,0,0,4.812e-05,0,0,0,0,0,NaN,0,0
0,0.0050875,0,0.010439,1.6735e-06,6.8241e-05,0.0013905,0,0,2.6426e-05,1.4259e-05,0.0039208,1.191e-06,0,2.3306e-06,0.00182,2.6986e-05,6.9314e-05,0.0014494,0.00017156,7.545e-09,0,1.8743e-06,0.00018805,5.7956e-09,0,0.00013522,5.8483e-06,0,NaN,0.0019407,0.0079531,5.9152e-06,0.00013573,5.1537e-06,0.00033498,0.0027564,0.0041137,0.011584,NaN,0.00036624,1.7494e-05
0,0.0055965,2.2533e-07,0.0082697,7.834e-05,0.0012312,0.043282,0,0,0.00044749,0.00043355,0.015858,3.0704e-05,0,1.8037e-05,0.039237,0.0019334,0.002815,0.016725,0.0069338,2.0618e-07,7.8399e-11,0.0001358,0.0081502,2.2003e-07,3.9548e-10,0.012655,0.00013285,2.214e-10,NaN,0.015816,0.038393,0.00012257,0.0040997,0.00010134,0.0055989,0.014213,0.017196,0.044944,NaN,0.011754,0.0001513
0,0.035994,4.7405e-06,0.0023961,0.00070048,0.015431,0.028436,4.7963e-09,0,0.002367,0.0017202,0.04171,0.00092461,0,0.00042068,0.034255,0.015586,0.03658,0.013763,0.014482,1.1872e-05,2.4631e-06,0.00054993,0.038774,5.9046e-05,6.6865e-07,0.025739,0.0015314,7.4072e-09,NaN,0.02528,0.022093,0.0023841,0.021654,0.0033154,0.028283,0.033577,0.014926,0.031904,NaN,0.036427,0.0017333
0,0.029315,8.0807e-05,0.00013803,0.0064061,0.015211,0.032975,5.3414e-08,4.0039e-10,0.0053069,0.020528,0.003033,0.0026777,0,0.00087261,0.029208,0.036342,0.055378,0.0017249,0.0081436,5.4355e-05,1.7493e-05,0.0047166,0.034369,0.00010499,0.00033455,0.015254,0.0087603,1.3438e-07,NaN,0.034049,0.00016403,0.0067527,0.018208,0.004161,0.046503,0.014332,0.0012305,0.0030901,NaN,0.036627,0.011057
4.8053e-08,0.0075381,0.00022334,8.6664e-06,0.0094827,0.012756,0.00023451,1.3391e-06,8.7194e-09,0.040948,0.025591,0.00011404,0.038049,0,0.018269,0.0086852,0.038428,0.031817,0.013981,0.0022016,0.0011139,0.00021783,0.040573,0.019606,0.00025845,0.00060339,0.003647,0.033933,3.2884e-06,NaN,0.030124,3.7861e-05,0.051366,0.03196,0.026534,0.025262,0.016823,0.00084502,9.463e-05,NaN,0.028638,0.023827
1.0244e-05,0.011016,0.0022749,1.289e-06,0.026642,0.036758,2.5246e-07,5.6158e-06,1.0003e-06,0.052644,0.045375,9.5746e-06,0.028541,5.9947e-09,0.035207,0.013042,0.041415,0.016627,0.022957,0.003121,0.0095574,0.0011911,0.049328,0.038467,0.001402,0.024483,0.00099151,0.027495,2.3848e-05,NaN,0.020857,6.4568e-06,0.03729,0.021782,0.021097,0.024225,0.003539,0.0064595,9.484e-07,NaN,0.0094977,0.013489
0.00016035,0.0011876,0.0051812,0,0.046376,0.031104,0,7.1289e-05,3.9564e-07,0.046064,0.017793,3.8404e-07,0.052556,5.0868e-07,0.044651,0.027675,0.029473,5.303e-06,0.036824,0.020064,0.020238,0.0089686,0.0414,0.017801,0.031717,0.058799,0.0087253,0.041657,5.8096e-06,NaN,0.010075,2.6046e-07,0.050228,0.036151,0.00017477,0.011271,0.017623,0.021523,1.1055e-09,NaN,0.0054684,0.0076554
0.00031097,0.0077215,0.051185,0,0.035845,0.021497,0,0.00014606,0,0.0093554,6.4471e-05,0,0.0072458,0,0.038914,0.015438,0.0096379,0,0.012962,0.032678,7.8522e-05,0.087495,0.015012,0.0030787,0.021083,0.036746,0.0032539,0.033971,2.6417e-10,NaN,0.00054438,0,0.016997,0.013225,0,1.304e-05,0.012532,0.025054,0,NaN,0,0.0036482
0.00019443,0.00080362,0.053168,0,0.02506,0.019523,0,0,0,0,0,0,0.014869,0,0.0045963,0.00013581,7.3397e-06,0,2.7906e-06,0.041432,0,0.020214,0,0,0.008356,6.5724e-06,0,0.021215,0,NaN,1.0385e-06,0,0.0016061,0.0048411,0,2.7871e-08,0.0022197,0.01627,0,NaN,0,0.00088667
7.4503e-07,1.227e-05,0.014297,0,0.003433,0.0028005,0,0,0,0,0,0,0.0021932,0,0.0011063,0,0,0,0,0.0053009,0,0,0,0,0.0028025,0,0,0.0018957,0,NaN,0,0,7.3768e-05,9.0402e-05,0,0,0,0.0021011,0,NaN,0,0
0,0.0055802,0,0.014967,1.9239e-06,4.8925e-05,0.0014689,0,0,2.8325e-05,1.2663e-05,0.0039602,1.1359e-06,0,2.5398e-06,0.0012586,3.9175e-05,5.8594e-05,0.0008295,0.00013538,3.1934e-09,0,1.65e-06,0.00027882,1.3447e-09,0,8.548e-05,5.113e-06,0,NaN,0.0018533,0.0096159,5.7381e-06,0.00013907,7.7333e-06,0.00034169,0.002969,0.0047817,0.014197,NaN,0.00026393,1.8396e-05
0,0.008748,8.1463e-08,0.010114,7.9019e-05,0.00096169,0.030888,2.8573e-11,0,0.00026347,0.0002484,0.018026,1.1581e-05,0,1.4305e-05,0.023254,0.0012159,0.0029417,0.016269,0.0061419,1.2737e-07,0,5.833e-05,0.010818,1.7627e-07,0,0.0044318,7.4477e-05,1.1527e-10,NaN,0.012021,0.03971,0.00010178,0.0023266,7.3425e-05,0.0066897,0.012622,0.016288,0.040736,NaN,0.0059809,0.00012667
0,0.016754,1.1685e-06,0.0041389,0.00042772,0.012455,0.041367,3.0067e-09,0,0.0017643,0.0010876,0.036175,0.00049844,0,0.00013606,0.038665,0.0042975,0.016784,0.021984,0.017085,2.5245e-06,9.5573e-08,0.0002938,0.035163,2.8151e-05,1.0889e-09,0.028123,0.00088331,1.316e-09,NaN,0.045445,0.041233,0.0015216,0.019371,0.0021319,0.01679,0.03414,0.017962,0.03824,NaN,0.024482,0.0013478
0,0.050276,2.8256e-05,0.00056167,0.00087078,0.011688,0.02617,1.2859e-08,0,0.0033994,0.0044552,0.027494,0.0010884,0,0.00070972,0.032539,0.040301,0.039153,0.0019002,0.012145,3.0455e-05,7.0229e-06,0.0015435,0.023335,4.4904e-05,3.7994e-06,0.012601,0.0021526,2.0546e-08,NaN,0.013412,0.00050113,0.0030534,0.0087899,0.0026004,0.02323,0.011063,0.002654,0.011527,NaN,0.036414,0.0068795
0,0.0052459,9.4652e-05,4.1153e-05,0.0095831,0.014597,0.011473,8.9273e-08,2.4178e-09,0.010058,0.017895,0.00064634,0.01167,0,0.001593,0.0073042,0.029075,0.06239,0.0031454,0.0045748,0.00018455,3.3785e-05,0.013123,0.036575,0.00015052,0.00066423,0.0012699,0.015735,2.1178e-07,NaN,0.028482,0.00010101,0.015156,0.028975,0.0058054,0.038173,0.024174,0.0008086,0.0012341,NaN,0.035577,0.0084529
3.5045e-07,0.0085792,0.00036794,1.0696e-05,0.012312,0.011793,4.6244e-06,8.5653e-07,2.3436e-10,0.045482,0.012257,7.1443e-05,0.035501,1.7307e-11,0.016776,0.011284,0.030832,0.022637,0.020919,0.001603,0.00080826,0.00039898,0.040354,0.012336,0.00058032,0.00061636,0.00023876,0.027299,3.6499e-08,NaN,0.01659,2.342e-05,0.045849,0.0302,8.0367e-05,0.026272,0.0097797,0.0016036,2.3442e-05,NaN,0.020108,0.0017862
3.905e-06,0.0037223,0.0019235,1.2026e-06,0.025951,0.021803,2.8727e-08,1.4496e-06,0,0.041306,0.00010357,7.5494e-06,0.024329,0,0.025761,0.018237,0.021686,0.0083285,0.023701,0.0022665,7.0992e-08,0.0017249,0.024248,0.016614,0.0017314,0.036974,9.9311e-05,0.026746,0,NaN,0.0034976,7.0946e-07,0.034228,0.013854,0,0.02262,0.0030242,0.010481,6.1654e-09,NaN,0.0046229,0.00012678
7.3011e-07,5.14e-05,0.0035245,0,0.027546,0.020073,0,0,0,0.029956,0,7.3421e-07,0.032044,0,0.016704,0.0063088,0.0056646,0,0.017839,0.0054349,0,0.0029979,0.0010622,0.0085606,0.0024986,0.042778,0,0.024693,0,NaN,8.86e-06,0,0.032704,0.0059121,0,0.00049046,0.0005514,0.022511,0,NaN,1.8825e-05,0.00010589
0,0,0.012558,0,0.013752,0.010246,0,0,0,0.011854,0,3.1686e-10,0.0097588,0,0.011456,0,1.6831e-05,0,0.00017205,0.0086646,0,0.010495,0,8.8674e-06,3.376e-05,0,0,0.015281,0,NaN,0,0,0.0061357,0.00011706,0,8.545e-06,0,0.016154,0,NaN,0,0
0,0,0.00047481,0,0.0011062,0.00089266,0,0,0,0.00020577,0,0,0.0032568,0,0.00016637,0,0,0,0,0.0062058,0,0.0019419,0,0,0,0,0,0.002543,0,NaN,0,0,1.3533e-07,0,0,2.5886e-07,0,0.0040231,0,NaN,0,0
0,0.00099376,0,0.01641,1.1845e-06,5.6389e-05,0.0019616,0,0,3.0686e-05,1.2464e-05,0.0044725,1.0145e-06,0,3.8236e-06,0.0015207,4.3198e-05,5.4904e-05,0.00070948,8.9662e-05,3.4963e-09,0,1.7312e-06,0.00022942,0,0,8.5602e-05,5.4701e-06,0,NaN,0.0019254,0.01565,5.2655e-06,0.00015794,5.376e-06,0.0003309,0.0037788,0.0051589,0.015762,NaN,0.00028681,1.7738e-05
0,0.020706,3.3137e-09,0.018939,4.0243e-05,0.00067204,0.018702,1.7454e-11,0,0.00017305,0.00012682,0.020202,9.5078e-06,0,1.6168e-05,0.0092405,0.00056145,0.0022841,0.016106,0.0030053,6.0607e-08,0,2.3188e-05,0.01607,4.5658e-07,0,0.0019897,5.7992e-05,4.4926e-11,NaN,0.011053,0.041586,9.1243e-05,0.0020254,6.2034e-05,0.010579,0.012819,0.017652,0.040993,NaN,0.005832,8.5049e-05
0,0.014634,1.9547e-07,0.0066777,0.00015239,0.0033791,0.067332,2.0815e-10,0,0.00075084,0.00063177,0.033772,0.00010487,0,3.5123e-05,0.044816,0.0026873,0.0031009,0.021987,0.012072,5.5127e-07,2.4947e-10,0.00017858,0.012923,9.1067e-07,0,0.015457,0.00037843,3.3933e-10,NaN,0.03919,0.047068,0.00053755,0.0078715,0.00016998,0.014919,0.019664,0.015984,0.048185,NaN,0.017438,0.00038498
0,0.020735,3.0103e-06,0.0033695,0.00042865,0.015449,0.0091098,2.9935e-09,0,0.0028515,0.0010858,0.03944,0.00070531,0,0.00026683,0.029596,0.012012,0.035768,0.013685,0.012925,7.3543e-06,6.9094e-07,0.00038455,0.045681,6.465e-05,4.8842e-07,0.010579,0.0011354,1.4091e-09,NaN,0.024746,0.021035,0.001839,0.010057,0.0014756,0.017678,0.036018,0.010289,0.01821,NaN,0.03817,0.0062157
1.8101e-10,0.031505,3.5148e-05,0.00043663,0.00097563,0.0069457,0.015248,7.2595e-09,0,0.0034468,0.0040629,0.016935,0.0011432,0,0.00056221,0.014202,0.048914,0.031779,0.0014669,0.010121,4.7778e-05,6.6514e-06,0.0024701,0.015118,4.352e-05,1.3842e-05,0.00024751,0.0023424,3.2798e-09,NaN,0.0067372,0.0003737,0.0031507,0.0088578,0.00034974,0.02724,0.014935,0.0026322,0.0035738,NaN,0.035316,0.003354
4.2353e-09,0.0033972,8.736e-05,7.1537e-05,0.0071609,0.0041833,0.0024111,4.8801e-08,0,0.0083162,0.00061335,0.0008548,0.0072704,0,0.001367,0.0095576,0.013753,0.045954,0.003354,0.0063128,1.452e-06,1.5512e-05,0.0069737,0.021569,9.8009e-05,0.00078514,1.6811e-05,0.011497,0,NaN,0.0078785,4.7674e-05,0.010734,0.023824,0,0.020138,0.014987,0.0012891,7.6894e-05,NaN,0.028678,0.0077034
8.5851e-11,0.0004863,0.0001756,1.1472e-05,0.005578,0.0037436,3.2477e-06,0,0,0.026767,0,0.00013357,0.024958,0,0.005809,0.0069521,0.012532,0.018684,0.012353,0.0019786,0,0.00016105,0.0038199,0.0052659,5.9962e-05,0.0006623,0,0.015513,0,NaN,2.7619e-05,0,0.027067,0.0052067,0,0.017894,0.00047467,0.0013941,0,NaN,0.012624,0.00042632
0,0,0.00049813,1.9741e-06,0.0094221,0.00779,0,0,0,0.031847,0,2.2721e-05,0.01937,0,0.0070685,0.0006568,0.00015415,0.0074338,0.011217,7.5241e-05,0,7.0676e-05,0,0.00076531,2.046e-06,0.0040952,0,0.011237,0,NaN,0,0,0.016639,6.5689e-05,0,0.012263,0,0.0025712,0,NaN,0.0010518,0
0,0,3.9334e-06,0,0.00060709,0.0004968,0,0,0,0.017475,0,7.0021e-08,0.0036734,0,0.00031638,0,0,0.00051979,0.00011321,4.4853e-05,0,0.00024142,0,0,0,0.0039461,0,0.0013062,0,NaN,0,0,4.658e-11,0,0,0.00047835,0,0.00058814,0,NaN,0,0
0,0,0,0,0,0,0,0,0,0.0070554,0,0,0,0,0,0,0,0,0,0,0,0,0,0,0,0,0,0,0,NaN,0,0,0,0,0,5.4994e-07,0,0,0,NaN,0,0
0,0.0010419,0,0.020157,1.5155e-06,5.9704e-05,0.0022888,0,0,3.435e-05,1.2047e-05,0.0063376,1.5723e-06,0,1.2558e-06,0.0023473,6.3009e-05,5.894e-05,0.00088526,8.8417e-05,2.2405e-09,0,1.4798e-06,9.1764e-05,0,0,6.2183e-05,5.5816e-06,0,NaN,0.0027386,0.02128,4.8552e-06,0.00014323,7.6841e-06,0.00027475,0.0039087,0.0062254,0.016438,NaN,0.00028352,1.4372e-05
0,0.034784,8.6869e-10,0.03296,2.2442e-05,0.00053679,0.012471,4.7552e-12,0,0.00013133,8.7313e-05,0.020957,8.2224e-06,0,2.137e-05,0.0093313,0.00034085,0.00027543,0.0046658,0.0010054,3.3228e-08,0,9.0195e-06,0.009324,3.1225e-07,0,0.0010147,4.0628e-05,0,NaN,0.010361,0.041946,6.8045e-05,0.0016812,5.1734e-05,0.0044327,0.012945,0.01858,0.053102,NaN,0.0018199,6.4958e-05
0,0.013111,5.272e-08,0.0093405,7.1052e-05,0.0014655,0.036561,9.3207e-11,0,0.00029239,0.00021639,0.039036,1.7053e-05,0,1.8441e-05,0.023927,0.0019015,0.0048815,0.026606,0.004516,1.5287e-07,0,4.4826e-05,0.025422,5.483e-07,0,0.0029029,0.00010043,7.8272e-11,NaN,0.022276,0.037562,0.0001912,0.0023397,5.4397e-05,0.036285,0.010946,0.012623,0.043035,NaN,0.009102,7.0793e-05
0,0.010681,4.1239e-07,0.0093534,0.000121,0.0036967,0.065509,2.9329e-10,0,0.0010844,0.00054542,0.02793,0.00013926,0,4.2959e-05,0.040505,0.0042292,0.0031718,0.01641,0.0097712,5.9327e-07,1.0128e-08,0.00022622,0.012318,1.1429e-06,1.5058e-09,0.0033642,0.00037843,1.0933e-10,NaN,0.023001,0.044429,0.00054812,0.0070961,7.893e-05,0.016443,0.028018,0.018048,0.020291,NaN,0.019405,0.0024698
0,0.010499,1.2255e-06,0.0042481,0.00046161,0.0062737,0.017605,5.8634e-10,0,0.0022633,0.00065761,0.032803,0.00046987,0,0.00013317,0.018829,0.0083116,0.023326,0.017379,0.01382,2.8617e-06,1.5955e-08,0.00043842,0.02863,2.9665e-05,4.9775e-08,5.4317e-05,0.00082849,7.5753e-12,NaN,0.0066047,0.014996,0.0012043,0.014688,1.9006e-06,0.029971,0.031205,0.01919,0.0036659,NaN,0.035793,0.0075711
0,0.0073173,1.4712e-05,0.0022285,0.00075143,0.0011869,0.00058425,8.2085e-10,0,0.0026571,0,0.022917,0.00073141,0,0.0002978,0.012277,0.0051512,0.029216,0.0056503,0.010373,0,7.3211e-06,0.00050092,0.016754,1.5913e-05,1.7974e-06,4.282e-07,0.0014421,0,NaN,0.00048752,3.7607e-05,0.0017076,0.0043352,0,0.039987,0.012376,0.011539,3.401e-08,NaN,0.030273,0.00396
0,3.008e-06,3.5613e-05,0.00017475,0.00076422,0.0008512,2.083e-05,0,0,0.0032608,0,0.0050516,0.00098393,0,0.00032408,0.0030266,0.0011594,0.025208,0.0012477,0.00028843,0,2.8332e-06,7.3627e-06,0.0039161,8.8018e-07,0.00010209,0,0.001609,0,NaN,0,0,0.0029075,0.0007686,0,0.017428,0,0.0053856,0,NaN,0.026046,0
0,0,1.0395e-05,7.0576e-06,0.00033899,0.00039273,3.9107e-06,0,0,0.0064868,0,0.00035409,0.0017052,0,0.00018672,8.4733e-05,6.3972e-06,0.01528,0.00072224,1.7668e-06,0,2.2295e-06,0,0,0,0.00012245,0,0.0019284,0,NaN,0,0,3.3625e-05,0,0,0.013918,0,0.00056399,0,NaN,0.010739,0
0,0,0,0,0,0,0,0,0,0.0086118,0,3.676e-07,1.5499e-07,0,0,0,0,0.00021698,0,0,0,1.1607e-06,0,0,0,0,0,1.5782e-06,0,NaN,0,0,0,0,0,0.0031776,0,0,0,NaN,0.0016867,0
0,0,0,0,0,0,0,0,0,0.00074412,0,0,0,0,0,0,0,0,0,0,0,0,0,0,0,0,0,0,0,NaN,0,0,0,0,0,0,0,0,0,NaN,1.3683e-07,0
0,0.00042267,0,0.031803,1.6802e-06,6.3244e-05,0.0067996,0,0,5.1631e-05,1.2712e-05,0.015589,3.826e-06,0,1.5152e-06,0.01031,7.9758e-05,6.6088e-05,0.0015007,9.0652e-05,1.6554e-09,0,1.4857e-06,6.8023e-05,0,0,7.6073e-05,6.0839e-06,0,NaN,0.0075266,0.014017,6.2163e-06,0.00017453,8.912e-06,0.00043482,0.0058944,0.010236,0.019213,NaN,0.00036419,1.9043e-05
0,0.0072994,1.9234e-12,0.044211,1.2731e-05,0.00036277,0.0091498,0,0,0.00011227,6.4654e-05,0.022602,6.4537e-06,0,1.7172e-05,0.0060994,0.00025567,0.00017317,0.0017812,0.00043457,1.3795e-08,0,4.2351e-06,0.0022386,1.2487e-08,0,0.0006557,3.1862e-05,0,NaN,0.0091975,0.076828,4.8554e-05,0.0011968,4.1127e-05,0.0023463,0.014425,0.017502,0.061902,NaN,0.00050999,5.3172e-05
0,0.043454,1.0874e-09,0.038166,2.3221e-05,0.0010442,0.017781,1.4715e-11,0,0.00017436,8.9772e-05,0.037064,1.0845e-05,0,2.4607e-05,0.01839,0.00042123,0.00038122,0.0083132,0.0011846,3.0672e-08,0,7.9204e-06,0.013633,3.6398e-07,0,0.0010804,4.7117e-05,3.522e-12,NaN,0.019699,0.03743,9.3813e-05,0.0014487,4.6291e-05,0.003744,0.0088664,0.01367,0.048043,NaN,0.0026608,3.0239e-05
0,0.025792,2.8388e-08,0.023142,4.1236e-05,0.0012684,0.023979,5.277e-11,0,0.00029282,0.00012139,0.030794,1.7256e-05,0,1.4525e-05,0.020235,0.0013869,0.0036436,0.018273,0.0033932,1.0109e-07,0,3.2234e-05,0.020714,3.7283e-07,0,0.00030597,8.3552e-05,6.6387e-12,NaN,0.015434,0.034611,0.00013355,0.0017307,4.5094e-05,0.023923,0.012159,0.01699,0.023463,NaN,0.0096886,6.1229e-05
0,0.0055194,1.2695e-07,0.015447,9.2611e-05,0.00096005,0.02704,4.6754e-11,0,0.00044256,0.00010403,0.032377,1.7595e-05,0,1.6017e-05,0.015016,0.001914,0.0037262,0.021274,0.0093004,1.4598e-07,0,6.5307e-05,0.014152,6.4234e-07,0,4.4904e-06,0.00014592,0,NaN,0.010903,0.018841,0.00015182,0.0035499,0,0.010476,0.012786,0.021377,0.0025169,NaN,0.011637,0.00014649
0,0.001036,3.5156e-07,0.011945,0.00011923,0.00020299,0.0181,0,0,0.00089341,0,0.017759,9.1896e-05,0,2.2172e-05,0.0060097,0.00046465,0.0033292,0.022937,0.0041883,0,1.2249e-08,2.5334e-05,0.0047089,4.9778e-07,0,0,0.00027691,0,NaN,9.124e-05,2.84e-06,0.00024146,0.0011711,0,0.0076007,0.0066948,0.03403,0,NaN,0.020725,0.00019138
0,0,9.6543e-07,0.0021284,7.5835e-05,0.00016689,0.0075356,0,0,0.0012542,0,0.014817,0.00011101,0,2.654e-05,0.00073103,2.2178e-05,0.0098484,0.00062075,1.3048e-06,0,3.4719e-08,0,0.00018971,2.4875e-09,0,0,0.00031702,0,NaN,0,0,0.00021637,2.3047e-05,0,0.011229,0,0.02319,0,NaN,0.023715,0
0,0,0,2.6907e-05,2.0528e-07,1.0502e-06,0.00025803,0,0,0.0011022,0,0.0010309,4.5642e-05,0,4.2246e-07,8.4937e-06,0,0.0065266,5.3234e-09,4.2941e-09,0,5.6012e-09,0,0,0,0,0,3.5083e-05,0,NaN,0,0,0,0,0,0.0070803,0,0.00059246,0,NaN,0.012041,0
0,0,0,0,0,0,0,0,0,0.00066728,0,0,0,0,0,0,0,0,0,0,0,0,0,0,0,0,0,0,0,NaN,0,0,0,0,0,9.1034e-05,0,0,0,NaN,0.0015721,0
0,0,0,0,0,0,0,0,0,0,0,0,0,0,0,0,0,0,0,0,0,0,0,0,0,0,0,0,0,NaN,0,0,0,0,0,0,0,0,0,NaN,0,0
0,0.00099694,0,0.063548,8.6481e-06,0.0001313,0.038481,0,0,6.2627e-05,3.7131e-05,0.011606,3.2256e-06,0,4.2491e-07,0.0090888,0.0001026,0.00048305,0.0022632,0.00013587,1.1229e-09,0,1.6589e-06,0.00018191,0,0,0.00015654,1.9377e-05,0,NaN,0.0076161,0.019571,3.0197e-05,0.00025953,2.6521e-05,0.0044118,0.011941,0.012485,0.035906,NaN,0.0007409,0.0001204
0,0.003555,1.6784e-12,0.1056,2.049e-05,0.00048668,0.051692,0,0,0.00017202,8.3444e-05,0.065511,1.6701e-05,0,6.734e-06,0.032321,0.0003004,0.00062951,0.0048376,0.00045496,4.5027e-09,0,3.9148e-06,0.00085798,0,0,0.00070993,5.3301e-05,0,NaN,0.043029,0.069023,8.1561e-05,0.0011703,0.00011579,0.0054515,0.029122,0.031998,0.099239,NaN,0.00079765,8.2322e-05
0,0.0078786,2.2115e-10,0.08921,1.9826e-05,0.00080373,0.042934,0,0,0.00020064,7.3148e-05,0.067924,1.5027e-05,0,8.5087e-06,0.024485,0.00048676,0.00066882,0.0039422,0.00045973,6.8495e-09,0,4.8097e-06,0.0020881,0,0,0.0006995,5.2688e-05,0,NaN,0.036612,0.079026,8.2233e-05,0.0009683,0.00010996,0.0017302,0.017651,0.023824,0.073198,NaN,0.0013993,2.6542e-05
0,0.0084492,3.8967e-12,0.10946,1.8103e-05,0.00089782,0.038165,0,0,0.00022782,6.4026e-05,0.056293,1.43e-05,0,1.1923e-05,0.012081,0.00066483,0.00065668,0.0038045,0.00040702,2.3234e-08,0,8.0419e-06,0.0024885,4.199e-09,0,8.7379e-05,5.04e-05,0,NaN,0.018761,0.061778,7.0805e-05,0.0012841,4.6608e-05,0.0030852,0.020139,0.028914,0.032129,NaN,0.0015316,1.8336e-05
0,0.010195,0,0.12754,2.1776e-05,0.00046812,0.031509,0,0,0.00021068,2.3392e-05,0.050076,1.2736e-05,0,8.0054e-06,0.0031666,0.00046655,0.00067248,0.0057196,0.00057546,5.2411e-09,0,8.9165e-06,0.0026926,2.3434e-09,0,7.6318e-07,4.7189e-05,0,NaN,0.0070649,0.028031,6.0148e-05,0.001172,0,0.0036843,0.013543,0.036706,0.0045695,NaN,0.001267,6.4734e-05
0,0.00055564,0,0.091441,1.7539e-05,4.2162e-05,0.020267,0,0,0.00019338,0,0.032844,1.1964e-05,0,4.2944e-06,0.0007389,8.9803e-05,0.00032573,0.0057597,0.00017053,0,0,2.2511e-06,0.0013754,1.5723e-09,0,0,3.8206e-05,0,NaN,4.0933e-05,0,3.7635e-05,0.00014108,0,0.0020453,0.0029131,0.040451,0,NaN,0.0031783,1.4339e-05
0,0,1.4261e-09,0.024182,4.4491e-06,3.0318e-05,0.0061839,0,0,0.00019177,0,0.018704,8.3376e-06,0,1.8055e-06,0.00022805,1.9331e-06,0.0010741,0.00018149,0,0,0,0,1.6845e-05,0,0,0,3.3033e-05,0,NaN,0,0,2.0752e-05,2.0282e-09,0,0.00098846,0,0.028749,0,NaN,0.0045623,0
0,0,0,6.3372e-05,0,0,9.5493e-06,0,0,0.00016777,0,0.00026935,3.1454e-07,0,0,5.9827e-06,0,0.00038172,0,0,0,0,0,0,0,0,0,6.6704e-07,0,NaN,0,0,0,0,0,0.00049029,0,0.0002666,0,NaN,0.0025061,0
0,0,0,0,0,0,0,0,0,7.0347e-05,0,0,0,0,0,0,0,0,0,0,0,0,0,0,0,0,0,0,0,NaN,0,0,0,0,0,0,0,0,0,NaN,1.1685e-05,0
0,0,0,0,0,0,0,0,0,0,0,0,0,0,0,0,0,0,0,0,0,0,0,0,0,0,0,0,0,NaN,0,0,0,0,0,0,0,0,0,NaN,0,0
