0.026574,0.094403,0.011092,0.011153,0.015724,0.045753,0.018665,0,0,0.002513,0.0058195,0.023858,0.0081289,0.059771,0.055919,0,0.048999,0.0016137,0.0030135,0.011612,0,0.018619,0.0034145,0.0021027,0.032462,0.0071535,0.033644,0.027873,0.00064141,0.0013004,0.0095593,0.0088902,0.0069252,0,0.0034288,0.0033037,0.0020386,0.0038683,0.00060683,0.012309,0.0080102,0.17633,0.050722,6.4528e-05,0.032028
0,0,0.021574,0,0.0097759,0.0086066,0.012641,0,0,0.036796,2.5682e-05,6.7994e-05,0.0087684,0.051653,0.029885,0,0.046729,0.00016296,0.00061385,0,0,0,0,0.018892,0.0045703,0.03536,0.0046828,0.0088574,0,0,0,0.024114,0.0033557,0,0.0032702,0.036334,0,0.0081362,0.039226,0.0029005,0.0059015,0.012794,0.016035,0.0012502,0
0,0.01401,0.13449,0,0.00093019,0.028661,0,0,0,0.0019889,0,2.4434e-05,0.0055814,0.017,0.027601,0,0.018338,0.00068393,0,0,0,0,0,0,0,2.5442e-06,0,0.0018446,0,0,0.062575,0.015223,0,0,0.054228,0.10945,0.00040595,0.023504,0.022344,0.0085915,0.014408,0.0075088,0.017438,0.0010247,0
7.9639e-06,0,0.042109,0,0.01199,0.19384,1.5034e-05,1.7541e-05,9.3395e-07,0.049814,0,1.6501e-05,0.0236,0.018742,0.0092096,0,0.032484,0.0020072,8.4728e-05,0,0,0,4.5537e-05,0.013777,0,0.1083,0,0.0027851,0.12141,0.12854,0.074306,0.039396,7.7155e-05,0.066547,0.04626,0.030984,0.092764,0.055874,0.038779,0.009834,0.022459,0.062435,0.063713,0.0025667,0
0.13265,0.09688,0.02293,0.024497,0.011915,0.025062,0.00027536,0.00045816,0.00026074,0.00026511,0.10614,0.040584,0.01574,0.020039,0.029753,0,0.056385,0.020155,0.15989,0.24761,0.06416,0.24463,0.00050329,0.019862,0.28395,0.015803,0.16511,0.19191,0.048998,0.0087733,0.0001539,0.0095131,0.00094554,0.02338,0.033077,0.040774,0.02205,0.070563,0.029695,0.024324,0.035614,0.25286,0.015492,0.069848,0.23698
0.30496,0.42221,0.043141,0.056971,0.20907,0.16674,0.010847,0.014322,0.04053,0.1777,0.33908,0.054374,0.15599,0.066138,0.044613,0.28751,0.040624,0.055208,0.24774,0.26746,0.1216,0.14325,0.066752,0.11326,0.26512,0.0029662,0.24456,0.1885,0.062746,0.041524,0.094533,0.13838,0.12422,0.092834,0.049774,0.04921,0.094875,0.094236,0.04328,0.15669,0.078504,0.20705,0.021925,0.16273,0.22673
0,0,0.18348,0.22074,0.1503,0.38678,0.1038,0.092972,0.23033,0,0,0.15163,0.025799,0.05566,0.12199,0.15885,0.038054,0.15559,0.0023481,0.024009,0.09268,0.014666,0.13794,0.31874,0.040495,0.36687,0.060913,0.070635,0.015744,0.0638,0.43632,0.28516,0.36506,0.12249,0.22506,0.076044,0.028525,0.086888,0.09994,0.39376,0.14674,0.10202,0.35881,0.0088941,0.0060248
0,0.068397,0.29651,0.14953,0.18308,0.045978,0.32305,0.57057,0.36447,0.019307,0.0076499,0.11182,0.00091427,0.072966,0.13425,0.051805,0.03138,0.16343,0,0.011938,0.16677,0.021803,0.29591,0,0,0.21151,0.090894,0.076864,0,0,0.097862,0.13548,0.097822,0.18728,2.0197e-05,0.13138,0.025658,0.22185,0.11911,0,0.11292,0.016047,0.12008,0.098504,0.093121
0,0,0.10224,0,0.11535,0.01435,0.37697,0.07694,0.16185,0,0,0.1235,0.0057673,0.12749,0.024198,0.080848,0.027322,0.18116,0.019904,0.025933,0.185,0.047499,0.32458,0.28908,0.024783,0.085569,0.06806,0.054124,0.083639,0.058887,0.057626,0.02472,0.028882,0.026938,0.15262,0.060989,0.067926,0.052663,0,0.024641,0.09274,0.010187,0.051772,0,0.012836
0.5358,0.3041,0.14243,0.53711,0.29187,0.084227,0.15374,0.24472,0.20255,0.71162,0.54129,0.49413,0.74971,0.51054,0.52257,0.42098,0.65968,0.42,0.5664,0.41144,0.36979,0.50953,0.17085,0.22429,0.34863,0.16647,0.33214,0.37661,0.66683,0.69717,0.16706,0.31912,0.37272,0.48053,0.43226,0.46153,0.66576,0.38242,0.60702,0.36695,0.4827,0.15276,0.28402,0.65511,0.39228
0.97348,0.88673,0.6494,0.95585,0.76126,0.87499,0.63259,0.78306,0.69584,0.96569,0.94941,0.98228,0.99232,0.76757,0.81208,0.90253,0.94909,0.975,0.92946,0.94182,0.93162,0.96257,0.74072,0.95367,0.97019,0.693,0.9521,0.95427,0.99672,0.99011,0.80159,0.86728,0.79025,0.92167,0.82398,0.87878,0.99752,0.76855,0.82197,0.74059,0.854,0.74019,0.86761,0.89064,0.91437
0.023139,0.092175,0.23524,0.039554,0.16803,0.10495,0.25248,0.18245,0.20208,0.023305,0.044322,0.017275,0.00091103,0.11406,0.088651,0.074724,0.033613,0.020432,0.058016,0.045403,0.05506,0.030903,0.2253,0.042861,0.026715,0.17364,0.041744,0.038319,0.0031712,0.0093734,0.13514,0.1119,0.17354,0.065666,0.15392,0.11336,0.00044372,0.14919,0.03615,0.21114,0.11404,0.1807,0.12323,0.089976,0.059602
0.0026019,0.018169,0.077327,0.0040264,0.057498,0.018548,0.088282,0.031973,0.074675,0.0094599,0.005581,0.00044445,0.0035596,0.07626,0.091714,0.017476,0.01509,0.0040948,0.0082005,0.0098843,0.010953,0.0051126,0.032123,0.0017155,0.0026902,0.086244,0.0054868,0.0061682,0.00010532,0.00044528,0.047926,0.018853,0.032527,0.010602,0.02133,0.0076571,0.0015521,0.074875,0.10402,0.044848,0.027679,0.060528,0.0068806,0.0053948,0.018659
0.00074006,0.0028496,0.028634,0.0005558,0.012333,0.0014623,0.023296,0.0022191,0.022739,0.0014234,0.00066537,9.1917e-07,0.0022264,0.034288,0.0074336,0.004202,0.0021057,0.00045798,0.0029345,0.0024241,0.0021562,0.00095813,0.0017043,0.00058272,0.00038185,0.040434,0.00063739,0.0010798,4.1678e-06,3.816e-05,0.013977,0.0018764,0.003449,0.0017383,0.0006762,0.00017824,0.00044737,0.0071878,0.031809,0.0033634,0.0041643,0.015266,0.0020792,0.0093762,0.0058916
4.0566e-05,7.6081e-05,0.0058617,1.7234e-05,0.00075224,5.6934e-05,0.0030035,0.00029217,0.0041834,0.00012128,1.8189e-05,0,0.00098633,0.0073745,0.00012072,0.00094715,0.00010036,1.2675e-05,0.0013323,0.00047221,0.00020736,0.0001423,0.00015634,0.0011359,1.832e-05,0.0062982,3.1467e-05,0.00016397,0,2.8042e-05,0.0012263,8.6512e-05,0.00020449,0.00031823,4.1513e-05,2.3935e-05,3.7014e-05,0.00020148,0.0058244,5.1948e-05,0.00010366,0.002867,0.00017293,0.0020548,0.0012068
8.0266e-07,0,0.0032825,0,0.00011092,0,0.00029196,9.1857e-06,0.00045069,0,0,0,0,0.00032201,0,0.00011634,2.6657e-06,0,5.7331e-05,0,0,3.033e-05,0,2.5513e-05,0,0.00025724,0,0,0,0,0.00012555,0,3.5199e-05,6.5595e-06,0,0,0,2.6179e-06,0.00017716,0,9.342e-06,0.00043114,3.2969e-05,0.0008863,0.00024653
0,0,0.00025198,0,1.4889e-05,0,5.8565e-05,0,3.5429e-05,0,0,0,0,0.00013241,0,0,0,0,0,0,0,1.0418e-06,0,7.8286e-06,0,0.00012632,0,0,0,0,1.7871e-05,0,0,0,0,0,0,0,5.2251e-05,0,2.3535e-06,2.4511e-05,0,0.00030035,2.8631e-05
0,0,2.3348e-06,0,0,0,3.0027e-06,0,9.3395e-07,0,0,0,0,0,0,0,0,0,0,0,0,0.00027519,0,0,0,0,0,0,0,0,0,0,0,0,0,0,0,0,0,0,0,0,0,0.00010025,0
0,0,0,0,0,0,0,0,0,0,0,0,0,0,0,0,0,0,0,0,0,2.7648e-06,0,0,0,0,0,0,0,0,0,0,0,0,0,0,0,0,0,0,0,0,0,0.00032853,0
0,0,0,0,0,0,0,0,0,0,0,0,0,0,0,0,0,0,0,0,0,0,0,0,0,0,0,0,0,0,0,0,0,0,5.3569e-05,0,0,0,0,0,0,0,0,0.00093986,0
0.071972,0.14722,0.29464,0.11281,0.11822,0.14756,0.1475,0.15466,0.14231,0.099636,0.12313,0.12518,0.13624,0.16189,0.14667,0.082687,0.13123,0.13642,0.096008,0.16434,0.10895,0.13142,0.16454,0.1068,0.12247,0.15954,0.12444,0.11175,0.12174,0.10918,0.17075,0.13737,0.12887,0.088548,0.12168,0.14359,0.16577,0.13012,0.1527,0.16065,0.13033,0.090189,0.11177,0.10798,0.096016
0.082424,0.12391,0.27195,0.1355,0.13848,0.17991,0.15854,0.1633,0.17066,0.16003,0.07818,0.13817,0.14309,0.16691,0.13966,0.1406,0.12419,0.1399,0.0858,0.15979,0.098455,0.13167,0.16611,0.11667,0.1062,0.18073,0.10061,0.13258,0.10422,0.12703,0.17772,0.12577,0.15716,0.086799,0.12835,0.11906,0.12038,0.13063,0.13728,0.17548,0.12139,0.088768,0.11359,0.11337,0.10151
0.079057,0.16844,0.20008,0.11138,0.14449,0.14428,0.17174,0.12783,0.14977,0.11322,0.13338,0.10195,0.14106,0.19972,0.16042,0.12873,0.11289,0.12687,0.065153,0.11277,0.13288,0.10512,0.12702,0.11756,0.1537,0.17698,0.13502,0.11279,0.10879,0.10722,0.18684,0.12221,0.10584,0.081541,0.119,0.12823,0.14219,0.16574,0.14064,0.15032,0.1126,0.08019,0.1326,0.10606,0.10599
0.083245,0.11543,0.11333,0.11581,0.12916,0.13925,0.12206,0.1288,0.12948,0.10588,0.073307,0.12812,0.15843,0.11146,0.10038,0.1219,0.13303,0.13103,0.10367,0.19271,0.10373,0.15913,0.15282,0.12185,0.10044,0.19739,0.091268,0.10706,0.096638,0.1007,0.17358,0.12262,0.13444,0.11286,0.14424,0.13741,0.13166,0.17941,0.11771,0.18445,0.1076,0.11105,0.10833,0.09867,0.086368
0.080028,0.13278,0.060336,0.099123,0.11721,0.14578,0.12207,0.1411,0.14912,0.12103,0.093923,0.09743,0.10411,0.12514,0.10838,0.12143,0.10984,0.11218,0.068444,0.21718,0.10787,0.12452,0.11015,0.13026,0.13269,0.10978,0.112,0.12107,0.10223,0.10917,0.17048,0.11569,0.11904,0.10514,0.1313,0.13977,0.13496,0.14315,0.15027,0.17074,0.11451,0.11225,0.11193,0.096425,0.091835
0.11674,0.15407,0.032669,0.11894,0.14183,0.11777,0.11534,0.12237,0.10827,0.090976,0.075602,0.11059,0.10551,0.087358,0.12731,0.10267,0.10054,0.098942,0.091947,0.15173,0.086954,0.14895,0.11113,0.09851,0.15338,0.083142,0.10453,0.11945,0.099635,0.099722,0.059238,0.11318,0.12559,0.12049,0.10462,0.15921,0.14653,0.10714,0.14621,0.060871,0.12381,0.092728,0.12462,0.099569,0.10199
0.086895,0.10083,0.018172,0.11616,0.086758,0.053071,0.083456,0.076773,0.082752,0.091018,0.1266,0.092657,0.099905,0.075793,0.10985,0.16467,0.088317,0.089646,0.096282,0.0013714,0.12087,0.14587,0.086783,0.089301,0.22382,0.048596,0.11013,0.10798,0.09145,0.083695,0.038858,0.1279,0.11139,0.15946,0.13502,0.097365,0.099384,0.087338,0.11974,0.058681,0.096664,0.15006,0.10588,0.098563,0.12985
0.12142,0.037962,0.0070965,0.096498,0.064229,0.042212,0.048566,0.049713,0.042988,0.12351,0.045267,0.081133,0.090321,0.065947,0.089888,0.125,0.066176,0.083709,0.097073,0.00011683,0.10434,0.053255,0.045695,0.089584,0.0072867,0.024565,0.15285,0.12581,0.11015,0.11194,0.015015,0.082213,0.067635,0.10966,0.087746,0.071441,0.059126,0.030876,0.024378,0.023453,0.107,0.17874,0.1161,0.086704,0.085249
0.10322,0.016011,0.0015904,0.071426,0.045068,0.023397,0.024579,0.028756,0.017712,0.094701,0.12847,0.071994,0.021325,0.0043895,0.011046,0.012278,0.083768,0.042877,0.092599,0,0.080165,4.1653e-05,0.028378,0.081667,0,0.014166,0.066012,0.060387,0.081797,0.087269,0.0060759,0.03859,0.039065,0.10687,0.024894,0.0039236,0,0.01957,0.0087321,0.012629,0.076564,0.093042,0.05425,0.097564,0.11716
0.17499,0.003347,0.00014025,0.022357,0.014549,0.0067716,0.0061419,0.006699,0.0069326,0,0.12215,0.052768,0,0.0014026,0.0064059,2.8173e-05,0.050021,0.038428,0.20303,0,0.055797,1.4755e-05,0.0073892,0.0478,0,0.0051071,0.003141,0.0011057,0.083364,0.06407,0.0014534,0.014462,0.010956,0.02864,0.0031665,0,0,0.0060259,0.0023527,0.0027297,0.0095309,0.0029756,0.02094,0.095086,0.084039
0.41002,0.18793,0.12857,0.024233,0.11414,0.19657,0,0,0.048329,0.30407,0.012136,0.0197,0.078584,0.16111,0.053647,0.46167,0.073091,0.0003312,0.35591,0.054964,0.2106,0.03335,0.016976,0.065919,0.09691,0.12801,0.082531,0.063278,0.37522,0.4695,0.07352,0.0022392,0,0.088377,0.077754,0.16301,0.024684,0.33539,0.26926,0.0093987,0.37337,0.13524,0.12075,0.56424,0.1128
0.23426,0.38991,0.16382,0.06575,0.37997,0.14803,0.01538,0.35449,0.35272,0.075217,0.22535,0.12529,0.04085,0.2999,0.18934,0.20874,0.034797,0.00391,0.19911,0.1465,0.35789,0.11018,0.23136,0.069555,0.18439,0.080436,0.47446,0.55493,0.13938,0.07875,0.19572,0.14765,0.038879,0.20045,0.28508,0.053758,0.005426,0.14721,0.082153,0.016195,0.20552,0.34156,0.14533,0.12233,0.098963
0.21635,0.2351,0.43822,0.41805,0.43877,0.29296,0.776,0.59798,0.58411,0.27623,0.49871,0.31321,0.19266,0.33407,0.4598,0.26424,0.48748,0.26331,0.26487,0.20988,0.43151,0.33516,0.63799,0.26469,0.37542,0.2585,0.23508,0.23161,0.084116,0.090412,0.36004,0.50461,0.649,0.46353,0.53112,0.3482,0.50476,0.27479,0.25885,0.50883,0.1415,0.33717,0.35689,0.21735,0.23616
0.13577,0.18706,0.18586,0.45898,0.053894,0.27497,0.20862,0.047535,0.014844,0.18438,0.22465,0.5359,0.46498,0.15252,0.18014,0.040826,0.23633,0.6339,0.16174,0.21368,0,0.24195,0.058124,0.50403,0.20849,0.37781,0.14208,0.087749,0.28363,0.26419,0.23945,0.22469,0.29902,0.16124,0.072486,0.3652,0.24537,0.19883,0.25303,0.43615,0.12623,0.08041,0.34807,0.080324,0.26125
0.0035997,0,0.074873,0.032989,0.013221,0.087463,0,0,0,0.16011,0.03916,0.0058925,0.22283,0.047895,0.048022,0.024521,0.076267,0.098549,0.018369,0.27795,0,0.2023,0.055549,0.095807,0.12641,0.12725,0.03831,0.034013,0.086571,0.068924,0.10324,0.11642,0.013098,0.063349,0.033551,0.042647,0.18813,0.033273,0.13065,0.01767,0.13554,0.10045,0.028957,0.015117,0.20226
0,0,0.0086629,0,0,0,0,0,0,0,0,0,0.00010192,0.0045007,0.057422,0,0.092037,0,0,0.097016,0,0.071854,0,0,0.0083878,0.028,0.027544,0.028427,0.021327,0.028222,0.028023,0.0043914,0,0.02305,7.933e-06,0.022953,0.031624,0.010507,0.0060571,0.011756,0.017846,0.0051744,0,0.00063175,0.072908
0,0,0,0,0,0,0,0,0,0,0,0,0,0,0.011621,0,0,0,0,0,0,0.005207,0,0,0,0,0,0,0.009752,0,0,0,0,0,0,0.0042358,0,0,0,0,0,0,0,0,0.015651
0,0,0,0,0,0,0,0,0,0,0,0,0,0,0,0,0,0,0,0,0,0,0,0,0,0,0,0,0,0,0,0,0,0,0,0,0,0,0,0,0,0,0,0,0
0,0,0,0,0,0,0,0,0,0,0,0,0,0,0,0,0,0,0,0,0,0,0,0,0,0,0,0,0,0,0,0,0,0,0,0,0,0,0,0,0,0,0,0,0
0,0,0,0,0,0,0,0,0,0,0,0,0,0,0,0,0,0,0,0,0,0,0,0,0,0,0,0,0,0,0,0,0,0,0,0,0,0,0,0,0,0,0,0,0
0.11908,0.11298,0,0,0,0,0,0,0,0.096801,0.0019054,0,0,0.093472,0,0.20114,1.1937e-05,0,0.18443,0,0.18543,0,0,0,0,0,0,0,0.17397,0.26709,0,0,0,0,0,0,0,0.087712,0.11663,0,0.1281,0,0,0.45419,0
0.88092,0.88702,0.55849,0,1,0.042249,0,1,1,0.40904,0.16469,0.35536,0.071887,0.28087,0.22469,0.79886,0.13942,0,0.71474,0.051045,0.81457,0.11132,0.80004,0,0.85791,0,1,1,0.49134,0.33256,0.00092401,0,0,0.020027,0.13548,0.32855,0.0028847,0.74809,0.26945,0,0.69461,0.15668,0.0074598,0.41141,0
0,0,0.44148,1,0,0.95775,1,0,0,0.49416,0.8334,0.64464,0.92262,0.62566,0.77531,0,0.6228,0.99925,0.10082,0.94895,0,0.88868,0.19996,1,0.14209,1,0,0,0.33469,0.40035,0.99907,1,1,0.97997,0.86452,0.67145,0.99711,0.16419,0.61392,0.99969,0.17646,0.84332,0.99254,0.13334,1
0,0,3.0762e-05,0,0,0,0,0,0,0,0,0,0.0054977,0,0,0,0.23777,0.0007537,0,0,0,0,0,0,0,0,0,0,0,0,1.7374e-06,0,0,0,4.599e-06,0,0,2.3321e-06,0,0.00031174,0.00081941,0,0,0.0010588,0
0,0,0,0,0,0,0,0,0,0,0,0,0,0,0,0,0,0,0,0,0,0,0,0,0,0,0,0,0,0,0,0,0,0,0,0,0,0,0,0,0,0,0,0,0
0,0,0,0,0,0,0,0,0,0,0,0,0,0,0,0,0,0,0,0,0,0,0,0,0,0,0,0,0,0,0,0,0,0,0,0,0,0,0,0,0,0,0,0,0
0,0,0,0,0,0,0,0,0,0,0,0,0,0,0,0,0,0,0,0,0,0,0,0,0,0,0,0,0,0,0,0,0,0,0,0,0,0,0,0,0,0,0,0,0
0,0,0,0,0,0,0,0,0,0,0,0,0,0,0,0,0,0,0,0,0,0,0,0,0,0,0,0,0,0,0,0,0,0,0,0,0,0,0,0,0,0,0,0,0
0,0,0,0,0,0,0,0,0,0,0,0,0,0,0,0,0,0,0,0,0,0,0,0,0,0,0,0,0,0,0,0,0,0,0,0,0,0,0,0,0,0,0,0,0
0,0,0,0,0,0,0,0,0,0,0,0,0,0,0,0,0,0,0,0,0,0,0,0,0,0,0,0,0,0,0,0,0,0,0,0,0,0,0,0,0,0,0,0,0
0.27418,0.052385,0.064669,0.17762,0.12064,0.026433,0.014377,0.048424,0.015524,0.37619,0.053061,0.11005,0.075569,0.27799,0.4229,0.10067,0.4942,0.11336,0.083961,0.010626,0.040512,0.076584,0.030134,0.043376,0.058573,0.059441,0.19544,0.19877,0.362,0.42467,0.018023,0.11851,0.16723,0.1468,0.30927,0.24216,0.24862,0.14602,0.50194,0.016211,0.14816,0.22219,0.117,0.30511,0.057248
0.085928,0.038121,0.017051,0.068004,0.24506,0.051176,0.73232,0.10289,0.10844,0.06898,0.03,0.071386,0.11545,0.17839,0.18146,0.038742,0.18793,0.071182,0.067939,0,0.050243,0.040019,0.13241,0.035112,0.049848,0.15206,0.033358,0.060842,0.094699,0.14244,0.017419,0.043096,0.15635,0.090865,0.085966,0.11786,0.030874,0.023838,0.1099,8.8626e-05,0.063396,0.12422,0.15008,0.048833,0.034305
0.056514,0.024277,0.060369,0.11752,0.37476,0.074709,0.25331,0.46737,0.50053,0.049231,0.00012242,0.06871,0.056701,0.14811,0.19659,0.060543,0.11696,0.069923,0.037033,0.033777,0.060014,0.041475,0.62315,0.077568,0.017919,0.37143,0.14227,0.089731,0.073495,0.057602,0.036858,0.2275,0.20773,0.065108,0.21376,0.1734,0.036737,0.19591,0.21531,0.065725,0.12807,0.10181,0.1983,0.028273,0.061235
0.041341,0.094203,0.19012,0.063672,0.10768,0.12385,0,0.24901,0.26263,0.030634,0.0082202,0.095316,0.065631,0.053851,0.048177,0.040611,0.033401,0.014628,0.026315,0.019215,0.11816,0.06461,0.07445,0.058702,0.029143,0.094123,0.071033,0.093028,0.073902,0.040912,0.13082,0.086833,0.067717,0.058416,0.14423,0.10835,0.039237,0.022534,0.059437,0.23693,0.069599,0.095918,0.12898,0.0049038,0.18553
0.043494,0.22578,0.075278,0.11045,0.092478,0.15384,0,0.10679,0.076388,0.017499,0.064146,0.069549,0.042594,0.041278,0.013476,0.030226,0.029027,0.087039,0.020321,0.014221,0.09302,0.1058,0.1271,0.065652,0.022335,0.0604,0.029977,0.035608,0.036379,0.021249,0.19241,0.049162,0.031406,0.066211,0.037476,0.040377,0.014788,0.017868,0.056826,0.1054,0.080973,0.10873,0.051754,0.0073978,0.080842
0.028583,0.10697,0.017367,0.16041,0.034023,0.16458,0,0.019309,0.023885,0.04552,0.057429,0.055972,0.026114,0.035911,0.0062745,0.045226,0.022861,0.10176,0.034822,0.10529,0.077322,0.025194,0.0067452,0.071295,0.042023,0.08092,0.021984,0.0243,0.021088,0.018955,0.14309,0.053844,0.081042,0.044201,0.019253,0.021261,0.023271,0.018879,0.018688,0.047076,0.045874,0.040982,0.048839,0.0020587,0.045177
0.036261,0.062308,0.030866,0.27975,0.011326,0.11304,0,0,0.012334,0.022116,0.0041269,0.066908,0.017612,0.031859,0.012517,0.068337,0.011145,0.21078,0.0080305,0.12591,0.11009,0.056261,0.0060107,0.027517,0.056832,0.12025,0.0064714,0.027009,0.011107,0.02091,0.048576,0.03995,0.10731,0.021093,0.022373,0.023659,0.023984,0.0078923,0.0077043,0.075438,0.030728,0.06511,0.094093,0.014559,0.049182
0.030646,0.031957,0.012775,0.02258,0.0040766,0.047407,0,0.0062101,0.00015845,0.022645,0.00013793,0.12358,0.014605,0.016517,8.1568e-05,0.11271,0.025724,0.20546,0.027369,0.073373,0.29559,0.031494,0,0.028067,0.08012,0.0098036,0.011846,0.008787,0.034908,0.017319,0.059351,0.13325,0.12134,0.034161,0.0090102,0.038237,0.0082167,0.0074754,0.00066796,0.039204,0.050802,0.034662,0.12794,0.012023,0.051829
0.025848,0.043752,0.0063145,0,0.0048991,0.10874,0,0,0.00011224,0.050712,0.015888,0.23395,0.021934,0.025125,0.0062803,0.20274,0.018937,0.10433,0.050971,0.037047,0.10819,0.024279,0,0.029707,0.054025,0.03193,0.023817,0.026195,0.025078,0.018459,0.076374,0.14287,0.031169,0.045051,0.0096419,0.0036011,0.012493,0.0072248,0.0079661,0.010605,0.0091835,0.010938,0.063889,0.0039142,0.080618
0.37721,0.32025,0.52519,0,0.0050576,0.13622,0,0,0,0.31647,0.76687,0.10458,0.56379,0.19097,0.11225,0.30019,0.059821,0.02154,0.64324,0.58054,0.04685,0.53428,0,0.563,0.58918,0.019646,0.4638,0.43573,0.26734,0.23749,0.27708,0.10499,0.028708,0.4281,0.14902,0.23109,0.56177,0.55236,0.021559,0.40332,0.37321,0.19544,0.019116,0.57292,0.35403
0.4746,0.24745,0.12278,0.40753,0.26472,0.10568,0.0248,0.14589,0.13778,0.64189,0.16414,0.31103,0.24564,0.24387,0.6323,0.52267,0.7497,0.5913,0.50733,0.092026,0.15493,0.23735,0.22747,0.25093,0.14966,0.39306,0.28412,0.2965,0.36684,0.36832,0.26895,0.33139,0.3828,0.47692,0.32966,0.19808,0.47275,0.26904,0.63941,0.29227,0.30229,0.098638,0.18398,0.56256,0.2095
0.11031,0.070067,0.21253,0.40393,0.54422,0.19927,0.95122,0.60699,0.59554,0.10188,0.06113,0.22268,0.15616,0.23915,0.057303,0.10696,0.06051,0.16638,0.091705,0.079167,0.24148,0.12948,0.57221,0.23078,0.035908,0.18169,0.12802,0.13561,0.042069,0.04222,0.049149,0.21092,0.5452,0.12027,0.17184,0.11118,0.10412,0.12869,0.22673,0.17995,0.20296,0.08082,0.42342,0.21544,0.12948
0.047046,0.085476,0.024294,0.15415,0.09505,0.074874,0.023975,0.24712,0.26007,0.082218,0.017971,0.32682,0.13603,0.12284,0.17759,0.069061,0.013139,0.073613,0.053489,0.063599,0.26091,0.14999,0.20032,0.31168,0.020899,0.20681,0.18553,0.14329,0.061826,0.070529,0.092778,0.34363,0.06172,0.12836,0.13224,0.16629,0.091921,0.16525,0.042679,0.093951,0.12258,0.071514,0.26114,0.090734,0.25904
0.030154,0.13833,0.031556,0,0.011455,0.070161,0,0,0.0066085,0.040694,0.20312,0.10873,0.071202,0.057629,0.00018789,0.027143,0.0093675,0.047,0.026854,0.048213,0.2926,0.15478,0,0.041049,0.045318,0.041873,0.0878,0.1197,0.047371,0.041017,0.08888,0.034994,0,0.030182,0.088251,0.053325,0.08859,0.20652,0.0086442,0.071342,0.08789,0.17791,0.024943,0.024814,0.19927
0.046924,0.19399,0.038138,0,0.024817,0.14635,0,0,0,0.034711,0.38786,0.011995,0.04672,0.045606,3.4032e-05,0.06016,0.011025,0.033564,0.017205,0.14662,0.041046,0.11463,0,0.052527,0.072748,0.0043005,0.043737,0.03526,0.031353,0.060953,0.25971,0.012241,0.010281,0.042817,0.039953,0.049189,0.07327,0.032339,0.013793,0.11283,0.043786,0.19862,0.013439,0.014157,0.046449
0.026246,0.086841,0.052611,0,0.038111,0.077034,0,0,0,0.0015443,0.10243,0.0060925,0.032866,0.031166,0.0062358,0.034708,0.0038257,0.036173,0.023869,0.1673,0.0090265,0.034239,0,0.054625,0.066032,0.0056641,0.016132,0.018529,0.017802,0.039194,0.073152,0.010836,0,0.04021,0.04367,0.025101,0.032307,0.045076,0.013911,0.098094,0.047516,0.069171,0.0052842,0.016854,0.00031065
0.019428,0.026968,0.022696,0,0.0039735,0.053863,0,0,0,0.00045564,0.020786,4.0614e-06,0.028416,0.034429,0,0.04448,0.013952,0.014771,0.035835,0.11953,0,0.022642,0,0.0079892,0.11317,0.018357,0.016929,0.022586,0.027732,0.028246,0.061878,0.02887,0,0.041053,0.041916,0.038778,0.015904,0.011197,0.008529,0.050878,0.028394,0.054222,0.0094074,0.0072805,0.00091266
0.018795,0.019379,0.03475,0,0.0032349,0.05122,0,0,0,0.018572,0,0.0058268,0.019782,0.036306,0.00076829,0.073445,0.0051537,0.029758,0.02676,0.037823,0,0,0,0.0074145,0.10502,0.039649,0.0018601,0.0076019,0.012237,0.023192,0.018026,0.021601,0,0.0034772,0.012064,0.027121,0.0051848,0.028852,0.00038592,0.035371,0.0079084,0.010294,0.012471,0.010624,0.0004009
0.011423,0.0056762,0.014835,0,0.0043847,0.013934,0,0,0,0.0059084,0,1.85e-05,0.019367,0.02356,8.1568e-05,0.043053,0.023752,0.0043862,0.060826,0.022952,0,0,0,0.0052477,0.034086,0.032681,0.016176,0.0026801,0.026401,0.022007,0.025005,0.0020444,0,0.0096448,0.022992,0.013702,0.0083698,0.016501,0.0077456,0.0058963,0.010268,0.013682,0.018222,0.0051022,0
0.21507,0.12582,0.44581,0.034378,0.010041,0.20761,0,0,0,0.072127,0.042553,0.0067943,0.24382,0.16545,0.1255,0.018322,0.10957,0.0030577,0.15613,0.22277,0,0.15688,0,0.037761,0.35717,0.075915,0.2197,0.21824,0.36637,0.30432,0.062473,0.0034808,0,0.10707,0.11741,0.31723,0.10758,0.096532,0.038169,0.059409,0.1464,0.22512,0.0477,0.052433,0.15464
0.72948,1,0.93671,0.96647,0.99669,0.99974,0.99977,1,0.99996,0.34987,0.92078,0.99411,0.48301,0.69456,0.54333,0.97875,0.50542,0.97939,0.80546,0.78656,1,0.57872,1,0.83446,0.93415,0.95095,0.60571,0.62552,0.41904,0.49093,0.99996,0.95386,0.97472,0.61125,0.66372,0.56886,0.37767,0.7725,0.48276,0.93239,0.65255,0.97712,0.98012,0.82848,0.68461
0.27052,0,0.061213,0.033525,0.0033082,0.00026188,0.0002252,0,3.7901e-05,0.35029,0.079224,0.0058925,0.28897,0.1757,0.18632,0.021245,0.28442,0.020613,0.19454,0.21344,0,0.42128,0,0.16554,0.065849,0.049052,0.39429,0.37448,0.37129,0.31664,1.9927e-05,0.046136,0.025282,0.35602,0.27582,0.34107,0.56037,0.2275,0.26196,0.067607,0.33591,0.022876,0.019883,0.17116,0.31539
0,0,0.00097944,0,0,0,0,0,0,0.29985,0,0,0.22422,0.12974,0.26096,0,0.21016,0,0,0,0,0,0,0,0,0,0,0,0.20966,0.19242,7.9997e-06,0,0,0.032736,0.060452,0.090072,0.061956,0,0.2456,0,0.010212,0,0,0.0003404,0
0,0,0.00061796,0,0,0,0,0,0,0,0,0,0.0038027,0,0.0093899,0,0,0,0,0,0,0,0,0,0,0,0,0,0,0,7.2911e-06,0,0,0,0,0,0,0,0.0096811,0,0.0012806,0,0,1.7693e-05,0
0,0,0.00040488,0,0,0,0,0,0,0,0,0,0,0,0,0,0,0,0,0,0,0,0,0,0,0,0,0,0,0,0,0,0,0,0,0,0,0,0,0,4.6622e-05,0,0,0,0
0,0,7.3796e-05,0,0,0,0,0,0,0,0,0,0,0,0,0,0,0,0,0,0,0,0,0,0,0,0,0,0,0,3.1429e-06,0,0,0,0,0,0,0,0,0,0,0,0,0,0
0,0,0,0,0,0,0,0,0,0,0,0,0,0,0,0,0,0,0,0,0,0,0,0,0,0,0,0,0,0,0,0,0,0,0,0,0,0,0,0,0,0,0,0,0
0,0,0,0,0,0,0,0,0,0,0,0,0,0,0,0,0,0,0,0,0,0,0,0,0,0,0,0,0,0,0,0,0,0,0,0,0,0,0,0,0,0,0,0,0
0,0,0,0,0,0,0,0,0,0,0,0,0,0,0,0,0,0,0,0,0,0,0,0,0,0,0,0,0,0,0,0,0,0,0,0,0,0,0,0,0,0,0,0,0
0,0,0,0,0,0,0,0,0,0,0,0,0,0,0,0,0,0,0,0,0,0,0,0,0,0,0,0,0,0,0,0,0,0,0,0,0,0,0,0,0,0,0,0,0
0,0,0.0012078,0,0,0,0,0,0,0.29341,0,0,8.7893e-05,0,0.015884,0,0.0069313,0,0.00095385,0,0,0,0,0,0,0,0,0,0.27479,0.26091,1.7541e-05,0,0,0.070145,0.14344,0.17988,0.1579,0.0026023,0.15692,0,0.00087457,0,0,0.018748,0
0,0,0.065292,0,0,0,0,0,0,0.18242,0.0019107,0,0.24465,0.0043909,0.079523,0,0.019723,0,0.038303,0,0,0,0,0,0,0,0,0,0.18778,0.14256,2.4155e-05,0,0,0.24753,0.23404,0.19211,0.36076,0.011711,0.21704,0,0.0073095,0,0,0.016926,0
0,0,0.31728,0.015761,0,0,0,0,0,0.13682,0.08612,0,0.33611,0.094535,0.00062388,0.0048657,0.074568,0,0.22804,0.069844,0,0.26098,0,0.0067782,0.19581,0,0.14092,0.15899,0.079202,0.097003,1.2613e-05,0,0,0.23845,0.1042,0.2056,0.12793,0.027723,0.10294,0.086248,0.02066,0,0,0.14529,0.029248
0.34469,0,0.25696,0.4488,0,0,0,0,0,0.062149,0.66765,0,0.36443,0.13684,0.069426,0.012747,0.45931,0.0595,0.47945,0.62883,0,0.33346,0,0.3603,0.47626,0.0057237,0.40166,0.34724,0.059752,0.049179,2.7594e-05,0,0.078044,0.21525,0.10858,0.088799,0.091912,0.28019,0.098976,0.34826,0.20536,0.041836,0,0.23356,0.44656
0.239,0.036161,0.087789,0.51356,0,0.048987,0,0,0,0.042757,0.17912,0.13993,0.052612,0.35374,0.3667,0.28174,0.41771,0.44854,0.16615,0.16522,0,0.14207,0,0.25235,0.17643,0.37851,0.13814,0.1615,0.048312,0.037388,0.49207,0.38345,0.38772,0.20401,0.17587,0.096065,0.053176,0.37886,0.046982,0.18978,0.22746,0.28855,0.22787,0.059712,0.18723
0.1001,0.57476,0.029652,0.021815,0.0033082,0.7384,0,0,0,0.057694,0.038379,0.44769,0.0020571,0.28514,0.41713,0.3604,0.021755,0.29427,0.059054,0.12417,0.45652,0.093319,0,0.26816,0.12542,0.33767,0.05798,0.072181,0.042778,0.049974,0.28842,0.26249,0.31181,0.014381,0.10272,0.078489,0.08006,0.10305,0.072435,0.35329,0.17408,0.29077,0.22555,0.03755,0.16156
0.085233,0.27621,0.20606,6.3034e-05,0.40523,0.21262,0.84204,0.2868,0.15644,0.10738,0.026817,0.19045,5.3973e-05,0.032126,0.047573,0.16955,7.779e-07,0.19769,0.011151,0.011933,0.26319,0.093966,0.33858,0.11241,0.016116,0.2781,0.066245,0.072872,0.059032,0.051319,0.21768,0.2784,0.1863,0.010056,0.1254,0.12421,0.10287,0.051432,0.19819,0.022427,0.14449,0.30582,0.45148,0.069343,0.1754
0.058688,0.10171,0.03576,0,0.52052,0,0.15796,0.66925,0.82483,0.020568,0,0.22193,0,0.038481,0.0031423,0.10196,0,0,0.014991,0,0.15893,0.076205,0.66142,0,0.00997,0,0.12159,0.12554,0.062297,0.056083,0.0017438,0.075653,0.036122,0.00017745,0.0057452,0.034856,0.025398,0.04158,0.011897,0,0.095496,0.073026,0.095099,0.051222,0
0.10841,0.011159,0,0,0.070936,0,0,0.04395,0.018729,0,0,0,0,0.051765,0,0.028906,0,0,0.0019004,0,0.12137,0,0,0,0,0,0.073466,0.061683,0.052341,0.079398,0,0,0,0,0,0,0,0.085991,0.012165,0,0.02583,0,0,0.10701,0
0.063882,0,0,0,0,0,0,0,0,0.096798,0,0,0,0.0029795,0,0.039823,0,0,0,0,0,0,0,0,0,0,0,0,0.13371,0.17619,0,0,0,0,0,0,0,0.016862,0.082465,0,0.098444,0,0,0.26063,0
0.11816,0,0,0,0,0,0,0,0,0.096798,0,0,0,0.0029795,0,0.039823,0,0,0,0,0.039549,0,0,0,0,0,0,0,0.15408,0.22183,0,0,0,0,0,0,0,0.081889,0.094629,0,0.10238,0,0,0.34267,0
0.082673,0.030637,0,0,0.11227,0,0,0.26417,0.090748,0,0,0,0,0.082998,0,0.065361,0,0,0.0058502,0,0.099632,0,0.015835,0,0,0,0.11102,0.090375,0.04702,0.055879,0,0,0,0,0,0,0,0.061541,1.1443e-06,0,0.046708,0,0,0.04531,0
0.052644,0.21276,0.16093,0,0.70594,0.0022624,0.96108,0.72775,0.90925,0.072826,0.00073311,0.26312,0,0.03756,0.35032,0.11883,0,0,0.013378,0,0.20674,0.092043,0.78192,0.0023523,0.020776,0,0.10703,0.1247,0.061792,0.053199,0.021897,0.1732,0.13394,0.0019302,0.069575,0.08786,0.078783,0.032402,0.069955,0,0.10388,0.18634,0.2967,0.086716,0.062919
0.11696,0.26758,0.10277,0.00027249,0.18179,0.39243,0.038921,0.0080817,0,0.083351,0.041995,0.21199,0.00028019,0.39766,0.18361,0.2536,0.12306,0.28498,0.022211,0.084491,0.53403,0.11176,0.20224,0.20185,0.037657,0.42905,0.068988,0.08961,0.067526,0.056276,0.27979,0.25632,0.12708,0.013711,0.08464,0.086906,0.059009,0.081141,0.18832,0.16033,0.2401,0.32421,0.34514,0.033945,0.20011
0.21368,0.48902,0.046164,0.084946,0,0.60531,0,0,0,0.067652,0.044925,0.52489,0.013448,0.16357,0.19621,0.43848,0.4708,0.48804,0.076026,0.097228,0.12005,0.14957,0,0.29336,0.16197,0.54461,0.11158,0.12778,0.062611,0.050406,0.49606,0.5345,0.42369,0.064265,0.16023,0.097898,0.087383,0.29922,0.060104,0.29769,0.35479,0.30797,0.35358,0.045392,0.17797
0.41589,0,0.12366,0.85602,0,0,0,0,0,0.13045,0.67288,0,0.34593,0.131,0.13322,0.07387,0.18636,0.20445,0.49194,0.6915,0,0.5671,0,0.49173,0.49818,0.026338,0.59248,0.55783,0.078943,0.082124,0.20219,0.035968,0.31529,0.29771,0.14487,0.11398,0.12003,0.35232,0.17339,0.38045,0.14272,0.18147,0.0045791,0.1852,0.53453
0,0,0.4949,0.058762,0,0,0,0,0,0.32469,0.23366,0,0.64009,0.13836,0.040741,0.0066199,0.17778,0.022525,0.34365,0.12678,0,0.07953,0,0.010713,0.28142,0,0.0088969,0.0097067,0.20913,0.20532,4.0461e-05,0,0,0.32663,0.22011,0.32592,0.43755,0.073769,0.33162,0.16154,0.0074026,0,0,0.2232,0.024486
0,0,0.071575,0,0,0,0,0,0,0.21755,0.0058046,0,0.00011715,0.045877,0.014696,0.0034201,0.020863,0,0.045993,0,0,0,0,0,0,0,0,0,0.31889,0.25514,1.9927e-05,0,0,0.27778,0.32057,0.28165,0.20388,0.016398,0.081908,0,0.0016541,0,0,0.025674,0
0,0,0,0,0,0,0,0,0,0.0066771,0,0,5.8128e-05,0,0.081202,0,0.018074,0,0.00095385,0,0,0,0,0,0,0,0,0,0,0.01983,3.3351e-06,0,0,0.017966,0,0.0057903,0.013365,0.0013195,7.0765e-05,0,0.00037408,0,0,0.011897,0
0,0,0,0,0,0,0,0,0,0,0,0,6.9703e-05,0,0,0,0.0030613,0,0,0,0,0,0,0,0,0,0,0,0,0,0,0,0,0,0,0,0,0,0,0,0,0,0,0,0
0.041903,0.073286,0.045677,0.39699,0.094669,0.072663,0.15935,0.20035,0.17488,0.64687,0.21475,0.38752,0.74136,0.38997,0.60239,0.2455,0.75781,0.32706,0.2843,0.070666,0,0.23538,0.1584,0.28116,0.11922,0.18668,0.30665,0.33798,0.53099,0.70877,0.068864,0.24197,0.3273,0.29183,0.2936,0.26799,0.39278,0.26095,0.63908,0.10384,0.29257,0.15129,0.30567,0.51053,0.18609
0.12376,0.12808,0.17156,0.1704,0.17156,0.24223,0.36937,0.28913,0.25404,0.058453,0.13584,0.20512,0.010432,0.0097975,0,0.16701,0.0029736,0.24797,0.11754,0.15444,0.10617,0.16577,0.30221,0.33542,0.14115,0.19861,0.18013,0.14139,0.16694,0.031614,0.22226,0.22782,0.21324,0.14772,0.074085,0.1432,0.34175,0.16724,0.021798,0.11762,0.13039,0.1318,0.15438,0.07292,0.13763
0.19224,0.22491,0.46869,0.25834,0.21105,0.16514,0.31714,0.26656,0.31809,0.025089,0.18013,0.20486,5.8268e-05,0.026916,0.12774,0.23991,0,0.22091,0.12913,0.24484,0.23351,0.19578,0.31168,0.17656,0.19009,0.2319,0.275,0.21014,0.045985,0.0039766,0.20737,0.16971,0.23468,0.092489,0.057634,0.1041,0.031842,0.16724,0.082296,0.29373,0.19995,0.1259,0.20707,0.083708,0.31254
0.19319,0.10754,0.1602,0.10885,0.10873,0.18066,0.099761,0.11669,0.2186,0,0.26641,0.15163,0.0027257,0.022916,0.068169,0.17224,0,0.13825,0.23346,0.40433,0.16362,0.2548,0.090884,0.1287,0.28464,0.14993,0.15997,0.16176,0.053856,0.011093,0.17171,0.15915,0.18714,0.086417,0.28372,0.19682,0.022543,0.25777,0.088168,0.44808,0.25294,0.17988,0.14646,0.079286,0.2011
0.056105,0.10434,0.0018382,0.044021,0.03344,0.1048,0.0096954,0.01331,0.029913,0.023385,0.19661,0.039541,0.0046357,0.024204,0.034362,0.17114,0.047659,0.050698,0.1783,0.10665,0.072963,0.096892,0.0090521,0.060111,0.1812,0.00012615,0.072728,0.051418,0.10472,0.035732,0.040236,0.10427,0.02493,0.11511,0.13426,0.10011,0.028865,0.13475,0.0010818,0.023995,0.031841,0.4101,0.058155,0.12291,0.12724
0.043173,0.059603,0.0015176,0.0010227,0.0096935,0.013954,0.0018654,0.002237,0.00096699,0.036534,0.00040998,0.01133,1.2379e-05,0.01454,0.016302,0.0042122,0.025114,0.014345,0.049938,0.019072,0.04171,0.044099,0.0042846,0.018061,0.052598,0.0079903,3.3576e-05,0.023788,0.066961,0.12796,0.026578,0.0074386,0.0011139,0.044985,0.061955,0.046014,0.09697,0.00072198,0.0073331,0.000123,0.0052765,0.001021,0.014714,0.10208,0.031319
0.021636,0.084099,0.01204,0.00025857,0.032568,0.055063,0.0068429,0.029715,0.0034992,0.12544,0.0048581,0,0.00013336,0.084152,0.0084668,1.8153e-06,0.002484,0.00077411,0.007283,0,0.0089285,0.0024212,0.013311,0,0,0.080961,0,0.0058765,0.014737,0.047008,0.14594,0.040073,0.0013161,0.12344,0.074783,0.093496,0.065082,0.00085586,0.056376,0.0019226,0.054554,1.4307e-05,0.018816,0.011001,0.0031307
0.0044016,0.034688,0.1297,0.018594,0.057853,0.081013,0.0046697,0.075753,0,0.024107,0.00069836,0,3.8908e-05,0.12188,0.011512,5.6891e-06,0.0027831,1.1853e-06,4.8434e-05,0,0.01936,0.0048472,0.022733,0,0.031109,0.028004,0.0054898,0.04446,0.0082926,0.0076465,0.080296,0.031648,0.0019188,0.098013,0.012556,0.046646,0.0041083,0.00073193,0.052733,0.010101,0.027449,0,0.031953,0.017562,0
0.012672,0.094285,0.008766,0.001525,0.15574,0.047305,0.013447,0.0062497,0,0.01894,0.0002482,0,0.16445,0.065376,0.0076688,0,0.030555,0,0,0,0.13327,0,0.047421,0,0,0.11255,0,0.017251,0.0075242,0.0081942,0.034402,0.016329,0.0083621,0,0.0051202,0.0016124,0.015597,0.0081521,0.028499,0.0005976,0.0050258,0,0.014179,4.6307e-07,0.00094294
0.31092,0.089171,0,0,0.1247,0.037176,0.017858,0,0,0.041182,4.0587e-05,0,0.076162,0.24025,0.12339,0,0.13063,0,0,0,0.22046,0,0.040025,0,0,0.0032487,0,0.005931,0,0.017999,0.0023406,0.0015915,0,0,0.0022839,0,0.00047016,0.0015847,0.022639,0,0,0,0.048599,5.2118e-06,0
0.0043305,0.0039704,1.5247e-05,0.00085173,0.00033027,0.0041814,0.00018692,0.00020987,0.00044711,0.0018646,0.019089,0.0047366,1.4627e-05,0.0025388,0.00018203,0.024937,0.050282,0.0017378,0.0048303,0.03248,0.013331,0.012281,0.00028654,0.0028779,0.039832,9.0879e-05,0.0050975,0.0074518,0,0,0.00010212,0.0018146,0.00042343,0.010538,0.0005649,0.00070514,0.00098174,0.00021853,0.00010124,0.00021707,0.0011034,0.044921,0.0014752,0.00091136,0.02549
0.0031087,0.067678,0.0008362,0.0066889,0.0066472,0.036528,0.0016254,0.00076872,0.0056693,0.010927,0.021393,0.0048576,0.001434,0.0025884,0.0091145,0.034291,0.011827,0.0022937,0.024808,0.032207,0.020808,0.019634,0.0018261,0.014217,0.014623,0.00048624,0.015632,0.017689,2.1225e-06,1.1668e-05,0.0056682,0.015625,0.004108,0.021817,0.011179,0.0031409,0.0011137,0.0018854,0.0019472,0.0031488,0.0060048,0.068732,0.0038436,0.0039856,0.039496
0.0044877,0.066169,0.0074707,0.0058971,0.020325,0.078829,0.0084557,0.0089038,0.021753,0.0047276,0.016448,0.0057593,0.0023513,0.0014736,0.0144,0.023565,0.0022894,0.0069776,0.025778,0.012298,0.015669,0.013881,0.0066814,0.014119,0.0038527,0.0020795,0.01437,0.008325,0.0076277,0.0012763,0.10283,0.043717,0.0088204,0.019118,0.063797,0.054264,0.00031032,0.01104,0.0086615,0.086609,0.027127,0.054601,0.010908,0.0019988,0.032315
0.0098441,0.045066,0.063682,0.006683,0.028971,0.13356,0.024,0.03598,0.056494,0.0025994,0.012329,0.0046448,0.0015109,0.012257,0.021002,0.026162,0.0015087,0.016701,0.024769,0.007699,0.0096824,0.0028479,0.01473,0.01624,0.0074821,0.058473,0.0053025,0.0044969,0.0034928,0.0048144,0.11253,0.058284,0.031796,0.015882,0.052436,0.044783,0.00011902,0.036438,0.015609,0.19072,0.026112,0.051156,0.032391,0.0035735,0.015497
0.0054265,0.031165,0.19609,0.023533,0.067897,0.10006,0.053309,0.079035,0.067738,0.0016455,0.0062997,0.0046574,0.00048536,0.031913,0.045441,0.03241,0.00083932,0.019538,0.0091189,0.0048525,0.010469,0.0035439,0.051006,0.013511,0.0003592,0.1231,0.005003,0.010104,0.001007,0.0015427,0.074693,0.031957,0.03991,0.021518,0.029188,0.014707,4.8542e-05,0.088609,0.051652,0.060629,0.037781,0.033883,0.074083,0.0028357,0.016234
0.008937,0.025245,0.090572,0.012207,0.085895,0.12158,0.073619,0.09673,0.13273,0.0026083,0.012558,0.0011452,0.00030732,0.033564,0.060235,0.026502,0.0014476,0.020894,0.050764,0.0001581,0.018714,0.0064945,0.092823,0.022059,0.015307,0.075031,0.0091204,0.0050782,0.00015785,0.0012181,0.030541,0.039559,0.048143,0.044978,0.03016,0.015441,8.3397e-06,0.022647,0.022861,0.029852,0.019337,0.047671,0.058313,0.0087304,0.014045
0.0045925,0.034071,0.037015,0.019762,0.066879,0.10428,0.16979,0.11215,0.13423,0.0013689,0.010856,0.0057684,0.00041224,0.064558,0.027812,0.027707,0.00033649,0.069065,0.030556,0.017857,0.012637,0.0022607,0.15961,0.050756,0.0047965,0.057074,0.0090007,0.0056366,0.001255,0.00041347,0.05433,0.037599,0.077908,0.19376,0.018551,0.011239,0,0.052924,0.028172,0.041791,0.014734,0.034117,0.058012,0.01499,0.013512
0.0087541,0.082779,0.078995,0.040593,0.092825,0.15611,0.15925,0.099686,0.14725,0.0022115,0.021238,0.019988,0.00092608,0.082813,0.029921,0.07001,0.0038384,0.066444,0.031567,0.014311,0.030261,0.0045845,0.19118,0.11195,0.023456,0.070116,0.0050152,0.0084189,0.00084159,0.0011455,0.088088,0.035256,0.094857,0.18722,0.015693,0.016553,0,0.066115,0.016859,0.04505,0.015204,0.093177,0.067169,0.043413,0.023652
0.088304,0.16879,0.17337,0.16677,0.15385,0.13377,0.15921,0.13473,0.11674,0.007924,0.15239,0.10231,0.0072655,0.093367,0.047033,0.18869,0.012756,0.1871,0.16213,0.10157,0.15556,0.047675,0.25066,0.10583,0.057398,0.071595,0.064075,0.063774,0.00089238,0.0067643,0.17692,0.11958,0.12327,0.14973,0.03607,0.055705,0.00030302,0.1189,0.023551,0.11415,0.054742,0.15326,0.096338,0.13027,0.066012
0.86221,0.47507,0.35195,0.71701,0.47638,0.13111,0.35055,0.43181,0.31695,0.96412,0.7274,0.84614,0.98529,0.67493,0.74486,0.54572,0.91487,0.60925,0.63568,0.77657,0.71287,0.8868,0.2312,0.64845,0.83289,0.54196,0.86738,0.86903,0.98472,0.98281,0.35431,0.61661,0.57077,0.33544,0.74236,0.78346,0.99711,0.60122,0.83059,0.42784,0.79785,0.41848,0.59747,0.78929,0.75375
0.0026598,0,0.008811,0,0,0.011578,0,0,0,0,0,0,0.0010603,0.026479,0.0028447,0,0.0015174,0,0.00095385,0,0,0.013151,0.0019186,0,0.022432,0,0.0071905,0,0.00064141,0.0013004,0,0,0,0,0,0.0025537,0.0020386,0.0015516,0,0.0074256,0.0056025,0,0,5.1328e-06,0.014647
0.0039723,0,0,0,0,0,0,0,0,0,0,0,0.00012744,0.0015752,0.044133,0,0.00543,0,0,0,0,0.0054677,0,0,0.0065893,0,0,0.0021954,0,0,0,0,0,0,0,0,0,0,0,0,0.00034827,0,0,3.7651e-05,0
0.011368,0,0,0,0,0,0,0,0,0,0,0,7.7929e-06,0.015276,0.0089412,0,0.00045358,0,0,0,0,0,0,0,0.0034405,0,0.0018371,0.0024954,0,0,0,0,0,0,0,0,0,0.00045869,0,0,0,0,0,0,0
0.0017486,0,0,0.0011141,0,0.004262,0,0,0,0,0,0.012044,0.0012302,0,0,0,0.0024184,0.0012773,0.0018382,0,0,0,0,0,0,0,0.022492,0,0,0,0,0,0,0,0,0,0,0.0018435,0,0,0.0013342,0,0,0,0
0.0062902,0,0,0.010038,0.014246,0,0,0,0,0,0,0.0065765,0,0,0,0,0.00071885,6.1148e-05,7.6167e-05,0,0,0,0,0,0,0.0069617,0,0,0,0,0,0,0.0057277,0,0,0.00075001,0,7.1977e-06,2.1657e-06,0.00093581,0,0,0,0,0
0.00053481,0,0,0,0.00077366,0.017857,0,0,0,0,0,0.0052022,0,0.0013833,0,0,0.00053733,0.00025297,0,0,0,0,0,0,0,0.00019177,0,0,0,0,0,0,0,0,0,0,0,0,0,0.0015188,0,0,0.0037075,0,0
0,0.0652,0,0,0,0.0044681,0,0,0,0,0,0,0,0,0,0,0,2.2343e-05,0,0,0,0,0,0.0021027,0,0,0.0021243,0,0,0,0,0,0,0,0,0,0,0,0,0,0,0,0.0098428,0,0
0,0.022825,0,0,0,0,0,0,0,0,0,0,0.0034896,0,0,0,0.0013444,0,0.00014524,0,0,0,0,0,0,0,0,0.023182,0,0,0,0,0,0,0,0,0,0,0,0,0,0.15045,0.011106,0,0
0,0.0038547,0,0,0,0.0075877,0,0,0,0,0,0,0,0,0,0,0,0,0,0.0040972,0,0,0,0,0,0,0,0,0,0,0,0,0,0,0,0,0,0,0,0,0,0.0074272,0,0,0
0,0.0025229,0.0022813,0,0.00070431,0,0.018665,0,0,0.002513,0.0058195,3.4898e-05,0.0022136,0.015058,0,0,0.036579,0,0,0.0075145,0,0,0.0014959,0,0,0,0,0,0,0,0.0095593,0.0088902,0.0011974,0,0.0034288,0,0,7.3444e-06,0.00060466,0.0024288,0.00072527,0.018451,0.026066,2.1744e-05,0.017381
0,0,0.018929,0,0,0.0067193,0,0,0,0,0,0,0,0.005331,0.017269,0,0.015727,0,0.0005042,0,0,0,0,0.016865,0,0.0069105,0.0046828,0.0088574,0,0,0,0,0,0,0,0,0,0.0081362,0,0.0029005,0.0034923,0,0.0023885,0,0
0,0,0,0,0,0,0,0,0,0,0,0,1.219e-05,0.0074735,0,0,0.0035874,0,0,0,0,0,0,0,0,0.0158,0,0,0,0,0,0,0,0,0,0,0,0,0,0,0.00012975,0,0.0021998,0,0
0,0,0,0,0,0,0,0,0,0,0,0,0,0,0,0,0.00092326,0,0,0,0,0,0,0,0.0045703,0.0086255,0,0,0,0,0,0,0,0,0,0,0,0,0,0,3.1474e-05,0,0.0044434,0,0
0,0,0,0,0,0.0018873,0,0,0,0,2.5682e-05,1.4638e-05,0,0,0,0,0.00061579,2.0083e-05,0,0,0,0,0,0,0,0.0040235,0,0,0,0,0,0,0,0,0,0.016896,0,0,0,0,0.00037208,0,0,0,0
0,0,0.0026449,0,0,0,0,0,0,0,0,5.1116e-05,0,0,0,0,0,0.00014043,0,0,0,0,0,0,0,0,0,0,0,0,0,0.0034507,0.0033557,0,0.0032694,0.019438,0,0,0,0,0.00048888,0,0,0,0
0,0,0,0,0.0060051,0,0.012641,0,0,0,0,2.2402e-06,0,0.030014,0,0,0,1.1721e-06,0,0,0,0,0,0.0020265,0,0,0,0,0,0,0,0.020663,0,0,0,0,0,0,0,0,0,0,0.00068505,0,0
0,0,0,0,0.0037709,0,0,0,0,0,0,0,0,0,0,0,0,1.2742e-06,0.00010965,0,0,0,0,0,0,0,0,0,0,0,0,0,0,0,0,0,0,0,0,0,0,0.010706,0.0046158,0,0
0,0,0,0,0,0,0,0,0,0,0,0,0,0,0,0,0,0,0,0,0,0,0,0,0,0,0,0,0,0,0,0,0,0,0,0,0,0,0,0,0,0.0020885,0.00060381,0,0
0,0,0,0,0,0,0,0,0,0,0,0,0,0,0,0,0,0,0,0,0,0,0,0,0,0,0,0,0,0,0,0,0,0,0,0,0,0,0,0,0,0,0,0,0
0,0,0,0,0,0,0,0,0,0.036796,0,0,0.0087562,0.0088351,0.012616,0,0.025876,0,0,0,0,0,0,0,0,0,0,0,0,0,0,0,0,0,7.8657e-07,0,0,0,0.039226,0,0.0013871,0,0.0010989,0.0012502,0
0,0,0.015121,0,0,0.02642,0,0,0,2.5048e-06,0,0,0.00042756,0.0017013,0,0,0,0,0,0,0,0,0,0,0,0,0,0.0018446,0,0,0,0,0,0,0,0.0027011,0,0.020525,0,0,0.00087767,0,0,0,0
0,0,0,0,0,0.0022411,0,0,0,0,0,0,0.0001356,0,0,0,0.0060396,0,0,0,0,0,0,0,0,0,0,0,0,0,0,0,0,0,0,0,0,0.0021187,0,0,7.9203e-05,0,0.011279,0,0
0,0.01401,0.0070515,0,0,0,0,0,0,0,0,0,0,0,0,0,0,9.637e-05,0,0,0,0,0,0,0,0,0,0,0,0,0.046006,0,0,0,0,0,0,0,0,0,0.00013633,0.0060425,0,0,0
0,0,0.026291,0,0,0,0,0,0,0,0,2.4434e-05,0,0,0,0,0,0.0005345,0,0,0,0,0,0,0,0,0,0,0,0,0.016569,0,0,0,0.015246,0.0040815,0,0.00071406,0,0,0.0017525,0.0014663,0,0,0
0,0,0.00021711,0,0,0,0,0,0,0,0,0,0,0.0052499,0,0,0,5.3066e-05,0,0,0,0,0,0,0,0,0,0,0,0,0,0.015223,0,0,0,0,0,0,0.00035964,0,0.0028756,0,0.0032903,0,0
0,0,0,0,0.00093019,0,0,0,0,0,0,0,0,0.0034353,0,0,0,0,0,0,0,0,0,0,0,0,0,0,0,0,0,0,0,0,0,0,0,0,0,0,4.1118e-05,0,0.0028689,0,0
0,0,0,0,0,0,0,0,0,0,0,0,0,0,0,0,0,0,0,0,0,0,0,0,0,0,0,0,0,0,0,0,0,0,0,0,0,0,0,0,0,0,0,0,0
0,0,0,0,0,0,0,0,0,0,0,0,0,0,0,0,0,0,0,0,0,0,0,0,0,0,0,0,0,0,0,0,0,0,0,0,0,0,0,0,0,0,0,0,0
0,0,0,0,0,0,0,0,0,0,0,0,0,0,0,0,0,0,0,0,0,0,0,0,0,0,0,0,0,0,0,0,0,0,0,0,0,0,0,0,0,0,0,0,0
0,0,0.085814,0,0,0,0,0,0,0.0019864,0,0,0.0050183,0.0066133,0.027601,0,0.012299,0,0,0,0,0,0,0,0,2.5442e-06,0,0,0,0,0,0,0,0,0.038982,0.10267,0.00040595,0.00014622,0.021984,0.0085915,0.0086456,0,0,0.0010247,0
0,0,0.0064662,0,0.011825,0.10293,0,0,0,0,0,0,0,0,0,0,0,0,0,0,0,0,0,0,0,0.048679,0,0.0027851,0,0,1.1024e-05,0,0,0,0,0,0,0.021951,0,0,0.00069387,0.0052322,0,0,0
0,0,0.021732,0,0,0.075257,0,0,0,0,0,0,0,0.0020319,0,0,0.015369,4.4555e-06,0,0,0,0,0,0.0021965,0,0,0,0,0,0,0,0,0,0,0,0,0,0.016891,0,0.0029808,6.2197e-05,0,0,0,0
0,0,0.0046201,0,0,0.01566,0,0,0,0,0,9.8852e-06,7.1705e-05,0.0035828,0,0,0,0.00036848,7.2053e-05,0,0,0,0,0,0,0,0,0,0,0,0.074285,0,0,0,0,0,0.022704,0,0,0.0010016,0,0.044923,0,0,0
0,0,0.00016105,0,0,0,0,0,0,0,0,6.6161e-06,0,0,0,0,0,0.001126,0,0,0,0,0,0.011456,0,0,0,0,0,0,0,0.039396,0,0,0.0053316,0.027235,0,0.00095799,0,0,0.006562,0.0032126,0,0,0
0,0,0,0,0,0,0,0,0,0,0,0,0,2.4553e-06,0,0,0,0,0,0,0,0,0,0,0,0.059289,0,0,0,0,0,0,0,0,0,0,0,0,0,0,0.0012953,0,0.063713,0,0
0,0,0,0,0,0,0,0,0,0,0,0,0,0.00019345,0,0,0,0,0,0,0,0,0,0,0,0,0,0,0,0,0,0,0,0,0,0,0,0,0,0,0,0,0,0,0
0,0,0,0,0,0,0,0,0,0,0,0,0,0,0,0,0,0,0,0,0,0,0,0,0,0,0,0,0,0,0,0,0,0,0,0,0,0,0,0,0,0,0,0,0
0,0,0,0,0,0,0,0,0,0,0,0,0,0,0,0,0,0,0,0,0,0,0,0,0,0,0,0,0,0,0,0,0,0,0,0,0,0,0,0,0,0,0,0,0
0,0,0,0,0,0,0,0,0,0,0,0,0,0,0,0,0,0,0,0,0,0,0,0,0,0,0,0,0,0,0,0,0,0,0,0,0,0,0,0,0,0,0,0,0
7.9639e-06,0,0.0091295,0,0.00016499,0,1.5034e-05,1.7541e-05,9.3395e-07,0.049814,0,0,0.023528,0.012931,0.0092096,0,0.017115,0.00050827,1.2675e-05,0,0,0,4.5537e-05,0.0001244,0,0.00033214,0,0,0.12141,0.12854,1.019e-05,0,7.7155e-05,0.066547,0.040928,0.0037494,0.07006,0.016073,0.038779,0.0058516,0.013846,0.0090665,0,0.0025667,0
0,0,0.0096704,0,0.011006,0.0020977,0,0,0,0,0,0.011803,0,0,0,0,0.0013183,0,0,0,0,0,0,0,0,0.015203,0.056547,0.0748,0,0,6.18e-06,0,0,0,0,0,0,0.012449,0,0,0.00037962,0.046699,0,0,0
0.0040579,0.052015,0,0,0,0.0061167,0,0,0,0.00016283,0,0.0066505,0,0.0062074,0,0,0.012836,0,0,0,0,0,0,0.00019312,0,0,0.0045824,0,0,0,0,0,0,0,0,0,0,0,0,0,1.0399e-06,0.010925,0,0,0
0.048719,0.044729,0,0,0,0.015118,0,0,0,0,0,5.1389e-06,1.7987e-05,0,0,0,0,0.00013208,0.015093,0,0,0,0,0,0,0,0,0,0,0,7.7138e-06,0,0,0,0,0,0,0.016097,0,0,0.0026988,0.15111,0,0,0.041442
0,0,0,0.023225,0,0,0,0,0,0,0,0,0,0,0,0,0,0.00055209,0,0,0,0,0,0.0035156,0,0,0.10397,0.11711,0,0,0,0.007999,0,0,2.055e-05,0.013735,0,0,0,0,0.00022554,6.2641e-06,0,0,0
0,0,0,0,0,0,0,0,0,0,0,0,0,5.9466e-07,0,0,0,0,0,0,0,0,0,0,0,0,0,0,0,0.0087294,0,0,0,0,0,0,0,0,0,0,0.0011646,0,0.0018047,0,0
0,0,0,0,0,0,0,0,0,0,0,0,0,3.9263e-06,0,0,0,0,0,0,0,0,0,0,0,0,0,0,0,0,0,0,0,0,0,0,0,0,0,0,0,0,0,0,0
0,0,0,0,0,0,0,0,0,0,0,0,0,0,0,0,0,0,0,0,0,0,0,0,0,0,0,0,0,0,0,0,0,0,0,0,0,0,0,0,0,0,0,0,0
0,0,0,0,0,0,0,0,0,0,0,0,0,0,0,0,0,0,0,0,0,0,0,0,0,0,0,0,0,0,0,0,0,0,0,0,0,0,0,0,0,0,0,0,0
0,0,0,0,0,0,0,0,0,0,0,0,0,0,0,0,0,0,0,0,0,0,0,0,0,0,0,0,0,0,0,0,0,0,0,0,0,0,0,0,0,0,0,0,0
0.079877,0.00013644,0.013259,0.0012724,0.00090841,0.001729,0.00027536,0.00045816,0.00026074,0.00010228,0.10614,0.022125,0.015722,0.013827,0.029753,0,0.042231,0.019471,0.1448,0.24761,0.06416,0.24463,0.00050329,0.016154,0.28395,0.00060086,9.1395e-06,0,0.048998,4.3861e-05,0.00014,0.0015141,0.00094554,0.02338,0.033057,0.02704,0.02205,0.042016,0.029695,0.024324,0.031144,0.044124,0.013687,0.069848,0.19553
0.037559,0,0.023473,0,0.016618,0.044616,0,0,0,0.0051974,0,0,0.0080691,0.0033473,0,0,0.00071369,0,0.0021726,0.02096,0,0.079412,0.034762,0,0.10269,0,0.0097824,0.015761,0.054893,0.010646,0,0,0,0,0,0.0018465,0,0.0054513,0,0,0.003308,0.038816,0,0,0.022819
0.051038,0,0,0,0.020813,0,0,0,0,0.00045937,0,0,0,0.01583,0,0,0.011392,1.3085e-06,0.00075615,0.16889,0,0.039236,0,0,0.16218,0,0,0,0.0078531,0.017893,0,0,0,0,0,0.0059595,0,0,0,0,0.0093527,0.027891,0,0,0
0.043014,0,0,0,0.011572,0.00011479,0,0,0,0,0,0,0,0.0027971,0,0,0,3.4838e-06,0.0025499,0,0,0,0,0,0,0,0,0,0,0,0,0,0,0,0,0,0,0.0089167,0,0,0.00010393,0.051512,0,0,0.061264
0.0056795,0,0,0,0.021473,0,0,0,0,0,0,0,0,0.021507,0,0,0,0.00051661,0,0,0,0,0,0.00014088,0,0,0,0,0,0,9.621e-06,0,0,0,0,4.9066e-05,0,0,0,0,0.00034109,0,4.9528e-06,0,0
0,0,0,0,0,0,0,0,0,0,0,0,0,0.0039849,0,0,0,0,0,0,0,0,0,0,0,0,0,0,0,0,0,0,0,0,0,0,0,0,0,0,0.00012762,0,0.0044326,0,0
0,0,0,0,0,0,0,0,0,0,0,0,0,0,0,0,0,0,0,0,0,0,0,0,0,0,0,0,0,0,0,0,0,0,0,0,0,0,0,0,0,0,0,0,0
0.0079138,0,0,0,0,0,0,0,0,0,0,0,0,0,0,0,0,0,0,0,0,0,0,0,0,0,0,0,0,0,0,0,0,0,0,0,0,0,0,0,0,0,0,0,0
0,0,0,0,0,0,0,0,0,0,0,0,0,0,0,0,0,0,0,0,0,0,0,0,0,0,0,0,0,0,0,0,0,0,0,0,0,0,0,0,0,0,0,0,0
0,0,0,0,0,0,0,0,0,0,0,0,0,0,0,0,0,0,0,0,0,0,0,0,0,0,0,0,0,0,0,0,0,0,0,0,0,0,0,0,0,0,0,0,0
0.15976,0.42221,0.019667,0.056971,0.13859,0.12201,0.010847,0.014322,0.04053,0.17204,0.33908,0.054374,0.14792,0.018672,0.044613,0.28751,0.028519,0.054687,0.24226,0.077602,0.1216,0.024602,0.03199,0.11312,0.00024832,0.0029662,0.23478,0.17274,0,0.012985,0.094523,0.13838,0.12422,0.092834,0.049774,0.041355,0.094875,0.079868,0.04328,0.15669,0.06527,0.088834,0.017487,0.16273,0.14265
0,0,0.017517,0,0,0.074121,0,0,0,0,0,0,0.0069816,0.015634,0.0019137,0.016509,0,0,0,0,0,0,0,0,0.021633,0,0,0,0.015744,0.062331,3.3195e-06,0,0,0,0,0,0,0.0066994,0,0,0.041649,0.025713,0,0,0.0060248
0,0,0,0,0,0,0,0,0,0,0,0,0,0.0040479,0.001804,0.0060297,0.010455,0,0,0,0,0,0,0,0,0,0,0,0,0.0014689,0,0,0,0,0,0,0,0,0,0,0,0.0098385,0,0,0
0,0,0,0,0,0,0,0,0,0,0,0,0,0.0015961,0,0,0,0,1.3507e-05,0,0,0,0,0,0,0,0,0,0,0,0,0,0,0,0,0,0,0.00277,0,0,2.1706e-05,0.012702,0,0,0
0,0,0,0,0,0,0,0,0,0,0,0,0,0,0,0,0,0,0,0,0,0,0,0,0,0,0,0,0,0,5.8964e-06,0,0,0,0,0,0,0,0,0,0,3.1797e-05,0,0,0
0,0,0,0,0,0,0,0,0,0,0,0,0,0,0,0,0,0,0,0,0,0,0,0,0,0,0,0,0,0,0,0,0,0,0,0,0,0,0,0,1.7906e-06,0,0,0,0
0,0,0,0,0,0,0,0,0,0,0,0,0,0,0,0,0,0,0,0,0,0,0,0,0,0,0,0,0,0,0,0,0,0,0,0,0,0,0,0,0,0,0,0,0
0,0,0,0,0,0,0,0,0,0,0,0,0,0,0,0,0,0,0,0,0,0,0,0,0,0,0,0,0,0,0,0,0,0,0,0,0,0,0,0,0,0,0,0,0
0,0,0,0,0,0,0,0,0,0,0,0,0,0,0,0,0,0,0,0,0,0,0,0,0,0,0,0,0,0,0,0,0,0,0,0,0,0,0,0,0,0,0,0,0
0,0,0,0,0,0,0,0,0,0,0,0,0,0,0,0,0,0,0,0,0,0,0,0,0,0,0,0,0,0,0,0,0,0,0,0,0,0,0,0,0,0,0,0,0
0,0,0.16597,0.22074,0.1503,0.31266,0.1038,0.092972,0.23033,0,0,0.15163,0.018817,0.034382,0.11828,0.13631,0.0276,0.15559,0.0023346,0.024009,0.09268,0.014666,0.13794,0.31874,0.018862,0.36687,0.060913,0.070635,0,0,0.43631,0.28516,0.36506,0.12249,0.22506,0.076044,0.028525,0.077418,0.09994,0.39376,0.10507,0.053736,0.35881,0.0088941,0
0,0,0.019362,0,0,0,0,0,0,0,0,0,0,0.016764,0.030618,0.0061045,0,0,0,0,0,0,0,0,0,0.018995,0,0,0,0,0,0,0,0,0,0.085899,0,0,0,0,0.03018,0.00090813,0,0.032175,0.048224
0,0,0,0,0,0,0,0,0,0,0,0,0.0001072,0.0078675,0.0023419,0,0,0,0,0,0,0,0,0,0,0,0,0,0,0,0,0,0,0,0,0,0,0,0,0,0,0,0,0,0
0,0,0,0,0,0,0,0,0,0,0,0,0,0,0,0,0,0,0,0,0,0,0,0,0,0,0,0,0,0,0,0,0,0,0,0,0,0,0,0,0,0,0,0,0
0,0,0,0,0,0,0,0,0,0,0,0,0,0,0,0,0,0,0,0,0,0,0,0,0,0,0,0,0,0,0,0,0,0,0,0,0,0,0,0,0,0,0,0,0
0,0,0,0,0,0,0,0,0,0,0,0,0,0,0,0,0,0,0,0,0,0,0,0,0,0,0,0,0,0,0,0,0,0,0,0,0,0,0,0,6.439e-07,0,0,0,0
0,0,0,0,0,0,0,0,0,0,0,0,0,0,0,0,0,0,0,0,0,0,0,0,0,0,0,0,0,0,0,0,0,0,0,0,0,0,0,0,0,0,0,0,0
0,0,0,0,0,0,0,0,0,0,0,0,0,0,0,0,0,0,0,0,0,0,0,0,0,0,0,0,0,0,0,0,0,0,0,0,0,0,0,0,0,0,0,0,0
0,0,0,0,0,0,0,0,0,0,0,0,0,0,0,0,0,0,0,0,0,0,0,0,0,0,0,0,0,0,0,0,0,0,0,0,0,0,0,0,0,0,0,0,0
0,0,0,0,0,0,0,0,0,0,0,0,0,0,0,0,0,0,0,0,0,0,0,0,0,0,0,0,0,0,0,0,0,0,0,0,0,0,0,0,0,0,0,0,0
0,0.068397,0.27714,0.14953,0.18308,0.045978,0.32305,0.57057,0.36447,0.019307,0.0076499,0.11182,0.00080707,0.048335,0.10129,0.045701,0.03138,0.16343,0,0.011938,0.16677,0.021803,0.29591,0,0,0.19251,0.090894,0.076864,0,0,0.097862,0.13548,0.097822,0.18728,2.0197e-05,0.045478,0.025658,0.22185,0.11911,0,0.082743,0.015139,0.12008,0.066329,0.044897
0,0,0.041301,0,0.0070259,0,0,0,0,0,0,0,0.00014014,0.063795,0.0047654,0,0,0,0,0,0,0,0.0074138,0,0.010555,0,0,0,0,0,0,0,0,0,0,0.026545,0,0.00091362,0,0,0.036191,0,0,0,0.012836
0,0,0,0,0,0,0,0,0,0,0,0,0.0003429,0.026259,0,0,0,0,0,0,0,0,0,0,0,0,0,0,0,0,0,0,0,0,0,0,0,0,0,0,0,0,0,0,0
0,0,0,0,0,0,0,0,0,0,0,0,0,0,0,0,0,0,0,0,0,0,0,0,0,0,0,0,0,0,0,0,0,0,0,0,0,0,0,0,0,0,0,0,0
0,0,0,0,0,0,0,0,0,0,0,0,0,0,0,0,0,0,0,0,0,0,0,0,0,0,0,0,0,0,0,0,0,0,0,0,0,0,0,0,0,0,0,0,0
0,0,0,0,0,0,0,0,0,0,0,0,0,0,0,0,0,0,0,0,0,0,0,0,0,0,0,0,0,0,0,0,0,0,0,0,0,0,0,0,0,0,0,0,0
0,0,0,0,0,0,0,0,0,0,0,0,0,0,0,0,0,0,0,0,0,0,0,0,0,0,0,0,0,0,0,0,0,0,0,0,0,0,0,0,0,0,0,0,0
0,0,0,0,0,0,0,0,0,0,0,0,0,0,0,0,0,0,0,0,0,0,0,0,0,0,0,0,0,0,0,0,0,0,0,0,0,0,0,0,0,0,0,0,0
0,0,0,0,0,0,0,0,0,0,0,0,0,0,0,0,0,0,0,0,0,0,0,0,0,0,0,0,0,0,0,0,0,0,0,0,0,0,0,0,0,0,0,0,0
0,0,0,0,0,0,0,0,0,0,0,0,0,0,0,0,0,0,0,0,0,0,0,0,0,0,0,0,0,0,0,0,0,0,0,0,0,0,0,0,0,0,0,0,0
0,0,0.06094,0,0.10832,0.01435,0.37697,0.07694,0.16185,0,0,0.1235,0.0052843,0.037433,0.019433,0.080848,0.027322,0.18116,0.019904,0.025933,0.185,0.047499,0.31717,0.28908,0.014228,0.085569,0.06806,0.054124,0.083639,0.058887,0.057626,0.02472,0.028882,0.026938,0.15262,0.034445,0.067926,0.051749,0,0.024641,0.056549,0.010187,0.051772,0,0
0,0,0.0095337,0,0,0.0097055,0,0,0,0.00041566,0,0,0.089878,0.18638,0,0,0,0,0,0,0,0,0.011234,0,0,0.03504,0,0,0,0,0,0,0,0,0,0,0,0.0057988,0,0,0.051427,0,0,0,0
0,0,0,0,0,0,0,0,0,0,0,0,0,0,0,0,0,0,0,0,0,0,0,0,0,0,0,0,0,0,0,0,0,0,0,0,0,0,0,0,0,0,0,0,0
0,0,0,0,0,0,0,0,0,0,0,0,0,0,0,0,0,0,0,0,0,0,0,0,0,0,0,0,0,0,0,0,0,0,0,0,0,0,0,0,0,0,0,0,0
0,0,0,0,0,0,0,0,0,0,0,0,0,0,0,0,0,0,0,0,0,0,0,0,0,0,0,0,0,0,0,0,0,0,0,0,0,0,0,0,0,0,0,0,0
0,0,0,0,0,0,0,0,0,0,0,0,0,0,0,0,0,0,0,0,0,0,0,0,0,0,0,0,0,0,0,0,0,0,0,0,0,0,0,0,0,0,0,0,0
0,0,0,0,0,0,0,0,0,0,0,0,0,0,0,0,0,0,0,0,0,0,0,0,0,0,0,0,0,0,0,0,0,0,0,0,0,0,0,0,0,0,0,0,0
0,0,0,0,0,0,0,0,0,0,0,0,0,0,0,0,0,0,0,0,0,0,0,0,0,0,0,0,0,0,0,0,0,0,0,0,0,0,0,0,0,0,0,0,0
0,0,0,0,0,0,0,0,0,0,0,0,0,0,0,0,0,0,0,0,0,0,0,0,0,0,0,0,0,0,0,0,0,0,0,0,0,0,0,0,0,0,0,0,0
0,0,0,0,0,0,0,0,0,0,0,0,0,0,0,0,0,0,0,0,0,0,0,0,0,0,0,0,0,0,0,0,0,0,0,0,0,0,0,0,0,0,0,0,0
0.5358,0.3041,0.13289,0.53711,0.29187,0.074521,0.15374,0.24472,0.20255,0.7112,0.54129,0.49413,0.65983,0.32416,0.52257,0.42098,0.65968,0.42,0.5664,0.41144,0.36979,0.50953,0.15962,0.22429,0.34863,0.13143,0.33214,0.37661,0.66683,0.69717,0.16706,0.31912,0.37272,0.48053,0.43226,0.46153,0.66576,0.37662,0.60702,0.36695,0.43127,0.15276,0.28402,0.65511,0.39228
0,0,0,0,0,0,0,0,0,0,0,0,0,0,0,0,0,0,0,0,0,0,0,0,0,0,0,0,0,0,0,0,0,0,0,0,0,0,0,0,0,0,0,0,0
0,0,0,0,0,0,0,0,0,0,0,0,0,0,0,0,0,0,0,0,0,0,0,0,0,0,0,0,0,0,0,0,0,0,0,0,0,0,0,0,0,0,0,0,0
0,0,0,0,0,0,0,0,0,0,0,0,0,0,0,0,0,0,0,0,0,0,0,0,0,0,0,0,0,0,0,0,0,0,0,0,0,0,0,0,0,0,0,0,0
0,0,0,0,0,0,0,0,0,0,0,0,0,0,0,0,0,0,0,0,0,0,0,0,0,0,0,0,0,0,0,0,0,0,0,0,0,0,0,0,0,0,0,0,0
0,0,0,0,0,0,0,0,0,0,0,0,0,0,0,0,0,0,0,0,0,0,0,0,0,0,0,0,0,0,0,0,0,0,0,0,0,0,0,0,0,0,0,0,0
0,0,0,0,0,0,0,0,0,0,0,0,0,0,0,0,0,0,0,0,0,0,0,0,0,0,0,0,0,0,0,0,0,0,0,0,0,0,0,0,0,0,0,0,0
0,0,0,0,0,0,0,0,0,0,0,0,0,0,0,0,0,0,0,0,0,0,0,0,0,0,0,0,0,0,0,0,0,0,0,0,0,0,0,0,0,0,0,0,0
0,0,0,0,0,0,0,0,0,0,0,0,0,0,0,0,0,0,0,0,0,0,0,0,0,0,0,0,0,0,0,0,0,0,0,0,0,0,0,0,0,0,0,0,0
0,0,0,0,0,0,0,0,0,0,0,0,0,0,0,0,0,0,0,0,0,0,0,0,0,0,0,0,0,0,0,0,0,0,0,0,0,0,0,0,0,0,0,0,0
0,0,0,0,0,0,0,0,0,0,0,0,0,0,0,0,0,0,0,0,0,0,0,0,0,0,0,0,0,0,0,0,0,0,0,0,0,0,0,0,0,0,0,0,0
0,0,0,0,0,0,0,0,0,0,0,0,0,0,0,0,0,0,0,0,0,0,0,0,0,0,0,0,0,0,0,0,0,0,0,0,0,0,0,0,0,0,0,0,0
0,0,0,0,0,0,0,0,0,0,0,0,0,0,0,0,0,0,0,0,0,0,0,0,0,0,0,0,0,0,0,0,0,0,0,0,9.657e-06,0,0,0,0,0,0,0,0
0,0,0,0,0,0,0,0,0,0,0,2.4343e-05,0,0,0,0,0,0,0,0,0.0018078,0,0,0,0,0,0,0,0,0,0,0,0,0,0,0,4.0804e-06,0,0,0,0,0,0,0,0
0,0,0,0,0,0,0,0,0,0,0,0,0,0,0,0,0,0,0,0,0.0015153,0,0,0,0,0,0,0,0,0,0,0,0,0,0,0,0,0,0,0,0,6.3235e-05,0,0,0
0,0,0,0,0,0,0,0,0,0,0,0,0,0,0,0,0,0,0,0,0.000105,0,0,1.6123e-05,0,0,0,0,0,0,0,0,0,0,0,0,0,0,0,0,0,9.3146e-05,0,0,0
0,0,0,0,0,0,0,0,0,0,0,0,0,0,0,0,0,0,0,0,0,0,0,1.7218e-05,0,0,0,0,0,0,0,0,0,0,0,0,0,0,0,0,0,7.1381e-06,0,0,0
0,0,0,0,0,0,0,0,0,0,0,0,0,0,0,0,0,0,0,0,0,0,0,0,0,0,0,0,0,0,0,0,0,0,0,0,0,0,0,0,0,0,0,0,0
0,0,0,0,0,0,0,0,0,0,0,0,0,0,0,0,0,0,0,0,0,0,0,0,0,0,0,0,0,0,0,0,0,0,0,0,0,0,0,0,0,0,0,0,0
0,0,0,0,0,0,0,0,0,0,0,0,0,0,0,0,0,0,0,0,0,0,0,0,0,0,0,0,0,0,0,0,0,0,7.0165e-06,0,0,0,0,0,0,0,0,0,0
0,0,0,0,0,0,0,0,0,0,0,0,0,0,0,0,0,0,0,0,0,0,0,0,0,0,0,0,0,0,0,0,0,0,4.6553e-05,0,0,0,0,0,0,0,0,9.8507e-06,0
0,0,0,0,0,0,0,0,0,0,0,0,0,0,0,0,0,0,0,0,0,0,0,0,0,0,0,0,0,0,0,0,0,0,0,0,0,0,0,0,0,0,0,0,0
0,0,0,0,0,0,0,0,0,0,0,0,0,0,0,0,2.1207e-05,0,0,0,0.0017134,0,0,0,0,0,0,0,0,0,0,0,0,0,0,0,6.197e-05,0,0,0,0,0,0,0,0
0,1.5745e-05,0,0,0,0,0,0,0,0,0,0.00053958,0,0,0,0,4.161e-06,0,0,0,0.011494,0,0,0,0,0,0,0,0,0,0,0,0,0,0,2.9245e-06,0,0,0,0,0,0.00062695,0,0,0
0,1.4265e-06,0,0,0,0,0,0,0,0,0,0,0,0,2.0752e-06,0,0,0,0,0,0,0,0,0.00062181,0,0,0,0,0,0,0,0,0,0,0,0,0,0,0,0,0,0.0006001,0,0,6.8462e-05
0,0,0,0,0,0,0,0,0,0,0,0,0,0,0,0,0,0,0,0,0,0,0,7.229e-05,0,0,0,0,0,0,1.7872e-06,0,0,0,0,0,0,0,0,0,0,6.0669e-05,0.00017699,0,1.7585e-05
0,0,0,0,0,0,0,0,0,0,0,0,0,0,0,0,0,0,0,0,0,0,0,0,0,0,0,0,0,0,6.7286e-06,0,0,0,0,0,0,0,0,0,0,2.4735e-06,6.7754e-07,0,0
0,0,0,0,4.4549e-06,0,0,0,0,0,0,0,0,0,0,0,0,0,0,0,0,0,0,0,0,0,0,0,0,0,3.1429e-06,0,0,0,0,0,0,0,0,0,0,0,0,0.00018486,0
0,0,0,0,5.6404e-07,0,0,0,0,0,0,0,0,0,0,0,0,0,0,0,0,0,0,0,0,9.3864e-07,0,0,0,0,0,0,0,0,0,0,0,0,0,0,0,0,0,9.0954e-05,0
0,0,0,0,0,0,0,0,9.3395e-07,0,0,0,0,0,0,0,0,0,0,0,0,0,0,0,0,0,0,0,0,0,0,0,0,0,0,0,0,0,0,0,0,0,0,0.00036781,0
0,0,0,0,0,0,0,0,0,0,0,0,0,0,0,0,0,0,0,0,0,0,0,0,0,0,0,0,0,0,0,0,0,0,0,0,0,0,0,0,0,0,0,0.00083951,0
0,0,0,0,0,0,0,0,0,0,0,0,0,0,0,0,0,0,0,0,0,0,0,0,0,0,0,0,0,0,0,0,0,0,0,0,0,0,0,0,0,0,0,0,0
0,0,0,0,0,0,0,0,0,0,0,0,0,0,0,0,3.3019e-05,0,0,0,0.031423,0,0,0,0,0,0,0,0,0,0,0,0,0,0,0,0.00012602,0,0,0,0,0.00028985,0,0,0
0,0.00038018,0,0,0,1.3532e-05,0,0,0,0,0,0.0032023,2.5184e-06,0,0,0,0,0,0,0,0,0.00016947,0,6.8456e-05,0,0,0,0,0,0,0,0,0,0,0,2.9285e-05,0,0,0,0,0,0.0030667,0,0,3.1925e-05
0,0,0,0,0,0,0,0,0,0,0,0,0,0,4.4817e-05,0,0,0,7.1414e-06,0,0,5.1022e-05,0,0.00092221,0,0,0,0,0,0,9.621e-06,1.2188e-05,0,1.3385e-06,0,0,0,0,0,0,1.2876e-06,0.00016624,0.0011305,0,0.00014296
0,0,0,1.7234e-05,0,0,0,0,0,0,0,0,0,0,0,0,0,0,5.2381e-06,0,0,0,0,0,0,0,0,0,0,0,9.8392e-05,0,0,0,0,0,0,3.1072e-05,0,0,1.4467e-06,0,4.2623e-05,0,0
0,0,8.8475e-06,0,0,0,0,1.7541e-05,0,0,0,0,0,0,0,0,0,0,0,0,0,0,0,0,0,0,0,0,0,0,1.7541e-05,0,1.7374e-06,0,0,0,0,0,0,0,0,0,0,0.00038295,0
0,0,0.00011616,0,0.00015048,0,0,0,3.3445e-05,0,0,0,0,1.9074e-05,0,0,0,0,0,0,0,0,0,0,0,0,0,0,0,0,0,0,0,0,0,0,0,0,0,0,5.0602e-06,0,0,0.00089827,0
0,0,1.4495e-05,0,0,0,0,0,0.0001283,0,0,0,0,0.00015914,0,0,0,0,0,0,0,0,0,0,0,0.00036854,0,0,0,0,0,0,0,0,0,0,0,0,0,0,9.222e-07,0,0,0,0
0,0,2.1351e-05,0,0,0,0,0,0,0,0,0,0,0,0,0,0,0,0,0,0,0,0,0,0,0,0,0,0,0,0,0,0,0,0,0,0,0,0,0,0,0,0,0,0
0,0,2.3348e-06,0,0,0,3.3195e-05,0,0,0,0,0,0,0,0,0,0,0,0,0,0,0,0,0,0,0,0,0,0,0,0,0,0,0,0,0,0,0,0,0,0,0,0,0,0
0,0,0,0,0,0,0,0,0,0,0,0,0,0,0,0,0,0,0,0,0,0,0,0,0,0,0,0,0,0,0,0,0,0,0,0,0,0,0,0,0,0,0,0,0
0,0,0,0,0,0,0,0,0,0,0,0.029306,2.4041e-06,0,0,0,4.4643e-05,0,0,0,0.039336,0,0,0,0,0,0,0,0,0,0,0,0,0,0,0,0.00015265,0,0,0,0,0.0015011,0,0,0
5.7855e-06,0.0015226,0,0,0,0.00011197,0,0,0,0,0,0.0041515,0.00030064,0,0,1.4011e-06,0,5.7865e-06,2.742e-05,0,0,5.7465e-05,0,0.0001936,0,0,0,0,0,0,0,0,0,0,0,0.00010468,0,0,0,0,0,0.0053814,0,0,0.00045812
6.441e-06,0,0,0,0,0,0,0,0,0,0,0,0,0,0.0017851,2.888e-05,0,1.7181e-06,7.9418e-05,0,0,0,0,0,0,0,0,0,0,0,0.00022614,0.00019233,0,6.9193e-05,0,1.3613e-05,0,0,0,0.00012771,2.9492e-06,0,0.0025955,0,1.6444e-06
4.8342e-06,0,0,0.00033751,0,0,0,0,0,0,0,0,0,0,0,0,0,0,6.0644e-05,0,0,0,0,0,0,0,4.2884e-06,0,0,0,0.00029008,0,0,0,0,0,0,0.0017805,2.0565e-05,0,5.0245e-05,0,0,0,0
1.3509e-05,0,0.001181,0,0,0,0,0.00035781,0,0,0,0,0,0,0,0,0,0,0,0,0,0,0,0,0,0,0,0,0,0,0,0,0.00015296,0,0,0,0,0,2.6372e-06,0,1.7056e-06,0,0,0.0049962,0
0,0,0.0021034,0,0.0037413,0,0,0,0.0034064,0,0,0,0,0.0019255,0,0,0,0,0,0,0,0,0,0,0,0,0,0,0,0,0,0,0,0,0,0,0,0,0,0,1.0157e-05,0,0,0.0021946,0
0,0,0.00080558,0,0,0,0,0,8.4507e-05,0,0,0,0,7.9993e-06,0,0,0,0,0,0,0,0,0,0,0,0.006774,0,0,0,0,0,0,0,0,0,0,0,0,0,0,3.1205e-05,0,0,0,0
0,0,5.1471e-05,0,0,0,0,0,0,0,0,0,0,0,0,0,0,0,0,0,0,0,0,0,0,0,0,0,0,0,0,0,0,0,0,0,0,0,0,0,0,0,0,0,0
0,0,0,0,0,0,0.00053257,0,0,0,0,0,0,0,0,0,0,0,0,0,0,0,0,0,0,0,0,0,0,0,0,0,0,0,0,0,0,0,0,0,0,0,0,0,0
0,0,0,0,0,0,0,0,0,0,0,0,0,0,0,0,4.4589e-06,0,0,0,0,0,0,0,0,0,0,0,0,0,0,0,0,0,0,0,0,0,0,0,0,0,0,0,0
0,0,0,0,0,0,0,0,0,0,0,0.20657,2.9856e-05,0,0,0,7.6279e-05,0,0,0,0.18238,0,0,0,0,0,0,0,0,0,0,0,0,0,0,0,0.00018179,0,0,0,0,0.0028239,0,0,0
2.2734e-06,0.0036655,0,0,0,0.00051227,0,0,0,0,0,0,0.000652,0,0,1.5406e-05,0,5.0935e-05,1.1898e-05,0,0,0,0,6.6609e-05,0,0,0,0,0,0,0,0,0,0,0,9.064e-07,0,0,0,0,0,0.0083775,0,0,0.00076605
6.0084e-06,0,0,0,0,0,0,0,0,0,0,0,0,0,0.017521,0.00016373,0,9.8692e-05,0.00083479,0,0,0,0,0.0024863,0,0,0,0,0,3.7271e-07,0.0045201,0.0028389,0,0.00032405,3.3438e-05,0.0011598,0,0,0,0.0024972,0,0,0.058062,0,2.6787e-05
9.8188e-06,0,0,0.0021907,0,0,0,0,0,0,0,0,0,0,0,0,0,4.8922e-05,9.8015e-05,0,0,0,0,0,0,0,0.00015042,8.5731e-06,0,0,0,0,0,0,0,0,0,0.021489,0,0,2.7995e-05,0,0,0,0
3.4547e-05,0,0.0078924,0,0,0,0,0.0073391,0,0,0,0,0,0.010474,0,0,0,0,0,0,0,0,0,0,0,0,0,0,0,0,0,0,3.7105e-05,0,0,0,0,0,0.00018532,0,0.0016052,0,0,0.0017321,0
0.00013028,0,0,0,0.05508,0,0,0,0.023751,0,0,0,0,0.0067718,0,0,0,0,0,0,0,0,0.0001255,0,0,0.048347,0,0,0,0,0,0,0.0026391,0,0,0,0,0,0,0,0.00175,0,0,0.014251,0
0,0,0,0,0,0,0,0,0,0,0,0,0,0,0,0,0,0,0,0,0,0,6.6731e-05,0,0,0.0053084,0,0,0,0,0,0,0,0,0,0,0,0,0,0,0.0042445,0,0,0,0
0,0,0,0,0,0,0,0,0,0,0,0,0,0,0,0,0,0,0,0,0,0,0,0,0,0,0,0,0,0,0,0,0,0,0,0,0,0,0,0,0,0,0,0,0
0,0,0,0,0,0,0.017692,0,0,0,0,0,0,0,0,0,0,0,0,0,0,0,0,0,0,0,0,0,0,0,0,0,0,0,0,0,0,0,0,0,0,0,0,0,0
0,0,0,0,0,0,0,0,0,0,0,0,0,0,0,0,0,0,0,0,0,0,0,0,0,0,0,0,0,0,0,0,0,0,0,0,0,0,0,0,0,0,0,0,0
0,0,0,0,0,0,0,0,0,0,0,0.46133,5.7875e-05,0,0,0,0.00034459,0,0,0,0.42193,0,0,0,0,0,0,0,0,0,0,0,0,0,0,0,0.00033492,0,0,0,0,0,0,0,0
1.6954e-05,0.010005,0,0,0,0.0026915,0,0,0,0,0,0,0.00087968,0,0,0,0.00026092,3.3696e-05,2.1692e-06,0,0,0,0,0,0,0,0,0,0,4.6838e-06,0,0,0,0,0,0,0,0,0,0,0,0.027571,0,0,7.898e-05
0.00021996,0,0,0,0,0,0,0,0,0,0,0,0,0,0.059562,0.00054822,0,0.00048671,0.0013929,0,0,0,0,0.046127,0,0,0,0,0,1.9424e-05,0.0062445,0.0059556,0,0.0012101,3.8064e-05,0.024356,0,2.8653e-05,0,0.017988,0,0,0.21704,0,0.0023717
0.0001967,0,0,0.030808,0,0,0,0,0,0,0,0,0,0,0,0.00032098,0,0.000226,0.00016876,0,0,0,0,0,0,0,0.0013899,0.00024738,0,0,0.0094961,0.012322,0,0,0.0008113,0,0,0.1048,0,0,0,0,0,0,0
0.00028201,0,0.028529,0.0062617,0,0,0,0.075055,0,0,0,0,0,0.039546,0,0,0,0.0016409,2.3226e-05,0,0,0,0,0,0,0,0,0,0,0,0,0,0,0,3.8959e-05,0,0,0,0.0010621,0,0.012092,0,0,5.6749e-06,0
0.00043137,0,0,0,0.20012,0,0,0,0.085846,0,0,0,0,0,0,0,0,0,0,0,0,0,0,0,0,0.10149,0,0,0,0,0,0,0.05057,0,0,0,0,0,0.0088663,0,0.014109,0,0,0.1298,0
0.0018174,0,0,0,0,0,0,0,0,0,0,0,0,0,0,0,0,0,0,0,0,0,0.0043743,0,0,0,0,0,0,0,0,0,0,0,0,0,0,0,0,0,0.0067795,0,0,0.31681,0
0.0037548,0,0,0,0,0,0,0,0,0,0,0,0,0,0,0,0,0,0,0,0,0,0.0077717,0,0,0,0,0,0,0,0,0,0,0,0,0,0,0,0,0,0,0,0,0,0
0,0,0,0,0,0,0.13202,0,0,0,0,0,0,0,0,0,0,0,0,0,0,0,0,0,0,0,0,0,0,0,0,0,0,0,0,0,0,0,0,0,0,0,0,0,0
0,0,0,0,0,0,0,0,0,0,0,0.032611,0,0,0,0,0,0,0,0,0,0,0,0,0,0,0,0,0,0,0,0,0,0,0,0,0,0,0,0,0,0,0,0,0
0,0,0,0,0,0,0,0,0,0,0,0.16956,1.97e-05,0,0,0,0.00050003,0,0,0,0.21874,2.2374e-06,0,0,1.2636e-05,0,0,0,0,0,0,0,0,0,0,0,0.0011046,0,0,0,0,0,0,0,0
0,0.022746,0,0,0,0.00086274,0,0,0,0,1.7826e-05,0,0.0011648,0,0,0,0.0037072,0,0,0,0,2.5816e-06,0,0,1.0039e-05,0,0,0,0,0,0,0,0,0,0,0,0.00018678,0,0,0,0,0.053267,0,0,0
0.00013611,0.01891,0,0,0,0.020346,0,0,0,1.6943e-05,0.0001481,0,0,0,0.09904,0.00016816,0.00010962,0.00033205,0.00081975,0,0,0,0,0.016812,0,0,0,0,0,1.5103e-05,0,4.2073e-05,0,7.5783e-05,0,0.040353,0,0.0023755,0,0.0065012,0,0.052869,0.42931,0,0.0041178
0.0005287,0,0,0.034378,0,0,0,0,0,3.0425e-05,0,0,0,0.010428,0,0.0024785,0,0.0053941,0.0017094,0,0,0,0,0.39148,0,0,0.000981,0.00015429,0,6.521e-05,0.050592,0.093266,0,0.005914,0,0.075403,0,0.099367,0,0.07991,0,0,0,0,0.0084099
0.0025803,0,0.076149,0.4005,0.036645,0,0,0.1212,0,0,0,0,0,0.021094,0,0.0026401,0,0.0069782,0.0022794,0,0,0,0,0,0,0.0040806,0.010402,0.0020542,0,0.00038994,0,0.041408,0,0.007081,0.018896,0,0,0,0,0,0,0,0,0.19013,0
0.0043594,0,0,0,0.42503,0,0,0.15543,0.22898,0,0,0,0,0,0,0,0,0.050466,0.0040298,0,0,0,0,0,0,0.19227,0.0068227,0.0014964,0,0.00020407,0,0,0.038301,0,0.03678,0,0,0,0.072841,0,0.093399,0,0,0.19085,0
0.0098413,0,0,0,0,0,0,0,0.038167,0,0,0,0,0,0,0,0,0.080924,0.00073943,0,0,0,0,0,0,0,0,0,0,0.0041876,0,0,0.22958,0,0,0,0,0,0,0,0.087249,0,0,0,0
0.081899,0,0,0,0,0,1.5557e-06,0,0,0,0,0,0,0,0,0,0,0,0,0,0,0,0.1867,0,0,0,0,0,0,0.0016476,0,0,0,0,0,0,0,0,0,0,0,0,0,0,0
0.23024,0,0,0,0,0,0.3248,0,0,0,0,0,0,0,0,0,0,0,0,0,0,0,0,0,0,0,0,0,0,0.040771,0,0,0,0,0,0,0,0,0,0,0,0,0,0,0
0,0,0,0,0,0,0,0,0,0,0,0.056449,0,0,0,0,0,0,0,0,0.069352,0,0,0,0,0,0,0,0,0,0,0,0,0,0,0,0,0,0,0,0,0,0,0,0
0,0,0,0,0,0,0,0,0,0,0,0,5.965e-06,0,0,0,0.00051197,0,0,0,0,0,0,0,0,0,0,0,0,0,0,0,0,0,0,0,0,0,0,0,0,0,0,0,0
0,0,0,0,0,0,0,0,0,0,0,0,0.001583,0,0,0,0.0031481,0,0,0,0,2.3472e-05,0,0.041522,0.0001263,0,0,0,0,0,0,0,0,0,0,0,0.0003163,0,0,0,0,0,0.10819,0,0
0,0.1091,0,0,0,0.011885,0,0,0,0,0.00012881,0,0.0017257,0,0.006412,0,0.013224,0,3.1695e-06,0.00011794,0,7.9706e-05,0,0.24988,0.00037149,0,0,0,1.0022e-06,0,0,0,0,0,0,0.020842,0.00022377,0.0015784,0,0,0,0.11292,0.14319,0,0
0.00027603,0.27733,0,0.16465,0,0.12343,0,0,0,0.0005129,0.0010369,0,0.00055481,0.0496,0,8.2181e-05,0.015466,0.00034469,0.00060514,0.00073406,0,0.00030713,0,0.22254,3.4807e-05,0,0,0,2.8556e-05,0,0.0099775,0.011513,0,0,0,0.38165,0.73151,0.0041414,0,0.16395,0,0.34016,0,0.12044,0.0033395
0.0050985,0,0.085246,0.25778,0.11444,0.082591,0,0,0,0.002277,0.0031806,0,0,0.038172,0.50236,0.0048326,0.010845,0.014135,0.0028606,0.00041944,0,0.00034453,0,0,0,0,0,0,5.7007e-05,0,0.12006,0.63335,0,0.010092,0,0.32604,0.058885,0.61281,0,0.1282,0,0.13371,0,0,0.028225
0.0066085,0,0.11829,0,0.093698,0,0,0.48917,0.008903,0.0027224,0.0077369,0,0.0034745,0,0,0.016302,0.4736,0.53012,0.016388,0,0,0,0,0,0,0.43138,0.030246,0.0036501,0.000696,2.8092e-05,0.1087,0,0.010281,0.1093,0.10197,0,0,0,0.026582,0,0.086114,0,0,0,0.04963
0.29503,0,0,0,0,0,0,0,0.42382,0,0.00051616,0,0.52576,0.086227,0,0.051978,0.10283,0.070121,0.060443,0,0,0,0,0,0,0.10446,0.42199,0.020752,0.0024185,0.0042273,0,0,0.53219,0.36658,0.1755,0,0,0,0.065417,0,0.58199,0,0,0,0.25802
0.2077,0,0,0,0,0,0.01491,0,0,0,0,0,0,0.28142,0,0.052002,0,0,0.20238,0,0,0,0.02142,0,0,0,0.29374,0.041248,0.01391,0.30877,0,0,0,0.20046,0.3845,0,0,0,0.0083809,0,0,0,0,0,0.11758
0,0,0,0,0,0,0.36646,0,0,0,0,0,0,0.23232,0,0.098711,0,0,0.22117,0,0,0,0.47102,0,0,0,0,0.48173,0.59673,0.47639,0,0,0,0,0,0,0,0,0.44045,0,0,0,0,0,0
0,0,0,0,0,0,0,0,0,0,0,0.036254,0,0,0,0,0,0,0,0,0.020203,0,0,0,0,0,0,0,0,0,0,0,0,0,0,0,0,0,0,0,0,0,0,0,0
0,0,0,0,0,0,0,0,0,0,0,0,0,0,0,0,0,0,0,0,0,0,0,0,0,0,0,0,0,0,0,0,0,0,0,0,0,0,0,0,0,0,0,0,0
0,0,0,0,0,0,0,0,0,0,0,0,0,0,0,0,0.00060568,0,0,0,0,0,0,0.027168,0,0,0,0,0,0,0,0,0,0,0,0,0,0,0,0,0,0,0.040263,0,0
0,0,0,0,0,0,0,0,0,0,0,0,0,0,0.018739,0,0.0043429,0,0,0,0,0,0,0,0,0,0,0,0,0,0,0,0,0,0,0,0,6.297e-06,0,0,0,0,0,0,0
0,0.55633,0,0.10307,0.0050402,0.00014707,0,0,0,0,0,0,0.00061213,0.0010697,0.079679,0,0.0094374,0,0,0,0,0,0,0,0.0010958,0,0,0,0,0,0,0,0,0,0,0.13004,0.2069,0.006237,0,0,0,0.16866,0,0.026022,0
0,0,0,0,0.066049,0.51337,0,0.048256,0,6.5582e-05,0,0,0.0014231,0.030659,0.21485,0,0.040222,0.00024934,0,0.0020284,0,0.00075297,0,0,0.0034493,0.00019177,0,0,0,0,0,0.19911,0,0,0,0,0,0.14536,0,0.13546,0,0.087776,0,0,0
0,0,0.15408,0,0,0.24405,0,0.10317,0,0.0069772,0.0013441,0,0.1126,0.067541,0,0,0.32067,0.23834,0,0.0072546,0,0.0034102,0,0,0.0070481,0.10533,0,0,0,0,0.24852,0,0.11717,0.29889,0,0,0,0,0,0.46537,0.094412,0,0,0,0
0.14877,0,0.50301,0,0,0,0,0,0.18687,0.01925,0.027562,0,0.34915,0.058406,0,0,0,0,0.00014524,0.01697,0,0.015299,0,0,0.037922,0,0.23427,0,0,0.019832,0.44124,0,0.019082,0,0.18332,0,0,0,0.00060776,0,0.016122,0,0,0,0.27173
0,0,0.022502,0,0,0,0.04431,0,0,0.0032446,0.063655,0,0,0.064154,0,0.033299,0,0,0.21518,0.038286,0,0.033331,0,0,0.26955,0,0,0,0,0.14344,0,0,0,0,0.098052,0,0,0,0,0,0,0,0,0,0.25498
0,0,0,0,0,0,0.099236,0,0,0.9649,0.89467,0,0,0,0,0.73643,0,0,0.26854,0.93419,0,0.94617,0.30852,0,0.68038,0,0,0.44866,0.38616,0,0,0,0,0,0,0,0,0,0.37558,0,0,0,0,0,0
0,0,0,0,0,0,0,0,0,0,0,0,0,0,0,0,0,0,0,0,0,0,0,0,0,0,0,0,0,0,0,0,0,0,0,0,0,0,0,0,0,0,0,0,0
0,0,0,0,0,0,0,0,0,0,0,0,0,0,0,0,0,0,0,0,0,0,0,0,0,0,0,0,0,0,0,0,0,0,0,0,0,0,0,0,0,0,0,0,0
0,0,0,0,0,0,0,0,0,0,0,0,0,0,0,0,0,0,0,0,0,0,0,0,0,0,0,0,0,0,0,0,0,0,0,0,0,0,0,0,0,0,0,0,0
0,0,0,0,0,0,0,0,0,0,0,0,0,0,0,0,0,0,0,0,0,0,0,0,0,0,0,0,0,0,0,0,0,0,0,0,0,0,0,0,0,0,0,0,0
0,0,0,0,0,0,0,0,0,0,0,0,0,0,0,0,0,0,0,0,0,0,0,0,0,0,0,0,0,0,0,0,0,0,0,0,0,0,0,0,0,0,0,0,0
0,0,0,0,0,0,0,0,0,0,0,0,0,0,0,0,0,0,0,0,0,0,0,0,0,0,0,0,0,0,0,0,0,0,0,0,0,0,0,0,0,0,0,0,0
0,0,0,0,0,0,0,0,0,0,0,0,0,0,0,0,0,0,0,0,0,0,0,0,0,0,0,0,0,0,0,0,0,0,0,0,0,0,0,0,0,0,0,0,0
0,0,0,0,0,0,0,0,0,0,0,0,0,0,0,0,0,0,0,0,0,0,0,0,0,0,0,0,0,0,0,0,0,0,0,0,0,0,0,0,0,0,0,0,0
0,0,0,0,0,0,0,0,0,0,0,0,0,0,0,0,0,0,0,0,0,0,0,0,0,0,0,0,0,0,0,0,0,0,0,0,0,0,0,0,0,0,0,0,0
0,0,0,0,0,0,0,0,0,0,0,0,0,0,0,0,0,0,0,0,0,0,0,0,0,0,0,0,0,0,0,0,0,0,0,0,0,0,0,0,0,0,0,0,0
0,0,0,0,0,0,0,0,0,0,0,0,0,0,0,0,0,0,0,0,0,0,0,0,0,0,0,0,0,0,0,0,0,0,0,0,0,0,0,0,0,0,0,0,0
0,0,0,0,0,0,0,0,0,0,0,0,0,0,0,0,0,0,0,0,0,0,0,0,0,0,0,0,0,0,0,0,0,0,0,0,0,0,0,0,0,0,0,0,0
0,0,0,0,0,0,0,0,0,0,0,0,0,0,0,0,4.0951e-05,0,0,0,0,0,0,0,0,0,0,0,0,0,0,0,0,0,0,0,0,0,0,0,0,0,0,0,0
0,0,0,0,0,0,0,0,0,0,0,0,0,0,0,0,7.779e-07,0,0,0,0,0,0,0,0,0,0,0,0,0,0,0,0,0,0,0,0,0,0,0,0,0,0,0,0
0,0,0,0,0,0,0,0,0,0,0,0,0,0,0,0,0,0,0,0,0,0,0,9.1247e-07,0,0,0,0,0,0,0,0,0,0,0,0,0,0,0,0,0,1.2915e-06,0,0,0
0,0,0,0,0,0,0,0,0,0,0,0,0,0,0,0,0,0,0,0,0,0,0,0,0,0,0,0,0,0,0,0,0,0,0,0,0,0,0,0,0,0,0,0,0
0,0,0,0,0,0,0,0,0,0,0,0,0,0,0,0,0,0,0,0,0,0,0,0,0,0,0,0,0,0,0,0,0,0,0,0,0,0,0,0,0,0,0,0,0
0,0,0,0,0,0,0,0,0,0,0,0,0,0,0,0,0,0,0,0,0,0,0,0,0,0,0,0,0,0,0,0,0,0,0,0,0,0,0,0,0,0,0,0,0
0,0,0,0,0,0,0,0,0,0,0,0,0,0,0,0,0,0,0,0,0,0,0,0,0,0,0,0,0,0,0,0,0,0,5.3665e-06,0,0,0,0,0,0,0,0,0,0
0,0,0,0,0,0,0,0,0,0,0,0,0,0,0,0,0,0,0,0,0,0,0,0,0,0,0,0,0,0,0,0,0,0,4.8203e-05,0,0,0,0,0,0,0,0,1.4712e-05,0
0,0,0,0,0,0,0,0,0,0,0,0,0,0,0,0,0,0,0,0,0,0,0,0,0,0,0,0,0,0,0,0,0,0,0,0,0,0,0,0,0,0,0,0,0
0,0,0,0,0,0,0,0,0,0,3.8988e-05,0,0,0,0,0,9.1019e-05,0,0,0,0,0,0,0,0,0,0,0,0,0,0,0,0,0,0,0,0,0,0,0,0,0,0,0,0
0,0,0,0,0,0,0,0,0,0,3.3522e-05,0,0,0,0,0,1.1111e-05,0,0,0,0,0,0,0,0,0,0,0,0,0,0,0,0,0,0,0,0,0,0,0,0,0,0,0,0
0,0,0,0,0,0,0,0,0,0,0,0,0,0,3.3815e-06,0,0,0,1.0952e-05,0,0,0,0,0,0,0,0,0,0,0,0,0,0,0,0,0,0,0,0,0,6.3553e-07,4.7455e-05,0,0,3.7805e-05
0,0,0,0,0,0,0,0,0,0,0,0,0,0,0,0,0,0,2.7691e-06,0,0,0.00011668,0,3.2429e-05,0,0,0,0,0,0,1.7872e-06,0,0,0,0,0,0,0,0,0,0,1.2036e-05,0,0,1.0798e-05
0,0,0,0,0,0,0,0,0,0,0,0,0,0,0,0,0,0,0,0,0,0.00015957,0,0,0,0,0,0,0,0,4.4536e-06,0,0,0,0,0,0,0,0,0,5.9149e-07,0,0,0,0
0,0,0,0,0,0,0,0,0,0,0,0,0,0,0,0,0,0,0,0,0,1.7067e-06,0,0,0,0,0,0,0,0,3.1429e-06,0,0,0,0,0,0,0,0,0,1.4313e-06,0,0,0.00019164,0
0,0,0,0,0,0,0,0,0,0,0,0,0,0,0,0,0,0,0,0,0,0,0,0,0,0,0,0,0,0,0,0,0,0,0,0,0,0,0,0,0,0,0,7.9201e-05,0
0,0,0,0,0,0,0,0,0,0,0,0,0,0,0,0,0,0,0,0,0,0,0,0,0,0,0,0,0,0,0,0,0,0,0,0,0,0,0,0,0,0,0,0.00038129,0
0,0,0,0,0,0,0,0,0,0,0,0,0,0,0,0,0,0,0,0,0,0,0,0,0,0,0,0,0,0,0,0,0,0,0,0,0,0,0,0,0,0,0,0.0008334,0
0,0,0,0,0,0,0,0,0,0,0,0,0,0,0,0,0,0,0,0,0,0,0,0,0,0,0,0,0,0,0,0,0,0,0,0,0,0,0,0,0,0,0,0,0
0,0,0,0,0,0,0,0,0,0,0.00022389,0,0,0,0,0,0.00021009,0,0,0,0,4.819e-06,0,0,0,0,0,0,0,0,0,0,0,0,0,0,0,0,0,0,0,0,0,0,0
5.7855e-06,0,0,0,0,0,0,0,0,7.974e-06,0,0,0,0,0,0,0,0,6.8922e-05,0,0,0,0,0,0,0,0,0,0,9.6292e-07,0,0,0,0,0,0,0,0,0,0,0,0.00010606,0,0,0
5.4665e-06,0,0,0,0,0,0,0,0,0,0,0,0,0,0.00020713,7.77e-06,0,0,0.00025259,0,0,0,0,0.00027274,0,0,0,0,0,5.0203e-06,2.7942e-06,0,0,3.4874e-05,0,0,0,0,0,2.0535e-06,3.6013e-06,0.00017371,0,0,0.00013803
2.9109e-06,0,0,1.0381e-05,0,0,0,0,0,0,0,0,0,0,0,0,0,0,3.5464e-05,0,0,0,0,0,0,0,0,0,0,0,0.00010544,0,0,0,0,0,0,3.5376e-05,0,0,1.8771e-05,8.6627e-06,1.5884e-05,0,0
2.9932e-06,0,0,0,0,0,0,0,0,0,0,0,0,0,0,0,0,0,0,0,0,0,1.4276e-05,0,0,0,0,0,0,0,1.6154e-05,0,2.1182e-05,0,0,0,0,0,0,0,3.5103e-06,0,0,0,0
0,0,1.0469e-05,0,0,0,0,0,0,0,0,0,0,1.1438e-05,0,0,0,0,0,0,0,0,0,0,0,0,0,0,0,0,0,0,0,0,0,0,0,0,7.1559e-05,0,4.1136e-06,0,0,0.0012962,0
0,0,0,0,5.6139e-05,0,0,0,1.0973e-05,0,0,0,0,0.00016677,0,0,0,0,0,0,0,0,0,0,0,0.00017061,0,0,0,0,0,0,0,0,0,0,0,0,0,0,4.8879e-06,0,0,0,0
0,0,0,0,0,0,0,0,5.7463e-06,0,0,0,0,0,0,0,0,0,0,0,0,0,0,0,0,0,0,0,0,0,0,0,0,0,0,0,0,0,0,0,0,0,0,0,0
0,0,0,0,0,0,1.5034e-05,0,0,0,0,0,0,0,0,0,0,0,0,0,0,0,0,0,0,0,0,0,0,0,0,0,0,0,0,0,0,0,0,0,0,0,0,0,0
0,0,0,0,0,0,0,0,0,0,0,0,0,0,0,0,4.899e-05,0,0,0,0,0,0,0,0,0,0,0,0,0,0,0,0,0,0,0,0,0,0,0,0,0,0,0,0
0,0,0,0,0,0,0,0,0,0,0.00046946,0,0,0,0,0,0.00070053,0,0,0,0,7.5227e-06,0,0,0,0,0,0,0,0,0,0,0,0,0,0,0,0,0,0,0,0,0,0,0
2.2734e-06,1.4482e-05,0,0,0,3.3498e-06,0,0,0,0.00016787,0,0,3.9168e-05,0,0,5.8128e-06,0,1.1549e-06,0.00086215,0,0,0,0,0,0,0,0,0,0,1.0593e-05,0,0,0,7.2455e-05,0,6.6265e-06,0,0,0,0,0,0.00033011,0,0,0.00023545
5.687e-06,0,0,0,0,0,0,0,0,0,0,0,0,0,0.0051371,0.00012237,0,1.7181e-06,0.00043801,0,0,0,0,0.001203,0,0,0,0,0,2.0744e-05,7.2181e-05,1.4066e-05,0,0.00010946,8.763e-07,0,0,0,0,0.00013724,0,0.00025845,0,0,5.6478e-05
5.5391e-06,0,0,0.00017586,0,0,0,0,0,0,0,0,0,0,0,1.6063e-06,0,0,0,0,0,0,0,0,0,0,6.4311e-06,0,0,0,0.00037349,0,0,0,0,0,0,0.002012,0,0,0.00011671,0,0.00014286,0,0
1.3116e-05,0,0.00015347,0,0,0,0,1.7541e-05,0,0,0,0,0,0,0,0,0,0,0,0,0,0,0.0002476,0,0,0,0,0,0,0,0,0,0.00024174,0,0,0,0,0,0,0,6.823e-05,0,0,0.0047524,0
0,0,0.00028941,0,0,0,0,8.8817e-05,0,0,0,0,0,0.0016278,0,0,0,0,0,0,0,0,0,0,0,0,0,0,0,0,0,0,0,0,0,0,0,0,0.00049233,0,7.5977e-05,0,0,0.0028545,0
0,0,0.00082064,0,0.00048913,0,0,0,0.00057196,0,0,0,0,8.9761e-06,0,0,0,0,0,0,0,0,0,0,0,4.5483e-05,0,0,0,0,0,0,0,0,0,0,0,0,0,0,8.8268e-05,0,0,0,0
0,0,0.00021661,0,0,0,0,0,1.8988e-06,0,0,0,0,0,0,0,0,0,0,0,0,0,0,0,0,0.00075538,0,0,0,0,0,0,0,0,0,0,0,0,0,0,0,0,0,0,0
0,0,1.5914e-05,0,0,0,0.00027536,0,0,0,0,0,0,0,0,0,0,0,0,0,0,0,0,0,0,0,0,0,0,0,0,0,0,0,0,0,0,0,0,0,0,0,0,0,0
0,0,0,0,0,0,0,0,0,0,0,0,0,0,0,0,0.00017187,0,0,0,0,0,0,0,0,0,0,0,0,0,0,0,0,0,0,0,0,0,0,0,0,0,0,0,0
0,0,0,0,0,0,0,0,0,0,0.00092884,0,0,0,0,0,0.0013868,0,0,0,0,1.1921e-05,0,0,0,0,0,0,9.4775e-06,0,0,0,0,0,0,0,0,0,0,0,0,0,0,0,0
6.6894e-05,0.00023599,0,0,0,6.5873e-05,0,0,0,0.00047441,0,2.9935e-06,0.00046552,0,0,1.9974e-05,0,2.0921e-05,0.0011234,0,5.0834e-05,0,0,0,0,0,0,0,0,0,0,0,0,3.4139e-05,0,1.1657e-05,0,0,0,0,0,0.001037,0,0,0.00043911
0.00012633,0,0,0,0,0,0,0,0,0,0,0,0,0,0.029513,0.00040372,0,1.5266e-05,0.00024937,0,0,0,0,0.0002218,0,0,0,0,0,2.2002e-05,0.0037825,9.378e-05,0,0.00051817,0.00016467,4.7407e-05,0,0,0,0.0028586,0,0.00053442,0,0,3.057e-05
0.00016811,0,0,0.0016531,0,0,0,0,0,0,0,0,0,0,0,0,0,1.2893e-05,0,0,0,0,0,0,0,0,0.0001773,8.0211e-05,0,0,0.00012136,0.00013596,0,0,0,0,0,0.025355,0,0,0.0030014,0,0.00059736,0,0
0.00023661,0,0.001796,0,0,0,0,0,0,0,0,0,0,0.0079153,0,0,0,0,0,0,0,0,0.010283,0,0,0,0,0,0,0,0,0,0.0062194,0,0,0,0,0,0,0,0.0049593,0,0,0,0
0.00022283,0,0.0016827,0,0,0,0,0.00039146,0,0,0,0,0,0.0085844,0,0,0,0,0,0,0,0,0,0,0,0,0,0,0,0,0,0,0.001374,0,0,0,0,0,0.014076,0,0.0082861,0,0,0.015545,0
0,0,0.0010229,0,0.019742,0,0,0,0.008567,0,0,0,0,0,0,0,0,0,0,0,0,0,0,0,0,0.022384,0,0,0,0,0,0,0,0,0,0,0,0,0,0,0.0004475,0,0,0,0
0,0,0,0,0,0,0,0,0,0,0,0,0,0,0,0,0,0,0,0,0,0,0,0,0,0.0086844,0,0,0,0,0,0,0,0,0,0,0,0,0,0,0,0,0,0,0
0,0,0,0,0,0,0.010847,0,0,0,0,0,0,0,0,0,0,0,0,0,0,0,0,0,0,0,0,0,0,0,0,0,0,0,0,0,0,0,0,0,0,0,0,0,0
0,0,0,0,0,0,0,0,0,0,0,0,0,0,0,0,0.00020124,0,0,0,0,0,0,0,0,0,0,0,0,0,0,0,0,0,0,0,0,0,0,0,0,0,0,0,0
0,0,0,0,0,0,0,0,0,2.9162e-06,0.0028225,0,0,0,0,0,0.0033334,0,0,0,0,9.3889e-06,0,0,0,0,0,0,2.8181e-05,0,0,0,0,0,0,0,1.1743e-05,0,0,0,0,0,0,0,0
0.00014308,0.00024771,0,0,0,0.00021736,0,0,0,0.0013163,0,8.009e-05,0.00091048,0,0.057648,0,0,1.4541e-05,0.0010294,0,5.4163e-05,2.8551e-05,0,0,0,0,0,0,2.2031e-05,0,0,0,0,0,0,0,0,0,0,0,0,0.0016598,0,0,0
0.00013499,0.0013155,0,0,0,0.00022542,0,0,0,0,0,0,0,0,0.025897,0.00090643,0,0.00030342,0.0011521,0,0.00021479,0,0,0.00019938,0,0,0,0,0,0.00015101,0.0024863,0,0,0.0022049,8.0925e-05,8.4812e-05,0,2.8653e-05,0,0.020497,0,0.003481,0,0,0.0019602
0.0005242,0,0,0.012223,0,0,0,0,0,0,0,0,0,0,0,0.00043864,0,0.00017264,0.00071949,0,0,0,0,0.00091969,0,0,0.0015037,0.00044507,0,0.00030066,0.011927,0.0048911,0,0,0.0038333,0.00071474,0,0.10807,0,0,0.0008066,0,0.00063183,0,0
0.0016182,0,0.014308,0.014188,0,0,0,0,0,0,0,0,0,0.040494,0,0,0,0.00028221,0,0,0,0,0.10604,0,0,0,0,0.00018711,0,0.00031944,0,0,0,0,0,0,0,0,0,0,0.050368,0,0.0026653,5.6749e-06,0
0.003621,0,0.0018999,0,0,0,0,0.0023293,0,0,0,0,0,0,0,0,0,0.00015741,0,0,0,0,0,0,0,0,0,0,0,0,0,0,0.091048,0,0,0,0,0,0.049968,0,0.016444,0,0.00071683,0.11887,0
0.0066342,0,0,0,0.12558,0,0,0.021489,0.032586,0,0,0,0,0,0,0,0,0,0,0,0,0,0,0,0,0.075444,0,0,0,0,0,0,0,0,0,0,0,0,0,0,0,0,0,0.3373,0
0.0013261,0,0,0,0,0,0,0,0.020244,0,0,0,0,0,0,0,0,0,0,0,0,0,0,0,0,0,0,0,0,0,0,0,0,0,0,0,0,0,0,0,0,0,0,0,0
0,0,0,0,0,0,0.1038,0,0,0,0,0,0,0,0,0,0,0,0,0,0,0,0,0,0,0,0,0,0,0,0,0,0,0,0,0,0,0,0,0,0,0,0,0,0
0,0,0,0,0,0,0,0,0,0,0,0,0,0,0,0,0,0,0,0,0,0,0,0,0,0,0,0,0,0,0,0,0,0,0,0,0,0,0,0,0,0,0,0,0
0,0,0,0,0,0,0,0,0,0,0.0010727,0,1.5724e-05,0,0,0,0.0072573,0,0,0,0,0,0,0,0,0,0,0,0,0,0,0,0,0,0,0,2.3943e-05,0,0,0,0,0,0,0,0
0,0,0,0,0,1.3997e-05,0,0,0,0.0011649,0.012879,1.6804e-05,0.0010081,0,0.064027,0,0.0043185,0,0.00040542,2.1421e-05,0,7.3645e-05,0,0,0,0,0,0,0.00024014,0,0,0,0,0,0,0,3.3845e-05,0,0,0,0,0,0,0,0
0.00062031,0.0052592,0,0,0,0.0022565,0,0,0,0.0053444,0,0.001911,0.00021143,0,0,0.00033982,0,0.00012854,0.0031909,0.00020374,0.00067756,0.00010194,0,0,0,0,0,0,0.0010445,0,0,0,0,0.0016614,0,0,0,0.011046,0,0.01489,0,0.010592,0,0,0.0017474
0.0067772,0.0051207,0,0.00025857,0,0.004177,0,0,0,0,0,0.018669,0,0.0039062,0,0.00414,0,0.0015689,0.011526,0,0.0017767,0,0,0.0048456,0,0,0.0012986,0,0.015051,0,0.048071,0.0012517,0,0.014775,0.0039516,0.0012914,0,0.084008,0,0.074111,0,0.010644,0,0.0039519,0.0068015
0.0047339,0,0,0.387,0,0,0,0,0,0,0,0,0,0.027225,0,0.0049679,0,0.008129,0.015664,0,0,0,0.30552,0.051551,0,0,0.01195,0.0021912,0.056853,0.002334,0,0.03893,0,0.0072439,0.088827,0.049464,0,0,0,0,0.20393,0.00027575,0.0011043,0.19021,0
0.022252,0,0.058586,0,0,0,0,0,0,0,0,0,0,0,0,0,0,0.0046718,0,0,0,0,0,0.043576,0,0,0.0058204,0.0045084,0,0.010697,0,0.01953,0.312,0,0,0,0,0,0.093962,0,0.24684,0,0.10949,0.18101,0
0.18547,0,0,0,0.30181,0,0,0.20448,0.00091153,0,0,0,0,0,0,0,0,0.082631,0,0,0,0,0,0,0,0.16292,0,0,0,0.3861,0,0,0,0,0,0,0,0,0,0,0,0,0.073398,0,0
0.20998,0,0,0,0.056716,0,0,0,0.20192,0,0,0,0,0,0,0,0,0,0,0,0,0,0,0,0,0.024501,0,0,0,0.22793,0,0,0,0,0,0,0,0,0,0,0,0,0,0,0
0,0,0,0,0,0,0.33051,0,0,0,0,0,0,0,0,0,0,0,0,0,0,0,0,0,0,0,0,0,0,0,0,0,0,0,0,0,0,0,0,0,0,0,0,0,0
0,0,0,0,0,0,0,0,0,0,0,0,0,0,0,0,0,0,0,0,0,0,0,0,0,0,0,0,0,0,0,0,0,0,0,0,0,0,0,0,0,0,0,0,0
0,0,0,0,0,0,0,0,0,0,0,0,5.965e-06,0,0,0,0.0028106,0,0,0,0,0,0,0,0,0,0,0,0,0,0,0,0,0,0,0,0,0,0,0,0,0,0,0,0
0,0,0,0,0,0,0,0,0,8.9696e-05,0.016029,0,0,0,0.001128,0,0.018187,0,0,0,0,0,0,0,0,0,0,0,0,0,0,0,0,0,0,0,0.00016732,9.5061e-06,0,0,0,0,0,0,0
0,0,0,0,0,0,0,0,0,0.010672,0.13085,0,0.002665,0,0.0014021,0,0.021302,0,0.000207,0.00030553,0,0.00020584,0,0,1.832e-05,0,0,0,0,0,0,0,0,0,0,0,0.00050734,0.00088506,0,0,0,0,0,0,0
0.00044242,0.015182,0,0,0,0.013871,0,0,0,0.015069,0.41637,0.020987,0.0013966,0.045215,0.31587,0.00017916,0.39331,0,0.0073994,0.0016301,0.0010662,0.00098149,0,0,0,0,0,0,0.055673,0,0.0027196,0,0,0,0,0,0.00074687,0.013396,0,0.20245,0,0.022477,0,0.11668,0.0010159
0.014632,0.064112,0,0.45849,0,0.054071,0,0,0,0.0013171,0,0.57791,0,0.038647,0.22277,0.0076132,0.31953,0.0026841,0.069758,0.0017868,0.0075269,0.0025853,0.40741,0.040333,0,0,0,0,0.71995,0,0.10323,0.0014373,0.0027518,0.091337,0.036725,0.016424,0,0.60355,0,0.097572,0.11972,0.069542,0,0,0.019799
0.36421,0.062328,0.034746,0,0,0.075686,0,0,0,0.6078,0,0,0,0,0,0.032164,0,0.067526,0.52136,0,0.017399,0.0058225,0,0.6916,0,0,0.033985,0.0027582,0,0.24002,0.13464,0.16133,0.47973,0.43881,0.20172,0.27736,0,0,0.016893,0,0.25175,0.12509,0.011392,0,0.03215
0.06099,0,0.17033,0,0.28484,0,0,0.034365,0,0,0,0,0.011403,0.078756,0,0.058689,0,0.56903,0.047851,0,0.041946,0.020581,0,0,0,0.036698,0.54576,0.024001,0,0.049559,0,0.47836,0,0.20408,0.42067,0.44464,0.00040449,0,0.00575,0,0,0.092926,0.58903,0,0.06588
0,0,0,0,0.11689,0,0,0.51832,0.030559,0,0,0,0.4729,0.27249,0,0.14339,0,0,0,0,0.1041,0.0054956,0,0,0,0.53652,0.17013,0.037008,0,0,0,0,0,0,0,0,0.3577,0,0.23714,0,0,0.061246,0,0,0.23071
0,0,0,0,0,0,0.39676,0,0.48035,0,0,0,0,0.25254,0,0.1194,0,0,0,0,0,0,0,0,0,0,0,0.5662,0,0,0,0,0,0,0,0,0.098299,0,0.38573,0,0,0,0,0,0
0,0,0,0,0,0,0,0,0,0,0,0,0,0,0,0,0,0,0,0,0,0,0,0,0,0,0,0,0,0,0,0,0,0,0,0,0,0,0,0,0,0,0,0,0
0,0,0,0,0,0,0,0,0,0,0,0,0,0,0,0,0,0,0,0,0,0,0,0,0,0,0,0,0,0,0,0,0,0,0,0,0,0,0,0,0,0,0,0,0
0,0,0,0,0,0,0,0,0,0,0,0,0,0,0,0,0.0021257,0,0,0,0,0,0,0,0,0,0,0,0,0,0,0,0,0,0,0,0,6.297e-06,0,0,0,0,0,0,0
0,0,0,0,0,0,0,0,0,0,0.0018485,0,0,0,0.081594,0,0.019117,0,0,0,0,0,0,0,5.2856e-05,0,0,0,0,0,0,0,0,0,0,0,0,0,0,0,0,0,0,0,0
0,0,0,0.10307,0,0,0,0,0,0,0.41643,0.025724,0.00039343,0.0028106,0.1948,0,0.20585,0,0,0,0,0,0,0.055827,0.00028012,0,0,0,0.15112,0,0,0,0,0,0,0,0.00023084,0.096975,0,0,0,0,0,0.026022,0
0.015479,0,0,0.02293,0,0,0,0,0,0,0,0.3547,0.00054934,0.028098,0,0,0,0,5.9022e-05,0.0011941,0,0,0.17048,0.10942,0.0010082,0,0,0,0,0.055062,0,0,0.090913,0.23912,0,0,0.00074284,0.054624,0.00012232,0.24446,0.093068,0,0,0,0
0.099539,0.079382,0,0,0.01171,0.10404,0,0,0,0.35657,0,0,0.0067378,0.069938,0,0,0,0.029317,0.31664,0.0092166,0,0,0,0,0.0033321,0,0,0,0,0.027462,0.15722,0,0.015695,0,0.15948,0.043351,1.5476e-05,0,0,0.34302,0,0.0040263,0.14636,0,0
0,0.7668,0.058826,0,0.082163,0.74538,0,0,0,0,0,0,0.10931,0.035229,0,0,0,0.23333,0,0.023753,0,0,0,0,0.0096312,0.00045325,0.22936,0,0,0,0.53521,0.29402,0,0,0.084492,0.1666,0,0,0,0,0,0.090125,0.064461,0,0
0,0,0.22176,0,0,0,0,0.21852,0,0,0,0,0.39199,0.086335,0,0.055809,0,0,0,0.039556,0.08065,0.026836,0,0,0.040235,0.13143,0,0,0,0,0,0,0,0,0,0,0.54112,0,0.19579,0,0,0.50541,0,0,0.61027
0,0,0.43353,0,0,0,0.1578,0,0.22427,0,0,0,0,0,0,0.57141,0,0,0,0.92233,0.74454,0.93698,0,0,0.94544,0,0,0.36262,0,0,0,0,0,0,0,0,0,0,0,0,0,0,0,0,0.028719
