0.67065,0.56932,0.18734,0.50095,0.40856,0.36983,0.50952,0.19114,0.0027591,0.039365,0.93479,0.79166,0.54487,0.60413,0.01312,0.7336,0.0062099,0.69313,0.53587,0.33104,0.0076313,0.42664,0.30176,0.26227,0.29983,0.42742,0.0060157,0.82488,0.00996,0.29646,0.73728,0.33977,0.33253,0.7814,0.43444
0.018675,0.020193,0.014704,0.0049062,0.018055,4.0054e-05,0.022786,0.010868,0.35575,0.24716,6.4741e-05,0.018626,0.014459,0.00019362,0.39587,0.02333,0.37702,6.7588e-05,4.1762e-05,0.0078634,0.3009,0.015832,1.056e-05,0.0029463,0.018938,0.0028465,0.24623,0.034332,0.39877,0.25462,0.01516,0.10094,0.029184,0.0037464,0.00058482
0.00043605,0.01168,0,0.022543,0.026928,0.072821,0.0049495,0.0057111,0.0052176,0.24496,4.7092e-05,0.0039215,0.006512,0.00026126,3.0224e-05,0.011773,7.8232e-05,9.8699e-06,0.0023484,0.0011403,0.17134,0.033582,9.1646e-05,0.001792,0.13112,0.057657,0.020486,0.027018,0.0017799,0.17322,0.014693,0.0538,0.041982,0.0042639,1.3459e-05
0.029229,0.019461,0.0356,0.0092157,0.036038,6.1369e-06,0.019249,0.0039398,0.01656,0.091942,0.0014035,0.0217,0.0079187,0.047078,0.17499,0.022454,0.10161,0.0058999,0.014234,0.0088189,0.033107,0.02593,0.0011391,0.17787,0.00067594,0.0010605,0.15986,0.016435,0.13391,0.18535,0.011438,0.064738,0.03761,0.0068465,0.0048261
0.034855,0.020756,0.29478,0.12534,0.14132,0.11308,0.19126,0.47764,0.067615,0.2293,0.033418,0.015782,0.035904,0.15928,0.044666,0.053195,0.24236,0.014829,0.12487,0.031355,0.21365,0.39086,0.52774,0.54024,0.25753,0.26349,0.4186,0.025724,0.21436,0.06829,0.075359,0.22213,0.06785,0.10134,0.004829
0.119,0.04197,0.2845,0.14757,0.16142,0.10555,0.16452,0.22976,0.15224,0.11491,0.026102,0.032321,0.33271,0.18253,0.13852,0.12824,0.11694,0.11933,0.2299,0.31674,0.07319,0.055941,0.165,0.011966,0.28736,0.18847,0.0055444,0.031076,0.069778,0.0084694,0.12384,0.1839,0.43059,0.082465,0.025104
0.016169,0.012873,0.025935,0.017497,0.040897,0,0.015937,0.002403,0.11037,0.0086568,0.0012779,0.026209,0.0033838,0.0016772,0.14705,0.013971,0.035038,0.002004,0.0039023,0.0033913,0.11662,0.012618,4.2614e-06,0.0012815,0.00011382,0.0016944,0.13518,0.0045772,0.16192,0.0045004,0.0049779,0.016245,0.030166,0.0018084,0.0012198
0.0014941,0.012496,0,0.0052773,0.035907,0.041916,0.004058,0.0014645,0.0896,0.0083353,9.005e-05,0.00049727,0.0033184,0.0005405,2.9303e-05,0.0041482,0.00070307,0.00015013,0.0063564,0.00053843,0.043298,0.0075942,0,0.00065096,0.0013416,0.018437,0.0069315,0.0037261,0.00039447,0.0015729,0.0054017,0.0091836,0.009318,0.0018855,5.4146e-05
0.0087078,0.011728,0.019985,0.014847,0.013112,7.851e-05,0.010965,0.0108,0.18998,0.012887,1.071e-06,0.01831,0.0048826,0.00040963,0.08457,0.0045402,0.11441,0.00066611,0.0070255,0.0077972,0.030422,0.01218,0.0002366,0.00031408,0,0.0003596,0.0008622,0.016417,0.0055655,0.004637,0.00703,0.0091748,0.018338,0.0071947,0.0014628
0.10078,0.27953,0.13715,0.15185,0.11776,0.29667,0.05675,0.066277,0.0099154,0.0024754,0.0028061,0.070974,0.046044,0.0038988,0.0011634,0.0047486,0.0056324,0.16391,0.07545,0.29132,0.0098382,0.018816,0.0040206,0.00066551,0.0030884,0.038571,0.00028984,0.015813,0.0035637,0.0028878,0.0048194,0.00011322,0.0024264,0.0090479,0.52747
0.01016,0,0,0,0.030214,0.28949,0,7.0517e-05,1.5133e-05,1.5474e-06,4.9474e-05,0.001955,0.13147,0.028033,0,0.028882,0,0.00026677,0.014991,0.050232,0,3.0077e-05,0,0,0,0,0,0,0,0,0.016139,3.4738e-05,0.0013444,0.00038499,0
0.38184,0,2.4684e-06,0,0.089146,0.15041,0,0.00023295,0.00099037,0.00050473,0.0003822,0.00040439,0.72737,0.63497,0,0.86071,0.0022105,0.011623,0.25638,0.47008,0,0.0006418,0,4.837e-06,0,2.8109e-06,0,0,5.4342e-07,0,0.83951,0.0001544,0.0035748,0.80633,1.2865e-06
0.073288,0,0.00049293,0,0.30428,0.2565,5.5737e-06,0.0026817,0.03595,0.002413,0.0045996,7.8742e-05,0.027958,0.27212,0.003383,0.027113,0.052319,0.71734,0.12914,0.040221,0,0.0053875,0,0.00015625,0,2.6484e-05,0.0067534,0,6.1442e-06,0,0.027293,0.00039648,0.029155,0.021896,0.50901
0.0084432,0,0.27316,0,0.17742,0.023956,0.0043136,0.005054,0.25207,0.021105,0.98162,0.5878,0.03473,0.030858,0.04651,0.02636,0.39374,0.020225,0.011656,0.041908,0.032542,0.018297,0,0.042524,9.2132e-07,0.0015171,0.12071,0,9.7606e-05,0,0.017083,0.0022054,0.17713,0.039172,1.4626e-06
0.002095,0.14644,0.23492,0,0.030695,0.026293,0.3846,0.11774,0.17059,0.33157,0.0022963,0.047173,0.027524,0.017045,0.33745,0.018251,0.37816,0.028971,0.0064257,0.05631,0.20139,0.47493,0,0.28555,0.017536,0.47249,0.23844,3.6442e-06,0.0011562,0,0.015431,0.0032249,0.24269,0.030425,0.00046978
0.00067704,0.0056717,0.18957,0,0.033652,0.013431,0.35724,0.35945,0.15663,0.30173,0.0045788,0.0021894,0.022357,0.0074346,0.37311,0.034678,0.092352,0.01346,0.11467,0.047733,0.30559,0.17596,0.001772,0.22125,0.26222,0.18802,0.22383,2.7025e-05,0.0088122,0.39225,0.033215,0.39528,0.20049,0.023749,0.015795
0.00059308,0.01287,0.19256,0.00081549,0.028925,0.2399,0.13637,0.14474,0.13291,0.21076,0.003698,0.00090321,0.017409,0.0050108,0.15943,0.002474,0.054775,0.013313,0.29656,0.034532,0.20142,0.15647,0.28934,0.19794,0.26456,0.30089,0.16296,0.0010406,0.07524,0.35609,0.042388,0.24245,0.17467,0.065256,0.46783
0.12641,0.0050401,0.098178,0.92421,0.0096399,7.0597e-06,0.052008,0.11299,0.11392,0.13171,0.0016911,0.063995,0.010055,0.0018558,0.076188,0.00062378,0.019058,0.0062138,0.14076,0.018947,0.12184,0.16548,0.3202,0.18761,0.20961,0.037061,0.12991,0.036454,0.45438,0.18201,0.0070458,0.18786,0.12924,0.009743,0.0021704
0.37529,0.68198,0.011119,0.053986,0.16119,1.636e-05,0.031723,0.10825,0.1023,0.00013686,0.00057633,0.22391,0.00095309,0.0002014,0.0039204,0.00024723,0.0067666,0.18858,0.0038469,0.0078185,0.10483,0.0023032,0.26958,0.051931,0.22217,5.9709e-07,0.086513,0.90013,0.26204,0.068124,0.00047666,0.13622,0.0417,0.00205,0.0016261
0.02121,0.148,1.3425e-06,0.020992,0.13483,0,0.033739,0.14879,0.03463,5.3826e-05,0.00051052,0.071596,0.00017734,0.0024681,0,0.00066077,0.00061791,5.3905e-06,0.025574,0.23222,0.032386,0.00050807,0.11911,0.013026,0.023909,0,0.030885,0.062345,0.19827,0.0015204,0.0014185,0.032157,1.2199e-05,0.00099773,0.0031004
0.11423,0.14166,0.070039,0.22068,0.15474,0.12722,0.18425,0.077894,0.14249,0.089425,0.13621,0.19776,0.13157,0.12995,0.23183,0.13724,0.22901,0.12566,0.13632,0.083774,0.11811,0.10541,0.17579,0.09651,0.096493,0.20044,0.096404,0.18826,0.19156,0.11561,0.16455,0.086237,0.11359,0.142,0.14566
0.12216,0.14242,0.063506,0.16979,0.14331,0.1034,0.1403,0.06077,0.15675,0.08478,0.16608,0.16094,0.13227,0.10352,0.16402,0.14372,0.16959,0.11087,0.13449,0.090395,0.14497,0.09952,0.13281,0.089169,0.089852,0.15466,0.10888,0.15594,0.15107,0.12509,0.12642,0.09511,0.10321,0.15056,0.13916
0.14637,0.12606,0.069015,0.16707,0.096643,0.11268,0.12553,0.094038,0.12293,0.12928,0.11812,0.164,0.11778,0.12292,0.17713,0.12569,0.17873,0.1204,0.12188,0.14157,0.13902,0.093599,0.12245,0.07741,0.092961,0.10191,0.074782,0.19008,0.1579,0.1224,0.12464,0.10657,0.070467,0.15546,0.13839
0.13866,0.12325,0.064258,0.12504,0.073245,0.12798,0.10346,0.22983,0.1251,0.12598,0.16421,0.13204,0.079658,0.10436,0.15365,0.12312,0.10436,0.097436,0.097221,0.1468,0.082328,0.086598,0.095411,0.081387,0.055597,0.061234,0.065415,0.11273,0.091294,0.109,0.14829,0.096629,0.056507,0.11293,0.11675
0.12891,0.082176,0.067536,0.087417,0.051188,0.068906,0.074393,0.17173,0.18522,0.063997,0.14523,0.10714,0.032922,0.061244,0.070499,0.084649,0.066979,0.10953,0.067328,0.069135,0.089421,0.070504,0.21962,0.074538,0.058951,0.029571,0.063624,0.073998,0.060175,0.10795,0.11041,0.086697,0.038599,0.086202,0.10284
0.10987,0.10593,0.051944,0.058856,0.042311,0.064701,0.042034,0.16364,0.24933,0.067342,0.11162,0.080987,0.080501,0.041148,0.034547,0.06465,0.10488,0.13486,0.052456,0.061881,0.064361,0.046832,0.22919,0.061645,0.041787,0.19996,0.049626,0.070719,0.18161,0.13711,0.064368,0.051647,0.021839,0.065413,0.097042
0.15288,0.08563,0.046029,0.057449,0.043476,0.031174,0.027267,0.17618,0.018185,0.076335,0.081715,0.051623,0.17557,0.27553,0.1636,0.088226,0.12842,0.09044,0.2658,0.055081,0.042816,0.18045,0.0246,0.043883,0.19671,0.24756,0.052416,0.056856,0.14897,0.14757,0.075558,0.041518,0.0077468,0.041125,0.083066
0.055131,0.065931,0.30109,0.042774,0.030491,0.23337,0.030185,0.016945,0,0.17856,0.067983,0.0042079,0.10946,0.11525,0.0033005,0.068439,0.017772,0.067781,0.10513,0.049699,0.15791,0.22678,0.00013748,0.45038,0.36156,0.0037132,0.23296,0.059095,0.014822,0.077207,0.065831,0.3345,0.38614,0.051401,0.072346
0.025571,0.061928,0.23267,0.056741,0.18334,0.1043,0.097555,0.0053096,0,0.17497,0.0086383,0.011211,0.075074,0.045114,0.00059636,0.10545,0.0002524,0.026926,0.019287,0.08984,0.12854,0.055718,0,0.022107,0.0060894,0.00095859,0.23371,0.072773,0.0011776,0.054875,0.01789,0.089252,0.16938,0.10625,0.042544
0.0062111,0.065012,0.033911,0.014184,0.18125,0.026273,0.17503,0.0036569,0,0.0093314,0.00018972,0.090083,0.065188,0.00096479,0.00083352,0.058814,0,0.11609,7.7271e-05,0.21183,0.032519,0.034589,0,0.0029736,0,0,0.02218,0.019548,0.0014211,0.0031826,0.10205,0.011844,0.03253,0.088651,0.062205
0.11858,0.82831,0.64917,0.77773,0.15054,0.048129,0.26822,0.39133,0.51489,0.34738,0.014428,0.034184,0.25139,0.14046,0.52452,0.64757,0.42232,0.010084,0.14968,0.6005,0.34164,0.46504,0.40317,0.30824,0.18541,0.34639,0.53138,0.038592,0.21654,0.27493,0.038035,0.086974,0.15824,0.039247,0.018444
0.48056,0.0061898,0.22904,0.10727,0.40498,0.70767,0.16459,0.45163,0.39009,0.48098,0.40348,0.084545,0.36912,0.54686,0.24166,0.0926,0.17602,0.04285,0.50635,0.12444,0.25988,0.23371,0.43794,0.60191,0.50963,0.35959,0.31454,0.80251,0.33291,0.20155,0.068377,0.20637,0.47049,0.089975,0.40681
0.31073,0.057223,0.078044,0.042782,0.34151,0.14653,0.41308,0.096131,0.067594,0.12276,0.50324,0.79547,0.18043,0.099524,0.13894,0.17444,0.26468,0.58511,0.12019,0.2127,0.2991,0.18862,0.15382,0.076641,0.24757,0.19135,0.10108,0.045649,0.34783,0.18695,0.67646,0.52612,0.14107,0.77246,0.54219
0.031733,0.074913,0.01746,0.033061,0.066316,0.052894,0.11359,0.034819,0.020959,0.014471,0.05913,0.064929,0.062869,0.16234,0.045751,0.040914,0.13384,0.30538,0.15762,0.02764,0.065593,0.077705,0.0049517,0.011627,0.054015,0.017931,0.03096,0.066416,0.076847,0.21254,0.14469,0.13162,0.13117,0.05678,0.019957
0.048173,0.025762,0.021061,0.035522,0.033222,0.032679,0.031383,0.022165,0.0064551,0.019731,0.012724,0.019935,0.096247,0.050063,0.020292,0.031211,0.0018068,0.054249,0.066033,0.022598,0.032346,0.033034,3.1072e-05,0.00066563,0.0032751,0.038214,0.020686,0.038278,0.020009,0.11442,0.041198,0.038044,0.068602,0.032773,0.012063
0.010214,0.0076062,0.0046029,0.0036375,0.0034375,0.012091,0.0091421,0.0039183,1.3753e-05,0.014371,0.0069898,0.00063771,0.031089,0.00071832,0.025142,0.0075789,0.00025527,0.0022895,0.00012261,0.0095317,0.0014297,0.0018988,8.0736e-05,0.00089561,9.9283e-05,0.044785,0.0013449,0.0083306,0.0057169,0.0088841,0.021651,0.010866,0.029783,0.0082242,0.000538
1.4252e-05,0,0.00061515,0,0,0,0,0,0,0.00030582,7.4135e-06,0.00030336,0.0071388,3.5125e-05,0.0036979,0.005576,0.0010242,3.2382e-05,8.7696e-06,0.0025983,1.7146e-05,0,0,1.632e-05,0,0.0014038,0,0.00022851,0.00015018,0.00072713,0.0095918,4.0002e-06,0.00063983,0.00054326,0
0,0,0,0,0,0,0,0,0,0,0,0,0.0017236,0,0,0.00010565,5.2834e-05,0,0,0,0,0,0,0,0,0.00033733,0,0,0,0,0,0,7.1577e-07,0,0
0,0,0,0,0,0,0,0,0,0,0,0,0,0,0,0,0,0,0,0,0,0,0,0,0,0,0,0,0,0,0,0,0,0,0
0,0,0,0,0,0,0,0,0,0,0,0,0,0,0,0,0,0,0,0,0,0,0,0,0,0,0,0,0,0,0,0,0,0,0
0,0.82202,0.35174,0.59228,0,0,0,0,0.25824,0,0,0,0.039715,0,0.0054759,0.49177,2.9549e-05,0,0,0.48562,0.075384,0.21745,0.01197,0,0,0,0.089992,0,0,0.1254,0,7.2007e-05,0,0,0
0.55446,0.004359,0.64641,0.36622,0.73524,0.78856,0.41606,0.99864,0.74176,0.98978,0.12096,0.01815,0.58358,0.67326,0.99452,0.32197,0.99699,0,0.68124,0.21543,0.62745,0.68747,0.98798,0.99924,0.85459,0.99476,0.90977,0.82466,0.8752,0.27638,0.028332,0.2941,0.70527,0.026093,0.37376
0.4229,0.063677,0.0018487,0.041491,0.26476,0.14726,0.58394,0.0013632,0,0.0089382,0.87894,0.91625,0.25056,0.29573,7.9058e-06,0.18626,0.0029808,0.8651,0.29904,0.29842,0.29716,0.091345,4.9092e-05,0.00076168,0.14541,0.0052444,0.00023786,0.13535,0.12422,0.51181,0.88512,0.70582,0.29472,0.96864,0.62481
0.021664,0.091337,1.3425e-06,0,0,0.064187,0,0,0,0.0012836,9.9211e-05,0.063459,0.12615,0.03101,0,0,0,0.1349,0.01972,0.00052204,9.1716e-06,0.0037368,0,0,0,0,0,0.039987,0.00058084,0.08557,0.086545,7.2881e-06,1.0724e-05,0.0052672,0.0014343
0.00097813,0.018608,0,0,0,0,0,0,0,1.713e-06,0,0.0021376,0,0,0,0,0,0,0,0,0,0,0,0,0,0,0,0,0,0.00084899,0,0,0,0,0
0,0,0,0,0,0,0,0,0,0,0,0,0,0,0,0,0,0,0,0,0,0,0,0,0,0,0,0,0,0,0,0,0,0,0
0,0,0,0,0,0,0,0,0,0,0,0,0,0,0,0,0,0,0,0,0,0,0,0,0,0,0,0,0,0,0,0,0,0,0
0,0,0,0,0,0,0,0,0,0,0,0,0,0,0,0,0,0,0,0,0,0,0,0,0,0,0,0,0,0,0,0,0,0,0
0,0,0,0,0,0,0,0,0,0,0,0,0,0,0,0,0,0,0,0,0,0,0,0,0,0,0,0,0,0,0,0,0,0,0
0,0,0,0,0,0,0,0,0,0,0,0,0,0,0,0,0,0,0,0,0,0,0,0,0,0,0,0,0,0,0,0,0,0,0
0.61248,0.85439,0.23983,0.4265,0.48174,0.56272,0.37775,0.17331,0.62456,0.55602,0.74755,0.81962,0.42486,0.40255,0.15349,0.62374,0.096776,0.69547,0.39873,0.59625,0.31727,0.36203,0.4821,0.65924,0.53164,0.41935,0.40368,0.80184,0.2685,0.27188,0.68385,0.54247,0.3777,0.69402,0.85993
0.062741,0.0095384,0.10875,0.25449,0.047725,0.021237,0.089076,0.10182,0.075763,0.14155,0.044238,0.014108,0.075665,0.044356,0.13174,0.023852,0.1101,0.056883,0.053669,0.028465,0.12215,0.078729,0.085854,0.098648,0.098737,0.1002,0.14388,0.019647,0.11897,0.20998,0.045522,0.11561,0.10907,0.03122,0.05782
0.022843,0.0035064,0.060088,0.054087,0.031398,0.0096846,0.052514,0.10022,0.036869,0.084461,0.042488,0.008193,0.050025,0.031329,0.10253,0.015159,0.11565,0.043104,0.039342,0.018536,0.094882,0.079265,0.063804,0.058132,0.059302,0.070309,0.092336,0.019596,0.082993,0.10987,0.027844,0.085641,0.087824,0.023272,0.021007
0.028164,0.00056387,0.060153,0.041248,0.030656,0.0088024,0.051461,0.056375,0.019326,0.038905,0.021182,0.01017,0.027321,0.039259,0.065526,0.010443,0.035011,0.025412,0.045495,0.012995,0.054742,0.033634,0.031839,0.039108,0.047528,0.026667,0.081626,0.0057009,0.061643,0.047253,0.012015,0.05518,0.044393,0.031011,0.0094999
0.021114,0.0034922,0.042285,0.034185,0.02359,0.0046387,0.0064131,0.065566,0.016489,0.036883,0.026378,0.0046795,0.027758,0.017199,0.053747,0.013679,0.047432,0.017441,0.022967,0.012216,0.032227,0.03558,0.013679,0.036522,0.040277,0.057925,0.050921,0.018217,0.041651,0.028186,0.010268,0.041891,0.038784,0.026718,0.0081464
0.0237,0.0011031,0.026203,0.040419,0.014474,0.0016327,0.014241,0.075825,0.032759,0.012849,0.018086,0.0055142,0.024184,0.019872,0.021891,0.010494,0.034509,0.016391,0.026789,0.015168,0.057675,0.041524,0.024787,0.023774,0.028389,0.038798,0.04119,0.0056916,0.058818,0.024391,0.0091715,0.015806,0.027863,0.0081877,0.0051798
0.015591,0.002577,0.026525,0.011708,0.012534,0.0017844,0.00921,0.037764,0.016854,0.0043122,0.0027115,0.0034061,0.011468,0.029092,0.030669,0.011402,0.051169,0.0085994,0.015987,0.0069772,0.046363,0.023389,0.037401,0.0077783,0.028569,0.02325,0.032574,0.0077344,0.047675,0.027681,0.0083601,0.01126,0.035685,0.0078482,0.0063316
0.013595,0.0001392,0.014284,0.0057319,0.010833,0.0061129,0.03488,0.018529,0.011227,0.0077076,0.010334,0.0016473,0.010092,0.019111,0.019426,0.011575,0.02178,0.011867,0.032254,0.007563,0.01166,0.030173,0.019344,0.0054495,0.034282,0.031812,0.027819,0.0035755,0.0090477,0.022011,0.0044739,0.018371,0.023021,0.0041698,0.004967
0.010526,0.0015543,0.018481,0.010105,0.0064009,0.0085616,0.012469,0.027193,0.012557,0.0066731,0.0070326,0.00052333,0.014469,0.015584,0.012919,0.0077954,0.048664,0.015072,0.0080406,0.0092086,0.018294,0.0084224,0.014552,0.0067192,0.013721,0.051169,0.028009,0.0094209,0.032392,0.026676,0.0083583,0.01089,0.01548,0.008363,0.0029817
0.18925,0.12313,0.4034,0.12153,0.34065,0.37482,0.35198,0.3434,0.1536,0.11064,0.080005,0.13214,0.33416,0.38164,0.40806,0.27186,0.4389,0.10976,0.35673,0.29263,0.24473,0.30725,0.22664,0.064624,0.11755,0.18052,0.097967,0.10857,0.27831,0.23207,0.19014,0.10288,0.24018,0.16519,0.024134
0.6169,0.87062,0.31004,0.58887,0.56133,0.68062,0.4058,0.21839,0.34077,0.34142,0.8496,0.85771,0.44921,0.45813,0.24973,0.68173,0.19893,0.80087,0.43871,0.62908,0.33073,0.43309,0.48025,0.5609,0.56492,0.42906,0.45593,0.74297,0.34404,0.22237,0.76006,0.33346,0.47316,0.77453,0.90273
0.046832,0.023333,0.067544,0.067633,0.049396,0.04601,0.061684,0.10871,0.064389,0.14948,0.038133,0.022197,0.091085,0.10846,0.059175,0.057114,0.10977,0.055429,0.08506,0.070307,0.10826,0.077248,0.076757,0.081854,0.077071,0.13988,0.10367,0.068862,0.1072,0.22982,0.036721,0.125,0.073227,0.044558,0.029908
0.040617,0.01068,0.050333,0.08592,0.019099,0.015016,0.041143,0.099663,0.081164,0.081925,0.023097,0.004905,0.067334,0.057258,0.048412,0.019895,0.077982,0.029423,0.07227,0.030192,0.092023,0.050169,0.041906,0.048401,0.046198,0.058182,0.072858,0.046359,0.078019,0.11935,0.024764,0.10045,0.049904,0.022405,0.013813
0.029066,0.0053524,0.041916,0.074072,0.022438,0.0053428,0.062246,0.057376,0.18942,0.051568,0.016468,0.013637,0.024573,0.053269,0.069428,0.034151,0.040118,0.01124,0.059698,0.029359,0.059677,0.06329,0.038413,0.027171,0.026702,0.041173,0.02916,0.028973,0.042571,0.10111,0.015796,0.080118,0.044198,0.029439,0.0070684
0.034635,0.0014151,0.041014,0.024135,0.014187,0.0094677,0.020055,0.043097,0.11636,0.045677,0.011062,0.0036755,0.026295,0.026564,0.035492,0.022305,0.056362,0.009582,0.030427,0.026102,0.048892,0.03283,0.015343,0.016162,0.024383,0.049656,0.028006,0.01212,0.028992,0.089,0.016304,0.047431,0.037075,0.011484,0.0062209
0.016354,0.0049057,0.035305,0.036815,0.021447,0.0087032,0.015115,0.024056,0.035434,0.045946,0.0085714,0.0061107,0.022959,0.022435,0.032059,0.014514,0.047872,0.0081941,0.019111,0.011342,0.04376,0.029199,0.018469,0.025577,0.014103,0.03211,0.019078,0.0035973,0.027106,0.085987,0.0062668,0.044284,0.021019,0.0057184,0.0069311
0.024638,0.0043925,0.017165,0.0090933,0.0039007,0.0011184,0.020302,0.028242,0.024247,0.030682,0.0032929,0.0070916,0.012348,0.015901,0.020527,0.010751,0.043205,0.0043161,0.023623,0.0070738,0.026189,0.029789,0.023032,0.018446,0.0099416,0.033383,0.018796,0.014166,0.022102,0.0697,0.011709,0.043507,0.015119,0.0069213,0.0066422
0.010546,0.00041114,0.017996,0.0087181,0.0051701,0.011653,0.037719,0.028161,0.007373,0.032902,0.0018409,0.00074407,0.022369,0.0046986,0.028557,0.01225,0.030182,0.0059619,0.025404,0.0048009,0.038047,0.017075,0.011617,0.014014,0.017798,0.020326,0.022806,0.0079979,0.023649,0.035,0.0069283,0.019452,0.022138,0.0042467,0.0026006
0.0051692,0.0014777,0.01538,0.0080837,0.0042515,0.00024717,0.009623,0.011744,0.01077,0.032509,0.00010758,0.0025304,0.018464,0.015299,0.016104,0.0065418,0.032388,0.0046278,0.02445,0.0074907,0.012191,0.025607,0.012464,0.012283,0.010229,0.01849,0.013805,0.0061739,0.022654,0.023281,0.0099649,0.024007,0.0090547,0.0090045,0.0014571
0.17524,0.077419,0.4033,0.096662,0.29878,0.22182,0.32632,0.38057,0.13008,0.18789,0.047823,0.0814,0.26537,0.23799,0.44052,0.14075,0.36319,0.070359,0.22125,0.18425,0.24024,0.24171,0.28175,0.19519,0.20866,0.17773,0.23589,0.068776,0.30367,0.024382,0.11148,0.18229,0.25511,0.091692,0.022631
0.83148,0.66844,0.77547,0.74001,0.50318,0.4856,0.52143,0.60432,0.9069,0.79941,0.79208,0.82747,0.61708,0.65486,0.53375,0.69515,0.94185,0.76173,0.60093,0.56453,0.71529,0.76629,0.54428,0.74063,0.6758,0.50224,0.76806,0.76867,0.43708,0.64722,0.7224,0.79927,0.67828,0.68368,0.84019
0.11126,0.09465,0.176,0.14784,0.19313,0.084839,0.34047,0.26789,0.064302,0.11251,0.13483,0.06698,0.14492,0.25403,0.25609,0.14422,0.047255,0.084534,0.29593,0.11833,0.19857,0.14314,0.39941,0.15445,0.16944,0.29413,0.15371,0.10172,0.40903,0.2295,0.15209,0.12174,0.18823,0.079315,0.084167
0.029946,0.062403,0.044528,0.090342,0.18626,0.059661,0.10065,0.12071,0.028642,0.084322,0.060411,0.030473,0.081808,0.086712,0.21016,0.065401,0.010187,0.089058,0.085851,0.078177,0.074632,0.084605,0.056302,0.096268,0.15476,0.19189,0.078226,0.062141,0.13398,0.12066,0.038506,0.078405,0.12882,0.060169,0.061088
0.0043644,0.036186,0.0038583,0.003229,0.04508,0.043929,0.017416,0.0070627,0.00015719,0.0021663,0.012538,0.0063749,0.017789,0.0020239,8.1881e-07,0.012911,0.00070917,0.0026049,0.0037062,0.012429,0.0030829,0.0025543,0,0.0085908,0,0.011716,4.0927e-06,0.01337,0.017874,0.001817,0.031498,0.00055759,0.0044702,0.020349,0.0080693
0.010031,0.035453,7.2343e-05,0.005408,0.0032994,0.024674,0.02004,5.2099e-06,0,0.00020905,0.00013372,0.010601,0.016487,0,0,0.011424,0,0.005444,0,0.006321,0.0030438,0.00082917,3.8066e-06,4.846e-05,0,1.6066e-05,0,0.0063127,0.00012815,0.00075435,0.019487,1.8003e-05,1.1205e-05,0.025,0.0010372
0.011116,0.0070904,7.0148e-05,0.013163,0.002579,0.076425,0,2.2059e-06,0,0.0001561,0,0.017896,0.12192,0,0,0.013057,0,0.015781,0.0039899,0.0073567,0.0031244,0.00015614,5.0803e-07,6.1974e-06,0,0,0,0.0083277,9.3732e-05,4.5191e-05,0.027367,0,1.1954e-05,0.022913,0.0006908
0.0018065,0.016632,6.5458e-07,0,0.013129,0.030675,0,2.7164e-06,0,0.0012256,0,0.040091,0,0.0023792,0,0.0050942,0,0.040848,0.0095977,0.0082515,0.0022526,0.0008281,0,0,0,7.6592e-07,0,0.0353,0.00024994,0,0.0086491,6.5195e-06,0.00011036,0.088391,0.0013918
0,0.079142,0,0,9.4317e-06,0.022012,0,1.2423e-06,0,0,0,0.00011859,0,0,0,0.014727,0,0,0,0.015137,0,0.0016052,0,0,0,0,0,0.0041627,0.0015707,0,0,2.8379e-06,6.5853e-05,0.0025307,0.0022096
0,0,0,0,0.0094671,0.17218,0,2.3051e-06,0,0,0,0,0,0,0,0.038014,0,0,0,0.18946,0,0,0,0,0,1.5182e-05,0,0,0,0,0,0,0,0.0035178,0.00090302
0,0,0,0,0.043865,0,0,0,0,0,0,0,0,0,0,0,0,0,0,0,0,0,0,0,0,0,0,0,0,0,0,0,0,0.01413,0.00024984
0.022291,0.10607,0.0067416,0.025508,0.079716,0.26431,0.0017572,0.0018265,0.0027895,0.0063656,0.0010306,0.039552,0.054835,0.019294,0.20112,0.064917,0.0060237,0.0058764,0.058068,0.25255,0.01021,0.01879,0.021932,0.0099621,0.0074241,0.040687,0.0040662,0.037888,0.053045,0.00042755,0.072527,0.017253,0.0026415,0.039211,0.0046187
0.077092,0.024845,0.033574,0.052426,0.055623,0.073713,0.012788,0.060212,0.015723,0.0042848,0.01324,0.033558,0.20003,0.12393,0.23297,0.033169,0.082655,0.019846,0.18446,0.054604,0.037408,0.042012,0.13513,0.041229,0.054313,0.070993,0.024033,0.014407,0.14916,0.00076282,0.10163,0.035249,0.0081057,0.10585,0.0074339
0.083424,0.01355,0.058732,0.060904,0.07422,0.036073,0.1345,0.12771,0.018612,0.018431,0.045539,0.049592,0.11427,0.27344,0.29867,0.095674,0.20671,0.13115,0.22893,0.03917,0.041589,0.09532,0.176,0.064673,0.053349,0.14534,0.046717,0.045563,0.23545,0.059247,0.032933,0.071934,0.038581,0.034179,0.001939
0.074149,0.019513,0.059129,0.061839,0.060905,0.025601,0.18494,0.19013,0.036347,0.03942,0.03703,0.019053,0.076252,0.13069,0.13293,0.044195,0.3218,0.13068,0.11799,0.016193,0.065394,0.14543,0.23035,0.10709,0.092248,0.16699,0.070383,0.045558,0.16712,0.31815,0.038547,0.15006,0.16869,0.030096,0.0054139
0.081552,0.015852,0.085462,0.078261,0.066683,0.023829,0.22179,0.16767,0.067815,0.12853,0.036628,0.030229,0.03441,0.038015,0.080712,0.064606,0.27896,0.11295,0.036828,0.0079308,0.2137,0.1499,0.22739,0.12801,0.16845,0.13965,0.15045,0.052458,0.1291,0.33278,0.37926,0.37501,0.25784,0.058289,0.035473
0.07809,0.00599,0.10155,0.044176,0.11309,0.022979,0.24314,0.21216,0.097356,0.2228,0.071722,0.041313,0.030389,0.027495,0.030317,0.061439,0.05163,0.33643,0.040598,0.043874,0.23029,0.13292,0.12813,0.17322,0.26245,0.26984,0.25905,0.041765,0.047722,0.067769,0.35879,0.19199,0.18185,0.067936,0.072241
0.11203,0.024575,0.17087,0.050033,0.12041,0.027172,0.19008,0.17189,0.15441,0.28503,0.12803,0.0961,0.091055,0.038439,0.017799,0.073227,0.039506,0.26306,0.034335,0.040357,0.26621,0.13083,0.046077,0.18678,0.211,0.070869,0.26563,0.050555,0.1083,0.059556,0.015872,0.15244,0.086485,0.62978,0.46937
0.21673,0.061243,0.25963,0.028506,0.41593,0.065136,0.011007,0.056421,0.41482,0.22125,0.66678,0.6906,0.21997,0.057159,0.0054816,0.10202,0.012711,0,0.083666,0.068511,0.053595,0.13321,0.034995,0.20884,0.12836,0.095629,0.069354,0.17942,0.1101,0.089514,0.00044282,0.0060607,0.11215,0.034652,0.19221
0.25464,0.10918,0.15355,0.28771,0.01342,0.46118,0,0.011985,0.19213,0.073887,0,0,0.17117,0.29154,3.2233e-06,0.14164,0,0,0.21512,0.17317,0.042942,0.094747,0,0.080196,0.022409,0,0.0563,0.53238,0,0.071801,0,0,0.13919,0,0.21131
0,0.61918,0.070764,0.31064,0,0,0,0,0,0,0,0,0.0076214,0,0,0.31912,0,0,0,0.30364,0.038653,0.056844,0,0,0,0,0.054012,0,0,0,0,0,0.0044696,0,0
0,0.79374,0.19188,0.5546,0.10181,0.13611,0,0,0,0,0,0,0.034089,0,0,0.38009,0,0,0,0.36851,0.056953,0.11215,0,0,0,0,0.087245,0,0,0.0020331,0,0,0.0479,0.014639,0.00029068
0.27054,0.025928,0.16867,0.057814,0.39589,0.67897,0.039713,0.15465,0.213,0.23147,0.067696,0.0027252,0.19571,0.3012,3.7004e-05,0.20049,0,0.046196,0.26006,0.44851,0.026626,0.14336,0.01197,0.27418,0.083437,0.056316,0.042066,0.66204,0,0.093762,0.031484,0.00019073,0.22581,0.010339,0.40028
0.26493,0.13041,0.28944,0.070102,0.24369,0.0251,0.14824,0.090385,0.52387,0.28744,0.7381,0.83307,0.31208,0.076204,0.010559,0.14339,0.049291,0.023633,0.052996,0.03193,0.31407,0.13914,0.091328,0.22216,0.37485,0.13899,0.21943,0.15951,0.17869,0.090116,0.036552,0.061533,0.095618,0.69397,0.47306
0.14255,0.010898,0.089854,0.069453,0.046225,0.029699,0.27768,0.16142,0.11157,0.24064,0.094119,0.052695,0.17426,0.020291,0.02465,0.096099,0.028591,0.59735,0.056684,0.014816,0.26103,0.14112,0.14563,0.11015,0.13718,0.15702,0.32994,0.050601,0.18124,0.061199,0.048842,0.26191,0.13669,0.23635,0.11488
0.085117,0.0038883,0.083431,0.10551,0.047709,0.060389,0.25634,0.16808,0.073579,0.13025,0.044504,0.051793,0.034355,0.078546,0.098356,0.040397,0.11312,0.14729,0.06353,0.008562,0.20606,0.13458,0.18421,0.13607,0.11926,0.34326,0.14494,0.089075,0.14656,0.40327,0.68106,0.29183,0.31455,0.012622,0.0027318
0.092478,0.02751,0.062713,0.073308,0.053341,0.021631,0.19179,0.2339,0.035019,0.0886,0.032888,0.040469,0.036307,0.20845,0.18485,0.050011,0.3388,0.071088,0.18792,0.020506,0.051825,0.16198,0.19453,0.1156,0.12616,0.1354,0.092237,0.037622,0.15829,0.29209,0.061327,0.18571,0.10388,0.014778,0.0012003
0.067941,0.0028843,0.069352,0.050486,0.047288,0.015298,0.074115,0.1501,0.023499,0.012282,0.021801,0.017057,0.10109,0.18966,0.30744,0.051388,0.26917,0.074722,0.21755,0.032929,0.03533,0.078136,0.1993,0.077992,0.092664,0.070918,0.039636,0.00017856,0.14815,0.057535,0.057447,0.11558,0.060321,0.010703,0.0017742
0.043619,0.0027335,0.032803,0.018706,0.044347,0.01644,0.0109,0.040106,0.01522,0.0075281,0.00065899,0.0011405,0.087094,0.11512,0.24924,0.027951,0.17088,0.026431,0.12259,0.044176,0.026522,0.069459,0.12869,0.047143,0.058497,0.067831,0.033738,0.00096691,0.14482,0,0.074637,0.059779,0.011936,0.0047307,0.0025155
0.03083,0.0020108,0.011856,1.3858e-05,0.019483,0.016235,0.0011907,0.0013149,0.0042548,0.0016429,0.00021757,0.00099669,0.02471,0.0098552,0.11255,0.010184,0.029791,0.0094636,0.037213,0.030057,0.02095,0.019569,0.040331,0.016198,0.0072507,0.030264,0.010751,0,0.041945,0,0.0086487,0.022638,0.0032955,0.001418,0.0032339
0.0019967,0,0,0,0.00022075,0.00012716,2.9083e-05,3.3221e-05,0,0.00015181,1.0893e-05,5.7832e-05,0.00030524,0.00067673,0.012317,0,0.00035612,0.0038209,0.0014648,0,0.00063761,0.00050074,0.0040115,0.0005057,0.00069437,3.1468e-06,1.1394e-05,0,0.00030152,0,0,0.00082814,0,0.00045031,2.6954e-05
0.093206,0.26698,0.13714,0.34401,0.19035,0.27982,0.024513,0.12669,0.0016779,0.011185,0.0067392,0.079195,0.055383,0.10667,0.10525,0,0.10375,0.16519,0.11921,0.2415,0.028463,0.33274,0.0051005,0.0039371,0.0036467,0.019765,0.0043199,0.073919,0.020869,0.00068538,0.00054179,0.0096132,0.019811,0.0009756,0.52652
0.016836,0.012407,0.012136,0.018687,0.013642,0.025229,0.039526,0.058632,0.020244,0.06758,0.0010437,0.004395,0.016475,0.029757,0.047427,0.0051476,0.091816,0.0020149,0.037846,0.0031302,0.10279,0.0089279,0.003928,0.022629,0.003343,0.024836,0.019098,0.010168,0.0074427,0.0031849,0.00057712,8.2338e-05,0.013225,9.3233e-05,0.00018992
0.019828,0.042539,0.014262,0.0020536,0.005742,0.024048,0.019364,0.062045,0.047844,0.076736,0.0032288,0.0021167,0.011453,0.062777,0.013873,0.0083432,0.024236,0.0044022,0.042602,0.010057,0.10251,0.017917,0.0068911,0.053945,0.11132,0.020135,0.067129,0.0067109,0.016807,0.20801,0.0021393,0.013826,0.0052613,0.00010315,0.0012261
0.025462,0.0026064,0.041072,0.0048532,0.030696,0.026836,0.059514,0.12348,0.048608,0.080478,0.0015361,0.0074105,0.015841,0.16097,0.067035,0.037665,0.047698,0.011612,0.10687,0.0063179,0.07822,0.06398,0.042883,0.13821,0.026425,0.081666,0.14852,0.022122,0.058964,0.10371,0.0047568,0.015926,0.0097081,0.0017837,0.0061974
0.082643,0.013261,0.2697,0.016967,0.17068,0.056488,0.095099,0.29354,0.11811,0.19149,0.0092335,0.081837,0.14698,0.07355,0.075353,0.047796,0.12047,0.033345,0.073131,0.1403,0.13296,0.30875,0.15093,0.30929,0.36429,0.19657,0.28892,0.0058944,0.15597,0,0.10312,0.19362,0.30784,0.11929,0.00147
0.055109,0.011002,0.34739,0.0076072,0.15556,0.062502,0.13493,0.10253,0.14909,0.10677,0.004894,0.030457,0.13367,0.080354,0.048689,0.038712,0.05514,0.0366,0.10046,0.16086,0.097728,0.15471,0.37426,0.17189,0.15069,0.11761,0.098998,0.003714,0.28773,0,0.067194,0.33071,0.32966,0.073903,0.0012967
0.011282,0.00057172,0.033598,0.005169,0.039607,0.028932,0.12983,0.039688,0.080267,0.024594,0.00023016,0.017757,0.015835,0.035474,0.12906,0.033703,0.011289,0.0065344,0.10836,0.017077,0.12122,0.03796,0.12392,0.06109,0.029555,0.058736,0.10524,0.012101,0.087938,0.0066389,0.056608,0.0091879,0.022434,0.0026729,0.0014729
0.025801,0.043857,0.018988,0.024437,0.0041235,0.02458,0.097015,0.039353,0.10465,0.14648,0.0023447,0.00416,0.011958,0.030693,0.018675,0.039527,0.030168,0.0058642,0.01375,0.010815,0.16135,0.015992,0.035341,0.026614,0.04128,0.046679,0.092808,0.012222,0.033317,0.16256,0.0123,0.052874,0.0028144,0.0049242,0.001269
0.048688,0.010464,0.0058478,0.043492,0.00049425,0.049693,0.085115,0.020741,0.40046,0.21067,0.01731,0.014099,0.024372,0.0062699,0.20954,0.059211,0.35625,0.0091978,0.012876,0.0065334,0.16112,0.0025022,0.025121,0.060739,0.084972,0.047814,0.16716,0.035281,0.21327,0.24519,0.0076432,0.095375,0.0036214,0.0058917,0.00095344
0.62114,0.59632,0.11987,0.53272,0.38911,0.42187,0.31509,0.13331,0.029055,0.084012,0.95344,0.75857,0.56803,0.41348,0.28509,0.7299,0.15918,0.72523,0.3849,0.4034,0.013631,0.056516,0.23162,0.15166,0.18447,0.38619,0.007811,0.81787,0.1177,0.27002,0.74512,0.27879,0.28562,0.79037,0.4594
0.021522,0.023607,0.04074,0,0.10568,0.072525,0.0014476,0.008966,0.0077594,0.0035883,1.9099e-05,0.0092135,0.18088,0,2.192e-05,0,0.012248,0.0063322,0.0006125,0.24313,0.0012235,0.005306,0,0.021754,0.0037273,0,0.00075556,0,0.00023293,0,0.0038875,0.0093831,0.0038544,0.12921,7.3183e-05
0.020165,0.00054881,0.065357,0.0011116,0.029465,0.014294,0.0093154,0.071697,0.013124,0.011684,0.012079,0.0039825,0.042999,0.01114,4.4504e-05,0.0048808,0.021271,0.061967,0.010083,0.014906,0.00048441,0.022051,0.0028447,0.02099,0.027296,4.0847e-05,0.016978,0.00016319,0.00074791,0,0.073689,0.027861,0.0019318,0.029223,0.00059366
0.017395,8.418e-05,0.057999,0.00022558,0.010109,0.003674,0.0021412,0.11447,0.025208,0.0068383,0.0017259,0.0028959,0.019934,0.03426,0.00018649,0.094944,0.026777,0.01074,0.01212,0.014974,0.0012423,0.03866,0.0088496,0.011632,0.01258,0.00028221,0.01177,0,0.0019995,0,0.013941,0.025686,0.0052209,0.0038265,0.0049107
0.018354,9.2927e-05,0.040303,0.0028584,0.0097958,3.9298e-05,0.048701,0.019538,0.049656,0.010258,0.001227,0.0028977,0.026236,0.030701,0.00012531,0.0033711,0.040066,0.0078862,0.01777,0.020016,0.0063407,0.015617,0.0099313,0.059809,0.027855,0.00045877,0.02139,3.6442e-06,0.0015709,8.3422e-07,0.0016719,0.018174,0.0052846,0.00025254,0.0011742
0.0062028,0.0061089,0.040238,0.003167,0.018052,0.0011136,0.037809,0.01384,0.059149,0.035151,0.0020635,0.004212,0.018308,0.01291,0.00035133,0.0032337,0.018096,0.00098091,0.012347,0.015155,0.015474,0.031982,0.008526,0.036861,0.028938,0.0025569,0.025772,0.0022225,0.00043435,1.4466e-06,0.001691,0.038727,0.0088286,0.0017597,0.0011003
0.0034636,0.016013,0.047192,0.010572,0.038124,1.1928e-05,0.023537,0.011084,0.048636,0.10897,0.00069098,0.0036224,0.015391,0.013058,0.00042254,0.0040502,0.025728,0.0016373,0.021544,0.0066206,0.1078,0.033309,0.011985,0.028069,0.059817,0.0024901,0.071203,0.00021349,0.0055146,0.0035681,0.0015683,0.031209,0.023947,0.0012184,0.00090054
0.005564,0.0080604,0.053645,0.0060753,0.037741,0.0033569,0.034888,0.0020516,0.082373,0.076036,0.00089332,0.0066812,0.011237,0.03525,0.014984,0.011139,0.037376,0.0027021,0.047685,0.0099862,0.19497,0.039486,0.030848,0.042588,0.051049,0.013398,0.28971,0.020263,0.056942,0.012203,0.0026136,0.032504,0.034929,0.0031017,0.00037388
0.014129,0.0044395,0.079392,0.023472,0.032641,3.1872e-05,0.062057,0.017185,0.21849,0.23553,0.00034553,0.010545,0.0093677,0.026964,0.13939,0.021054,0.08809,0.004069,0.035207,0.008889,0.15393,0.046569,0.084258,0.092042,0.11969,0.023755,0.20188,0.028185,0.2124,0.14077,0.0061746,0.074723,0.084154,0.0034972,0.00091846
0.042023,0.020421,0.12162,0.044375,0.037585,0.0023081,0.26864,0.073751,0.22822,0.17605,0.0037226,0.038579,0.032673,0.060013,0.15404,0.064471,0.17698,0.056312,0.08614,0.013317,0.10718,0.12145,0.39035,0.32447,0.25671,0.10362,0.13427,0.032343,0.1937,0.29801,0.0069544,0.21717,0.40911,0.0058024,0.0015772
0.85118,0.92063,0.45351,0.90814,0.68081,0.90264,0.51147,0.66742,0.26738,0.3359,0.97723,0.91737,0.64298,0.7757,0.69044,0.79286,0.55337,0.84737,0.75649,0.65301,0.41136,0.64557,0.45241,0.36178,0.41234,0.8534,0.22627,0.91661,0.52646,0.54545,0.88781,0.52456,0.42274,0.82211,0.98838
0.0031015,0.0005812,0.074022,0.002964,0.002935,0.0012031,0.0043142,0.0024216,8.8572e-06,3.9411e-05,3.9821e-05,0.0022185,0.0048326,5.7805e-05,0,0.00079836,0.0060026,0.0001637,0.00054402,0.0013353,0,0.003686,0.0051057,0.0012485,0,0.0057738,3.8523e-07,0.00097357,0.0059589,0,0.0001179,2.667e-05,0.00079658,3.9177e-05,0.00035665
0,0,0.0016376,0,0,4.51e-05,3.4936e-05,0.0018235,0,0.0001333,1.9705e-05,1.9302e-05,0,0,0,0,0,0,0.024743,0.00080853,0,0.00017125,0,0,0.0015802,0,0,0,0,0,0,3.8141e-05,1.1005e-05,0,0.17058
0,0.14628,0.00025629,0,0.0036811,4.3874e-06,0,0,0,0.00010942,0,2.1961e-05,0.0016068,0,0,0,0,0,0.17965,0,0,0,0,0,0,0,0,0,0,0,0,0,0,0,0
0.00059369,0,0,0,0.20204,0.32569,0,0,0,0,1.4856e-05,0.57095,0,0,0,0,0,0.47458,0,0,0,0,0,0,0,0,0,0,0,0,0,0,0,0,0
0.32636,0,0,0,0.00024674,0,0,0,0,0,0,0,0.00038492,0.00055948,0,0,0,0,0,0.015569,0,0,0,0,0,0,0,0,0,0,0,0,0,0,0
0,0,0,0,0,0.00078689,0,0,0,0,0,0,0,0,0,0,0,0,0,0.17475,0,0,0,0,0,0,0,0,0,0,0,0,0,0,0
0,0,0,0,0,0,0,0,0,0,0,0,0,0,0,0,0,0,0,0,0,0,0,0,0,0,0,0,0,0,0,0,0,0,0
0,0,0,0,0,0,0,0,0,0,0,0,0,0,0,0,0,0,0,0,0,0,0,0,0,0,0,0,0,0,0,0,0,0,0
0,0,0,0,0,0,0,0,0,0,0,0,0,0,0,0,0,0,0,0,0,0,0,0,0,0,0,0,0,0,0,0,0,0,0
0.3406,0.42245,0.11143,0.49799,0.19966,0.042107,0.50518,0.18689,0.0027503,0.039083,0.93471,0.21845,0.53805,0.60351,0.01312,0.7328,0.00020728,0.21838,0.33094,0.13858,0.0076313,0.42279,0.29665,0.26102,0.29825,0.42165,0.0060153,0.82391,0.0040011,0.29646,0.73716,0.33971,0.33173,0.78136,0.2635
0.00019451,0,0.006408,0,0.00099859,0,0.020552,0.0013546,0.037714,0.004237,5.9081e-06,0,0.004191,3.208e-05,0.11579,0.00079284,0.052258,6.7588e-05,4.7251e-06,0.001701,0.038996,0.0051423,0,0.00031464,0,0.00069653,0.015212,0,0.0025624,0,0.0011091,0.0023561,0.0079195,9.1233e-06,2.7343e-05
0,0,0,0,0,0,5.9169e-05,0,0.13623,0.0020319,0,0,0,0,0,0.00047709,0.0050581,0,0,0,0,0,0,0,0,0,0,0,0,0,0,0.00014286,8.4609e-05,0,0
0,0,0,0,0.0079832,0,0,0,0.16979,0,0,0.0074177,0,0,0,0,0,0,0,0,0,0,0,0,0,0,0,0,0,0,0,4.9135e-06,0,0,0
0.003351,0,0,0,0.0043481,0,0,0,0,0,0,0,0,0,0,0,0,0,0,0,0,0,0,0,0,0,0,0,0,0,0,0,0,0,0
6.9194e-05,0,0,0,0.0013088,0,0,0,0,0,0,0,0,0,0,0,0,0,0,0,0,0,0,0,0,0,0,0,0,0,0,0,0,0,0
0.0001554,0,0,0,0,0,0,0,0,0,0,0,0,0,0,0,0,0,0,0.00049269,0,0,0,0,0,0,0,0,0,0,0,0,0,0,0
0,0,0,0,0,0,0,0,0,0,0,0,0,0,0,0,0,0,0,0,0,0,0,0,0,0,0,0,0,0,0,0,0,0,0
0,0,0,0,0,0,0,0,0,0,0,0,0,0,0,0,0,0,0,0,0,0,0,0,0,0,0,0,0,0,0,0,0,0,0
0,0,0,0,0,0,0,0,0,0,0,0,0,0,0,0,0,0,0,0,0,0,0,0,0,0,0,0,0,0,0,0,0,0,0
0.014905,0.020193,0.0082965,0.0049062,0.0034161,4.0054e-05,0.0021751,0.0095131,0.012016,0.24089,5.8833e-05,0.011208,0.010268,0.00016154,0.28008,0.022061,0.3197,0,3.7037e-05,0.0056697,0.26191,0.01069,1.056e-05,0.0026317,0.018938,0.00215,0.23102,0.034332,0.3962,0.25462,0.014051,0.09844,0.02118,0.0037373,0.00055747
0,0,0,0,0.0026992,0,0,4.5434e-05,0.0023409,0.014755,2.5052e-05,9.3922e-05,0.0031569,0.00018193,0,0.00095459,0,9.8699e-06,1.3297e-06,0.001053,0.004025,0.0015685,0,0,0.0006651,0.014763,0,0,0.00095441,0,0.0014249,0.012508,0.014749,0.0008067,0
0,0,0,0,6.8894e-06,0,0,0,0,0,0,0,0,0,0,0,0,0,0,0,4.2447e-05,0.0048392,0,0,0,0,1.2292e-05,5.2085e-06,0,0,9.3604e-05,3.8206e-05,0.00027125,0,6.2639e-06
0,0,0,0,0,0,0,0,0,0,0,0,0,0,0,0,0,0,0,0,0.11551,0,0,0,0,0,0,9.6464e-06,1.6573e-05,0,0,0,0,0,0
0,0,0,0,0,0,0,0,0,0,0,0,0,0,0,0,0,0,0,0,0,0,0,0,0,0,0,0,0,0,0,0,0,0,0
0,0,0,0,0.0023988,0.0033488,0,0,0,0,0,0.00011253,0,0,0,0,0,0,0,0,0,0,0,0,0,0,0,0,0,0,0,0,0,0,0
0,0,0,0,0.0033099,0,0,0,0,0,0,0,0,0,0,0,0,0,0,0,0,0,0,0,0,0,0,0,0,0,0,0,0,0,0
0,0,0,0,0,0,0,0,0,0,0,0,0,0,0,0,0,0,0,0,0,0,0,0,0,0,0,0,0,0,0,0,0,0,0
0,0,0,0,0,0,0,0,0,0,0,0,0,0,0,0,0,0,0,0,0,0,0,0,0,0,0,0,0,0,0,0,0,0,0
0,0,0,0,0,0,0,0,0,0,0,0,0,0,0,0,0,0,0,0,0,0,0,0,0,0,0,0,0,0,0,0,0,0,0
0.00043605,0.01168,0,0.022543,0.018513,0.069473,0.0049495,0.0056657,0.0028767,0.23021,2.2041e-05,0.003715,0.0033551,7.9329e-05,3.0224e-05,0.010819,7.8232e-05,0,0.002347,8.7288e-05,0.051759,0.027175,9.1646e-05,0.001792,0.13046,0.042894,0.020473,0.027003,0.00080892,0.17322,0.013174,0.041253,0.026961,0.0034572,7.1956e-06
0.0010053,0,0.017664,0,0.0071306,0,0.0052988,0.00073774,0.0076461,0.026771,0.0010999,9.4323e-05,0.0012139,0.0022848,0.0047721,0.0024188,0.051415,4.6658e-05,0.00023135,0.0015533,0.001057,0.0050278,0.00014908,0.00099307,0.00067594,2.9694e-05,0.0018824,0.0014635,0.0012625,0,0.0023461,0.018047,0.025927,6.851e-05,0
0.0025272,0,0,0,0.0011222,0,0.00010268,0,0,8.2853e-05,0.00014621,0,0.00097505,0,0.11419,0.00010332,0,3.6255e-05,6.3139e-07,0,0.0022055,0.0040148,0,0,0,0,6.7733e-06,4.7835e-06,0.00010791,0,0,0.0023955,0.0029399,0,3.1423e-05
0,0,0,0,0.00018233,0,0,0,9.6005e-07,3.9547e-05,3.0633e-06,0,0,0,0,0,0,0,0,0,0.015135,0,0,0,0,0,9.8035e-07,0,0.10796,0,0,2.0081e-05,4.1242e-05,0,7.2592e-06
0,0,0,0,0,0,0,0,1.7882e-05,0.00060212,0,0,0,0,0,0,0.0026453,0,0,0,0,0,0,0.067237,0,0,0.1245,0,2.4568e-05,0,0,3.8273e-06,0,0,0
0.00071249,0,0,0,0,0,0,0,0.0023755,0,0,0,0,0,0,0,0,0,0,0,0,0,0,0,0,0,0,0,0,0,0,0,0,0,0
0,0,0,0,0,0,0,0,0,0,0,0,0,0,0.010954,0,0.012992,0,0,0,0,0,0,0,0,0,0,0,0,0,0,0,1.89e-06,0,0
0,0,0,0,0,0,0,0,0,0,0,0,0,0,0,0,0,0,0,0,0,0,0,0,0,0,0,0,0,0,0,0,0,0,0
0,0,0,0,0,0,0,0,0,0,0,0,0,0,0,0,0,0,0,0,0,0,0,0,0,0,0,0,0,0,0,0,0,0,0
0,0,0,0,0,0,0,0,0,0,0,0,0,0,0,0,0,0,0,0,0,0,0,0,0,0,0,0,0,0,0,0,0,0,0
0.024984,0.019461,0.017935,0.0092157,0.027603,6.1369e-06,0.013848,0.0032021,0.0065193,0.064446,0.00015432,0.021605,0.0057298,0.044793,0.045067,0.019932,0.034563,0.005817,0.014002,0.0072656,0.01471,0.016888,0.00099004,0.10964,0,0.0010308,0.033461,0.014967,0.024559,0.18535,0.0090915,0.044271,0.0087005,0.006778,0.0047875
0.0057635,0,0.097111,0.093205,0.020913,3.5623e-05,0.0062111,0.088743,0.0088375,0.015668,0.0010287,9.541e-05,0.0077609,0.00019173,0.0027151,0.0006203,0.11341,0.00079445,0.0016384,0.0070804,2.1405e-06,0.0063778,0.0051185,0.0025142,0.0010505,0.041206,0,0.0047281,0.0079108,0,0.0024346,0.003669,0.027568,0.0034269,0
0.0015333,0,0,0,0.0030519,5.7882e-06,0.0023511,0.055831,0,0.00070039,0,0,0.00027169,0,0,0.00046228,0.013935,0.00054024,0,0.00025097,0.0006058,0.0012579,0.51182,0.00015716,0.24794,0.059522,7.6631e-07,0.00057167,0.0012214,0,0,0.0019944,0.00022954,0,0
0.0027688,0.0041323,0.085494,0,0,8.5892e-05,0.0013437,0.065105,0.050236,0.10269,0.0038421,0,0,0.00034832,0.035922,0,0.081525,0.00062199,6.1195e-07,0.0016234,0.049964,0.23577,0,0.39314,0.0034995,0.0060588,0.39702,0.00090864,0.19066,0,0.0014825,0.2083,0.0015726,0.0024446,0.00037077
0.00094013,0,1.3208e-06,0.019065,0.025878,0.015369,0.057008,2.4869e-06,0,0.061125,5.2603e-05,0,0.0020314,0.12632,0,0.00055628,0,4.0156e-06,0.09234,1.0781e-05,0.13846,0.023674,0,0.051735,0,0,0,0,1.7532e-06,0,0,0.0037249,5.1266e-05,0.019203,0.0016895
0.0029541,3.0524e-05,0,0,0.00052595,0.0086122,0.10849,5.7274e-05,0,0,0,0,0.00037623,0,0,0,0,0,0,0,0,0.03411,0,0,0,0,0,0,0,0,0,0,0,0,0
0.00011424,0,0.0088306,0,0.0015852,0.0088572,0,0.0018733,0,0,0,0,0.0055648,0.016418,0,0,0,0,0.0059488,0.0012848,0,0,0,0,0,0,0,0,0,0,0,0,0.018099,0,0.00043532
0,0,0,0,0.00052412,0,0,0,0,0,0,0,0,0,0,0,0,0,0,0,0,0.0021917,0,0,0,0,0,0,0,0,0,0,0,0,0
0,0,0.0015024,0,0,0,0,6.3094e-05,0,0,0,0,0,0,0,0,0,0,0,0,0,0.0070007,0,0,0,0,0,0,0,0,0,0,0,0,0
0,0,0,0,0,0,0,0,0,0,0,0,0,0,0,0,0,0,0,0,0,0,0,0,0,0,0,0,0,0,0,0,0,0,0
0.020781,0.016593,0.10184,0.013067,0.088843,0.080112,0.015858,0.26596,0.0085416,0.049115,0.028495,0.015687,0.019899,0.016003,0.0060291,0.051556,0.033491,0.012868,0.024946,0.021105,0.024612,0.080475,0.0108,0.092698,0.0050387,0.1567,0.021572,0.019516,0.014564,0.06829,0.071442,0.0044399,0.02033,0.076271,0.0023333
0.022402,0,0.090769,0.1142,0.017951,2.9708e-05,0.013045,0.068795,0.0077022,0.00065632,0.0034041,0.00028094,0.03215,0.001522,0.063695,0.0020098,0.072708,0.0033172,0.008354,0.039496,0.057147,0.01724,0.015758,0.0025698,0.0027492,0.066397,0.00032885,0.0039096,0.00070805,0,0.0081384,0.0048705,0.01717,0.0031128,0
0.003869,0,0,0,0.001219,0,0.00076008,0.033835,0,0.00027067,0,7.4911e-07,0.0007079,0,0.011598,0,0.0091789,0.0051148,0,0.0040677,2.4016e-05,0.00054728,0.14712,0.00086259,0.22447,0.079447,1.2638e-05,0.0034138,0.0046831,0,0,0.00063039,0.00031671,0,0
0.0040992,0.012728,0.094427,0.0023255,0,0.0012281,0.00058755,0.013306,0.075989,0.071033,0.0065031,0,0.039284,0.00031072,0.045778,0.036678,0.01781,0.0017753,9.2278e-05,0.021435,0,0.0015385,2.4181e-05,6.4098e-07,0.0030328,0.00015617,0,0.012153,0,0,0.027802,0.10704,0.35261,0.0018823,6.4394e-05
0.0088695,0.0009849,1.9129e-05,0.01606,0.02407,0.049199,0.034421,0.00027707,0,0.030895,2.2467e-05,0.0048665,0.030811,0.14232,9.0897e-05,0.0016423,8.7674e-05,0.037958,0.18834,0,0.0012096,0.0061783,0,0,0.0034503,9.7432e-05,0,5.7261e-05,0,0,0.015785,0.035148,0,0.013421,0.0094328
0.016852,0.010659,0,0,0.0012659,0.0092036,0,0,0,0.0028665,0,0.00042782,0.00098461,5.5688e-05,0,0.00016133,0,0.0023457,7.4598e-06,0,0.0019865,0,0,0,0.033211,0,0,0,0.0037386,0,0,0.032366,0,0,1.1088e-05
0.001201,0,0.0007823,0,0,0.0021327,0,0,0,0,0,0.001378,0.030611,0.028334,0,0,0,0.00017417,0.01019,0.0053749,0,0,0,0,0,0,0,0.00022097,0,0,0,0,0.045498,1.9564e-05,0.0010791
0,0,0,0,0,0,0,0,0,0,0,5.0795e-05,0,0,0,0,0,0,0,0.0054785,0,0,0,0,0,0,0,0,0,0,0,0,0,0,0
0,0,0,0,0,0,0,0,0,0,0,0,0,0,0,0,0,0,0,0,0,0,0,0,0,0,0,0,0,0,0,0,0,0,0
0,0,0,0,0,0,0,0,0,0,0,0,0,0,0,0,0,0,0,0,0,0,0,0,0,0,0,0,0,0,0,0,0,0,0
0.061708,0.017598,0.098501,0.014987,0.11691,0.043759,0.11571,0.11355,0.068543,0.0091906,0.016172,0.025316,0.19816,0.0099947,0.01736,0.087747,0.017159,0.06865,0.02291,0.24089,0.012822,0.030437,0.0020932,0.0085331,0.020449,0.04237,0.0052029,0.011322,0.060649,0.0084694,0.072116,0.0038423,0.014999,0.064029,0.014516
0.0011203,0,0.0097285,0.0057868,0.010037,0,0.010551,0.0016048,0.0090215,0.00022013,0,0.0021701,0.00020225,5.8434e-05,0.0040732,0,0.031687,8.1818e-05,0.00092076,0,0.0032424,0.0061279,0,0.00062112,0.00011382,0.0012191,2.5116e-06,0,0.014512,0,0.0031103,0.013619,0.023058,9.523e-06,0
0.0040784,0.0089043,0,0,0.021143,0,0.0025554,0,0.0020205,0,0,0.0080132,0,0.00013204,0.11692,0,0,0,0.00090167,0,0.0013268,0.00038248,0,0,0,0,0,0,0.0067378,0,0,3.6779e-05,0.001027,0,0
0.0079527,0,0,0.0057885,0,0,0.0016734,0,0.067169,0,0,0.0047789,0,0,0,0,0,0,0,0,0.095937,0,0,0,0,0,1.1394e-05,0.0034857,0.10519,0,0,3.494e-06,0,0,0
0,0,0,0.00076448,0,0,0.00012674,0,0.0047377,0.0030297,0,0,0,0,0,0,0,0,0,0,0.002634,0,0,0,0,0,0.11626,0.00045258,0,0,0,0,0,0,1.4583e-05
0,0,0,0,0,0,0,0,0.010951,0,0,0,0,0,0,0,0,0,0,0,0,0,0,0,0,0,0,0,0,0,0,0,0,0,1.6686e-07
0,0,0,0,0,0,0,0,0,0,0,0,0,0,0,0,0,0,0,0,0,0,0,0,0,0,0,0,0.00012864,0,0,0,0,0.00051715,0
0,0,0,0,0,0,0,0,0,0,1.2834e-06,0,0,0,0,0,0,0,0,0,0,0,0,0,0,0,0,0,0,0,0,0,0,0,0
0,0,0,0,0,0,0,0,0,0,0,0,0,0,0,0,0,0,0,0,0,0,0,0,0,0,0,0,4.5312e-05,0,0,0,0,0,0
0,0,0,0,0,0,0,0,0,0,0,0,0,0,0,0,0,0,0,0,0,0,0,0,0,0,0,0,0,0,0,0,0,0,0
0.0030176,0.0039683,0.016206,0.0051577,0.0097176,0,0.0010308,0.00079818,0.016468,0.005407,0.0012766,0.011247,0.0031815,0.0014867,0.026058,0.013971,0.0033512,0.0019222,0.0020799,0.0033913,0.013481,0.0061079,4.2614e-06,0.00066043,0,0.00047536,0.018907,0.00063894,0.035306,0.0045004,0.0018676,0.0025856,0.0060808,0.0012817,0.001205
0,0.0027802,0,0.0016323,0.0096534,1.9923e-06,0,0.0014395,0.0073812,0.00022365,0,0,0,6.3467e-05,0,0.00069495,0,0.00014874,3.4458e-05,6.6711e-05,0.024177,0.0025716,0,0.00012694,0.00050804,0.010822,0.0067387,0.00060898,0.00021693,0,0.0030837,0.0067925,0.0051876,2.1055e-06,0
0.00068934,0.0020935,0,0.0016826,0.01455,0.018663,0.0021273,0,0.00027202,0.00079511,0,0.000352,0,0,0,0,0,0,0.0024705,0,0.012649,0,0,0,0.00018664,0.0015303,8.3769e-05,8.2926e-06,0,0,0,0.00083614,0,0,2.8061e-05
0,0,0,0.00064788,0,0,8.1234e-06,0,0.081917,0,0,0,0,0,0,0,0,0,0.0035608,0,4.4779e-05,0,0,0,0,0,0,9.9721e-05,0,0,0,5.7631e-05,0,0,0
0,0,0,0.00015323,0,0,0,0,0,0,0,0,0,0,0,0,0,0,0,0,0,0,0,0,0,0,0,0,0,0,0,0,0,0,0
0,0,0,0,0,0,0.0016463,0,0,0,8.9315e-05,0,0,0,0,0,0,0,0,0,0,0,0,0,0,0,0,0,0,0,0,0,0,0.0018682,0
0,0,0,0,0,0.00090414,0,0,0,0,0,0,0,0,0,0,0,0,0,0,0,0,0,0,0,0,0,0,0,0,0,0,0,0,0
0,0,0,0,0,0,0,0,0,0,0,0,0,0.00033558,0,0,0,0,0,0,0,0,0,0,0,0,0,0,0,0,0,0,0,3.9051e-06,0
0,0,0,0,0,0,0,0,0,0,0,0,0,0,0,0,0,0,0,0,0,0,0,0,0,0,0,0,0,0,0,0,0,0,0
0,0,0,0,0,0,0,0,0,0,0,0,0,0,0,0,0,0,0,0,0,0,0,0,0,0,0,0,0,0,0,0,0,0,0
0.0008048,0.0076227,0,0.0011612,0.011704,0.022347,0.00027627,2.4952e-05,2.9743e-05,0.0073165,7.3486e-07,0.00014527,0.0033184,0.00014145,2.9303e-05,0.0034533,0.00070307,1.393e-06,0.00029058,0.00047172,0.0064273,0.0050226,0,0.00052402,0.00064691,0.006085,0.00010901,0.0030091,0.00017753,0.0015729,0.002318,0.0014973,0.0041304,1.1311e-05,2.6085e-05
0.001017,0,0.0088879,0.0034945,0.0086359,7.851e-05,0.0076229,0.0016386,0.033024,0.00094139,0,0.0033367,0,6.161e-05,0.041074,6.5015e-05,0.038746,0.00066611,1.2678e-06,0.0046187,0.0079742,0.0065498,2.8512e-05,0,0,0.00028993,0.00021957,0.0094541,0.00086571,0,0.0065238,0.0072449,0.013779,6.938e-06,0
0.0034913,0,0.0054469,0,0,0,0.0022881,0.0058867,0.00238,6.7764e-07,0,0.0026515,0,0,0,0,0.0022012,0,0,0,0.010381,0,0,0,0,0,0,0,8.8203e-05,0,0,1.0584e-05,0,0,3.6445e-05
0,0,0.00019307,0,0,0,0.00072923,0,0.15437,0,0,0,0,0,0,0.0003574,0,0,0.0070242,0,0,0,0,0,0,0,0,0,0,0,0,0,0,0,0.0014018
0,0,0,0,0,0,0,0,0,0,0,4.43e-05,0,0,0,0,0,0,0,0,0,0,0,0,0,0,0,0,0,0,0,0,0,0.0057777,0
0.0015562,0.011699,0,0,0,0,0,0,0,0,0,0,0,0,0,0,0,0,0,0,0,0,0,0,0,0,0,0,0,0,0,0,0,0,0
0,0,0,0,0,0,0,0,0,0,0,0,0,0.00032107,0,0,0,0,0,0,0,0,0,0,0,0,0,0,0,0,0,0,0,0.00024282,0
0,0,0,0,0,0,0,0,0,0,0,0,0,0,0,0,0,0,0,0,0,0,0,0,0,0,0,0,0,0,0,0,0,0,0
0,0,0,0,0,0,0,0,0,0,0,0,0,0,0,0,0,0,0,0,0,0,0,0,0,0,0,0,0,0,0,0,0,0,0
0,0,0,0,0,0,0,0,0,0,0,0,0,0,0,0,0,0,0,0,0,0,0,0,0,0,0,0,0,0,0,0,0,0,0
0.0026434,2.8674e-05,0.0054572,0.011352,0.004476,0,0.00032434,0.0032747,0.00020919,0.011945,1.071e-06,0.012278,0.0048826,2.6944e-05,0.043496,0.0041178,0.073459,0,0,0.0031785,0.012067,0.0056297,0.00020809,0.00031408,0,6.9669e-05,0.00064263,0.0069628,0.0046116,0.004637,0.00050624,0.0019194,0.0045584,0.0011672,2.4559e-05
0.0020431,8.2814e-05,0.083857,0.003402,0.012107,0.073608,0.051617,0.00059899,0.0099154,0.00083314,0.0011269,0.00047311,0.015837,0.00050271,0.0011634,0.00044644,0.0034947,0.001212,0.0013,0.0071825,0.0070955,0.013081,0.0013196,0,0.00075137,0.016349,0.00028933,0,0.00035789,0,0.00393,7.7317e-06,0.00032668,2.4395e-05,7.2004e-05
0.0010444,0,5.9595e-06,0,0,0,0.00081273,0.015262,0,3.8374e-05,0.00052756,0.0027335,0,0,0,0,0,0,0.013526,4.3084e-05,0.00048827,0,0,0,0,3.4769e-05,0,0,0.0012302,0,0.00015329,1.6251e-05,4.8e-05,0,0.18489
0,0.27286,0,0,0.00029435,0,0.0014118,0,0,0,0,2.0473e-06,0.0012295,0,0,0,0,0,0.058512,0,0,0,0,0,0,0,0,0,0,0,0,0,0,0,0
0,0.0022325,0,0.14845,0.09375,0.21977,0,0,0,0,0,0.062499,0,0,0,0,0,0.15924,0,0,0,0,0,0,0,0,0,0.015729,0,0,0,0,0,0.005028,0
0.095246,0,0,0,0.0071388,0,2.6418e-06,0,0,0,0,0,0,0.00024693,0,0,0,0,0,0.0046464,0,0,0,0,0,0,0,0,0,0,0.00022101,0,0,0,0
0,0,0,0,0,0,0,0,0,0,0,0,0,0,0,0,0,0,0,0.077394,0,0,0,0,0,0,0,0,0,0,0,0,0,0,0
0,0,0,0,0,0,0,0,0,0,0,0,0,0,0,0,0,0,0,0,0,0,0,0,0,0,0,0,0,0,0,0,0,0,0
0,0,0,0,0,0,0,0,0,0,0,0,0,0,0,0,0,0,0,0,0,0,0,0,0,0,0,0,0,0,0,0,0,0,0
0,0,0,0,0,0,0,0,0,0,0,0,0,0,0,0,0,0,0,0,0,0,0,0,0,0,0,0,0,0,0,0,0,0,0
0.0024454,0.0043489,0.053292,0,0.0044728,0.003293,0.0029053,0.050417,0,0.0016039,0.0011516,0.0052659,0.028977,0.0031492,0,0.0043021,0.0021377,0.0034594,0.0021116,0.20205,0.0022545,0.0057342,0.002701,0.00066551,0.002337,0.022188,5.0286e-07,8.4081e-05,0.0019756,0.0028878,0.0005151,8.9236e-05,0.0020517,0.0039955,0.3425
0,0,0,0,0,0,0,0,0,0,0,0,0,0,0.0054991,0,0,0,0,0,0,0,0,0,0,0.00074935,0,0,0.00037527,0,0,0,0,0,0.004193
0,0,0,0,0,0,0,0,0,0,0.050482,0,0,0,0,0,0,0,0,0,0,0,0.047965,0,0,0.021575,0,0,0.00070502,0,0,0.011953,0,0,0
0.014837,0,0,0,0,0,0,0,0,0,0,0,0,0,0,0,0,0,0,0,0,0,0,0,0,0,0,0,0.0093031,0,0,0,0.0019635,0,0
0,0,0,0.066383,0.00050186,0,0,0,0.01374,0,0,0,0,0,0,0,0,0.0055759,0.018873,0.049812,0,0,0,0,0,0,0,0,0,0,0,0,0,0,0.10762
0,0.066298,0,0.086578,0,0,0,0,0.0055212,0,0,0,0,0,0,0,0,0.0069749,0.028362,0.0041934,0,0,0,0,0,0,0,0,0,0,0,0,0,0,0
0,0.1087,0,0,0.058315,0,0,0,0,0,0,0.14789,0,0,0,0,0,0,0.0094212,0,0,0,0,0,0,0,0,0.50502,0,0,0,0,0,0,0
0,0,0,0,0,0,0,0,0,0,0,0,0,0,0,0,0,0,0,0,0,0,0,0,0,0,0,0,0,0,0,0,0,0,0
0,0,0,0,0,0,0,0,0,0,0,0,0,0,0,0,0,0,0,0,0,0,0,0,0,0,0,0,0,0,0,0,0,0,0
0,0,0,0,0,0,0,0,0,0,0,0,0,0,0,0,0,0,0,0,0,0,0,0,0,0,0,0,0,0,0,0,0,0,0
0,0,0,0,0,0,0,0,0,0,0,0,0,0,0,0,0,0,0,0,0,0,0,0,0,0,0,0,0,0,0,0,0,0,0
0,0,0,0,0,0,0.00033613,0.0041241,0,0,0,0,0,0,0.018332,0,0.014364,0,0,0,0.0026648,0,0,0,0,0.0023997,0,0,0.00052454,0,0,0,0,0,0.005692
0,0,0,0,0,0,0,0.0044317,0,0,0.038263,0,0,0,0,0,0,0,0,0,0,0,0.091845,0,0,0.052887,0,0,0.012065,0,0,0.046526,0,0,0
0.069549,0,0,0,0,0,0,0.045326,0,0,0.16121,0,0,0,0,0,0,0,0,0,0,0,0.047915,0,0,0,0,0,0.079134,0,0,0,0.021182,0,0
0,0,0,0.00010737,0.004827,0,0,0,0.049911,0,0,0,0,0,0,0,0,0,0.013217,0,0,0,0.22841,0,0,0,0,0,0.011735,0,0,0,0.0037789,0,0.035793
0,0,0.0053284,0.52512,0.017791,0,0,0,0.012671,0,0,0,0,0,0,0,0.0011092,0.039759,0.11607,0.1176,0,0,0.01113,0,0,0,0,0.00041243,0,0,0,0.050091,0,0,0.22633
0.0065771,0.36429,0.010705,0.018834,0.021549,0,0,0,0,0,0,0.096195,0,0,0,0,0.00052504,0.00017946,0.05384,0,0,0,0,0,0,0,0,0.19947,0,0,0,0.0094861,0,0,0
0,0.023355,0,0,0.041207,0,0,0,0,0,0,0.027718,0,0,0,0,9.4109e-05,0,0,0,0,0,0,0,0,0,0,0.1533,0,0,0,0,0,0,0
0,0,0,0,0,0,0,0,0,0,0,0.0073641,0.00082731,8.9293e-06,0,0,0,0,0,0,0,0,0,0,0,0,0,0.020156,0,0,0,0,0,0,0
0,0,0,0,0,0,0,0,0,0,0,0,0.00012085,0.00059999,0,0,0,0,0.0028499,0,0,0,0,0,0,0,0,0,0,0,0,0,0,0,0
0,0,0,0,0,0,0,0,0,0,0,0.056446,8.7656e-05,0,0,0,0,0,0,0,0,0,0,0,0,0,0,0,0,0,0,0,0,0,0
0,0,0,0,0,0,0.00018932,0.0018757,0,0,0,0,0,0,0.0646,0,0.0034438,0,0,0,0.0080621,0,0,0,0,0,0,0,0.00010692,0,0,0,0,0,0.027688
0,0,0,0,0,0,0.00013369,0.071205,0,0,0,0,0,0,0.095829,0,0,0,0,0,0.0037062,0,0.066233,0,0,0.15185,0,0,0.01041,0,0,0.084569,0.011525,0,0.0018274
0.045016,0,0,0,0,0,0,0.16519,0.020392,0.0043848,0.48476,0,0,0,0.082598,0,0,0,0,0,0,0,0.28363,0,0.086961,0.19357,0,0,0.067412,0.0021852,0,0.086288,0.0081089,0,0
0.11686,0,0.022123,0,0,0,7.7076e-05,0.028647,0.050554,0.087469,0.034176,0,0,0.0062093,0.0077043,0,0.0097632,0.0012096,0.0013487,0,0,0.028921,0.15808,0.030719,0.088121,0.042476,0.033621,6.3829e-06,0.0851,0.024589,0,0.18309,0.021185,0,0
0.011715,0,0.085012,0.080319,0.029808,0,0.00032566,0,0.04107,0.043353,0,0,0,0.0055123,0,0,0.0095209,0.014152,0.034543,0.031568,0,0.0040713,0.00012941,0.0069163,0.014618,0,0.033584,0.00042297,0.057961,0.024982,0,0.17932,0,0,0.067407
0.0083396,0,0.027822,0.12531,0.058267,0,0.0071159,0,0,0.0026757,0,0,0.012564,0.0035988,0,0,0.0022128,0.058555,0.14201,0.026999,0,0,0,0.0096703,0,0,0.053086,0.00056916,0.043476,0,0,0.018066,0,0,0.037977
0.00065423,0.1059,0.0047476,0.066007,0.013139,0,0.003328,0,0,0,0,0.0034748,0.020432,0.0021539,0,3.7915e-05,0,0.042302,0.086369,6.9221e-05,0.0084568,0,0,0,0,0,0.037768,0.033715,0.082671,0,0.0042144,2.5341e-05,0,0.04915,0.0027247
0,0.010882,0.0017193,0.008758,0.0028184,0,0,0,0,0,0.0025144,0.0016585,0.0057079,0.0015233,0,0.00030203,0,0.0012518,0.039136,0,0,0,0,0,0,0,0.00079177,0.029333,0,0,0.0071187,1.2139e-06,0,0.013732,0.0021764
0,0.0065135,3.5098e-07,0.0081493,0.00065654,0,0,0,0,0,0.0012146,0.0055167,0.00024233,0.0020018,0,0.00025341,0,0,0.022676,0,0,0,0,0,0,0,0,0.020082,0,0,0.00072729,0,0,0.0021352,0.0020862
0,0.14347,0,0.012913,0,0,0,0,0,0,0.00051052,0.013227,5.1617e-05,2.321e-06,0,0.00046491,0,0,0.0057653,0,0,0,0,0,0,0,0,0.037505,0,0,0.0015036,0,0,0.0010737,0.0032946
0,0,0,0,0,0,5.9509e-06,0.034382,0,0.0024507,0,0,0,0,0.061813,0,0.021003,0,0,0,0.02777,0,0,0,0,0.0002177,0,0,7.1811e-05,0.0062004,0,0,0,0,0.036855
0,0,0,0,0,0,0.0009466,0.11316,0.0015796,0.027778,0,0,0,0.078063,0.24446,0,0.00018277,0,0.017621,0,0.012567,0,0.0028269,0,0,0.057249,0.022308,0,0.001326,0.00727,0,0,0.0043692,0,0.097792
0.00014936,0,0.01328,0,0,0,0,0.068065,0.029966,0.091675,1.5582e-05,0,0,0.021067,0.17547,0,0.013021,0,0.0044375,0,0.004047,0.01245,0.061316,0.037787,0.13184,0.1989,0.043372,0,0.023778,0.12293,0,0.12896,0.013318,0,0
0.019924,0,0.066194,0,0.0041425,0,0.0011014,0.011719,0.055405,0.18181,0.18533,0,0,0.0099867,0.0056736,0,0.029858,0.01275,0.004115,0.0020458,0.0044817,0.13886,0.00042946,0.093532,0.071949,0.11451,0.085938,3.6442e-06,0.13078,0.20967,0,0.14263,0.062427,0,0
0.10952,0,0.052523,0,0.021885,0,0.0091182,0.00097888,0.060828,0.074738,0.028926,0,0.019562,0.005438,3.2563e-05,0.0028635,0.017569,0.0024806,0.001264,0.0034749,0.034566,0.090863,0,0.055303,0.036376,0.11645,0.038881,0,0.17064,0.02929,0,0.043718,0.045685,0,0.00026616
0.07445,0,0.04364,0,0,0,0.0068412,0,0.024581,0.005465,0.00033466,9.6779e-05,0.023509,0.015057,0,0.0042519,0.0087849,0,0.0046133,0.0012184,0.030579,0.016926,0,0.0093729,0.043778,0.0020797,0.084971,0,0.081822,0.0099215,0.0038528,0.0079827,0.0010879,0.026838,0.00020174
0.028993,0.0128,0.027936,0.0015253,0.028297,0,0.044362,0,0.0014741,0.00053709,0.0068803,0.0010672,0,0.0032788,0,0.00054379,0.0034935,0.020274,0.0066647,0.0015702,0.142,0.0075684,0,0,0.0051257,3.8283e-06,0.015087,0,0.11362,0.0016449,0.068654,0.00010583,7.3002e-06,0.03225,0.0051061
0.0018802,0.00048061,0.013809,0,0.019847,0,0.0032583,0,0,0.00031864,0.0022365,0.00041567,0,1.8821e-05,0,0,0,0.0044526,0.0019466,0.0013484,0.0064981,0.0015107,0,0,0,2.759e-06,0,0,0.00526,0.00030825,0.010302,0,4.3829e-06,0.00098158,0
0,0.00041801,0.0099136,0,0.00010571,0,0,0,0,0.00010545,0,0,0,0,0,0,0.00013411,0,0.00030434,0.00067554,6.8666e-05,0.00019618,0,0,0,0,0,0,0.00027039,5.1414e-06,0,0,3.6872e-06,0,0
0,0,0.017944,0,0,0,0,0,0,5.94e-05,0,0,0,0,0,0,0,0,0,0,2.2204e-06,2.5719e-05,0,0,0,0,0,0,0.0025059,0,0,0,2.6905e-06,0,0
0,0,0,0,0,0,0,0.098753,0,0.019614,0,0,0,0.006435,0.034031,0,0.027507,0,0,0,0.016191,0,0,0,0,0,0.0057766,0,1.3898e-05,0.045691,0,0,0.0092244,0,0
0,0,0,0,0,0,0.0056698,0.22141,0.0051568,0.10554,0,0,0,0.033512,0.11534,0,0.055406,0,0.017393,0,0.037095,0,0,0,0.061783,0.00029719,0.017335,0,0.00087997,0.10688,0,0.00098451,0.0099264,0,0.14199
0.00016437,0,0.030014,0,0,0,0.010812,0.043781,0.027012,0.15085,0,0,0,0.040542,0.014622,0,0.021492,0.0036566,0.018377,0,0.021585,0.052086,3.2961e-05,0.067876,0.16457,0.0047586,0.052517,0,0.0037324,0.15167,0,6.1805e-05,0.011233,0,0.13947
3.1233e-05,0,0.054084,0,0.020764,0,0.00073377,0.0037571,0.10004,0.029842,0.0025383,0.019593,0,0.12013,0.00059649,0,0.036229,0.0121,0.056291,0.0055236,0.053644,0.11769,4.8676e-05,0.091176,0.054763,0.034277,0.056686,0,0.001877,0.082124,0,0.0039615,0.083992,0,0.042051
0.00042859,0,0.033118,0,0.010969,9.6552e-06,0.022375,0.00014227,0.061314,0.0020896,0.00021625,0.010297,0.043111,0.052765,3.393e-05,0.04017,0.038116,0,0.029044,0.0088257,0.055239,0.05188,0,0.069735,0.018475,0.0056131,0.05214,0,0.00019072,0.05902,0,0.00091955,0.062591,0,0.011142
0.0068656,0.005935,0.069233,0,0,0,0.050532,0,0.020555,0.00026761,9.5511e-05,0.013587,4.182e-05,0.011001,0,0.00047182,0.025614,0,0.0069628,0,0.074117,0.032984,0,0.0024921,0.0097414,8.2143e-06,0.050352,0,1.5848e-06,0.0035257,0.033064,0,0.074076,0.058376,0.00030302
0.0073906,0.0044589,0.059222,0,0,1.3764e-05,0.06481,0,0.013277,0,5.555e-05,0.0050051,0,0.00046323,0,0,0.010119,0,3.1122e-05,0.020272,0.050372,0.0013654,0,0,0,0,0.0037644,0,0,0,0.0034877,0,0.045755,0,0
3.8491e-05,0,0.021768,0,0,0,0.098297,0,0.0051008,0,0,0,0,0,0,0,0.0046305,0,0,0.00073907,0.0015649,1.4266e-05,0,0,0,0,0,0,0,0,0,0,0.024829,0,0
0,0,0.040681,0,0,0,0,0,0,0,0,0,0,0,0,0,0.00044526,0,0,0.0016455,3.0303e-05,0,0,0,0,0,0,0,0,0,0,0,0.0056617,0,0
0,0,0.0011311,0,0,0,0,0,0,0,0,0,0,0,0,0,0,0,0,0,0,0,0,0,0,0,0,0,0,0,0,0,0.013081,0,0
0,0,0,0,0,0,0,0.011806,0.0017279,0.018019,0,0,0,0.0016202,0.031532,0,0.008229,0,0,0,0.0097515,0,0,0,0.0049093,0,0.0065928,0,0.00016525,0.031463,0,0,0.014423,0,0
0,0,0.031072,0,0,0.06062,0.0020914,0.048937,0.015665,0.071666,0,0,0,0.17308,0.027365,0,0.10917,0,0.037699,0,0.033675,0.15972,0,0,0.10949,0,0.017652,0,0.00011899,0.064535,0.003062,6.5129e-06,0.053733,0,0
8.6283e-05,0,0.080567,0,0,0.063498,0.022325,0.016242,0.022207,0.028651,0,0.077967,0,0.16838,0.0048917,0,0.14824,0.0049184,0.071598,0,0.028681,0.15819,0,0.088859,0.035011,0.00011745,0.061534,0,0.00053648,0.016099,0.2585,0.00011417,0.061974,0.091104,0
2.8101e-05,0.0040541,0.062538,0,0.01265,0.048207,0.059075,0.0017439,0.049813,0,0.00015605,0.14351,0.029595,0.099402,0.0007058,0,0.19909,0.024721,0.05022,0.014,0.051762,0.054188,0,0.12319,3.5249e-05,1.9013e-06,0.092003,0,0.00080315,0,0.16059,0.00077202,0.044281,0.16468,0
0.00018231,0.011105,0.05144,0,0.022533,0.016727,0.14437,2.3758e-05,0.022113,0,8.4983e-05,0.056598,0.081796,0.0087515,1.5245e-05,0.021746,0.042981,0,0.008118,0.014668,0.089726,0.010269,0,0.0092262,0,1.8508e-06,0.0036196,0,0.00044865,0,0.1455,0.00016653,0.062158,0.091529,5.4373e-06
0.0002,0.00026033,0.012416,0,0,0.0052465,0.12747,3.2864e-06,0.012948,0,0,0.004165,0.072117,0.00049539,0,0,0.011672,0,0.00060792,0,0.014815,0.0013856,0,2.3711e-05,0,1.8495e-06,4.663e-05,0,5.8119e-06,0,0.028904,0,0.10525,0.043748,2.1124e-06
0,6.9999e-05,0.0017352,0,0,0.0098467,0.23579,0,0.007813,0,0,0.00095766,0.040615,0,0,0,0.0014114,0,9.2815e-06,0.037627,0,2.9863e-05,0,5.7758e-07,0,0,2.1029e-05,0,0,0,0.00029684,0,0.049268,0.00095966,0
0,0,0.00044388,0,0.0055876,0,0.076058,0,0.00032708,0,0,0,0,0,0,0,0.0017589,0,0,0.0032016,0,2.0399e-06,0,0,0,0,5.8872e-07,0,0,0,0,0,0.032817,0,0
0,0,3.1665e-05,0,0.0012561,0,0,0,0,0,0,0,0,0,0,0,0,0.018016,0,0.0031777,0,0,0,0,0,0,0,0,0,0,0,0,0.0049899,0,0
0,0,0,0,0,0,0,0,0,0,0,0,0,0,0,0,0,0.0070971,0,0,0,0,0,0,0,0,0,0,0,0,0,0,0.017861,0,0
0,0,0.011707,0,0,0.022812,0,0,0.006262,0.019959,0,0,0,0.047347,0.00027495,0,0.00087719,0,0.021926,0,0.0012184,0.039523,0,0,0.010261,0,0.0024135,0,1.4616e-06,0,0,0,0,0,0
0,0.0029944,0.023853,0,0,0.014353,1.6442e-05,1.4516e-06,0.070971,0.017436,0,0.10074,0,0.044176,0.0014952,0,0.016004,0,0.049345,0,0.043893,0.0058809,0,0.020019,0.025763,0,0.002819,0,6.3492e-05,0,0.21978,0,0,0.14652,0
3.3565e-05,0.04202,0.00085412,0,0,0,0.0023115,0.003666,0.10355,0.0027197,0,0.13292,0.11082,0.0021496,5.9968e-05,0,0.037306,0.0027121,0.0022831,0,0.036865,0.00015167,0,0.077973,0.0036864,2.8109e-06,0.06359,0,2.1429e-05,0,0,0,0.0030854,0.16159,0
0.00030449,0.019997,0.001686,0,0.025123,0,7.7817e-06,0.00061864,0.037552,1.7333e-05,0,0.0015604,0.13599,0.00017624,0,0,0.049594,0.009236,3.5298e-06,0.0053351,0.072595,0.003207,0,0.064049,0,0,0.0018541,0,4.1312e-07,0,0.00043858,0.00013787,0.0048976,0.0021145,0
0,0,6.5458e-07,0,0.036955,0.010227,1.3899e-06,6.5249e-06,0.011611,0,7.993e-07,0,0.094891,2.6944e-05,0,0.032746,0.0028586,0.10994,4.2292e-06,0.02386,0.0027054,0.00078674,0,0.0014185,0,0,4.4553e-06,0,0,0,0.0044522,6.0731e-05,0.0035506,0,0
0.0013283,0,0,0,0,0.0043068,1.4894e-05,0,0.0046316,0,0,5.3465e-07,0.061384,0,0,0,6.5964e-05,0.14274,0,0.0092911,0,9.5904e-05,0,2.9105e-05,0,0,3.9346e-06,0,0,0,0.00033578,0,0.0052125,0.00020419,0
0.00013288,0,0,0,0.070903,0.010078,0.00010475,0,0.00046503,0,0,0.00011358,0.013994,0,0,0.064567,8.4873e-05,0.11948,0,0.017445,0,0,0,0,0,0,3.1658e-07,0,0,0,0,0,0.00034264,1.5446e-05,0
0,0,0,0,0.080525,0.01039,3.9266e-06,0,1.4722e-06,0,0,0.00052065,0.00083646,0,0,0.078114,0,0.088328,0,0.032019,0,0,0,0,0,0,6.6229e-07,0,0,0,0,0,0,0,0
0.00010224,0,0,0,0.045812,0,0,0,0,0,0,0.00037627,0,0,0,0.049005,0,0.0051537,0,0.0071536,0,0,0,0,0,0,0,0,0,0,0,0,0,0,0
0,0,0,0,0.022168,0,0,0,0,0,0,0,0,0,0,0.012974,0,0.00080567,0,0.0089086,0,0,0,0,0,0,0,0,0,0,0,0,0,0,0
0,0,0.0040883,0,0,0.0022998,0,0,0.011968,0.006338,0,0.0040178,0,0.025809,0.0034347,0,0.00033982,0,0.01287,0,0,0.0048882,0,0,0.01144,0,0.0094261,0,1.9344e-06,0,0.02928,0,0,0,0
0,0.043444,0,0,0,0,0,0,0.017492,0.0014134,0,0.042288,0.056775,0,0.001319,0,0.0052877,0,0.0017712,0,0.0038166,0,0,0.034667,0.0056768,0,0.014761,0,3.4464e-05,0,0.0034357,0,0,0.065896,0
0,0.00042932,0,0,0.033655,0,0,5.0306e-06,0,0.0013944,0,0,0.076846,0,0,0,0.0083698,0.0032306,0,0,0.012595,0,0,0.038559,8.3145e-06,0,0.017026,0,1.2485e-05,0,0,0,0,0,0
0.00071473,0,1.8138e-06,0,0.02013,0,0,0,4.137e-05,0.0012078,0,0,0,0,0,0,0.0020024,0.13804,0,0,0.0025935,1.3851e-06,0,0.011233,0,0,1.2344e-06,0,0,0,0,3.486e-06,0.00013771,0,0
0.0014423,0,0,0,0.019739,0.0021013,0,0,0,0,0,0,0,0,0,0.10662,0,0.040141,0,0.0070547,0,1.1311e-06,0,0.00015401,0,0,0,0,0,0,0,0,0.0006455,0,0
0.00101,0,0,0,0.090731,0.01818,0,0,0,0,0,0,0,0,0,0.16801,0,4.6529e-05,0,0.016256,0,0,0,1.1387e-06,0,0,0,0,0,0,0,0,0.0003554,0,0
0.0068,0,0,0,0.050654,0.032121,0,0,0,0,0,0,0,0,0,0.047062,0,0,0,0.042994,0,0,0,0,0,0,0,0,0,0,0,0,0,0,0
0.022668,0,0,0,0.019862,0.062849,0,0,0,0,0,0.00037331,0,0,0,0,0,2.6824e-05,0,0.05854,0,0,0,0,0,0,0,0,0,0,0,0,0,0,0
0.049305,0,0,0,0.016419,0.0033897,0,0,0,0,0,0.0010386,0,0,0,0.0010067,0,2.0732e-06,0,0.028354,0,0,0,0,0,0,0,0,0,0,0,0,0,0,0
0.00084196,0,0,0,0.010862,2.4847e-06,0,0,0,0,0,0,0,0,0,0.0005542,0,0,0,0.026339,0,0,0,0,0,0,0,0,0,0,0,0,0,0,0
0,0,0.0036162,0,0,0,0,0,0,3.6416e-06,0,0.019351,0,0,0.0022341,0,0,0,0,0,0,0.0042652,0,0,0.0030392,0,0.0026034,0,0,0,0.0050455,0,0,0.035581,0
0,0.017331,0,0,0,0,0,0,0,0,0,0,0.074648,0,0,0,1.4326e-05,0,0,0,0,0,0,0.038269,7.7824e-05,0,0.0084427,0,1.8289e-05,0,0,0,0,0,0
0,0,0,0,0.0084992,0,0,0,0,0.00013842,0,0,0.00034319,0,0,0,0,0.040953,0,0,0,0,0,0.0054346,0,0,0.0010417,0,2.4762e-06,0,0,0,0,0,0
0,0,0,0,0,0,0,0,0,1.2262e-05,0,0,0,0,0,0.016937,0,0.011633,0,0,0,0,0,0,0,0,0,0,5.4342e-07,0,0,0,0,0,0
0.001121,0,0,0,0.03632,0,0,0,0,0,0,0,0,0,0,0.2045,0,0.00033957,0,0,0,0,0,0,0,0,0,0,0,0,0,0,0,0,0
0.022564,0,0,0,2.4847e-05,0,0,0,0,0,0,0,0,0,0,0.011027,0,2.9217e-05,0,0.087038,0,0,0,0,0,0,0,0,0,0,0,0,0,0,0
0.040028,0,0,0,0,0.30829,0,0,0,0,0,0,0,0,0,0.0024231,0,0,0,0.14405,0,0,0,0,0,0,0,0,0,0,0,0,0,0,0
0.15274,0,0,0,0,0.11105,0,0,0,0,0,0,0,0,0,0,0,0,0,0.0085055,0,0,0,0,0,0,0,0,0,0,0,0,0,0,0
0.029448,0,0,0,0,0.00060429,0,0,0,0,0,0,0,0,0,0,0,0,0,0.0027899,0,0,0,0,0,0,0,0,0,0,0,0,0,0,0
0.0015275,0,0,0,0,0,0,0,0,0,0,0,0,0,0,0,0,0,0,0,0,0,0,0,0,0,0,0,0,0,0,0,0,0,0
0,0,0.0019989,0,0,0.0033989,0,0,0.0026888,0,0,0.0039621,0,0.0092124,3.6188e-05,0,0,0,0,0,0,0,0,0,0.0025126,0,0,0,4.3575e-06,0,0.0074495,0,0,0.011524,0
0,0.0047969,0,0,0,0,0,0,0,0,0,0,0.023091,0,0,0,0,0,0,0,0,0,0,0.012317,0,0,0.0065638,0,5.9916e-06,0,0,0,0,0,0
0,0,0,0,0.012613,0,0,0,0,0,0,0,0,0,0,0,0,0.0067343,0,0,0,0,0,0,0,0,0,0,0,0,0,0,0,0,0
0,0,0,0,3.4945e-05,0,0,0,0,0,0,0,0,0,0,0.13335,0,1.0541e-05,0,0,0,0,0,0,0,0,0,0,0,0,0,0,0,0,0
0,0,0,0,0.0020554,0,0,0,0,0,0,0,0,0,0,0,0,0,0,0,0,0,0,0,0,0,0,0,0,0,0,0,0,0,0
0,0,0,0,0,0,0,0,0,0,0,0,0,0,0,0,0,0,0,0.12381,0,0,0,0,0,0,0,0,0,0,0,0,0,0,0
0.14384,0,0,0,0,0.12646,0,0,0,0,0,0,0,0,0,0,0,0,0,0,0,0,0,0,0,0,0,0,0,0,0,0,0,0,0
7.8068e-05,0,0,0,0,0.052927,0,0,0,0,0,0,0,0,0,0,0,0,0,0,0,0,0,0,0,0,0,0,0,0,0,0,0,0,0
9.2626e-05,0,0,0,0,0,0,0,0,0,0,0,0,0,0,0,0,0,0,0,0,0,0,0,0,0,0,0,0,0,0,0,0,0,0
0,0,0,0,0,0,0,0,0,0,0,0,0,0,0,0,0,0,0,0,0,0,0,0,0,0,0,0,0,0,0,0,0,0,0
0,0,0,0,0,0,0,0,0,0,0,0,0,0,0,0,0,0,0,0,0,0,0,0,0,0.0067783,0,0,0.002388,0,0,0,0,0,0
0,0,0,0,0,0,0.012014,0,0,0,0.016083,0,0,0,0.010381,0,0,0,0,0,0,0,0,0,0,0,0,0,0.019951,0,0,0,0,0,0
0,0,0,0,0,0,0,0,0.015996,0,0,0.0006822,0,0,0,0,0.0462,0,0.028839,0,0,0,0,0,0,0,0,0,0.020513,0,0,0,0,0,0.041594
0,0.10853,0,0,0.0032692,0,0,0,0.014977,0,0,0.065884,0,0,0,0,0.35428,0,0,0,0,0,0,0,0,0,0,0,0,0,0,0,0,0,0
0,0,0,0.16037,0.0032216,0,0,0,0,0,0,0,0,0,0,0,0,0.049102,0,0,0,0,0,0,0,0,0,0.2071,0,0,0,0,0,0,0
0.12934,0,0,0.18458,0.03153,0,0,0,0,0,0,0,0,0,0,0,0.00068223,9.8673e-06,0,0.092192,0,0,0,0,0,0,0,0,0,0,0,0,0,0,0
0.0058173,0,0,0,0,0,0,0,0,0,0,0,0,0,0,0,0.0022569,0,0,0.0061305,0,0,0,0,0,0,0,0,0,0,0,0,0,0,0
0,0,0,0,0,0,0,0,0,0,0,0,0,0,0,0,0,0,0,0,0,0,0,0,0,0,0,0,0,0,0,0,0,0,0
0,0,0,0,0,0,0,0,0,0,0,0,0,0,0,0,0,0,0,0,0,0,0,0,0,0,0,0,0,0,0,0,0,0,0
0,0,0,0,0,0,0,0,0,0,0,0,0,0,0,0,0,0,0,0,0,0,0,0,0,0,0,0,0,0,0,0,0,0,0
0,0,0,0,0,0,0,0,0,0,0,0,0,0,0.0029942,0,0,0,0,0,0.0082757,0,0,0,0,0.027792,0,0,0.0038561,0,0,0,0,0,0
0,0,0,0,0,0,0.025576,0,0,0,0.071967,0,0,0,0.037464,0,0,0,0,0,0,0,0,0,0,0,0,0,0.028457,0,0,0,0,0,0
0,0,0,0,0,0,0.005565,0.026161,0.043088,0,0,0,0,0,0.013242,0,0.0096668,0,0.0062668,0,0,0,0.011628,0,0,0,0,0,0.033448,0,0,0,0,0,0.1071
0,0.029843,0,0,0.019905,0,0,0,0.032211,0,0,0.15529,0,0,0,0,0.16138,0,0.065683,0,0,0,0,0,0,0,0,0,0,0,0,0,0,0,0.028343
0,0.29738,0.002527,0.00011609,0.01806,0,0.00042845,0,0.0051498,0,0,0.0054148,0,0,0,0,0.3231,0.01065,0.015607,0,0,0,0,0,0,0,0,0.40425,0,0,0,0,0,0,0
0.017389,0,0,0.50277,0.034358,0,0.0092417,0,0,0,0,0,0,0,0,0,0.078943,0.11575,0.0092471,0,0,0,0,0,0,0,0,0.093592,0,0,0,0,0,0,0
0.2528,0,0,0.059901,0.024766,0,0,0,0,0,0,0,0,0,0,0,0.013837,0.0036412,0,0.12808,0,0,0,0,0,0,0,0,0,0,0,0,0,0,0
0.022186,0,0,0.013366,0,0,0,0,0,0,0,0,0.0013967,0,0,0,0.001398,0,0,0.00061058,0,0,0,0,0,0,0,0,0,0,0,0,0,0,0
0.0085219,0,0,0.0023663,0,0,0,0,0,0,0,0,0.00023692,0.0024339,0,0,0,0,0.0074839,0,0,0,0,0,0,0,0,0,0,0,0,0,0,0,0
0.012777,0,0,0.012316,0,0,0,0,0,0,0,0,0.0001564,8.5302e-06,0,0,0,0,0,0,0,0,0,0,0,0,0,0,0,0,0,0,0,0.00036895,0
0,0,0,0,0,0,0,0.0018757,0,0,0,0,0,0,0.013184,0,0,0,0,0,0.0097317,0,0,0,0,0.043041,0,0,0.0013406,0,0,0,0,0,0
0,0,0,0,0,0,0.034281,0.061557,0,0,0.23044,0,0,0,0.032636,0,0,0,0,0,0.0039535,0,0,0,0,0.06331,0,0,0.030414,0,0,0,0,0,0
0,0,0,0,0,0,0.040478,0.18649,0.064825,0,0,0,0,0,0.010606,0,3.5726e-06,0,0,0,0,0,0.14805,0.015768,0.056948,0.11572,0,0,0.037919,0,0,0,0.016901,0,0.0082057
0,0,0.031215,0,0,0,0.020878,0.012926,0.040634,0.097877,0,0.012531,0,0,0.0040976,0,0.00037227,0,0.082183,0,0,0.074043,0.002205,0.085343,0.08563,0.0054056,0.018148,0,0.077045,0.027801,0,0.065823,0.0024401,0,0.19532
9.5363e-05,0.091484,0.038655,0,0.05351,0,0.030572,0,0.0036372,0.026424,0,0.030313,0,0.0019414,0,0,0.0065163,0,0.099044,0,0,0.010259,0,0.0095421,0.0085298,0,0.034922,0.0048448,0.041775,0.024092,0,0.021106,0,0,0.016657
0.00059392,0.1341,0.011217,0.00094416,0.023932,0,0.054914,0,0,0.00087828,0,0.012255,0.015548,0.0064529,0,0.0044242,0.0013184,0.013159,0.098721,0.00085003,0,0,0,0.016677,0.0031435,0,0.073146,0.16689,0.054196,0,0,0,0,0,0
0.019238,0.012998,0.00017711,0.045348,0.023917,0,0,0,0,0,0,0.0008266,0.020913,0.0040896,0,0.027715,5.1551e-05,0.0038435,0.046718,0.0019103,0.024755,0,0,0,0,0,0.011451,0.04922,0.029212,0,0.037499,0,0,0.063051,0
0.050009,0,0,0.0097814,0.015706,0,0,0,0,0,0.00064041,0.060907,0.0059018,0.00083889,0,0.0011806,0,0,0.01044,0.0028801,0,0,0,0,0,0,0,0.022497,0,0,0.01247,0,0,0.015964,0.00023514
0.0047315,0.10358,0,0.00046516,0.00078715,0,0,0,0,0,0.00096138,0.010775,0.00011603,4.9439e-05,0,0.00030351,0,4.4485e-06,0.015451,0.0018069,0,0,0,0,0,0,0,0.020727,0,0,0.00072237,0,0,0.0022915,0.0014965
0,0.0060553,0,0.0076744,0,0,0,0,0,0,0.00051052,0,0,1.5725e-05,0,0.00071684,0,4.9122e-06,0.0053519,5.7243e-05,0,0,0,0,0,0,0,0.028642,0,0,0.0014726,0,0,0.00070878,0.0029944
0,0,0,0,0,0,0,0.0059019,0,0,0,0,0,0,0.01382,0,0,0,0,0,0.024543,0,0,0,0,0.0058007,0,0,4.7221e-05,0.0037679,0,0,0,0,0
0,0,0,0,0,0,0.00088672,0.12499,0,0,0.015091,0,0,0,0.025076,0,0,0,0,0,0.026609,0,0.075363,0,0,0.21106,0,0,0.022351,0,0,0,0.0021326,0,0
0,0,0.0072313,0,0,0,0.17643,0.054248,0.073415,0.097073,0.45711,0,0,0,0.031417,0,0,0,0,0,0.0081605,0.050978,0.19197,0.090418,0.14451,0.15746,0.0027638,0,0.11501,0.12486,0,0.032727,0.16294,0,0
4.9058e-05,0,0.082905,0,0.0012666,0,0.067276,0.0080253,0.072897,0.17631,0.11199,0,0,0.0072453,0.00050952,0,0,0,0.013081,0,0.01202,0.12462,0.0030074,0.090975,0.0539,0.1139,0.091178,0,0.18457,0.20213,0,0.17325,0.096705,0,0.0072582
0.00072104,0,0.062937,0,0.015171,0,0.21501,0.00077613,0.0064131,0.056026,0,0,0.023725,0.021113,0,0.027926,0,0.010795,0.041366,0.0012627,0.041532,0.099432,0,0.069946,0.039418,0.095967,0.035469,0.0010406,0.096904,0.029715,0,0.021244,0.0074448,0,0.058373
5.494e-05,0.0012938,0.045605,0,0.010542,0,0.055143,0,0,0.0071106,0,0.00072189,0.021497,0.0014901,0,0.022158,0,0.0061143,0.018913,0.013553,0.068821,0.027132,0,0.017391,0.033799,0.00071423,0.077113,0.00016319,0.11618,0.0091852,0.016269,0.0012345,0,0.046087,0.014146
0,0.005798,0.005145,0,0.021852,0,0,0,0,0.00042404,0.0061111,0.0010077,0,1.4419e-05,0,0.00043763,0,0.00098839,0.01629,0.011925,0.11559,0.0022052,0,0,0.0021909,4.9461e-06,0.0002466,7.3506e-05,0.05622,0.0017523,0.035365,7.2881e-06,0,0.015342,0.0065036
0,0.0058768,0.022115,0,0.0095831,0,0,0,0,0.0003248,0.0043637,0.0028889,0,0,0,0,0,0.00029896,0.0015596,0.0095751,0.0037309,0.001159,0,0,0,1.6412e-06,0,0.00093092,7.147e-07,0.00033516,0.0016073,0,0,0,0.0018498
0,0.034158,0.00060629,0,0.00024424,0,0,0,0,0.00010545,0,0,0,0,0,0,0,4.794e-05,0,0.000573,4.031e-05,0.00028782,0,0,0,0,0,0,0.0016433,5.1414e-06,0,0,0,0,4.2845e-07
0,0.0016617,0,0,0.00036312,0,0,0,0,5.94e-05,0,0,0,0,0,0,0,0,0,0.00016412,1.0682e-06,5.0056e-05,0,0,0,0,0,0,0.0010511,0,0,0,0,0,0
0,0,0,0,0,0,0,0.11963,0,0.014661,0,0,0,0,0.019945,0,0,0,0,0,0.010214,0,0.042811,0,0,0,0,0,8.9741e-05,0.042878,0,0,0,0,0
0,0,0,0,0,0,0,0.19362,0,0.11676,0,0,0,0,0.10366,0,0,0,0,0,0.033807,0,0.1233,0,0,0.0097135,0,0,0.0013822,0.095366,0,0.0052402,0.013024,0,0
0,0,0.027951,0,0,0,0.0079844,0.040421,0.13942,0.18227,0.0039565,0,0,0,0.15515,0.0063945,0,0,0,0,0.026838,0.059429,0.13176,0.11949,0.13789,0.076539,0.056852,0,0.0045696,0.13926,0,0.11627,0.17443,0,0
0.001165,0,0.060893,0,0.021006,0,0.21907,0.0032293,0.046719,0.020554,0.048633,0,0,0.038466,0.16458,0.022583,0,0,0.00093281,0,0.057341,0.08625,9.7983e-06,0.063554,0.07653,0.055299,0.098957,0,0.0089882,0.088392,0.0080666,0.16792,0.084526,0,0
0.00069827,0,0.076859,0,0.013135,0,0.022002,0.0002156,0.011633,0.002212,0.029238,0,0.040416,0.0026727,0.012334,0.034924,0,0.02503,0.0043907,0.010763,0.069205,0.042385,0,0.061966,0.036408,0.010406,0.046579,3.067e-05,0.00061503,0.066195,0.038741,0.027038,0.017477,0.0020788,0
0,0.013062,0.027241,0,0,1.636e-05,0.0022339,0,0,0.00043168,0.00085112,0.00069184,0,0,1.6792e-05,0,0,0.0090201,0.00073144,0.012421,0.062531,0.0020188,0,7.9232e-05,0.00070952,1.0606e-05,0.046498,0,1.4131e-05,0.0079256,0.034416,0.0042047,0.0084873,0.048393,0.00046232
0,0.0045014,0.039875,0,0,0,0,0,0,0.00013769,0.00058594,0.00078715,0,0,0,0,0,0.0020895,0,0.029923,0.028981,1.4266e-05,0,0,0,0,0.00022961,0,1.2061e-05,1.2578e-05,0,9.7805e-06,3.4689e-05,0,0.00044237
0,0,0.0042062,0,0,0,0,0,0,0,0,0,0,0,0,0,0,0,0,0.0031973,0.00045572,0,0,0,0,0,0,0,0,0,0,0,7.3002e-06,0,0
0,0,0,0,0,0,0,0,0,0,0,0,0,0,0,0,0,0,0,0,2.1888e-05,0,0,0,0,0,0,0,7.8164e-06,0,0,0,5.3344e-06,0,0
0,0,0,0,0,0,0,0,0,0,0,0,0,0,0,0,0,0,0,0,0,0,0,0,0,0,0,0,7.4061e-05,0,0,0,5.4262e-06,0,0
0,0,0,0,0,0,0,0.022932,0,0.015544,0,0,0,0,0,0.15095,0,0,0,0,0.012308,0.061783,0.057826,0,0,0.0002177,0,0,0.00017518,0.03463,0.066591,0.0069703,0.014798,0.002002,0
0,0,0,0,0,0,0,0.10702,0.013236,0.086026,0,0,0,0,0.072682,0.29986,0,0,0,0,0.017052,0.17797,0.1064,0.040582,0.073966,0.00018499,0,0,0.0003142,0.076225,0.21663,0.14644,0.083355,0.2205,0
0,0,0.070523,0,0,0.074093,0,0.019346,0.11377,0.027975,0,0,0.0074998,0.081295,0.20822,0.21324,0,0,0,0,0.026182,0.1511,0.070489,0.15809,0.10588,0.00060547,0.087366,0,0.0026535,0.025479,0.26811,0.13267,0.069739,0.24743,0
0.0031466,0,0.10976,0,0.022792,0.041596,3.5709e-06,0.0016949,0.034441,0,0.0011533,0,0.079481,0.1666,0.045078,0.12881,0,0,0.0037742,0,0.06237,0.024979,0.00035796,0.014699,0.005105,2.8641e-05,0.08058,0,0.0032045,0,0.13694,0.017826,0.030515,0.14367,0
0.0021561,0,0.06366,0,0.005776,0.010768,1.7541e-05,5.0108e-05,0.0075242,0,0.00021037,0,0.1257,0.097743,9.1284e-05,0.039067,0,0.020907,0.011566,0.022468,0.073244,0.0017615,5.0803e-07,0.00034992,0,2.005e-05,0.0077586,0,0.0022771,0,0.090837,0.003523,0.013292,0.074213,0.00011018
2.6909e-05,0.0022209,0.016969,0,0,0.013054,0,3.2864e-06,1.278e-05,0,1.0481e-05,0.0018556,0.092674,0.056841,0.00031712,0.0042723,0,0.020687,0.003293,0.020688,0.0037019,9.1777e-05,0,0,0,3.3543e-06,5.9353e-05,0,0.00049719,0,0.018356,6.9835e-05,0.00030552,0.02826,0.0028823
0,0.0011003,0.0073482,0,0,0.00044532,0,0,0,0,0,0.0039282,0.023889,0.0032141,0.00077737,0,0,0.0071291,0.015896,0.043279,0,0,0,0,0,0,6.3953e-05,0,1.4706e-05,0,0.00053388,0,0,1.1483e-06,7.9947e-05
0,0,0,0,0,0,0,0,0,0,0,0,0,0.00022629,0,0,0,0,0.017367,0.0022983,0,0,0,0,0,0,3.1525e-05,0,0,0,0,0,0,0,0
0,0,0,0,0,0,0,0,0,0,0,0,0,0,0,0,0,0,0.00058777,0,0,0,0,0,0,0,1.5436e-05,0,0,0,0,0,0,0,0
0,0,0,0,0,0,0,0,0,0,0,0,0,0,0,0,0,0,0,0,0,0,0,0,0,0,5.8872e-07,0,0,0,0,0,0,0,0
0,0,0,0,0,0,0,0.0035904,0,0.023989,0,0,0,0,0,0.0067467,0,0,0,0,0.011013,0,0.033786,0,0.026415,0,0,0,0,0,0.010581,0.036152,0.023624,0.065826,0
0,0,0.033712,0,0,0.070991,0,0,0.070203,0.027076,0,0,0.018534,0,0.0059885,0,0,0,0,0,0.040925,0,0.00048057,0.06154,0.043498,0,0.0098276,0,0.00026715,0,0,0.0085864,0.074815,0,0
0,0,0.068907,0,0,0.014037,0,0.0044581,0.02827,0.0011638,0,0,0.17171,0.1648,0.012282,0.00096044,0,0.077994,0,0,0.024447,0,0.00054004,0.025401,0.030371,9.9194e-06,0.084386,0,5.8821e-05,0,0,3.6156e-06,0.055517,0,0.098021
0.0013214,0.0086538,0.030794,0,0.003822,0,0,0.00078498,0.007806,8.7308e-06,2.4116e-05,0.01498,0.068995,0.14748,0.0007981,0.003312,0,0.21153,0.03872,0,0.057564,0.0018467,4.0809e-06,0.00025193,0.00027014,0,0.036974,0,0.00011492,0,0.00014831,0.00085879,0.020087,0,0.094464
0.037196,0.018244,0.00063721,0,0.042305,0,0,7.5114e-06,0.0012894,0,6.2028e-05,0.013002,0.071553,0.012828,4.6304e-05,0.00035468,0,0.11006,0.053301,0.0021464,0.0016913,0.00020601,0,6.1444e-05,0,0,2.195e-05,0,9.1021e-06,0,0.0004217,0.00089799,0.00013283,1.0472e-05,0.038359
0.042805,0.0015775,0,0,0,0.020792,0,0,1.4914e-06,0,6.7541e-07,0.031019,0.027026,0.0030278,0,0,0,0.0098547,0.036979,0.019956,0,0,0,0,0,0,1.5757e-05,0,0,0,0,0.00011122,0,3.7898e-05,0.003748
0.0035986,3.17e-06,0,0,0.040711,0.019477,0,0,0,0,0,0.003902,0.010016,0.00025879,0,0,0,0.001315,0.011538,0.022895,0,0,0,0,0,0,2.9978e-06,0,0,0,0,0,0,0,7.5497e-06
0,0,0,0,0.049583,9.236e-05,0,0,0,0,0,5.3956e-05,0,0.00010012,0,0,0,0,0.0013928,0.041301,0,0,0,0,0,0,1.8188e-06,0,0,0,0,0,0,0,0
0,0,0,0,0.036756,0,0,0,0,0,0,0,0,0,0,0,0,0,0.00011112,0.014666,0,0,0,0,0,0,9.7887e-07,0,0,0,0,0,0,0,0
0,0,0,0,0.0097644,0,0,0,0,0,0,0,0,0,0,0,0,0,2.5423e-05,0.0013418,0,0,0,0,0,0,0,0,0,0,0,0,0,0,0
0,0,0,0,0,0.0062513,0,0,0,0.0092013,0,0,0,0,0,0.0036663,0,0,0,0,0,0,0,0,0.0074499,0,0,0,2.9626e-05,0,0.0042274,0.0084489,0.021934,0.017136,0
0,0,0.036714,0,0,0.0064449,0,0,0.07209,0.0057252,0,0,0.08843,0.087871,0.0014705,0,0,0.0026448,0,0,0.011404,0,0,0.038855,0.01313,0,0.010076,0,2.9855e-05,0,0,0,0,0,0.049543
0,0.028663,0,0,0.0017526,0,0,2.3486e-05,0.014898,0.0021911,0,0,0.0051059,0.041139,0.0011285,0,0,0.20504,0,0,0.020381,0,0,0.00183,0.00046684,0,0.040126,0,2.8696e-05,0,0,0.0010812,0.00024596,0,0.14677
0,0.02685,1.1048e-05,0,0.038093,0,0,2.4492e-05,0.0001877,0.0012082,0,0.13504,0,0,0,0,0,0.00030533,0.015223,0,0,0,0,5.005e-06,9.2132e-07,0,0.017674,0,2.7061e-05,0,0,0,0.0024267,0,0
0.061366,0,2.9945e-06,0,0.016755,0,0,0,0.00013053,0,0,0.20476,0,0,0,0,0,0.00097833,0.092283,0,0,0,0,0,0,0,0,0,4.1425e-06,0,0,0.00018084,0,0,0
0.11222,0,0,0,0.067799,0,0,0,0,0,0,0.001441,0,0,0,0,0,0.00012611,0.013469,0.052418,0,0,0,0,0,0,9.0888e-07,0,0,0,0,0.00010871,0,0,0
0.010177,0,0,0,0.092396,0.013063,0,0,0,0,0,0,0,0,0,0,0,0,0.00089292,0.041535,0,0,0,0,0,0,0,0,0,0,0,0,0,0,0
6.1345e-05,0,0,0,0.049326,0.095091,0,0,0,0,0,7.8004e-05,0,0,0,0,0,0,0,0.039531,0,0,0,0,0,0,0,0,0,0,0,0,0,0,0
0,0,0,0,0.024597,0.0063415,0,0,0,0,0,0.00043305,0,0,0,0,0,0,0,0.023269,0,0,0,0,0,0,0,0,0,0,0,0,0,0,0
0,0,0,0,0.016702,0.0002763,0,0,0,0,0,0.0018758,0,0,0,0,0,0,0,0.0057335,0,0,0,0,0,0,0,0,0,0,0,0,0,0,0
0,0,0,0,0,0.0033133,0,0,0,4.7053e-06,0,0,0,0,0,0,0,0,0,0,0,0,0,0.0071083,0.012947,0,0,0,2.7459e-05,0,0,0,0.0026566,0.00662,0
0,0,0.01155,0,0,0,0,0,0.058827,0,0,0,0.064883,0.042953,5.8247e-06,0,0,0.070345,0,0,0.00055662,0,0,0.006999,0.00089662,0,0.0047524,0,6.5183e-06,0,0,0,0,0,0.057507
0,0.045251,0,0,0.034761,0,0,0,0,0.00022958,0,0,0,0,0,0,0,0,0,0,0,0,0,0,0,0,0.021446,0,5.8809e-06,0,0,9.7539e-07,0,0,0
0.0063129,0,0,0,0.0027793,0,0,0,0,3.643e-06,0,0.18396,0,0,0,0,0,0,0.072517,0,0,0,0,4.837e-06,0,0,0,0,2.338e-06,0,0,0,0,0,0
0.15055,0,0,0,0.040151,0,0,0,0,0,0,0,0,0,0,0,0,0,0,0.10463,0,0,0,0,0,0,0,0,5.7874e-07,0,0,0,0,0,0
0,0,0,0,0.038909,0,0,0,0,0,0,0,0,0,0,0,0,0,0,0.12896,0,0,0,0,0,0,0,0,0,0,0,4.8907e-07,0,0,0
0.00073503,0,0,0,0,0.28138,0,0,0,0,0,0,0,0,0,0,0,0,0,0,0,0,0,0,0,0,0,0,0,0,0,0,0,0,0
2.3452e-06,0,0,0,0,0.081481,0,0,0,0,0,0,0,0,0,0,0,0,0,0,0,0,0,0,0,0,0,0,0,0,0,0,0,0,0
0,0,0,0,0,0.011603,0,0,0,0,0,0,0,0,0,0,0,0,0,0,0,0,0,0,0,0,0,0,0,0,0,0,0,0,0
0,0,0,0,0,0.00029033,0,0,0,0,0,0,0,0,0,0,0,0,0,0,0,0,0,0,0,0,0,0,0,0,0,0,0,0,0
0,0,0.0017218,0,0,0.0015275,0,0,0,0,0,0,0,0,0,0,0,0,0,0,0,0,0,0.0030756,0,0,0,0,0,0,0,0,0,0,0
0,0,0.00033653,0,0,0,0,0,0.0062979,0,0,0,0.014593,0.0067882,0,0,0,0.010543,0,0,0,0,0,0,0,0,0,0,1.1162e-06,0,0,0,0,0,0.017519
0,0.017119,0,0,0.0088766,0,0,0,0,7.0319e-06,0,0.023863,0,0,0,0,0,0,0,0,0,0,0,0,0,0,0.0052639,0,0,0,0,0,0,0,0
0.042146,0,0,0,0,0,0,0,0,8.619e-06,0,0.018833,0,0,0,0,0,0,0.022765,0,0,0,0,0,0,0,0,0,0,0,0,0,0,0,0
0,0,0,0,0.0094703,0,0,0,0,0,0,0,0,0,0,0,0,0,0,0.084997,0,0,0,0,0,0,0,0,0,0,0,0,0,0,0
0,0,0,0,0,0,0,0,0,0,0,0,0,0,0,0,0,0,0,0,0,0,0,0,0,0,0,0,0,0,0,0,0,0,0
0,0,0,0,0,0,0,0,0,0,0,0,0,0,0,0,0,0,0,0,0,0,0,0,0,0,0,0,0,0,0,0,0,0,0
0,0,0,0,0,0.22757,0,0,0,0,0,0,0,0,0,0,0,0,0,0,0,0,0,0,0,0,0,0,0,0,0,0,0,0,0
0,0,0,0,0,0,0,0,0,0,0,0,0,0,0,0,0,0,0,0,0,0,0,0,0,0,0,0,0,0,0,0,0,0,0
0,0,0,0,0,0,0,0,0,0,0,0,0,0,0,0,0,0,0,0,0,0,0,0,0,0,0,0,0,0,0,0,0,0,0
