0.054689,0.040145,0.0056989,0.010325,0.023143,0.0044475,0.013124,0.0056518,0.024915,0.031715,0.0049358,0.032609,0.076819,0.0023591,0.00071245,0.031433,0.053832,0.039304,0.014798,0.022358,0.00017672,0.003643,0.010015,0.017137,0.038358,0.026092,9.8781e-06,0.069281,0,0.00087535,0.057391,0,0.010888,0.054734,0.049158,0.026424,0.040963,0.016225,0.027794,4.7576e-06,0.011005,0.00068752,0.0047108,0.008677,0.0083508,0.0069771,0.00012533
0.0078555,0.0072442,0,0.0016987,0,0,8.8976e-06,0,0.0059193,0,0.0010741,0.001495,0,0.00048938,0.031061,0.022065,0.0071417,0.009021,0,0,0,0.0010579,0.02209,0.052372,0.050857,0.033765,0,6.4813e-06,0,0.0024027,0,0,0,0,0,0,0,0.029667,0,0,0,0.00090648,0.0092299,0.01039,0.0030772,0.0069718,0.00021541
0.0035087,0.0020349,0,0.066333,0,0,8.7363e-05,0.0037731,0.0097005,0,0.0013289,0.011556,0,0,0.07401,0.061252,0.00024593,0.010959,0,1.9191e-05,0.00017981,0.0014565,0.082619,0.057883,0.065234,0.038934,0,3.6656e-07,0,0.068477,0,0,0,0,0,0,0,0.065573,0,0.023405,0,0.001712,0.012669,0.024753,0.0099329,0.013387,0.0005976
0.0057503,0,0,0.015045,0,0,0.0050301,0,0.015096,2.3262e-07,0.00011666,0.0008385,0,0.1753,0.085242,0.027397,0.0061149,0.0071164,0,2.8125e-05,0.095154,0.00090819,0.10261,0.07756,0.082229,0.047051,0,0.002687,0.1287,0.028755,0,0.13155,0,0,0.001046,0,0,0.089193,0,0.090297,0,0.0064524,0.029935,0.042239,0.017766,0.033863,0.10252
0.0075406,0.0014339,0,0.14411,0,0,3.4468e-06,0.023035,0.020707,2.5681e-07,2.0181e-05,0.018886,0.064888,0.011203,0.082119,0.20722,3.8582e-05,0.10757,0,0.051574,0.029404,0,0.14857,0.10572,0.09696,0.12476,0.1163,0.0067815,0.2133,0.026139,0,0.09703,0,0,0.013182,0,0,0.08396,0,0.059968,0.001102,0.25276,0.10446,0.129,0.14142,0.1884,0.16898
0.42275,0.62328,0.1898,0.29744,0.61747,0.16393,0.2866,0.74553,0.57106,0.34369,0.18228,0.44963,0.29452,0.26569,0.13431,0.26358,0.5811,0.31965,0.33469,0.3203,0.68825,0.13902,0.16622,0.16284,0.17767,0.23599,0.78768,0.25996,0.12017,0.49974,0.59395,0.38167,0.73492,0.71881,0.24752,0.20481,0.23813,0.25124,0.72861,0.1121,0.14761,0.265,0.34986,0.35117,0.4338,0.34125,0.32504
0.0082107,0.0045968,0,0.11183,0,0,0.0037251,0,0,3.9465e-07,0.000629,0.0003311,0,0.46371,0.17935,0.073323,0.00082328,0.030488,0,0.00010269,0.11125,0.010943,0.14903,0.13652,0.088035,0.11726,0,0.00097869,0.39292,0.050378,0,0.31271,0,0,0.0013707,0,0,0.14038,0,0.40724,0,0.01544,0.069011,0.061038,0.042684,0.064212,0.22744
0.030263,0.010253,0,0.13318,0,0,0.0092692,0.014462,0.0038672,3.0875e-07,0.0028084,0.024072,0,1.691e-05,0.17292,0.12856,0.016105,0.022082,0,0.00011357,0.015148,0.012027,0.15798,0.13281,0.12747,0.14432,0,0.0024471,9.7238e-06,0.20937,2.2382e-07,0,0,0,0,0,0,0.094131,0,0.18227,0,6.9454e-07,0.082473,0.085674,0.062907,0.080558,0.010041
0.017953,0.006124,0,0.060276,0,0,3.5517e-06,0,0,2.1757e-07,0.0026062,0.00039935,0,7.2459e-06,0.11446,0.059877,0.010666,0.024777,0,6.3272e-05,0,0.012586,0.10917,0.17161,0.12407,0.1129,0,0.0023952,9.2163e-06,0.043102,0,0,0,0,0,0,0,0.14104,0,0,0,0.01271,0.10378,0.082935,0.052481,0.1077,0.15611
0.44148,0.30489,0.8045,0.15976,0.35939,0.83162,0.68215,0.20755,0.34874,0.6246,0.8042,0.46018,0.56377,0.081213,0.12582,0.12529,0.32394,0.42903,0.65051,0.60544,0.060443,0.81836,0.051705,0.085541,0.14913,0.11893,0.096014,0.65546,0.14489,0.070757,0.34866,0.07705,0.25419,0.22645,0.68772,0.76876,0.7209,0.08858,0.2436,0.12471,0.84028,0.44432,0.23388,0.20411,0.22758,0.15667,0.008932
0.98685,0.98074,0.99271,0.97469,0.99168,0.9991,0.99078,0.96638,0.96463,0.99208,0.98823,0.97655,0.54871,0.77401,0.87485,0.54023,0.90685,0.99883,0.99514,0.98538,0.88128,0.99875,0.65441,0.9968,0.98705,0.16706,0.75043,0.96208,0.81783,0.40608,0.9957,0.76998,0.99834,0.99833,0.99028,0.98397,0.99798,0.94072,0.62963,0.80512,1,0.976,0.99507,0.99683,0.91701,0.64888,0.75234
0.0052328,0.016091,0.0070484,0.02068,0.0065429,0.00039664,0.0075748,0.026744,0.032472,0.006292,0.0093066,0.018054,0.44732,0.13304,0.11913,0.45737,0.091816,0.0010844,0.0041657,0.011208,0.10071,0.0011511,0.34466,0.0027933,0.010907,0.83062,0.18066,0.018414,0.17739,0.49181,0.0036147,0.16499,0.0012693,0.0010174,0.0064667,0.014252,0.0019097,0.034931,0.35871,0.18578,0,0.022978,0.0043764,0.0027642,0.0064065,0.34952,0.15362
0.0012472,0.0029888,0.00019766,0.0039743,0.0014811,0.00042893,0.001255,0.0056873,0.0024683,0.0013367,0.0022765,0.0043786,0.0039655,0.026511,0.004747,0.0019633,0.0008338,8.5911e-05,0.00062038,0.0023075,0.0093439,9.8789e-05,0.00082735,0.00038171,0.0017436,0.002164,0.048758,0.0078508,0.0030071,0.06894,0.00058724,0.0503,0.00036034,0.00058987,0.0023875,0.0017666,0.00010655,0.014871,0.0097411,0.0090177,0,0.00081198,0.00051875,0.00038619,0.076528,0.0013732,0.038064
0.006632,0.0001757,4.758e-05,0.00056908,0.00019336,6.4189e-05,0.00027264,0.00097604,0.00038047,0.00024453,0.00016078,0.00075054,7.3154e-06,0.066033,0.0011707,0.00032931,0.00045824,3.26e-07,6.9232e-05,0.00047717,0.00055006,3.9837e-06,0.00010365,2.6086e-05,0.00026837,0.00016461,0.012068,0.0024748,0.0014285,0.025452,9.0524e-05,0.013063,3.0511e-05,5.8632e-05,0.00046076,8.4867e-06,0,0.005292,0.0016151,8.708e-05,0,0.00016641,3.0357e-05,1.5846e-05,5.6823e-05,0.00022733,0.0054846
2.689e-05,0,1.0256e-06,7.2361e-05,2.2656e-05,5.4687e-06,0.00011917,0.0001996,4.5665e-05,4.5431e-05,1.1289e-05,0.00012928,0,0.00030385,9.5942e-05,0.00010769,2.7567e-05,0,3.9989e-06,6.1566e-05,0.008118,0,0,0,3.5754e-05,0,0.0028022,0.00067014,0.00025308,0.0074082,6.3816e-06,0.0015261,0,9.1718e-07,0.00010637,0,0,0.0013559,0.00028776,0,0,3.3915e-05,2.9159e-07,0,8.139e-07,1.2182e-06,0.046992
9.9818e-06,0,0,0,0,0,0,1.2051e-05,0,3.7199e-06,1.869e-07,3.8907e-06,0,1.7121e-05,0,0,7.1171e-06,0,0,5.2117e-05,0,0,0,0,0,0,0.00052138,0.00011823,2.5305e-05,0.00014168,0,0.00014124,0,0,9.5244e-06,0,0,0.0020798,1.1272e-05,0,0,7.8722e-06,0,0,0,0,0.0030367
4.2768e-06,6.9822e-06,0,0,0,0,0,0,0,0,1.1899e-05,0,0,0,0,0,5.0897e-06,0,0,7.3398e-05,0,0,0,0,0,0,3.3192e-05,0.0081612,0,0,0,0,0,0,0,0,0,6.0803e-05,0,0,0,0,0,0,0,0,0.00016669
0,0,0,0,0,0,0,0,0,0,0,0,0,0,0,0,0,0,0,0.0004079,0,0,0,0,0,0,0,0,0,0,0,0,0,0,0,0,0,4.9042e-06,0,0,0,0,0,0,0,0,0.00010885
0,0,0,0,0,0,0,0,0,1.8725e-06,0,0,0,5.854e-05,0,0,0,0,0,1.5992e-06,0,0,0,0,0,0,0.0047228,3.6765e-07,0,0,0,0,0,0,0,0,0,0,0,0,0,0,0,0,0,0,2.1952e-06
7.9458e-07,0,0,1.6219e-05,7.6574e-05,0,0,0,0,3.7828e-07,0,0.00012818,0,3.2446e-05,1.3427e-05,0,0,0,0,2.9666e-05,0,0,0,0,0,0,0,0.00022866,6.7309e-05,0.00017395,4.4667e-07,0,0,0,0.00028432,0,0,0.00068733,0,0,0,5.0871e-06,0,0,0,0,0.00018039
0.23102,0.10502,0.1527,1.6219e-05,0.04627,0.089985,0.092961,0,0.50965,0.090681,0.092206,0.097129,0.084169,0.013911,0.071362,0.29493,0.14334,0.25482,0.1001,8.0872e-05,0.0083393,0.098212,0.32841,0.098369,0.05849,0.055303,0.0014942,0.00082422,3.1921e-05,0.41185,0.098755,0.27161,0.51743,0.61679,0,0.20294,0.094247,0.072935,0.14985,0.33946,0.13504,5.0871e-06,0.050028,0.039877,0.010858,0.035849,0.0081003
0.074659,0.096377,0.13886,0,0.047014,0.083174,0.087002,0,0.075474,0.090426,0.077821,0.11473,0.094948,0.01706,0.074055,0.054375,0.025953,0.22065,0.097186,7.305e-05,0.0089842,0.11293,0.025247,0.04055,0.058647,0.080524,0.0013197,0.00095945,3.0519e-05,0.073478,0.10492,0.00023905,0.057832,0.064261,0.10737,0.18646,0.075245,0.081895,0.095619,0.055168,0.1413,0,0.047307,0.050031,0.0085963,0.035999,0.0056644
0.056154,0.31512,0.13539,0,0.043532,0.088296,0.086089,0,0.058092,0.10013,0.093703,0.085535,0.084582,0.019437,0.075105,0.015635,0.025971,0.041969,0.089132,7.4441e-05,0.091082,0.09261,0.026022,0.042746,0.062379,0.059904,0.0015107,0.00092518,4.8688e-06,0.069137,0.13843,0.0029714,0.048125,0.060759,0.30385,0.17623,0.079523,0.082375,0.077916,0.19775,0.13072,0,0.046703,0.047653,0.012595,0.034398,0.0076876
0.074438,0.17897,0.14229,0,0.047682,0.086071,0.094916,0,0.05109,0.090811,0.093354,0.083398,0.097879,0.0089528,0.079742,0.025746,0.017357,0.045714,0.095566,6.6192e-05,0.52421,0.09636,0.021615,0.053931,0.081244,0.0602,0.00035588,0.00087245,0,0.087924,0.15739,0.027641,0.059911,0.077033,0.33156,0.17491,0.10673,0.072141,0.094175,0.32176,0.13725,0,0.047513,0.048388,0.010317,0.038953,0.0074804
0.070327,0.055845,0.13363,0,0.044115,0.093362,0.090028,0,0.057163,0.091253,0.090507,0.087949,0.079808,0.0026055,0.085498,0.011753,0.020391,0.042201,0.082661,4.0186e-05,0.36739,0.087946,0.017456,0.047781,0.061839,0.067985,1.3304e-05,0.0013886,0,0.0873,0.16069,0.13162,0.072265,0.068756,0.25708,0.1263,0.096932,0.067059,0.21011,0.085862,0.11445,0,0.055622,0.045561,0.011518,0.040554,0.0087788
0.075598,0.060593,0.19914,0,0.044729,0.092666,0.095158,0,0.034816,0.094651,0.087785,0.077452,0.088825,0.0012317,0.06838,0.012402,0.017478,0.053195,0.099858,2.8956e-05,0,0.10723,0.11568,0.057591,0.07379,0.081177,0,0.0010522,0,0.12282,0.19401,0.36058,0.074686,0.075099,0,0.11393,0.14434,0.076041,0.06982,0,0.10515,0,0.049877,0.068419,0.008314,0.047663,0.0049514
0.064876,0.062395,0.097985,0,0.044166,0.081816,0.078046,0,0.055126,0.089756,0.086352,0.087434,0.084192,0.0034446,0.076269,0.028602,0.021546,0.093964,0.10239,1.9987e-05,0,0.099594,0.081704,0.084602,0.13457,0.086746,0,0.08572,0.17138,0.11786,0.14581,0.026242,0.06959,0.037299,3.2429e-07,0.019237,0.12584,0.071358,0.052045,0,0.097034,0,0.59296,0.59081,0.0063186,0.56427,0.0036025
0.085688,0.062266,0,0,0.04347,0.085303,0.10154,0,0.037895,0.084418,0.086313,0.066637,0.12033,0.037711,0.066457,0.18303,0.018254,0.11202,0.082111,1.804e-05,0,0.092883,0.15663,0.13495,0.11396,0.080058,0,0.2616,0.29463,0.022364,0,0.13982,0.072796,0,5.8728e-06,0,0.14113,0.096125,0.056819,0,0.082026,0,0.10999,0.10926,0.0029877,0.20232,0.0016539
0.076003,0.063411,0,0,0.044181,0.086466,0.081031,0.4599,0.047574,0.10177,0.11651,0.10256,0.12882,0.17026,0.085298,0.27012,0.019456,0.077797,0.10035,0.50043,0,0.099102,0.11474,0.19593,0.13623,0.23488,0.49636,0.39435,0.35743,0.0046567,0,0.039286,0.027367,0,4.0951e-05,0,0.074609,0.18538,0.058995,0,0.057024,0.36178,0,0,0.51757,0,0.11718
0.19124,3.2785e-06,0,0.99998,0.59484,0.21286,0.19323,0.54011,0.07312,0.1661,0.17545,0.19718,0.13645,0.72539,0.31783,0.1034,0.69025,0.057674,0.15066,0.49917,0,0.11313,0.1125,0.24355,0.21885,0.19323,0.49895,0.25231,0.17649,0.0026049,4.4667e-07,0,0,0,8.2896e-05,0,0.061402,0.19469,0.13465,0,0,0.63821,0,0,0.41093,0,0.8349
0.30068,0.11296,0.038737,0.052594,0.084329,0.027611,0.016647,0.013301,0.17381,0.17287,0.060203,0.024382,0.36957,0.0022776,0.025428,0.069556,0.086379,0.15083,0.29811,0.0582,1.9113e-05,1.018e-05,0.12011,0.019261,0.02392,0.087458,0.025256,0.11948,0.19064,0.2124,0.27789,3.7438e-05,0.20935,0.21768,0.034015,0.062168,0.071525,0.036152,0.18437,0.00020466,0.033238,0.00010943,0.088323,0.087171,0.090113,0.013959,0.0005647
0.19473,0.2457,0.057716,0.090466,0.19334,0.040727,0.10894,0.71746,0.16043,0.26792,0.07183,0.04578,0.19144,0.66582,0.054026,0.20677,0.25039,0.078629,0.45224,0.071199,0.63878,0.00083689,0.19794,0.027953,0.048528,0.62033,0.3376,0.50193,0.31806,0.39827,0.19958,0.027642,0.39443,0.41155,0.11554,0.054866,0.21269,0.079626,0.50182,0.032301,0.097567,0.011812,0.10523,0.13874,0.12044,0.033714,0.024405
0.22387,0.40046,0.72212,0.50222,0.32266,0.61936,0.63028,0.010732,0.19212,0.48235,0.46541,0.020328,0.21778,0.050539,0.07434,0.43659,0.52303,0.3384,0.1984,0.48656,0.019623,0.60895,0.32284,0.040586,0.50499,0.29221,0.34134,0.24707,0.23516,0.37288,0.1986,0.67816,0.29569,0.31474,0.83523,0.8225,0.71578,0.67944,0.18051,0.6079,0.8049,0.2997,0.39138,0.38102,0.25593,0.28721,0.22148
0.12289,0.17074,0.18011,0.10133,0.3277,0.31104,0.16417,0.13681,0.23555,0.070778,0.38097,0.26195,0.12789,0.027127,0.77064,0.10573,0.11547,0.14357,0.042311,0.32021,0.08158,0.21173,0.11114,0.62648,0.38119,0,0.27587,0.01386,0.19773,0.015802,0.19787,0.24959,0.10052,0.051292,0.015218,0.049787,0,0.072234,0.08312,0.35956,0.064299,0.42902,0.10759,0.082411,0.1598,0.0538,0.72673
0.1059,0.052145,0.0013167,0.07572,0.056339,0.0012537,0.067145,0.073718,0.17069,0.0049684,0.021591,0.32979,0.073052,0.091896,0.043535,0.062668,0.018537,0.18215,0.0089341,0.06383,0.16194,0.14082,0.096358,0.26381,0.039028,0,0.01993,0.023993,0.057785,0.00064815,0.095195,0.0073376,0,0.0047346,0,0.010676,0,0.052311,0.044885,3.5266e-05,0,0.20929,0.065606,0.054926,0.047027,0.10615,0.026621
0.040778,0.0072085,0,0.078978,0.012467,0,0.010517,0.020178,0.058917,0.001114,0,0.21924,0.0088478,0.087833,0.022935,0.012217,0.00057565,0.045946,0,1.7578e-06,0,0.026847,0.037127,0.016416,0.0023487,0,0,0.0042554,0.00062451,0,0.023893,0,0,0,0,0,0,0.043847,0.0052942,0,0,0.050074,0.096717,0.069678,0.092428,0.12471,0.00019833
0.011155,0,0,0.03773,0.0031587,0,0.0022977,0.027808,0.0084711,0,0,0.0707,0.011416,0.02148,0.0019347,0.023425,0,0.027919,0,0,0.044486,0.010804,0.061224,0.0054944,0,0,0,0.089413,0,0,0.0069602,0.024567,0,0,0,0,0,0.036395,0,0,0,0,0.11002,0.11325,0.13411,0.2237,0
0,0.007175,0,0.060961,0,0,7.0791e-06,0,0,0,0,0.027818,0,0.053033,0.0047391,0.039458,1.3097e-05,0.020512,0,0,0.053583,0,0.053253,0,0,0,0,0,0,0,0,0.012664,0,0,0,0,0,0,0,0,0,0,0.035139,0.072812,0.10016,0.15676,0
0,0.0036086,0,0,0,0,0,0,0,0,0,0,0,0,0.0024227,0.043594,0.0056045,0.012045,0,0,0,0,0,0,0,0,0,0,0,0,0,0,0,0,0,0,0,0,0,0,0,0,0,0,0,0,0
0,0,0,0,0,0,0,0,0,0,0,0,0,0,0,0,0,0,0,0,0,0,0,0,0,0,0,0,0,0,0,0,0,0,0,0,0,0,0,0,0,0,0,0,0,0,0
0,0,0,0,0,0,0,0,0,0,1.153e-05,0,0.1812,6.7125e-06,0,0,0,0,0,0,0,0,0,0,0,0,0,0,0,0.00069047,0,0,0,0,0,0,0,0,0,0,0,0,0,0,0,0,0
0.55292,0.13457,0.0068913,0.020046,0.00072662,0.00060435,0,0.0064426,0.054414,0.45753,0.015439,0,0.27594,0.0018328,0.019078,0,0.10249,0,0.98409,0,0.0019193,0,0.051079,0.00050684,0,1,0.062276,0.99991,0.0015051,0.7808,0.35808,0.00028834,0.58529,0.69587,0.22616,0,0.99866,0.0013479,0.99859,0,0,0,0,0.01055,8.8885e-05,0,0
0.44708,0.85184,0.99311,0.481,0.99927,0.99939,1,0.99356,0.90924,0.54236,0.98455,0.01122,0.48512,0.99813,0.12445,0.99002,0.89751,0.56916,0.015895,0.99032,0.99808,0.47727,0.66144,0.14287,0.99881,0,0.93772,8.7313e-05,0.99849,0.21851,0.64192,0.99004,0.41432,0.30365,0.77384,0.99035,0.0013361,0.99865,0.0014143,1,1,0.072836,0.53462,0.98945,0.99991,0.3385,0.065141
0,0.013584,0,0.49895,0,0,0,0,0.036346,0.00010889,0,0.98878,0.057741,3.2446e-05,0.85647,0.0099772,0,0.43084,1.3746e-05,0.0072929,0,0.52273,0.28748,0.85663,0.001188,0,0,0,0,0,0,0.0096765,0.00039085,0.00048137,0,0.0087256,0,0,0,0,0,0.92716,0.46538,0,0,0.087923,0.93486
0,0,0,0,0,0,0,0,0,0,0,0,0,0,0,0,0,0,0,0.0023929,0,0,0,0,0,0,0,0,0,0,0,0,0,0,0,0.00092262,0,0,0,0,0,0,0,0,0,0.57357,0
0,0,0,0,0,0,0,0,0,0,0,0,0,0,0,0,0,0,0,0,0,0,0,0,0,0,0,0,0,0,0,0,0,0,0,0,0,0,0,0,0,0,0,0,0,0,0
0,0,0,0,0,0,0,0,0,0,0,0,0,0,0,0,0,0,0,0,0,0,0,0,0,0,0,0,0,0,0,0,0,0,0,0,0,0,0,0,0,0,0,0,0,0,0
0,0,0,0,0,0,0,0,0,0,0,0,0,0,0,0,0,0,0,0,0,0,0,0,0,0,0,0,0,0,0,0,0,0,0,0,0,0,0,0,0,0,0,0,0,0,0
0,0,0,0,0,0,0,0,0,0,0,0,0,0,0,0,0,0,0,0,0,0,0,0,0,0,0,0,0,0,0,0,0,0,0,0,0,0,0,0,0,0,0,0,0,0,0
0,0,0,0,0,0,0,0,0,0,0,0,0,0,0,0,0,0,0,0,0,0,0,0,0,0,0,0,0,0,0,0,0,0,0,0,0,0,0,0,0,0,0,0,0,0,0
0.18303,0.11693,0.42448,0.0047546,0.047851,0.47297,0.43868,0.084366,0.024678,0.35783,0.55556,0.0032259,0.29395,0.16198,0.0038925,0.050376,0.087372,0.039096,0.35788,0.045883,0.02343,0.43114,0.040861,0.00011797,0.015619,0.024384,0.017368,0.16123,0.15384,0.038883,3.7176e-05,0.12623,0.055158,0.11855,0.184,0.31006,0.14596,0.05405,0.050246,0.022825,0.56485,4.7101e-06,0.0096161,0.022084,0.015666,0.015019,0.029668
0.11764,0.022737,0.052498,0.0010573,0.029212,0.041249,0.050218,0.10643,0.017238,0.083104,0.056139,0.0072123,0.081023,0.09722,0.0025831,0.012033,0.027348,0.000127,0.058521,0.042257,0.030769,0.034407,0.027631,0.0013696,0.011335,0.014352,0.0079937,0.12039,0.023935,0.028705,0.00049097,0.039867,0.035837,0.038136,0.087194,0.12004,0.13117,0.012379,0.026346,0.013548,0.093331,0.05968,0.0012806,0.0073926,0.0054511,0.0071635,0.0006521
0.093778,0.027184,0.030443,0.0014007,0.021178,0.025283,0.042716,0.093403,0.021151,0.068114,0.025368,0.00072122,0.076076,0.069319,0.0017753,0.0086499,0.026229,0.0012808,0.060954,0.021698,0.056629,0.012959,0.038527,0,0.010553,0.013504,0.014489,0.10369,0.016683,0.035452,4.0943e-07,0.023962,0.023341,0.02679,0.073812,0.096182,0.072001,0.011549,0.04173,0.016604,0.060421,0.013876,0.0022651,0.0078653,0.009834,0.0043626,0.015592
0.050961,0.025512,0.015742,0.00039452,0.03676,0.018237,0.028262,0.15949,0.019874,0.064771,0.02356,0.0041851,0.034668,0.046556,0.0032017,0.012165,0.028419,0.0023657,0.044302,0.01938,0.037568,0.013394,0.029172,1.1008e-06,0.0062463,0.01352,0.031919,0.12702,0.016652,0.037785,0.0014581,0.014469,0.021903,0.021462,0.052874,0.079175,0.086542,0.005322,0.018048,0.0081923,0.040572,0.0076407,0.0049285,0.0038459,0.012704,0.0086466,0.011551
0.048276,0.016592,0.017843,0.00032628,0.015803,0.012444,0.028158,0.12557,0.01093,0.056062,0.023088,0.00046439,0.028066,0.10633,0.0035738,0.016443,0.017142,9.0518e-05,0.047767,0.016668,0.059342,0.024872,0.034058,0,0.0058566,0.0049642,0.0096705,0.0915,0.017063,0.039735,0.000836,0.030415,0.02551,0.0043224,0.05159,0.036264,0.072295,0.015098,0.038485,0.02963,0.029307,0.011317,0.00010347,0.0019447,0.011034,0.012589,0.0077785
0.03058,0.024042,0.022281,0.00056989,0.030348,0.010698,0.0217,0.093945,0.024245,0.060474,0.010052,0.00070326,0.031287,0.060833,0.002292,0.036139,0.022002,0,0.014318,0.015859,0.056471,0.012477,0.015699,0,0.010336,0.0051734,0.025675,0.057726,0.01492,0.023838,0.0022621,0.016876,0.051714,0.027936,0.059441,0.043898,0.032712,0.016021,0.024456,0.0091312,0.02352,0.0076998,0.0010302,0.0088486,0.0071569,0.0052524,0.023544
0.026191,0.016713,0.020149,0.0017815,0.021786,0.012532,0.012941,0.04418,0.0063226,0.041384,0.0089904,0.0028865,0.029148,0.088551,0.001048,0.013677,0.019298,0.0012562,0.03782,0.01802,0.073601,0.013307,0.013438,0,0.0060816,0.0079954,0.0046383,0.05449,0.01093,0.043867,0,0.015816,0.042048,0.019796,0.033082,0.020623,0.034711,0.0050182,0.043473,0.015753,0.018763,0.0056951,0.0023959,0.0041652,0.0074336,0.0075354,0.013137
0.021159,0.017595,0.012089,0.0022212,0.0040899,0.012742,0.0072959,0.061097,0.014507,0.026597,0.015207,0.020156,0.01767,0.025887,0.0013876,0.0069949,0.0083442,0.0012848,0.017955,0.0099833,0.045965,0.013245,0.019939,0,0.011902,0.0057871,0.0066869,0.018274,0.019938,0.019113,0,0.0086986,0.030647,0.0073899,0.040017,0.025692,0.025984,0.00542,0.023978,0.013505,0.013814,0.0026393,0.0022661,0.0039024,0.0058188,0.0064221,0.0019617
0.041198,0.014981,0.0099329,0.00010789,0.016171,0.0029535,0.016372,0.041492,0.0099271,0.020597,0.0086423,0.012823,0.007989,0.040362,0.00076709,0.0039052,0.010135,0.004922,0.014434,0.0197,0.056344,0.0068371,0.012283,0,0.007487,0.0054856,0.0089592,0.029257,0.012941,0.031189,0.0029737,0.0031822,0.021059,0.027768,0.028956,0.028546,0.039554,0.0019648,0.015071,0.0040059,0.013771,0.00068216,0.00092892,0.0036521,0.0015896,0.0045127,0.00031012
0.38719,0.71771,0.39455,0.98739,0.7768,0.39089,0.35366,0.19003,0.85113,0.22106,0.2734,0.94762,0.40012,0.30296,0.97948,0.83962,0.75371,0.94958,0.34605,0.79055,0.55988,0.43736,0.76839,0.99851,0.91458,0.90483,0.8726,0.23642,0.7131,0.70143,0.99194,0.72049,0.69278,0.70785,0.38903,0.23952,0.35907,0.87318,0.71817,0.8668,0.14165,0.89077,0.97518,0.9363,0.92331,0.9285,0.89581
0.11845,0.13013,0.61486,0.069275,0.074151,0.64046,0.58995,0.36699,0.08432,0.45722,0.66969,0.050475,0.31997,0.33885,0.076793,0.095406,0.11318,0.071188,0.32401,0.21138,0.15399,0.53088,0.092235,0.065614,0.11254,0.10655,0.056381,0.39856,0.17304,0.16623,0.030888,0.1934,0.12667,0.10365,0.43785,0.57613,0.43907,0.17995,0.07032,0.059274,0.76292,0.21317,0.059959,0.048754,0.062405,0.063631,0.094159
0.10633,0.064252,0.11502,0.064886,0.088779,0.082641,0.078923,0.18775,0.089746,0.13542,0.069549,0.072662,0.091235,0.21828,0.068852,0.052064,0.05395,0.057283,0.073012,0.098366,0.13309,0.084074,0.098496,0.063767,0.12028,0.093792,0.04709,0.1078,0.029898,0.090445,0.048468,0.063083,0.15973,0.062459,0.088761,0.12044,0.12519,0.09309,0.070195,0.098375,0.065449,0.12011,0.043365,0.047693,0.037246,0.032113,0.074731
0.078734,0.038895,0.053474,0.058016,0.062201,0.046119,0.047471,0.095213,0.074154,0.064389,0.047058,0.033133,0.069953,0.0605,0.067016,0.042602,0.058707,0.039406,0.052146,0.068487,0.088354,0.066485,0.064944,0.063103,0.068041,0.062259,0.05644,0.077681,0.036105,0.10532,0.04471,0.039737,0.078312,0.075441,0.050305,0.054096,0.075995,0.033591,0.058171,0.053571,0.023959,0.12269,0.023195,0.035639,0.035722,0.033193,0.085994
0.070046,0.035643,0.039135,0.053258,0.067426,0.033359,0.027564,0.053775,0.056627,0.036222,0.022623,0.04406,0.061808,0.095214,0.062725,0.041481,0.054017,0.048312,0.060031,0.056236,0.074423,0.073209,0.065531,0.053552,0.07585,0.042708,0.030135,0.068248,0.024699,0.058502,0.025796,0.0076338,0.076875,0.032336,0.036558,0.0333,0.029446,0.065134,0.06221,0.069869,0.018281,0.096153,0.029555,0.034443,0.019655,0.02014,0.038251
0.061532,0.017061,0.026421,0.035376,0.030593,0.026221,0.025103,0.050483,0.03773,0.040488,0.027673,0.052941,0.039835,0.043128,0.066995,0.03663,0.037439,0.045106,0.071612,0.046981,0.075522,0.036799,0.059612,0.060569,0.058616,0.043873,0.018268,0.029072,0.025208,0.04571,0.024462,0.013381,0.039587,0.057376,0.041598,0.030201,0.031928,0.032735,0.040989,0.042472,0.022998,0.057499,0.025279,0.02543,0.019397,0.030108,0.050447
0.058338,0.033838,0.019177,0.029952,0.018865,0.016279,0.0061929,0.02144,0.042398,0.015603,0.010876,0.043425,0.035544,0.010953,0.074162,0.037544,0.032054,0.043718,0.062782,0.040487,0.029075,0.024173,0.043793,0.070439,0.02753,0.034346,0.03048,0.016678,0.027618,0.047729,0.031596,0.027563,0.016425,0.040646,0.026587,0.0079549,0.039934,0.019183,0.037973,0.022261,0.00982,0.051163,0.017267,0.032464,0.023614,0.021272,0.0667
0.058549,0.027123,0.008226,0.014872,0.037232,0.013674,0.010528,0.033471,0.031223,0.019552,0.012369,0.035796,0.025535,0.018605,0.039229,0.021557,0.02204,0.034577,0.035602,0.028988,0.011727,0.017177,0.045513,0.058288,0.042254,0.020763,0.024889,0.020328,0.040849,0.040671,0.034265,0.0072232,0.030894,0.039027,0.022999,0.015587,0.022506,0.019866,0.044001,0.022446,0.0029961,0.034809,0.030429,0.017988,0.01074,0.015977,0.015981
0.022497,0.014115,0.0078093,0.01352,0.018157,0.0073275,0.013266,0.015792,0.02762,0.0081526,0.010694,0.025862,0.018965,0.0051602,0.045337,0.012374,0.031635,0.027616,0.021872,0.023673,0.037912,0.01227,0.027419,0.056342,0.022144,0.014879,0.019708,0.014205,0.020023,0.01303,0.031309,0.0078873,0.034014,0.019097,0.019886,0.010172,0.010352,0.01189,0.025148,0.0094993,0.0087922,0.025848,0.019821,0.016944,0.020904,0.0048725,0.021303
0.028705,0.026414,0.0059136,0.026287,0.021454,0.0085925,0.0075351,0.027927,0.033163,0.01239,0.012957,0.022204,0.0090926,0.02086,0.035776,0.012177,0.012098,0.023953,0.031794,0.033225,0.017918,0.0059577,0.026183,0.040748,0.023166,0.018575,0.020944,0.0090918,0.016218,0.018754,0.028224,0.0078821,0.026375,0.010887,0.020916,0.0092418,0.0091817,0.01571,0.032677,0.010206,0.0041615,0.017217,0.023637,0.023747,0.0029313,0.025838,0.01799
0.39681,0.61253,0.10997,0.63456,0.58114,0.12533,0.19347,0.14716,0.52302,0.21057,0.11652,0.61944,0.32806,0.18845,0.46312,0.64816,0.58488,0.60884,0.26714,0.39218,0.37799,0.14897,0.47627,0.46758,0.44958,0.56225,0.69566,0.25834,0.60634,0.41361,0.70028,0.63221,0.41112,0.55908,0.25454,0.14288,0.21639,0.52885,0.55832,0.61202,0.080624,0.26135,0.72749,0.7169,0.76738,0.75286,0.53444
0.26157,0.1228,0.48148,0.04329,0.036375,0.52365,0.45811,0,0.043774,0.51318,0.53114,0.085698,0.29893,0,1.0085e-05,0.018586,0.040506,0.054186,0.46722,0.15347,0,0.39267,0.039077,0.020837,0.017728,0.063428,0,0.51948,0,0.023073,0.0034571,0,0.11662,0.094412,0.99311,0.32335,0.85058,0.00019296,0.34135,0,0.52739,0.30904,0.02828,0.46183,0.5877,0.025293,0.00020725
0.35738,0.14493,0.28032,0.10069,0.085955,0.25806,0.20773,0,0.11751,0.30987,0.23223,0.86744,0.13179,0.0016494,3.565e-05,0.041336,0.08721,0.07815,0.34131,0.32326,0,0.37826,0.14693,0.040494,0.049787,0.071448,1.8058e-06,0.44384,0.14674,0.19149,0.0027645,1.3241e-05,0.041909,0.066239,0.0018096,0.3089,0.14526,0.1168,0.15212,7.4612e-05,0.17406,0.43587,0.24747,0.11185,0.10102,0.037305,0.00027738
0.22404,0.15284,0.23199,0.0572,0.051744,0.21738,0.30285,0.2022,0.45745,0.16063,0.21904,0.032431,0.085572,0.0018646,0.01841,0.07292,0.12144,0.12119,0.18185,0.51202,0,0.22772,0.34265,0.050307,0.085383,0.065544,2.7161e-05,0.0054089,0.088604,0.042523,0.00286,3.2225e-05,0.036056,0.073222,0.00059224,0.35239,0.00082392,0.20216,0.084613,0.00021494,0.29842,0.25442,0.22687,0.098082,0.059442,0.054312,0.0013712
0.032857,0.13719,0.001888,0.068224,0.061098,1.793e-05,0.021,0.10216,0.03826,0.010146,0.0045839,0.0028278,0.061394,0.0019864,0.094914,0.09719,0.13236,0.34937,0.006712,0.0021942,2.8184e-05,0.00030464,0.15029,0.038223,0.069621,0.061842,0,0.012276,0.056789,0.04939,0.11653,3.9438e-05,0.030145,0.040716,0.00071844,0.0032486,0.00064086,0.063206,0.031258,0.00011826,0.00012985,0.00013014,0.26989,0.074526,0.081078,0.28686,0.00058371
0.0057655,0.13982,0.001246,0.088017,0.049017,4.2982e-05,0.0024138,0.069359,0.023651,0.0011916,0.001344,0.0021171,0.020055,0.28927,0.097149,0.4293,0.051443,0.16691,0.00079302,0.0026838,0.00010026,0.00021411,0.089009,0.030376,0.05835,0.064763,6.7507e-06,0.011866,0.084271,0.043402,0.28919,8.528e-05,0.039371,0.05007,0.00045333,0.0024609,0.00018846,0.049423,0.040508,0.00034662,0,6.9316e-05,0.0068998,0.052915,0.044705,0.34211,0.00078534
0.00706,0.056864,0.00064466,0.30272,0.1403,3.4619e-05,0.0018697,0.071386,0.035019,0.0049692,0.0012722,0.0026397,0.087852,0.43706,0.12795,0.1347,0.046718,0.036501,0.0020685,0.0058046,0.51993,0.00019049,0.013442,0.16625,0.068421,0.033866,0.28603,0.00027656,0.23285,0.17431,0.24592,6.6925e-05,0.13717,0.085893,0.00055389,0.0022759,0.00045976,0.039247,0.045596,0.0010457,0,7.5824e-05,0.011754,0.014111,0.060577,0.078231,0.0011674
0.0021885,0.11682,0.0016487,0.27828,0.21872,0.0008089,0.0060184,0.082599,0.28434,1.1854e-05,0.0015964,0.0023041,0.31441,0.22588,0.099709,0.013772,0.053363,0.19369,4.544e-05,0.00019071,0.34761,0.00063377,0.01123,0.65224,0.088966,0.042556,0.45752,0.00035885,0.38884,0.24345,0.33791,0.31333,0.32199,0.29672,0.0005109,0.0073723,0.00021636,0.069032,0.047295,0.51014,0,0.00010982,0.0088964,0.0070141,0.0012866,0.032417,0.6474
0.043813,0.12875,0.00078681,0.06158,0.35679,0,0,0.4723,0,3.9465e-07,0.0086271,0.0045443,0,0.01207,0.54954,0.03532,0.1769,3.9206e-07,0,4.085e-06,0.12425,0,0.016217,0.00042514,0.56174,0.5952,0.25172,0.0014666,0.0018281,0.032568,0.0013715,0.68643,0.27675,0.29273,0.0019553,0,0.00024806,0.053322,0.067685,0.48806,0,0.00017245,0.017814,0.016803,0.0034573,0.1013,0.34665
0.065334,0,0,0,4.3014e-07,0,0,0,0,9.3947e-07,0.00017333,0,0,0.030162,0.012288,0.15687,0.29006,0,0,0.00037135,0.0080928,0,0.19115,0.00084984,0,0.0013505,0.0046938,0.0050316,6.7309e-05,0.19979,0,0,0,0,0.00030061,0,0.0015827,0.40662,0.18957,0,0,0.0001138,0.18213,0.16287,0.060738,0.042171,0.0015552
0,0,0,0,0,0,0,0,0,0,0,0,0,5.854e-05,0,0,0,0,0,0,0,0,0,0,0,0,0,0,0,0,0,0,0,0,3.2429e-07,0,0,7.2318e-07,0,0,0,0,0,0,0,0,0
0.11414,0.79722,0.017564,0.50332,0.75766,0.00094426,0.0033712,0,0.51272,0.018788,0.013853,0.0060973,0.097182,0.059632,0.68537,0.21135,0.48525,0.26704,0.012276,0.1589,0.0080928,0.0065309,0.3025,0.89754,0.62952,0.070918,0.99987,0.065934,0.99971,0.25752,0.46122,0.99973,0.2215,0.28257,0.018042,0.022144,0.017211,0.44726,0.28256,0.99966,0,0.11206,0.43299,0.30188,0.066657,0.34224,0.99667
0.077392,0.16065,0.0030035,0.075532,0.18836,4.057e-06,0.061723,0.50162,0.19555,0.048132,0.038521,0.011248,0.36434,0.014972,0.070024,0.39824,0.089219,0.40138,0.070363,0.18566,0.43177,0.025647,0.12131,0.06381,0.071074,0.57284,9.5957e-05,0.23536,0.00028641,0.39128,0.27871,3.9889e-05,0.6741,0.64511,0.065178,0.00082864,0.009113,0.070393,0.21887,0.00029534,0,0.33546,0.16833,0.11539,0.040227,0.60514,0.0024
0.10727,0.039519,0.0025668,0.068001,0.048078,8.3244e-07,0.10254,0.066094,0.20761,0.083283,0.22372,0.56603,0.11075,0.40309,0.071009,0.16207,0.062485,0.13237,0.072146,0.13608,0.55998,0.066771,0.015412,0.032348,0.044675,0.03614,2.4849e-05,0.31066,0,0.14472,0.20187,0.00011858,0.066376,0.072319,0.15332,0.00046639,0.014434,0.043436,0.19034,3.975e-05,0,0.28404,0.27443,0.041932,0.052518,0.038213,0.00044338
0.094431,0.00039784,0.07234,0.083747,0.0059,0.19268,0.17257,0.067323,0.083026,0.13604,0.15507,0.33421,0.16392,0.51907,0.14132,0.04276,0.071278,0.089032,0.24577,0.11551,0.0001359,0.19398,0.011484,0.004403,0.058081,0.052316,3.6651e-06,0.19795,0,0.17059,0.049327,0.00011687,0.038022,0,0.44775,0.0016236,0.12459,0.049907,0.14649,0,0,0.18372,0.085939,0.1174,0.08594,0.014411,0.00043715
0.093679,0.0013232,0.31973,0.054888,0,0.23198,0.18708,0.082873,0.0010889,0.19863,0.091942,0.050286,0.039985,0.0020517,0.020416,0.043255,0.093734,0.052191,0.19412,0.15698,2.0484e-05,0.23613,0.1345,0.0019009,0.082392,0.050498,0,0.16945,0,0.03432,0.0026888,0,0,0,0.31571,0.36079,0.36164,0.070436,0.041449,0,0.22456,0.062634,0.025457,0.38849,0.26166,0,4.9386e-05
0.19155,4.0934e-05,0.233,0.059257,0,0.2369,0.126,0.16505,0,0.20002,0.10222,0.032121,0.038055,0.0011839,0.011811,0.066308,0.069136,0.031961,0.10954,0.24686,0,0.21174,0.4148,0,0.071198,0.059317,0,0.020627,0,0.0015644,0.0024233,0,0,0,0,0.30297,0.47301,0.2667,0.037189,0,0.18821,0.022083,0.012046,0.034915,0.45115,0,0
0.22245,0.00026711,0.34758,0.1074,0,0.33749,0.30974,0.11704,0,0.30691,0.17311,0,0.038436,0,3.6465e-05,0.048245,0.084333,0.0228,0.10454,2.8221e-06,0,0.25919,0,0,0.027194,0.058343,0,2.255e-05,0,0,0.0035479,0,0,0,0,0.31117,0,0.051579,0.062687,0,0.29757,0,0.00080834,0,0.041565,0,0
0.099093,0.00047929,0.0042133,0.041582,0,0,0.036975,0,0,0.0081922,0.10335,0,0.037572,0,8.5756e-06,0.018939,0.044405,0.0032212,0.18086,0,0,0,0,0,0.015867,0.086615,0,4.3883e-06,0,0,0.00021694,0,0,0,0,0,0,0.00026847,0.020411,0,0.28966,0,0,0,0.00027727,0,0
0,0.00010971,0,0.0062768,0,0,0,0,0,0,0.077095,0,0.052633,0,0,0.0088331,0.00016233,0,0.010391,0,0,0,0,0,0,0.013014,0,0,0,0,0,0,0,0,0,0,0,2.7774e-05,0,0,0,0,0,0,0,0,0
0,0,0,0,0,0,0,0,0,0,0.021123,0,0.057137,0,0,0,0,0,0,0,0,0,0,0,0,0,0,0,0,0,0,0,0,0,0,0,0,0,0,0,0,0,0,0,0,0,0
0,0,0,0,0,0,0,0,0,0,0.029415,0,0.072483,5.854e-05,0.0034392,0,0,0,0,0,0,0,0,0,0,0.52335,0,0,0,0.00030395,0,0,0,0,4.8695e-06,0,0,2.0304e-06,0,0,0,0,0,0,0,0,0
0.32838,0.0071159,0,0.34086,0.022923,0,0.0045825,1,0,1.8725e-06,0.10829,9.885e-06,0.33692,0.95798,0.019219,0.36286,0.618,0.00024105,0.15496,0.00039531,0.55066,0,0.33241,0.0015832,0.036264,0.27389,0.0046938,0.025935,6.7309e-05,0.39544,4.4667e-07,0.1738,0.42805,0.47593,0.00044068,0,0.0015827,0.77412,0.34409,0.098347,0,0.00016438,0.19083,0.16409,0.063828,0.10916,0.025245
0.2747,0.17216,0.1777,0.30181,0.43947,0.00077974,0.32908,0,0.046692,0.15784,0.13108,0.0092454,0.081062,0.025778,0.87515,0.099203,0.258,0.30698,0.12426,4.7116e-05,0.4493,0,0.45286,0.27697,0.96374,0.20277,0.27695,0.0034192,0.0019444,0.26487,0.22812,0.78404,0.21864,0.13315,0.001923,0.6669,0.00036583,0.22588,0.1229,0.82381,0.88381,0.00021576,0.038953,0.048079,0.26663,0.069711,0.39034
0.14149,0.10548,0.70723,0.30673,0.19283,0.8304,0.43677,0,0.27995,0.60425,0.17668,0.011782,0.18866,0.016155,0.060263,0.51559,0.042042,0.11549,0.1576,0.381,1.7359e-05,0.76523,0.038788,0.4424,0,0,0.61057,0.074692,0.55733,0.082346,0.63749,0.042127,0.043504,0.043061,0.00052067,0.2704,0.29247,0,0.10518,0.076867,0.082139,0.014349,0.029365,0.032257,0.25076,0.035157,0.58163
0.059881,0.083081,0.071703,0.050602,0.1214,0.13849,0.059563,0,0.21974,0.06393,0.32872,0.059782,0.1199,3.2446e-05,0.041931,0.022343,0.04283,0.17773,0.38201,0.18977,1.9613e-05,0.11313,0.032654,0.12153,0,0,0.10775,0.144,0.091458,0.085018,0.11713,2.9942e-05,0.055843,0.037497,0.032745,0.04338,0.43075,0,0.061279,0.00042456,0.026012,0.09913,0.023921,0.25831,0.41301,0.53288,0.00087007
0.048633,0.1733,0.022477,0,0.065333,0.030272,0.050972,0,0.11948,0.049604,0.18392,0.72102,0.12229,0,0,0,0.032461,0.34146,0.05066,0.16584,0,0.059957,0.02906,0.052739,0,0,0,0.13746,0.086385,0.1096,0.017261,5.275e-06,0.060182,0.098354,0.51574,0.0083203,0.14525,0,0.053615,0.00028623,0.0080368,0.28644,0.53215,0.35257,0.0022659,0.19207,0.00057806
0.081597,0.16509,0.0070509,0,0.11529,1.64e-05,0.062387,0,0.1847,0.067986,0.04106,0.19816,0.038958,0,0,0,0.0066691,0.054196,0.069899,0.21018,0,0.049346,0.035496,0.071992,0,0,2.0069e-05,0.22915,0.063141,0.025506,0,0,0.12977,0.086251,0.21686,0.0035869,0.092498,0,0.11221,0.00016265,0,0.37477,0.18478,0.123,0.0017267,0.050641,0.00082952
0.064966,0.18378,0.0036052,0,0.042753,9.9241e-06,0.056652,0,0.12346,0.052018,0.00084061,0,0.027761,0,0,0,0,0.003894,0.060532,0.052759,0,0.011276,0.054362,0.03279,0,0,8.8972e-06,0.23397,0.081742,0.014687,0,0,0.05932,0.1006,0.15371,0.0031867,0.015126,0,0.14906,9.5185e-05,0,0.22228,0,0.021685,0.0016631,0.010373,0.00050854
0.00032204,0.10837,0.0055052,0,0,1.8543e-05,0,0,0.025932,0.0043766,0,0,0.011896,0,0,0,0,0,7.3856e-05,0,0,0.001062,0.024372,0,0,0,0,0.12105,0.11793,0.022234,0,0,0.0044134,0.023308,0.068749,0.0026952,0.013336,0,0.051674,0,0,0.0026574,0,0,0.00011627,0,0
2.4265e-05,0.0016261,0.0047352,0,0,8.7676e-06,0,0,4.8249e-05,0,0,0,6.5105e-05,0,0,0,0,0,0,0,0,0,0,0,0,0,0,0.030342,0,0,0,0,0.00027235,0.001852,0.0093033,0.0015304,0.0086224,0,0,0,0,0,0,0,0,0,0
0.46797,0.13916,0.81282,0,0.21764,0.83163,0.71642,0,0.085627,0.68545,0.78873,0,0.48914,0.01125,0.0026594,0.13384,0.15667,0.38718,0.68172,0.76639,0,0.85581,0.089591,0.52215,0.31091,0.41972,0.0034057,0.37267,3.6648e-06,8.1269e-06,0.30661,0,0.11462,0.13758,0.82854,0.77393,0.80107,0.02269,0,0,0.84692,3.5019e-07,0.15669,0.18208,0.0014091,0.0021398,0.011472
0.093861,0.11024,0,0,0.1422,0,0.070387,0,0.013966,0.048509,0.018907,0,0.089446,0.0019587,0.015403,0.0020118,0.028866,0.1243,0.044876,0.0022103,0,3.8557e-06,0.031461,0.032303,0.02179,0.01603,1.6679e-05,0.0020712,4.0233e-06,0.027726,0.008114,0,0.0066912,0.0047546,5.2624e-05,0,0,0.027977,0,0,0,1.4896e-06,0.030554,0.040468,0.0031636,0.031607,0.0061485
0.029368,0.042148,0,1.33e-05,0.071465,0,0.0084844,0,0.01306,0.015619,0.0080615,0,0.071011,1.3812e-05,0.19424,0,0.13151,0.096949,0.026636,0.00068023,0.0045169,1.3302e-05,0.036742,0.048146,0.0077539,0.0047334,0,5.2207e-06,0.054073,0.030877,0.0097493,0,0.001902,0.0086843,1.0062e-05,0,0,0.074067,0,0.5027,0,0.0044585,0.028143,0.019214,0.0055083,0.025566,0.0078157
0.0048821,0.10924,0,0,0.09289,2.3187e-06,0.009413,0,0.021879,0.00518,0.0016747,1.0869e-05,0.06512,0.1152,0.18925,0.0027838,0.035055,0.10417,0.002937,0.00018264,0.00012162,0,0.027671,0.028695,0.0072792,0.015121,0,3.3993e-05,0.44125,0.04986,0.0089829,0.6441,0.0087896,0.0040819,0.00029292,0,0.00033593,0.44711,0.0027373,0.0058343,0,0.32926,0.074073,0.025412,0.017299,0.019965,0.46308
0.0037289,0.19485,0.012994,0.52332,0.15888,0.00052434,0.0045962,0.6055,0.57472,0.0051582,0.000916,0.65579,0.089379,0.0076412,0.19039,0.41905,0.14484,0.00021239,0.0027004,0.01191,0.50747,0.001035,0.54877,0.049632,0.22256,0.16643,0.39521,0.017475,0.15063,0.43445,0.35903,0,0.52933,0.37015,0.0060298,0.015459,0.0032974,0.053646,0.64268,0.0027583,0,0.57261,0.30223,0.30072,0.53599,0.50198,0.15256
0.0017089,0.11586,0.0044137,0.47667,0.09322,0.00041371,0.011566,0.3945,0.23593,0.0065276,0.001871,0.34419,0.044793,0.019956,0.1485,0.38048,0.081749,0.0019717,0.0039346,0.044405,0.48444,0.00057343,0.1779,0.033095,0.19074,0.22007,0.6001,0.024469,0.18904,0.39916,0.18671,0,0.17328,0.28372,0.0073866,0.0051547,0.0053032,0.054068,0.34785,0.0043033,0,0.080294,0.24441,0.28386,0.42242,0.39715,0.085434
0.0026995,0.06144,0,0,0.037876,0,0.0021275,0,0.0044079,0.003977,0.0015391,9.4988e-06,0.030597,0.81629,0.13107,3.3025e-06,0.029173,0.073527,0.0042954,0.00054412,0.00010328,1.5617e-05,0.014956,0.016016,0.0057706,0.0093413,0,0.0015904,0.13249,0.020868,0.0037016,0.3559,0.0090428,0.011979,0.00091141,0.0010508,0,0.26929,0.0067311,0.0069494,0,0.0053022,0.02601,0.022323,0.0088923,0.010459,0.26436
0.011452,0.050721,0,2.9192e-06,0.037878,2.8481e-06,0.011409,0,0.005177,0.015192,0.0020008,0,0.031929,0,0.11569,0,0.09821,0.040568,0.01539,0.0010491,0.0033455,1.985e-05,0.021057,0.018242,0.0081754,0.0009106,0,0.00057123,0.032504,0.023117,0.0022122,0,1.7148e-05,0.00070921,1.0067e-05,0.00047967,0.00054221,0.036624,0,0.47746,0,0.0080708,0.02533,0.011562,0.0029567,0.0064157,0.0034474
0.054011,0.059053,0.0012273,0,0.043899,3.3717e-07,0.018258,0,0.013702,0.01511,0.023807,0,0.021204,0.0010425,0.011658,1.6738e-06,0.046689,0.045164,0.02298,0.0074665,0,5.3781e-06,0.017082,0.0069529,0.006369,0,3.4608e-05,0.0060368,0,0.013929,0.0016907,0,0.012779,0.0051816,2.6348e-06,0,0,0.0071344,0,0,0,1.3048e-06,0.023765,0.015056,0.0015577,0.0028104,0.0016939
0.33032,0.11729,0.16854,0,0.10405,0.16743,0.14733,0,0.031537,0.19928,0.1525,0,0.06738,0.02665,0.0011384,0.06183,0.24724,0.12595,0.19454,0.16516,0,0.14253,0.034779,0.24477,0.21866,0.14765,0.0012368,0.57508,0,3.4014e-06,0.1132,0,0.14355,0.17316,0.15677,0.20392,0.18945,0.0073951,0,0,0.15308,9.5003e-07,0.088783,0.099313,0.00080312,0.0019091,0.0039785
0.0020887,0.021469,0.0139,0.056738,0.01304,0.00093712,0.010015,0.031762,0.018096,0.0080854,5.6583e-06,0.054387,0.082438,0,9.0851e-06,0.40281,0.021085,0.0010791,0.0047351,0.017457,3.6972e-05,0.0015637,0.0044641,0.0067682,0.026065,0,2.8967e-05,0.023967,0.064308,0.12899,0.0050091,0,0.0016717,0.0016792,0.011953,0.019698,0.006763,2.0948e-05,0.23914,3.0151e-05,0,0.019754,0.0020947,0.0319,0.062962,0.62059,0.00094859
0.0028323,0.011707,0.0011025,0.0050357,0.0051907,5.8357e-07,0.0042204,0.015932,0.007068,0.003599,5.3182e-05,0.00029098,0.015258,0.00036982,7.281e-06,0.17196,0.0012151,0.0011049,0.0015744,0.0021362,6.3849e-05,4.4718e-05,0.0030777,0.0015309,0.003089,0.1666,0.99525,0.009925,0.10632,0.036501,0.0001111,0,1.8086e-05,0,0.00086701,0.00045566,0.00071376,2.2828e-05,0.13288,7.4904e-05,0,0.016465,0.0001486,0.07111,0.074059,0.062773,0.00049761
0.0019988,0.0023174,0,0,0,0,0.0055536,0.019753,0.0041218,0.0022531,0.00035081,0.00052393,0.0064309,0.93657,1.024e-05,0.0017991,0,0.00047795,0.00088387,0.0020751,0.99181,1.5617e-05,0.00084633,0.00094754,0.00065305,0.0011359,2.3627e-05,0.00083653,0.022074,0.024653,0,0,3.5237e-06,0.00065467,0,0.00045996,0.00034221,0.062876,0.049998,6.0389e-05,0,0.014542,0.00024153,0.061211,0.04295,0.0022172,0.94909
0.0049303,0.0018237,0,0.002242,0,2.3187e-06,0.0078355,0.027438,0.0020782,0.0045714,0.0015202,0,0.014044,0.00045236,0.06297,0.0031404,0,0.00025366,0,0.0014406,0,0,0.06611,0.0038,0.0010509,0,0,0.0010075,0.55371,0.048262,0,1,8.3457e-06,0,0.00042547,0.00053684,0,0.047003,0.010689,0.00014013,0,0.02145,0,0.021605,0.041206,0.0011453,0.0012394
0.010882,5.1898e-05,0,0.00093072,0,0,0.0063408,0.040132,0.0026446,0.0012648,0.0040075,0,0.040878,0.00019573,0.11613,0.0019002,0.0005666,7.4917e-05,0.0029015,0.00070728,0,0,0.34779,0.010403,0,0.00028644,0,0.0012645,0.25353,0.48068,0,0,3.0882e-06,0,7.6548e-05,0,0.00044151,0.09867,0.006773,0.99969,0,0.025558,0,0.031971,0.070293,0.0013072,1.4568e-05
0.0039172,0.00011086,0,0,0,0,0.0065838,0.065812,0.0091384,0.0026431,0.010125,6.0081e-05,0.019551,0.00039377,0.03717,0.00072627,4.9747e-05,0.000117,0.0023302,0.00033371,0,1.274e-05,0.14101,0.0066536,0.0013127,0.00015236,0,0.00086865,0,0.0014337,0,0,5.7512e-06,0,7.6677e-05,0.00047967,0.00034018,0.078112,0.0076289,0,0,0.039959,0,0.04532,0.03006,0.0034027,0
0.007623,0.0041524,0,0.0022567,0.00069778,2.785e-07,0.017609,0.062082,0.0077302,0.0093202,0.0036304,0.005654,0.019736,0,0.039281,0.00034315,0.00077046,0.00023041,0.010702,0.0011631,0,1.3302e-05,0.1007,0,0,0.00095381,0,0.001637,0,0.0066531,0.00042159,0,9.3036e-06,0.0008614,0,0.00051392,0,0.058956,0.010422,0,0,0.060777,0,0.039769,0.059144,0.00088441,0
0.035714,2.5919e-05,0.0012263,0,0.00096502,2.9116e-06,0.033376,0.069431,0.041566,0.01268,0.010884,0.011813,0.024767,0.00010777,0.046049,0.0029055,0.00082265,4.6954e-05,0.020818,0.0032409,0,0,0.034006,0,0,0.0011463,0,0.00016008,0,0,0.00043626,0,0.00033886,0,0.001013,0,0,0.055663,0.010145,0,0,0.081727,0.00074824,0.036163,0.017304,0.0023471,0
0.064786,0.035853,0.0011637,0.13863,0.01355,1.2847e-06,0.053484,0.075564,0.27553,0.071225,0.01851,0.19818,0.031314,0.00073353,0.056766,0.0051584,0.13092,0.34841,0.054321,0.01044,0,7.3496e-06,0.01904,0.0079511,0.015535,0.0013386,0,0.0034872,0,0.0012639,0.00097142,0,0.20676,0.19836,0.00083702,0.00060253,0.00087814,0.062378,0.028653,0,0,0.20673,0.42467,0.047788,0.20354,0.0041741,0
0.86523,0.92249,0.98261,0.79416,0.96656,0.99905,0.85498,0.59209,0.63202,0.88436,0.95091,0.72909,0.74558,0.061178,0.64161,0.40925,0.84457,0.64821,0.90173,0.96101,0.0080928,0.99834,0.28296,0.96195,0.9523,0.82838,0.0046938,0.95685,6.7309e-05,0.27156,0.99305,0,0.79118,0.79845,0.98475,0.97725,0.99052,0.5363,0.50367,0,1,0.51304,0.5721,0.61316,0.39848,0.30116,0.048208
0,0.00015502,0,0,0,0,0.0010035,0,0.0042766,0,0.00039141,0.00091592,0.0071149,1.8229e-05,0.00034652,0.01535,0.00096746,0.01029,0,0,0,0,0.0028631,0,0,0,0,0,0,0,0,0,0,0,0,1.7985e-06,0,1.7006e-06,0,0,0,0,5.0086e-06,0.00174,0.0036372,0.00069016,0
0.026811,0.0063524,0,0,0,0,0,0,0,0,0,0,0.057488,0.00043458,0.00020314,0,7.9429e-07,0,0,0,0,0,0,0,0,0,0,0.00047361,0,0,0,0,0,0,0,0,0,0,0,0,0,0,0,0,0.0014267,0,0
0,0,0,0,0,0,0.00030481,0,0,0,0,0,7.9254e-07,0.0013788,0,0,0,0,0,0.00033564,0,0,0,0,0,0,0,0.00035711,0,0,0,0,0,0,0,0,0,0,0,0,0,4.0202e-05,0,0.00039242,0,0,0
0,0,0,0,0,0,0,0,0,0,0,0,0,0.00052752,0,0,0.00096143,0,0,0.0019483,2.2063e-05,0,0,0,0,0,0,0,0,0,0,0,0,0,0.0032898,0,0,0,0.02389,4.7576e-06,0,0,0.00022303,0,0,0.00022819,0
0,0,0,0,0,0,0,0,0,0,0,0.0010143,0,0,0,0,3.8579e-05,0,0,0.0015497,0,0,0,0,0,0,0,0.0016819,0,0,0,0,0,1.0877e-05,0,0,0,0,0,0,0,0,0,6.6949e-06,7.4209e-05,0,0
0.013748,0.0025746,0,0,0.0046715,0,0,0,2.3654e-05,0.0057557,0.00072346,0.0029044,4.6651e-05,0,0,0.0019483,0,0,0.0011725,0.00031886,0,0,0,0,0,0,0,0,0,0,0.028291,0,0.003808,0.037746,0,0,0.00050516,0,0,0,0,0.00016642,0,0,0,0.0010448,0
0,0.0051706,0.00033886,0,0.018471,0,0.00046061,0.0024355,7.6598e-05,0.0067974,0,0,0,0,0,0,0,0,0.00039126,0,0,0,0,0.017137,0,0,0,0,0,0,0,0,0.00088402,0,0,0.0014095,0.0010958,0,0,0,0.00055189,0,0.00011232,5.4243e-05,0.0018973,0,0
0,0,0.00014832,0,0,0,0.0017247,0,0,0,0,0,0,0,0,0,0,0,0,0,0,0,0,0,0,0,0,0,0,0,0,0,0,0,0,0,0.00044263,0,0,0,0,0,0,0,0,0,0
0,0,0,0,0,0,0,0,0,0,0,0,0,0,0,0,0,0.0024385,0,0,0,0,0,0,0,0,0,0,0,0,0,0,0,0,0,0,0,0,0,0,0,0,0,0,0,0,0
0.014129,0.025892,0.0052117,0.010325,0,0.0044475,0.0096299,0.0032163,0.020539,0.019161,0.003821,0.027774,0.012168,0,0.00016278,0.014134,0.051864,0.026576,0.013234,0.018206,0.00015466,0.003643,0.0071519,0,0.038358,0.026092,9.8781e-06,0.066768,0,0.00087535,0.0291,0,0.0061957,0.016977,0.045868,0.025013,0.038919,0.016224,0.0039045,0,0.010453,0.0004809,0.0043704,0.0064836,0.0013154,0.0050139,0.00012533
0,0.0022571,0,0,0,0,6.2413e-06,0,0,0,0,0.00031894,0,0,0.0013543,0.016314,3.8304e-05,0.0085111,0,0,0,0,0.00071654,0,0.0014041,0,0,0,0,0,0,0,0,0,0,0,0,0,0,0,0,0,0.00085784,0,0,0.00089901,0
0,0,0,0,0,0,0,0,0,0,0,0,0,0,0,0,0,0,0,0,0,0,0,0,0,0,0,6.4813e-06,0,0,0,0,0,0,0,0,0,1.477e-05,0,0,0,0,0,0,0,0,0
0,0,0,0,0,0,0,0,0,0,0,0,0,0,0,0,0,0,0,0,0,0,0,0,0,0,0,0,0,0,0,0,0,0,0,0,0,0.0067997,0,0,0,0,0,0,0,0,5.723e-05
0,0,0,0,0,0,0,0,0,0,0,0,0,1.6184e-05,0,0,0,0,0,0,0,0,0,0,0,0,0,0,0,0,0,0,0,0,0,0,0,0,0,0,0,0,0,0,0,0,0
0,0,0,0,0,0,0,0,0,0,0,0,0,0,0,0,0,0,0,0,0,0,0,0,0,0,0,0,0,0,0,0,0,0,0,0,0,0,0,0,0,0,0,0,0,0,0
0,0,0,0,0,0,0,0,0,0,0,0,0,0,0,0,0,0,0,0,0,0,0,0,0,0,0,0,0,0,0,0,0,0,0,0,0,0,0,0,0,0,0,0,0,0,0
0,0,0,0,0,0,0,0,0,0,0,0,0,0,0.00034342,0,0,0,0,0,0,0,0,0,0,0,0,0,0,0,0,0,0,0,0,0,0,0,0,0,0,0,0,0,0,0,0
0,0,0,0,0,0,0,0,0,0,0,0,0,0,0,0,0,0,0,0,0,0,0,0,0,0,0,0,0,0,0,0,0,0,0,0,0,0,0,0,0,0,0,0,0,0,0
0,0,0,0,0,0,0,0,0,0,0,0,0,0,0,0,0,0,0,0,0,0,0,0,0,0,0,0,0,0,0,0,0,0,0,0,0,0,0,0,0,0,0,0,0,0,0
0.0078555,0.0049871,0,0.0016987,0,0,2.6563e-06,0,0.0059193,0,0.0010741,0.001176,0,0.0004732,0.029364,0.0057506,0.0071034,0.00050991,0,0,0,0.0010579,0.021374,0.052372,0.049453,0.033765,0,0,0,0.0024027,0,0,0,0,0,0,0,0.022853,0,0,0,0.00090648,0.008372,0.01039,0.0030772,0.0060728,0.00015818
0.00075521,0,0,0.0026561,0,0,0,0.0011195,0,0,0,0,0,0,0,0.01889,0,0.0058429,0,5.2138e-07,0,0,0.00062285,0.001033,0,0,0,0,0,0.0064669,0,0,0,0,0,0,0,0,0,0,0,0,2.8772e-05,0,0,0,0
0,0,0,0,0,0,0,0,0,0,0,0,0,0,0,0,0,0,0,6.1232e-07,0,0,0,0,0,0,0,0,0,0.0019023,0,0,0,0,0,0,0,0,0,0,0,0,0,0,0,0,0
0,0,0,0,0,0,0,0,0,0,0,0,0,0,0,0,0,0,0,0,0,0,0,0,0,0,0,0,0,0,0,0,0,0,0,0,0,0,0,0,0,0,0,0,0,0,0
0,0,0,0,0,0,0,0,0.00034475,0,0,0,0,0,0,0,0,0,0,0,0,0,0,0,0,0,0,0,0,0,0,0,0,0,0,0,0,0,0,0,0,0,0,0,0,0,0
0,0,0,0,0,0,7.1024e-07,0,0,0,0,0,0,0,0,0,0,0,0,0,0,0,0,0,0,0,0,0,0,0,0,0,0,0,0,0,0,0.0038949,0,0,0,0,0,0,0,0,0
0,0,0,0,0,0,0,0,5.681e-05,0,0,0,0,0,0,0,0,0,0,0,0,0,0,0,0,0.0014794,0,0,0,0,0,0,0,0,0,0,0,0,0,0,0,0,0,0,0,0,0
0,0,0,0,0,0,0,0,0,0,0,0,0,0,0,0,0,0,0,0,0,0,0,0,0,0,0,0,0,0,0,0,0,0,0,0,0,0,0,0,0,0,0,0,0,0,0
0,0,0,0,0,0,0,0,0,0,0,0,0,0,0,0,0,0,0,0,0,0,0,0,0,0,0,0,0,0,0,0,0,0,0,0,0,0,0,0,0,0,0,0.00076322,0,0.0015647,0
0,0,0,0,0,0,0,0,0,0,0,0,0,0,0,0,0,0,0,0,0,0,0,0,0,0,0,0,0,0,0,0,0,0,0,0,0,0,0,0,0,0,0,0,0,0,0
0.0027535,0.0020349,0,0.063677,0,0,8.6653e-05,0.0026536,0.0092989,0,0.0013289,0.011556,0,0,0.07401,0.042362,0.00024593,0.0051166,0,1.8057e-05,0.00017981,0.0014565,0.081996,0.05685,0.065234,0.037455,0,3.6656e-07,0,0.060108,0,0,0,0,0,0,0,0.061678,0,0.023405,0,0.001712,0.01264,0.02399,0.0099329,0.011822,0.0005976
0.0011587,0,0,0.0012008,0,0,0,0,0,0,0,0,0,0,0,0.014306,0,0.0045451,0,0,0,0,0.0027428,0,0,0,0,0,0,0,0,0,0,0,0,0,0,0,0,0,0,0,0,0,0,0,4.0978e-06
0,0,0,0,0,0,0,0,0,0,0,0,0,0,0,0.00097222,0,0,0,0,0,0,0.0069041,0,0,0,0,0,0,0,0,0,0,0,0,0,0,6.6833e-07,0,0,0,0,0,0,0,0,0
0,0,0,0,0,0,0,0,0,0,0,0,0,0,0,0,0,0,0,0,0,0,0.0029101,0,0,0,0,0,0,0,0,0,0,0,0,0,0,0,0,0,0,0,0,0,0,0,0
0,0,0,0,0,0,0,0,0,0,0,0,0,0,0,0,0,0,0,0,0,0,0,0,0,0,0,0,0,0,0,0,0,0,0,0,0,0,0,0,0,0,0,0,0,0,0
0,0,0,0,0,0,0,0,0,0,0,0,0,0,0,0,0,0,0,0,0,0,0,0,0,0.001479,0,0,0,0,0,0,0,0,0,0,0,5.5917e-05,0,0,0,0,0,0,0,0,0
0,0,0,0,0,0,0,0,0,0,0,0,0,0,0,0,0,0,0,0,0,0,0,0,0.0014996,0,0,0,0,0,0,0,0,0,0,0,0,0,0,0,0,0,0,0,0,0,0
0,0,0,0,0,0,0,0,0,0,0,0,0,0,0,0,0,0,0,0,0,0,0,0,0,0,0,0,0.019645,0,0,0,0,0,0,0,0,0,0,0,0,0,0,0,0,0,0
0,0,0,0,0,0,0,0,0,0,0,0,0,0,0.00046244,0,0,0,0,0,0,0,0,0,0,0,0,0,0.00076053,0,0,0,0,0,0,0,0,0,0,0,0,4.0805e-05,0,0,0,0,0
0,0,0,0,0,0,0,0,0,0,0,0,0,0,0,0,0,0,0,0,0,0,0,0,0,0,0,0,0,0,0,0,0,0,0,0,0,0,0,0,0,0,0,0,0,0,0
0.0045916,0,0,0.013844,0,0,0.0050301,0,0.015096,2.3262e-07,0.00011666,0.0008385,0,0.1753,0.08478,0.012119,0.0061149,0.0025713,0,2.8125e-05,0.095154,0.00090819,0.090055,0.07756,0.080729,0.045572,0,0.002687,0.1083,0.028755,0,0.13155,0,0,0.001046,0,0,0.089136,0,0.090297,0,0.0064116,0.029935,0.042239,0.017766,0.033863,0.10251
0,0,0,0.0027275,0,0,0,0,0,0,0,0,0,0,0.0010238,0.019202,0,0.02741,0,0,0,0,0.0038454,0,0,0,0,0,0,0,0,0,0,0,0,0,0,2.8426e-06,0,0,0,0,0,0,0,0,1.8998e-05
0,0,0,0.0030829,0,0,0,0,0,0,0,0,0,0,0,0,0,0.0044956,0,0,0,0,0,0,0,0,0,0,0,0,0,0,0,0,0,0,0,0,0,0,0,0,0.0042461,0.0023192,0,0,0
0,0.0014339,0,0,0,0,0,0,0,0,0,0,0,0,0,0,0,0,0,0,0,0,0,0.0015097,0,0,0,0,0,0,0,0,0,0,0,0,0,0,0,0,0,0,0,0,0,0,0
0,0,0,0,0,0,0,0,0.00018141,0,0,0,0,0,0,0,0,0.0050471,0,0,0,0,0,0,0,0,0,0,0,0,0,0,0,0,0,0,0,0,0,0,0,0,0,0,0,0,0
0,0,0,0,0,0,0,0,0.018377,0,0,0,0,0,0,0,0,0,0,0,0,0,0,0,0,0,0,0,0,0,0,0,0,0,0,0,0,0.01257,0,0,0,0,0,0,0,0,0
0,0,0,0,0,0,0,0.010209,0,0,0,0,0,0,0,0,0,0,0,0,0,0,0.0011815,0,0.0014634,0,0,0,0,0,0,0,0,0,0,0,0,0,0,0,0,0,0,0,0,0,0
0,0,0,0,0,0,0,0,0,0,0,0,0,0,0.001296,8.7342e-07,0,0,0,4.5631e-06,0,0,0,0,0,0,0,0,0.035633,0,0,0,0,0,0,0,0,0,0,0,0,0.078062,0,0,0,0,0
0,0,0,0,0,0,0,0,0,0,0,0.00060672,0,0,0,0,0,0,0,0,0,0,0,0,0,0,0,0,0,0,0,0,0,0,0,0,0,0,0,0,0,0,0,0,0,0,0
0,0,0,0,0,0,0,0,0,0,0,0,0,0,0,0,0,0,0,0,0,0,0,0,0,0,0,0,0,0,0,0,0,0,0,0,0,0,0,0,0,0,0,0,0,0,0
0.0075406,0,0,0.1383,0,0,3.4468e-06,0.012826,0.0021494,2.5681e-07,2.0181e-05,0.01828,0.064888,0.011203,0.0798,0.18801,3.8582e-05,0.070613,0,0.05157,0.029404,0,0.14354,0.10421,0.095496,0.12476,0.1163,0.0067815,0.17767,0.026139,0,0.09703,0,0,0.013182,0,0,0.071388,0,0.059968,0.001102,0.1747,0.10021,0.12668,0.14142,0.1884,0.16896
0.10159,0.00015412,0,0.010129,0,0,0.016353,0,0.0017831,0.11104,0.00060764,0.0022407,0.005311,0,0.0013299,0.028314,0.00019978,0.024626,0.074438,0,4.4382e-06,0,0.021563,0,0,0,0.0028972,3.826e-05,0.10536,0.00080246,0.14108,3.8283e-05,0,0,0,0.00084734,0.0014593,0.026956,0.024404,0,0,0,0.0012847,4.437e-05,0.0012345,0.00010072,6.6325e-05
7.8894e-05,0.084285,0,0.010489,0,0,2.0899e-06,0,0,0,0,0,0,0,0,0.00028286,0.19751,0.005346,0,0,0,0,0,0.0023886,0,4.3998e-05,0.12119,0,0,1.8325e-05,0.0091219,0,0,0,0.052692,0,0.024734,0,0.021714,0,0,0,0,0,0,0,0
0.035859,0.17119,0,0,0,0,0.10221,0,0.00029848,0.060202,0,0,0.004968,0,0,0.0014723,0,0,0.080238,0,0,0,0,0,0,0,0,0,0,0,0,0,0,0,0.0076958,0,0,0,0.15698,0,0,0,0,0,0,0,0
0,0,0.0051213,0,6.1417e-06,0.00018729,0.00085757,0.021994,4.364e-05,0,0.0034498,0,0,0,0,0,0,0.014647,0,0,0,1.8017e-06,0,0.00025222,0,0.00024124,0,2.0119e-05,0,0,0,0,0,0,0,0,0,0.038521,0.00068124,0,0,0,0,0.097458,0,0.010217,0
0,0,0,0,0,0,0.0081865,0,0.10941,0,0.0097748,0,0,0,0,0,0,0,0,0,0.30215,0,0,0,0,0.045094,0,0,0,0,0,0,0,0,0,0,0,0.029929,0,0,0,0,0.11499,0,0,0.025079,0
0.079998,0,0,0,0,0,0,0.37735,0,0.0031075,0,0,0.024552,0.08925,0,0,0.049433,0,0.00083099,0,0,0,0,0,0.00049112,0,0,0.0046229,0,0,0,0,0,0,0,0,0,0,0,0,0,0,0,0,0.12029,0,0
0.00017376,0,0,0.034963,0.15792,0,0,0,0,0,0,0.12915,0,0,0.00051484,0,0,0,0,0.11772,0,0,0,0,0,0,0,0.05208,0.001695,0,0,0,0,0,0,0,0,0,0,0,0,0.075275,0,0,0,0,5.9562e-05
0,0,0,0,0,0,0,0,0,0,0,0.022565,0,0,3.6376e-05,0,0,0,0,0,0,0,0,0,0,0,0.19567,0,0,0.26105,0,0,0,0,0,0,0,0,0,0,0,0,0,0,0,0,0
0,0,0,0,0,0,0,0,0,0,0,0,0,0,0,0,0,0,0,0,0,0,0,0,0,0,0,0,0,0,0,0,0,0,0,0,0,0,0,0,0,0,0,0,0,0,0
0.20504,0.36764,0.18468,0.24186,0.45954,0.16374,0.15899,0.34619,0.45952,0.16934,0.16845,0.29567,0.25969,0.17644,0.13243,0.23351,0.33395,0.27503,0.17919,0.20258,0.3861,0.13902,0.14466,0.1602,0.17717,0.19061,0.46792,0.2032,0.013116,0.23787,0.44375,0.38163,0.73492,0.71881,0.18713,0.20396,0.21194,0.15584,0.52483,0.1121,0.14761,0.18973,0.23359,0.25367,0.31228,0.30585,0.32491
0,0,0,0.017362,0,0,0,0,0,0,0,0,0,9.0267e-05,0.0023334,0.013839,0,0.0086208,0,0,0,0,0.0019917,0,0,0,0,0,0.068946,0,0,0,0,0,0.00010169,0,0,5.2423e-06,0,7.2206e-05,0,0,0.0017498,0,0,0,0.00019974
2.8396e-05,0,0,0,0,0,0,0,0,0,0,0,0,1.9104e-05,0,0,0,0,0,0,0,0,0,0,0,0,0,0,0.010063,0,0,0.00012964,0,0,0,0,0,0,0,0.001493,0,0,0,0,0,0.00041047,0.00029187
0,0,0,0,0,0,0,0,0,0,0,0,0,7.286e-05,0,0,0,0,0,0,0,0,0,0,0,0,0,0,0,0,0,0.001538,0,0,0,0,0,4.9411e-06,0,0,0,0,0,0,0,0,0
0,0,0,0,0,0,0,0,0,0,0,0,0,0.019241,6.0634e-06,0,0,0,0,0,0,0,0,0,0,0,0,0,0,0,0,0.00086079,0,0,0,0,0,0,0,0,0,0,0,0,0,0,0
0,0,0,0,0,0,0,0,0,0,0,0,0,0.00089001,5.2915e-06,0,0,0,0,0,0,0,0,0,0,0,0,0,0,0,0,1.4596e-05,0,0,0,0,0,0.0002866,0,0,0,0,0,0,0,0,0
0,0,0,0,0,0,0,0,0,0,0,0,0,0,0,0,0,0,0,0,0,0,0,0,0,0,0,0,0,0,0,0,0,0,0,0,0,0,0,0,0,0,0,0,0,0,0
0,0,0,0,0,0,0,0,0,0,0,0,0,0,0,0,0,0,0,0,0,0,0,0,0,0,0,0,0,0,0,0,0,0,0,0,0,0,0,0,0,0,0,0,0,0,0
0,0,0,0,0,0,0,0,0,0,0,0,0,0,0,0,0,0,0,0,0,0,0,0,0,0,0,0,0,0,0,0,0,0,0,0,0,0,0,0,0,0,0,0,0,0,0
0,0,0,0,0,0,0,0,0,0,0,0,0,0,0,0,0,0,0,0,0,0,0,0,0,0,0,0,0,0,0,0,0,0,0,0,0,0,0,0,0,0,0,0,0,0,0
0.0081823,0.0045968,0,0.094467,0,0,0.0037251,0,0,3.9465e-07,0.000629,0.0003311,0,0.4434,0.177,0.059484,0.00082328,0.021867,0,0.00010269,0.11125,0.010943,0.14704,0.13652,0.088035,0.11726,0,0.00097869,0.31391,0.050378,0,0.31017,0,0,0.001269,0,0,0.14009,0,0.40567,0,0.01544,0.067261,0.061038,0.042684,0.063802,0.22695
0.00092693,0,0,0,0,0,0,0.0034247,0.0001092,0,0,0.010806,0,0,0,0.013387,0,0.0094222,0,3.7025e-07,0,0,0.0015468,0,0,0,0,0,0,0.018414,0,0,0,0,0,0,0,0,0,0,0,0,0.0039663,0.0027834,0,0,0
0,0,0,0,0,0,0,0,0.0008225,0,0,0,0,0,0,0,0,0,0,0,0,0,0,0,0,0,0,0,0,0.00072542,0,0,0,0,0,0,0,0,0,0,0,0,0,0,0,0,0
0,0,0,0,0,0,0,0,0,0,0,0,0,0,0,0,0,0,0,0,0,0,0,0,0,0,0,0,0,0,0,0,0,0,0,0,0,0,0,0,0,0,0,0,0,0,0
0,0,0,0,0,0,0,0,0,0,0,0,0,0,0,0,0,0,0,0,0,0,0,0,0,0,0,0,0,0,0,0,0,0,0,0,0,2.6012e-06,0,0,0,0,0,0,0,0,0
0,0,0,0,0,0,3.5997e-06,0,0,0,0,0,0,0,0,0,0,0,0,0,0,0,0,0,0,0,0,0,0,0,0,0,0,0,0,0,0,0,0,0,0,0,0,0,0,0,0
0,0,0,0,0,0,0,0,0,0,0,0,0,0,0,0,0,0,0,0,0,0,0,0,0,0,0,0,0,0,0,0,0,0,0,0,0,0,0,0,0,0,0,0,0,0,0
0,0,0,0,0,0,0,0,0,0,0,0,0,0,0,0,0,0,0,0,0,0,0,0,0,0,0,0,0,0,0,0,0,0,0,0,0,0,0,0,0,0,0,0,0,0,0
0,0,0,0,0,0,0,0,0,0,0,0,0,0,0,0,0,0,0,0,0,0,0,0,0,0,0,0,0,0,0,0,0,0,0,0,0,0,0,0,0,0,0,0,0,0,0
0,0,0,0,0,0,0,0,0,0,0,0,0,0,0,0,0,0,0,0,0,0,0,0,0,0,0,0,0,0,0,0,0,0,0,0,0,0,0,0,0,0,0,0,0,0,0
0.029337,0.010253,0,0.13318,0,0,0.0092656,0.011037,0.0029355,3.0875e-07,0.0028084,0.013266,0,1.691e-05,0.17292,0.11518,0.016105,0.01266,0,0.0001132,0.015148,0.012027,0.15643,0.13281,0.12747,0.14432,0,0.0024471,9.7238e-06,0.19023,2.2382e-07,0,0,0,0,0,0,0.094129,0,0.18227,0,6.9454e-07,0.078507,0.082891,0.062907,0.080558,0.010041
0.011838,0.00010661,0,0,0,0,0,0,0,0,0,8.6128e-05,0,0,0.001109,0.022589,0.00012817,0.0068639,0,0,0,0,0.01252,0,0,0,0,0,0,0,0,0,0,0,0,0,0,0,0,0,0,0,0,0,0,0,0
0.0001146,3.4171e-05,0,0,0,0,0,0,0,0,0,0,0,0,0,0,0.00016733,0,0,1.6077e-06,0,0,0,0,0,0,0,0,0,0,0,0,0,0,0,0,0,0,0,0,0,0,0,0,0,0,0
0,0,0,0,0,0,0,0,0,0,0,0,0,0,0,0,2.4928e-05,0,0,0,0,0,0,0,0,0,0,0,0,0,0,0,0,0,0,0,0,1.9262e-05,0,0,0,0,0,0,0,0,0
0,0,0,0,0,0,1.2759e-06,0,0,0,0,0,0,0,0,0,0,0,0,0,0,0,0,0,0,0,0,0,0,0,0,0,0,0,0,0,0,7.5769e-06,0,0,0,0,0,0,0,0,0
0,0,0,0,0,0,0,0,0,0,0,0,0,0,0,0,0,0,0,0,0,0,0,0,0,0,0,0,0,0,0,0,0,0,0,0,0,4.831e-06,0,0,0,0,0,0,0,0,0
0,0,0,0,0,0,0,0,0,2.1757e-07,0,0,0,0,0,0,0,0,0,0,0,0,0,0,0,0,0,0,0,0,0,0,0,0,0,0,0,0,0,0,0,0,0,0,0,0,0
0,0,0,0,0,0,0,0,0,0,0,0,0,0,0,0,0,0,0,0,0,0,0,0,0,0,0,0,0,0,0,0,0,0,0,0,0,0,0,0,0,0,0,0,0,0,0
0,0,0,0,0,0,0,0,0,0,0,0,0,0,0,0,0,0,0,0,0,0,0,0,0,0,0,0,0,0,0,0,0,0,0,0,0,0,0,0,0,0,0,0,0,0,0
0,0,0,0,0,0,0,0,0,0,0,0,0,0,0,0,0,0,0,0,0,0,0,0,0,0,0,0,0,0,0,0,0,0,0,0,0,0,0,0,0,0,0,0,0,0,0
0.0060002,0.0059832,0,0.060276,0,0,2.2758e-06,0,0,0,0.0026062,0.00031322,0,7.2459e-06,0.11335,0.037288,0.010345,0.017913,0,6.1664e-05,0,0.012586,0.096646,0.17161,0.12407,0.1129,0,0.0023952,9.2163e-06,0.043102,0,0,0,0,0,0,0,0.14101,0,0,0,0.01271,0.10378,0.082935,0.052481,0.1077,0.15611
0.0079703,0.0083693,0,0,0,0,0.0017668,0,0.003158,3.7828e-07,0,0.00061662,0.0087929,0,0,0.0070312,0,0.017856,0.0014369,0,0,0,0,0,0.015767,0,0,0,0,0,0,0,0,0.0044427,0,0,0,0,0,0,0,0,0.0060863,0.01243,0.011688,0.0091606,0
0.0015526,0.00074879,0,0,0,0,0,0,0,0,0,0,0.010031,0,0,0,0,0,0,0,0,0,0,0,0,0,0,0,0,0,0,0,0,0,0,0,0,0,0,0,0,0,0,0,0.0010669,0,0
0,0,0,0,0,0,0,0,0,0,0,0,0,0,0,0,0,0,0,0,0,0,0,0,0,0,0,0,0,0,0,0,0,0,0,0,0,0,0,0,0,3.3966e-06,0,0,0,0,0
0,0,0,0,0,0,0,0,0,0,0,0,0,0,0,0,0,0,0,0,0,0,0,0,0,0,0,0,0,0,0,0,0,0,0,0,0,0,0,0,0,0,0,0,0,0,0
0,0,0,0,0,0,0,0,0,0,0,0,0,0,0,0,0,0,0,0,0,0,0,0,0,0,0,0,0,0,0,0,0,0,0,0,0,0,0,0,0,0,0,0,0,0,0
0,9.1844e-07,0,0,0,0,0,0,0,0,0,0,0,0,0,0,0,0,0,0,0,0,0,0,0,0,0,0,0,0,0,0,0,0,0,0,0,0,0,0,0,0,0,0,0,0,0
0,0,0,0,0,0,0,0,0,0,0,0,0,0,0,0,0,0,0,0,0,0,0,0,0,0,0,0,0,0,0,0,0,0,0,0,0,0,0,0,0,0,0,0,0,0,0
0,0,0,0,0,0,0,0,0,0,0,0,0,0,0,0,0,0,0,0,0,0,0,0,0,0,0,0,0,0,0,0,0,0,0,0,0,0,0,0,0,0,0,0,0,0,0
0,0,0,0,0,0,0,0,0,0,0,0,0,0,0,0,0,0,0,0,0,0,0,0,0,0,0,0,0,0,0,0,0,0,0,0,0,0,0,0,0,0,0,0,0,0,0
0.43196,0.29577,0.8045,0.15976,0.35939,0.83162,0.68038,0.20755,0.34558,0.6246,0.8042,0.45956,0.54495,0.081213,0.12582,0.11826,0.32394,0.41118,0.64907,0.60544,0.060443,0.81836,0.051705,0.085541,0.13336,0.11893,0.096014,0.65546,0.14489,0.070757,0.34866,0.07705,0.25419,0.22201,0.68772,0.76876,0.7209,0.08858,0.2436,0.12471,0.84028,0.44432,0.2278,0.19168,0.21483,0.14751,0.008932
0,0,0,0,0,0,0,0,0,0,0,0,0,0,0,0,0,0,0,0,0,0,0,0,0,0,0,0,0,0,0,0,0,0,0,0,0,0,0,0,0,0,0,0,0,0,0
0,0,0,0,0,0,0,0,0,0,0,2.5093e-05,0,0,0,0,0,0,0,0,0,0,0,0,0,0,0,0,0,0,0,0,0,0,0,0,0,0,0,0,0,0,0,0,0,0,0
0,0,0,0,0,0,0,0,0,0,0,0,0,0,0,0,0,0,0,0,0,0,0,0,0,0,0.0017504,0,0,0,0,0,0,0,0,0,0,0,0,0,0,0,0,0,0,0,0
0,0,0,0,0,0,0,0,0,0,0,0,0,0,0,0,0,0,0,0,0,0,0,0,0,0,0,0,4.7606e-05,0,0,0,0,0,0,0,0,0,0,0,0,0,0,0,0,0,0
0,0,0,0,0,0,0,0,0,0,0,0,0,3.2446e-05,1.2733e-05,0,0,0,0,0,0,0,0,0,0,0,0,0,0,0,0,0,0,0,0,0,0,0,0,0,0,0,0,0,0,0,0
0,0,0,0,0,0,0,0,0,0,0,0,0,0,0,0,0,0,0,0,0,0,0,0,0,0,0,0,0,0,0,0,0,0,0,0,0,0,0,0,0,0,0,0,0,0,0
0,0,0,0,0,0,0,0,0,0,0,0,0,0,0,0,0,0,0,0,0,0,0,0,0,0,0,8.8192e-05,0,0,0,0,0,0,0,0,0,0,0,0,0,0,0,0,0,0,0
0,0,0,0,0,0,0,0,0,0,0,0,0,0,0,0,0,0,0,0,0,0,0,0,0,0,0,5.9091e-05,0,0,0,0,0,0,0,0,0,0,0,0,0,0,0,0,0,0,0
0,0,0,1.6219e-05,0,0,0,0,0,0,0,0,0,0,0,0,0,0,0,0,0,0,0,0,0,0,0,0,0,0,0,0,0,0,0,0,0,0,0,0,0,5.0871e-06,0,0,0,0,0
0,0,0,0,0,0,0,0,0,0,0,0,0,0,0,0,0,0,0,0,0,0,0,0,0,0,0,0,0,0,0,0,0,0,0,0,0,0,0,0,0,0,0,0,0,0,0
0,0,0,0,0,0,0,0,0,0,0,0,0,0,0,0,0,0,0,0,0,0,0,0,0,0,0,0,0,0,0,0,0,0,0,0,0,0,0,0,0,0,0,0,0,0,0
0,0,0,0,0,0,0,0,0,0,0,3.0507e-05,0,0,0,0,0,0,0,0,0,0,0,0,0,0,0,0,0,0,0,0,0,0,0,0,0,0,0,0,0,0,0,0,0,0,0
0,0,0,0,0,0,0,0,0,0,0,0,0,0,0,0,0,0,0,0,0,0,0,0,0,0,0.00052673,0,0,0,0,0,0,0,0,0,0,0,0,0,0,0,0,0,0,0,0
0,0,0,0,0,0,0,0,0,0,0,0,0,0,0,0,0,0,0,0,0,0,0,0,0,0,0.001091,0,1.9704e-05,0,0,0,0,0,0,0,0,0,0,0,0,0,0,0,0,0,0
3.6962e-07,0,0,0,0,0,0,0,0,0,0,0,0,0,6.9416e-07,0,0,0,0,0,0,0,0,0,0,0,0,0.00023746,0,0,0,0,0,0,0,0,0,0,0,0,0,0,0,0,0,0,0
4.2496e-07,0,0,0,0,0,0,0,0,0,0,0,0,0,0,0,0,0,0,0,0,0,0,0,0,0,0,0.0019534,0,0.00016158,0,0,0,0,0,0,0,0,0,0,0,0,0,0,0,0,8.004e-05
0,0,0,0,0,0,0,0,0,1.1506e-06,0,0,0,0,0,0,0,0,0,0,0,0,0,0,0,0,0,0,0,2.7565e-06,0,0,0,0,0,0,0,0,0,0,0,0,0,0,0,0,1.8472e-05
0,0,0,0,0,0,0,0,0,1.1002e-06,0,0,0,0,0,0,0,0,0,0,0,0,0,0,0,0,0,6.7773e-05,0,0,0,0,0,0,0,0,0,0,0,0,0,0,0,0,0,0,0
0,0,0,0,0,0,0,0,0,0,0,0,0,0,0,0,0,0,0,0,0,0,0,0,0,0,0,6.6008e-06,0,0,0,0,0,0,0,0,0,0,0,0,0,0,0,0,0,0,0
0,0,0,0,0,0,0,0,0,0,0,0,0,0,0,0,0,0,0,0,0,0,0,0,0,0,0,0,0,0,0,0,0,0,0,0,0,0,0,0,0,0,0,0,0,0,0
0,0,0,0,0,0,0,0,1.3273e-05,0,0,0,0,0,0,0,0,0,0,0,0,0,0,0,0,0,0,0,0,0,0,0,0,0,0,0,0,0,0,0,0,0,0,0,0,0,0
0,0,0,0,0,0,0,0,0,0,0,5.2865e-05,0,0,0,0,0,0,0,0,0,0,0,0,0,0,0,0,0,0,0,0,0,0,0,0,0,0,0,0,0,0,0,0,0,0,0
0,0,0,0,0,0,0,0,0,0,1.4173e-06,0,0,0,0,0,0,0,0,4.0573e-06,0,0,0,0,0,0,0,0,0,0,0,0,0,0,0,0,0,0,0,0,0,0,0,0,0,0,0
0,0,0,0,0,0,0,0,0,0,0,0,0,0,0,0,0,0,0,2.2819e-05,0,0,0,0,0,0,0.0012889,0,0,0,0,0,0,0,0,0,0,0,0,0,0,0,0,0,0,0,0
0,0,0,0,0,0,0,0,4.1624e-05,0,0,0,0,5.854e-05,0,0,0,0,0,0,0,0,0,0,0,0,3.5539e-05,0,0,0,0,0,0,0,0,0,0,0,0,0,0,0,0,0,0,0,0
0,0,0,1.4041e-05,5.2632e-05,0,0,0,0,0,0,0,0,0,0,0,0,0,0,0,0,0,0,0,0,0,0,0.0018134,0,0,0,0,0,0,0,0,0,0,0,0,0,1.0512e-06,0,0,0,0,0
0,0,0,5.3258e-06,1.9142e-05,0,0,0,0,0,0,0,0,0,0,0,0,0,0,0,0,0,0,0,0,0,0,0.0023903,0,9.6143e-06,0,0,0,0,0,0,0,0,0,0,0,6.9425e-06,0,0,0,0,6.9502e-05
0,0,0,0,0,0,0,0,0,0,0,0,0,0,0,0,0,0,0,0,0,0,0,0,0,0,0,0.00070219,0,0,0,0,0,0,0,0,0,0,0,0,0,0,0,0,0,0,1.2378e-05
0,0,0,0,0,0,0,0,0,0,0,0,0,0,0,0,0,0,0,0,0,0,0,0,0,0,0,4.8947e-06,0,0,0,0,0,0,0,0,0,0,0,0,0,0,0,0,0,0,0
0,0,0,0,0,0,0,0,0,0,0,0,0,0,0,0,0,0,0,0,0,0,0,0,0,0,0,2.4745e-06,0,0,0,0,0,0,0,0,0,0,0,0,0,0,0,0,0,0,0
0,0,0,0,0,0,0,0,0,0,0,0,0,0,0,0,0,0,0,0,0,0,0,0,0,0,0,0,0,0,0,0,0,0,0,0,0,0,0,0,0,0,0,0,0,0,0
0,0,0,0,0,0,0,0,0,0,0,6.1346e-06,0,0,0,0,0,0,0,0,0,0,0,0,0,0,0,0,0,0,0,0,0,0,0,0,0,0,0,0,0,0,0,0,0,0,0
0,0,0,0,0,0,0,0,0,0,4.5324e-06,1.3578e-05,0,0,0,0,0,0,0,0,0,0,0,0,0,0,0,0,0,0,0,0,0,0,0,0,0,0,0,0,0,0,0,0,0,0,0
0,0,0,0,0,4.1635e-06,0,0,0.00047813,0,5.9491e-06,0,0,0,0,0,0,0,0,2.4781e-06,0,0,0,0,0,0,0,0,0,0,0,0,0,0,0,0,0,0,0,0,0,0,0,0,0,0,0
0,0,0,0.00043022,0,1.3021e-06,0,0,5.3762e-05,0,0,0,0,0,0,0,0,0,0,3.1202e-07,0,0,0,0,0,0,1.2647e-06,0,0,0,0,0,0,0,0,0,0,0,0,0,0,0,0,0,0,0,0
0,0,0,0.0020517,0,0,0,0,0,3.4573e-06,0,0,0,0,0,0,5.0897e-06,0,0,0,0,0,0,0,0,0,0,0,0,0,0,0,0,0,0,0,0,0,0,0,0,0.0002474,0,0,0,0,0
0,0,0,8.2553e-06,2.7848e-06,0,0,0,0,3.1868e-06,0,0,0,0,0,0,0,0,0,0,0,0,0,0,0,0,0,0.00056211,0,0,0,0,0,0,0,0,0,0,0,0,0,5.1741e-06,0,0,0,0,0
0,0,0,0,2.0148e-06,0,0,0,0,0,0,0,0,0,0,0,0,0,0,0,0,0,0,0,0,0,0,0.00089402,0,0,0,0,0,0,7.9065e-06,0,0,0.00027138,0,0,0,0,0,0,0,0,3.6215e-05
0,0,0,0,0,0,0,0,0,0,0,0,0,0,0,0,0,0,0,0,0,0,0,0,0,0,2.8967e-05,0.00027451,0,0,0,0,0,0,0.00010007,0,0,0.00036688,0,0,0,0,0,0,0,0,9.6704e-06
0,0,0,0,0,0,0,0,0,0,0,0,0,0,0,0,0,0,0,0,0,0,0,0,0,0,0,0,0,0,0,0,0,0,0.00015503,0,0,2.5292e-06,0,0,0,0,0,0,0,0,0
0,0,0,0,0,0,0,0,0.00014453,0,0,0,0,0,0,0,0,0,0,0,0,0,0,0,0,0,0,0,0,0,0,0,0,0,0,0,0,0,0,0,0,0,0,0,0,0,0
0,0,0,0,0,0,0,0,8.9949e-05,0,0,0,0,0,0,0,0,0,0,0,0,0,0,0,0,0,0,0,0,0,0,0,0,0,0,0,0,0,1.5616e-06,0,0,0,0,0,0,0,0
0,0,0,0,0,0,0,0,0.0002278,0,0,0,0,0,0,0,0,1.6205e-06,0,0.0002386,0,0,0,0,0,0,0,0,0,0,0,0,0,0,0,0,0,0,0,0,0,0,0,0,0,0,0
0,0,0,0,0,5.2383e-05,0,0,0.0031124,0,0,0,0,0,0,0,0,0,0,7.9297e-05,0,0,0,0,0,0,0,0,0,0,0,0,0,0,0,0,0,0,0,0,0,0,0,0,0,0,0
0,0,0,0.033006,0,1.1128e-06,0,0,0,4.9983e-06,0,0,0,0,0,0,0,0,5.1029e-06,3.9184e-05,0,0,0,0,0,0,0,0,0,0,0,0,0,0,0,0,0,2.252e-06,2.2154e-06,0,0,0.004029,0,0,0,0,0
3.5995e-07,0,0,0.011318,0,0,0,0,0,0.00013008,0,0,0,0,0,0,8.7504e-06,0,2.1528e-05,3.4236e-05,0,0,0,0,0,0,0,0,0,0,0,0,0,0,0,0,0,2.6522e-06,1.2331e-06,0,0,0.0042668,0,0,0,0,0
0,0,0,0,0,0,0,0,0,3.7398e-05,0,0,0,0,0,0.00010581,0,0,8.5138e-06,1.8188e-05,0,0,0,0,0,0,0,0.0099974,0,0,4.4667e-07,0,0,0,0,0,0,0,0,0,0,0,0,0,0,0,6.0379e-06
3.1423e-06,0,0,0,0,0,0,0,0,0,0,0,0,0,0,0,0,0,0,0,0,0,0,0,0,0,1.958e-05,0,0,7.0094e-06,0,0,0,0,0,0,0,0,3.7235e-06,0,0,0,0,0,0,0,0.00036847
7.7455e-07,0,0,0,0,0,0,0,0,0,0,0,0,0,0,0,0,0,0,0,0,0,0,0,0,0,0,0,0,0,0,0,0,0,0,0,0,4.6539e-05,2.5385e-06,0,0,0,0,0,0,0,0
0,0,0,0,0,0,0,0,0,0,0,0,0,0,0,0,0,0,0,0,0,0,0,0,0,0,0,0,0,0,0,0,0,0,2.1318e-05,0,0,0,0,0,0,0,0,0,0,0,0
0,0,0,0,0,0,0,0,0.0048032,0,0,0,0,0,0,0,0,0,0,0,0,0,0,0,0,0,0,0,0,0,0,0,0,0,0,0,0,0,0,0,0,0,0,0,0,0,0
0,0,0,0,0,0,0,0,0.0040505,0,0,0,0,0,0,0,0,0,0,0,0,0,0,0,0,0,0,0,0,0,0,0,0,0,0,0,0,0,1.8324e-05,0,0,0,0,0,0,0,0.002374
0,0,0,0,0,0,0,0,0.0069629,0,0,0,0,0,0,0,0,3.6187e-05,0,0,0,0,0,0,0,0,0,0,0,0,0,0,0,0,0,0,0,0,7.8587e-06,0,0,0,0,0,0,0,0.01167
0,0,0,0,0,0.00026856,0,0,0.013006,0,0,0,0,0,0,0,0,0,0,0,0,0,0,0,0,0,0,0,0,0,0,0,0,0,0,0,0,0,0,0,0,0,0,0,0,0,0.010063
0,6.9822e-06,0,0.4603,0,4.4882e-05,0,0,0,2.9769e-05,9.234e-06,0,8.7311e-05,0,0,0,0,0,2.9894e-05,0,0,0,0,0,0,0,0,0,0,0,0,0,0,0,7.2562e-07,0,0,0.0013444,0.00021521,0,0,0.3569,1.5378e-05,3.7393e-06,0,5.164e-05,0.006237
1.556e-05,0,0,0.49285,7.3289e-07,0,0,0,0,0.0013608,0,0,0.00025631,6.5809e-06,0,0,0.00011734,0,0.00060341,0.00011142,0,0,0,0,5.3504e-06,0,0,0,2.5498e-05,0,0,0,0,0,0,0,0,3.4198e-05,0.00017043,0,0,0.63454,0,0,0,0,0.0025852
2.1312e-05,0,0,0,3.0832e-06,0,0,0,0,0.00064564,0,0,0,0.00019212,0.0001601,0.00056826,0,0,0.00039832,2.7157e-06,0,0,0,0,8.3813e-05,0,0,0.41265,2.1848e-05,0,0,0,0,0,0,0,0,0,0,0,0,0,0,0,0,0,0.00062336
0.0010912,0,0,0,0,0,0,0,0,0,0,0,0,0,7.0024e-05,0.00050267,0,0,0,0,0,0,0,0,0,0,0.0039199,0.24753,0,0.01645,0,0,0,0,0,0,0,0,1.7632e-05,0,0,0,0,0,0,0,0.0049409
0.002581,0,0,0,0,0,0,0,0,0,0,0,0,0,0,0,0,0,0,0,0,0,0,0,0,0,0,0,0,0,0,0,0,0,0,0,0,0,0.0014162,0,0,0,0,0,0,0,0
0,0,0,0,0,0,0,0,0,0,0,0,0,0,0,0,0,0,0,0,0,0,0,0,0,0,0,0,0,0,0,0,0,0,0,0,0,0,0,0,0,0,0,0,0,0,0
0,0,0,0,0,0,0,0,0.0022654,0,0,0,0,0,0,0,0,0,0,0,0,0,0,0,0,0,0,0,0,0,0,0,0,0,0,0,0,0,0,0,0,0,0,0,0,0,0.0013154
0,0,0,0,0,0,0,0,0,0,0,0,0,0,0,0,0,0,0,0,0,0,0,0,0,0,0,0,0,0,0,0,0,0,0,0,0,0,1.2688e-05,0,0,0,0,0,0,0,0.0054521
0,0,0,0,0,0,0,0,0.0014833,0,0,0,9.3432e-05,0,0,0,0,4.6319e-05,0,0,0,0,0,0,0,0,0,0,0,0,0,0,0,0,0,0,0,0,0.00010926,0,0,0,0,0,0,0,0
0,0,0,0,0,0.00016873,0,0,0.28058,0,0,0,0.00092667,0,0,0,0,0.00034055,0,0,1.5177e-05,0,0,0,0,0,0,0,0,0,0,0,0,0,0,0,0,0,0,0,0,0,0,0,0,0,0
0,0,0,0,0,0.00030494,1.2235e-06,0,0.3324,0,2.0184e-05,0,0.00060956,0,0,0,0,0,6.0155e-06,0,0,4.443e-06,0,4.1392e-06,0,0,0,0,0,0,0,0,0,0,5.8494e-05,0,0,0.00069986,0.00031781,0,0,0,7.1263e-05,0.00010939,0,0.00071879,0
0.00020583,0,0,0,1.1506e-06,0,0.00013974,2.2968e-05,0,0.0078955,0.00054117,0,0.042918,0,0,0.0017369,0.00066248,0,0.024979,7.1748e-06,6.7159e-06,1.3232e-05,0,6.6573e-06,0,0,0,0.22442,7.0404e-05,0,0,0,0,0,3.0613e-05,0,0,0.001382,0.0049363,0,0,0,0.00044694,0.00019697,0,0.00054485,0
0.002382,0,0,0,0.00034344,0.01759,4.032e-05,0.00018129,0,0.13498,0,9.3211e-05,0.024893,0.064172,0.00014729,0.047077,0.0015677,0,0.1652,0.00019801,4.7076e-05,0,0,0,0.00073512,0,0,0.096338,0.0018857,0,0,0,0,0,0,0,0,0.0027712,0.00367,0,0,0,0,0,0,0,0
0.0011643,0,0,0,0.00031683,0.0022569,0,0,0,0.030014,0,0.00028097,0.0003699,0.028736,0.072057,0.21532,0,0,0.024262,7.4283e-05,0,0,0,0,0.0014927,0,0.011627,0,0.00072331,0.052165,0,0,0,0,0,0,0,0,0.07493,0,0,0,0,0,0,0,0.018473
0.0007165,0,0,0,0,0,0,0,0,0,0,0,0,0.02258,0.048956,0.12294,0,0,0,0,0,0,0,0,0,0,0.15979,0,0,0.22439,0,0,0,0,0,0,0,0,0.082966,0,0,0,0,0,0,0,0.20607
0.12191,0,0,0,0,0,0,0,0,0,7.7958e-05,0,0,0,0.020777,0,0,0,0,0,0,0,0,0,0,0,0.05616,0,0,0.0038857,0,0,0,0,0,0,0,0,0.10763,0,0,0,0,0,0,0,0.16099
0,0,0,0,0,0,0,0,0.00063649,0,0,0,0,0,0,0,0,0,0,0,0,0,0,0,0,0,0,0,0,0,0,0,0,0,0,0,0,0,0,0,0,0,0,0,0,0,0.0035233
0,0,0,0,0,0,0,0,0,0,0,0,0,0,0,0,0,0,0,0,0,0,0,0,0,0,0,0,0,0,0,0,0,0,0,0,0,0,0,0,0,0,0,0,0,0,0
0,0,0,0,0,0,0,0,0.14108,0,0,0,0.00088991,0,0,0,0,0,0,0,0.00040344,0,0,0,0,0,0,0,0,0,0,0,0,0,0,0,0,0,0.00044356,0,0,0,0,0,0,0,0
0,0,2.0403e-07,0,0,0,0,0,0.026063,0,0,0,0.0021231,0,0,0,0,0.0035618,0,0,0.00081874,0,0,5.6223e-06,0,0,0,0,0,0,0,0,0,0,0,0,0,0,0.00045757,0,0,0,0,0,0,0,0
0,0,1.8625e-05,0,0,0.0059191,0,0,0,0.12715,0,0,0.12862,0,0,0.030478,0.0081652,0.45892,0.21703,0,0,0,0,3.3721e-05,0,0,0,0,0,0,0,0,0,0,3.4071e-05,0,0,0,0,0,0,0,0,0,0,0.0089422,0
0,0,6.2153e-05,0,0,0.26738,3.5078e-05,0,0,0.37974,0.0055388,0,0.06385,0,0,0.059828,0.025342,0,0.33305,0,0.00015056,0.00010874,0,6.9831e-05,0,0,0,0,0,0.029222,0,0,0,0,0.000834,0,3.2336e-06,0.00030026,0.065009,0,0,0,0.0021037,0.0014087,0,0.17744,0
0,0,3.581e-05,0,1.9173e-05,0.26189,0.00048636,0.00043083,0,0.10568,0.01364,0,0.15827,0,0,0.007284,0.008496,0,0.041698,0.00011474,0.0042233,0.00088128,0.00014309,0.00041308,0,0,0,0,0.00068534,0.064464,0,0,0,0,0.0029532,0,1.4906e-06,0.0045381,0.20162,0,0,0,0.35862,0.35363,1.8115e-05,0.075551,0
0.22368,0,0,0,0.003161,0.0073087,0.0022508,0.0052345,0,0,0.16159,0.0024891,0.15083,0.00020209,0.10211,0.0065919,0.29771,0,0,0.0037746,0.014025,0.00046201,0.00064361,0.00019074,0.0037113,0,0,0,0.12467,0.033312,0,0,0,0,0.0015986,0,0,0.020288,0.1257,0,0,0,0.37208,0.1652,1.6466e-05,0.2787,0
0.3639,0,0,0,0.039027,0,0.0027938,0.024761,0,0,0.23816,0.02351,0,0.14316,0.23511,0.40043,0.15928,0,0,0.04083,0.058544,0.0074343,0,0,0.023923,0,0.0068287,0,0.47074,0.032914,0,0,0,0.005417,0.0192,0,0,0.1587,0,0,0,0,0,0,0,0,0.0060423
0.14324,0,0.0063585,0,0.5629,0,0,0.012205,0,0,0.12984,0.93485,0,0.74086,0.13439,0,0.12013,0,0,0.68588,0.073739,0,0,0,0.97005,0,0.75694,0,0.26938,0.40787,0,0,0,0,0.063726,0,0,0.47596,0,0,0,0,0,0,0,0,0.55463
0,0,0,0,0,0,0,0,0.0002133,0,0,0,0,0,0,0,0,0,0,0,0,0,0,0,0,0,0,0,0,0,0,0,0,0,0,0,0,0,0,0,0,0,0,0,0,0,0.0025866
0,0,0,0,0,0,0,0,0.020923,0,0,0,0,0,0,0,0,0,0,0,0,0,0,0,0,0,0,0,0,0,0,0,0,0,0,0,0,0,0,0,0,0,0,0,0,0,0
0,0,0,0,0,0,0,0,0.089862,0,0,0,0,0,0,0,0,0,0,0,0.0039234,0,0,0,0,0,0,0,0,0,0,5.6526e-05,0,9.1718e-07,0,0,0,0,3.6465e-05,0,0,0,0,0,0,0,0
0,0,0,0,0,0,0,0,0,0.0017583,0,0,0.12416,0,0,0.025576,0.0025623,0.14871,0.067748,0,0,0,0,0,0,0,0,0,0,0,0,0.00067215,0,4.555e-05,0,0,0,0,0.0032081,0,0,0,0,0,0,0,0
0,5.8717e-05,0,0,0,0.27562,0,0,0,0.17138,0,0,0.01978,0,0,0.042037,0.025612,0.21002,0.08957,0,0,0,0,7.8869e-06,0,0,0,0,0,0.033586,0,0.0030147,0,0.00012883,0,0,0,0,0.1545,0,0,0,0,0,0,0.15342,0
0,0.00018138,9.2737e-05,0,0,0.075265,0,0,0,0,0.00039345,0,0.10864,0,0,0,0,0,0,0,0,0,0,0.0001583,0,2.175e-05,0,0,0,0.041798,0,0.014356,0,0,0,0,1.3706e-05,0,0.093455,0,0,0,0.12565,0.1231,0,0,0
0.056222,0.0026305,0.0016337,0,0,0,0,0,0,0,0.19394,0,0.12943,0,0.21131,0,0.22072,0,0,0,0,6.5925e-06,0,0.00070021,0,0.00044221,0,0,0,0,0,0.039169,0,0,0.0010851,0,0.00033319,0,0,0,0,0,0.039136,0.077131,0.012554,0.076994,0
0.024832,0.0034841,0.015565,0,0.10113,0,0.00032991,0,0,0,0.17021,0,0,0,0.1749,0,0.068582,0,0,0,0.030339,0.1993,0.016555,0.0031663,0,0.0037538,0,0,0.0035503,0,0,0.061415,0,0.27318,0.23516,0,0.0017997,0,0,0,0,0,0,0.17012,0.020778,0.22764,0
0,0.0013093,0.32425,0,0.11838,0,0.15603,0.099502,0,0,0,0,0,0,0,0,0,0,0,0.060636,0.15433,0.40451,0.23608,0.034704,0,0.83219,0,0,0.12817,0,0,0.3058,0,0.2141,0.67504,0,0.013367,0.33329,0,0.010626,0,0,0,0,0.014996,0,0
0,0.25469,0.28501,0,0,0,0.40637,0.85766,0,0,0,0.03865,0,0,0,0,0,0,0,0.20793,0.6565,0,0.59229,0.96054,0,0.16359,0,0,0,0,0.29718,0.57552,0.29598,0.0054492,0,0,0.7156,0,0,0.45259,0.47745,0,0,0,0.90875,0,0
0,0,0,0,0,0,0,0,1.4877e-05,0,0,0,0,0,0,0,0,0,0,0,0,0,0,0,0,0,0,0,0,0,0,0,0,0,0,0,0,0,0,0,0,0,0,0,0,0,0.0018132
0,0,0,0,0,0,0,0,0.058577,0,0,0,0,0,0,0,0,0,0,0,0,0,0,0,0,0,0,0,0,0,0,0,0,0,0,0,0,0,0,0,0,0,0,0,0,0,0
0,0,0,0,0,0,0,0,0.012914,0,0,0,0,0,0,0,0,0,0,0,0.0029321,0,0,0,0,0,0,0,0,0,0,0,0,0,0,0,0,0,0,0,0,0,0,0,0,0,0
0,0,0,0,0,0,0,0,0,0.039188,0,0,0.04325,0,0,0.03953,0.015635,0.17836,0.035401,0,0,0,0,0,0,0,0,0,0,0,0,0,0,0,0,0,0,0,0,0,0,0,0,0,0,0,0
0,3.4468e-05,0,0,0,0.085924,0,0,0,0,0,0,0,0,0,0,0.00315,0,0,0,0,0,0,0,0,0,0,0,0,0.059767,9.1131e-06,0,5.6653e-06,0.00021881,0,0,0,0,0.07342,1.4287e-05,0,0,0,0,0,0,0
0.014104,0.00016587,0,0,0,0,0,0,0,0,0.0063521,0,0,0,0,0,0,0,0,0,0,0,0,0,0,0,0,0,0,0,9.8254e-05,0,7.6334e-05,0.0012329,0,3.8078e-07,0,0,0.0057222,0.00032217,0,0,0.10188,0.10909,0,0,0
0.043926,0.0065383,0,0,0.0044709,0,0,0,0,0,0.07967,0,0,0,0,0,0.042251,0,0,0,0,0,0,0,0,0,0,0,0,0,0.00057678,0,0.00054873,0.061144,0,3.0962e-05,0,0,0,0.015118,0,0,0,0,0.042892,0,0
0,0.0070534,0,0,0.17016,0,0,0,0,0,0,0,0,0,0,0,0,0,0,0,0,0.38728,0.15428,0,0,0,0,0,0,0,0.0029969,0,0.0010564,0.43909,0,0.0054732,0,0,0,0.11718,0,0,0,0,0,0,0
0,0.42054,0.36697,0,0,0,0.43152,0,0,0,0,0,0,0,0,0,0,0,0,0,0,0,0,0,0,0,0,0,0,0,0.04682,0,0.44004,0,0,0.01664,0,0,0,0.23403,0.0036325,0,0,0,0,0,0
0,0.30331,0,0,0,0,0,0,0,0,0,0,0,0,0,0,0,0,0,0,0,0,0,0,0,0,0,0,0,0,0.65231,0,0.26229,0,0,0.97785,0.26888,0,0,0.17012,0.51892,0,0,0,0,0,0
0,0,0,0,0,0,0,0,0,0,0,0,0,0,0,0,0,0,0,0,0,0,0,0,0,0,0,0,0,0,1.5724e-05,0,0,0,0,6.4205e-06,0,0,0,0,0,0,0,0,0,0,0
0,0,0,0,0,0,0,0,0,0,0,0,0,2.8723e-05,0,0,0,0,0,0,0,0,0,0,0,0,0,0,0,0,1.8719e-06,0,0,0,0,3.8078e-07,0,0,0,0,0,0,0,0,0,0,0
0,0,0,0,0,0,0,0,0,0,0,0,0,0,0,0,0,0,0,0,0,0,0,0,0,0,0,0,0,0,0,0,0,0,0,0,0,0,0,0,0,0,0,0,0,0,0
0,0,0,0,0,0,0,0,0,0,0,0,0,0,0,0,0,0,0,0,0,0,0,0,0,0,0.0019827,0,0,0,0,0,0,0,0,0,0,0,0,0,0,0,0,0,0,0,0
0,0,0,0,0,0,0,0,0,0,0,0,0,0,0,0,0,0,0,0,0,0,0,0,0,0,0,0,0,0,0,0,0,0,0,0,0,0,0,0,0,0,0,0,0,0,0
0,0,0,1.1485e-05,0,0,0,0,0,0,0,0.00010687,0,0,0,0,0,0,0,0,0,0,0,0,0,0,0,0,0,0,0,0,0,0,0,0,0,0,0,0,0,0,0,0,0,0,0
0,0,0,4.7348e-06,0,0,0,0,0,0,0,0,0,0,0,0,0,0,0,0,0,0,0,0,0,0,0,8.9613e-05,6.7309e-05,0,0,0,0,0,0,0,0,0,0,0,0,0,0,0,0,0,0
0,0,0,0,0,0,0,0,0,0,0,0,0,0,1.3427e-05,0,0,0,0,0,0,0,0,0,0,0,0,0,0,0,0,0,0,0,0,0,0,0,0,0,0,2.6091e-06,0,0,0,0,0
0,0,0,0,0,0,0,0,0,3.7828e-07,0,0,0,0,0,0,0,0,0,0,0,0,0,0,0,0,0,0,0,0,0,0,0,0,0,0,0,0,0,0,0,2.478e-06,0,0,0,0,0
0,0,0,0,0,0,0,0,0,0,0,0,0,0,0,0,0,0,0,0,0,0,0,0,0,0,0,0,0,0,0,0,0,0,0,0,0,0,0,0,0,0,0,0,0,0,0
0,0,0,0,0,0,0,0,0,0,0,0,0,0,0,0,0,0,0,0,0,0,0,0,0,0,0,0,0,0,1.2458e-05,0,0,0,0,2.2829e-06,0,0,0,0,0,0,0,0,0,0,0
0,0,0,0,0,0,0,0,0,0,0,0,0,1.7974e-06,0,0,0,0,0,0,0,0,0,0,0,0,0,0,0,0,0,0,0,0,0,0,0,0,0,0,0,0,0,0,0,0,0
0,0,0,0,0,0,0,0,0,0,0,0,0,1.9248e-06,0,0,0,0,0,0,0,0,0,0,0,0,0,0,0,0,0,0,0,0,0,0,0,0,0,0,0,0,0,0,0,0,0
0,0,0,0,0,0,0,0,0,0,0,0,0,0,0,0,0,0,0,0,0,0,0,0,0,0,0.0015644,5.283e-05,0,0,0,0,0,0,0,0,0,0,0,0,0,0,0,0,0,0,0
0,0,0,0,0,0,0,0,0,0,0,0,0,0,0,0,0,0,0,0,0,0,0,0,0,0,0.00075925,0,0,0,0,0,0,0,0,0,0,0,0,0,0,0,0,0,0,0,0
7.9458e-07,0,0,0,0,0,0,0,0,0,0,6.4312e-06,0,0,0,0,0,0,0,0.00026123,0,0,0,0,0,0,0,0,0,0.00016132,0,0,0,0,0,0,0,0,0,0,0,0,0,0,0,0,0
0,0,0,0,0,0,0,0,0,0,0,1.4873e-05,0,0,0,0,0,0,0,2.8991e-05,0,0,0,0,0,0,0,0.00010037,0,0,0,0,0,0,0,0,0,0,0,0,0,0,0,0,0,0,0
0,0,0,0,0,0,0,0,0,1.8725e-06,0,0,0,0,0,0,0,0,0,2.8458e-05,0,0,0,0,0,0,0,1.8049e-05,0,0,0,0,0,0,0,0,0,0,0,0,0,0,0,0,0,0,0
0,0,0,0,0,0,0,0,0,0,0,0,0,0,0,0,0,0,0,1.2085e-06,0,0,0,0,0,0,0,0,0,0,0,0,0,0,0,0,0,0,0,0,0,0,0,0,0,0,0
0,0,0,0,0,0,0,0,0,0,0,0,0,0,0,0,0,0,0,0,0,0,0,0,0,0,0,0,0,0,0,0,0,0,0,0,0,0,0,0,0,0,0,0,0,0,0
0,0,0,0,0,0,0,0,0,0,0,0,0,0,0,0,0,0,0,0,0,0,0,0,0,0,0,0,0,0,6.108e-06,0,0,0,0,0,0,0,0,0,0,0,0,0,0,0,0
0,0,0,0,0,0,0,0,0,0,0,0,0,0,0,0,0,0,0,0,0,0,0,0,0,0,0,0,0,0,0,0,0,0,0,0,0,0,0,0,0,0,0,0,0,0,0
0,0,0,0,0,0,0,0,0,0,0,0,0,0,0,0,0,0,0,0,0,0,0,0,0,0,0,0,0,0,0,0,0,0,0,0,0,0,0,0,0,0,0,0,0,0,0
0,0,0,0,0,0,0,0,0,0,0,0,0,0,0,0,0,0,0,0,0,0,0,0,0,0,0,0.00036021,0,0,0,0,0,0,0,0,0,0,0,0,0,0,0,0,0,0,4.3892e-05
0,0,0,0,0,0,3.7828e-06,0,0,0,0,0,0,0,0,0,0,0,0,0,0,0,0,0,0,0,0.00038617,0.0026334,0,0,0,0,0,0,3.2023e-07,0,0,0,0,0,0,0,0,0,0,0,9.5695e-05
0,0,0,0,1.3517e-05,0,1.105e-06,0,0,0,0,0,0,0,0,0,0,0,0,0,0,0,0,0,0,0,1.2647e-06,0.00080083,0,1.1696e-05,0,0,0,0,0,0,0,0,0,0,0,0,0,0,0,0,1.419e-05
0,5.691e-06,0,0,5.1028e-05,0,0,0,0,3.8153e-07,0,0,0,0,0,0,5.0897e-06,0,0,5.5551e-05,0,0,0,0,0,0,0,0,0,9.2858e-07,0,0,0,0,0,0,0,0,0,0,0,0,0,0,0,0,0
0,1.2912e-06,0,0,1.2029e-05,0,0,0,0,0,8.2313e-06,0,0,0,0,0,0,0,0,4.3019e-05,0,0,0,0,0,0,0,1.0226e-05,0,0,0,0,0,0,0,0,0,0,0,0,0,0,0,0,0,0,0
0,0,0,0,0,0,0,0,0,0,3.6674e-06,0,0,0,0,0,0,0,0,2.0716e-05,0,0,0,0,0,0,0,7.479e-06,0,0,0,0,0,0,2.4843e-05,0,0,0,0,0,0,0,0,0,0,0,0
0,0,0,0,0,0,0,0,0,0,0,0,0,0,0,0,0,0,0,0,0,0,0,0,0,0,0,3.2868e-06,0,0,4.4667e-07,0,0,0,0.00025947,0,0,0,0,0,0,0,0,0,0,0,0
0,0,0,0,0,0,0,0,0,0,0,0,0,0,0,0,0,0,0,0,0,0,0,0,0,0,0,0,0,0,4.869e-06,0,0,0,0,1.6105e-05,0,0,0,0,0,0,0,0,0,0,0
0,0,0,0,0,0,0,0,0,0,0,0,7.4502e-05,0,0,0,0,0,0,0,0,0,0,0,0,0,0,0,0,0,0,0,0,0,0,0,0,0,0,0,0,0,0,0,0,0,0
0,0,0,0,0,0,0,0,0,0,0,0,0,4.5876e-05,0,0,0,0,0,0,0,2.0572e-06,0,0,0,0,0,0,0,0,0,0,0,0,0,0,0,0,0,0,0,0,0,0,0,0,0
0,0,0,0,0,0,0,0,0,0,0,0,0,1.2664e-05,0,0,0,0,0,0,0,4.1881e-05,0,0,0,0,0,0,0,0,0,0,0,0,6.9034e-05,0,0,0,0,0,0,0,0,0,0,0,0
0,0,0,0,0,0,0.00032999,0,0,2.6237e-06,0,0,0,0,0,0,0,0,0,0,0,0,0,0,0,0,0,0,0,0,0,0,0,0,7.6159e-06,0,0,0,0,0,0,0,0,0,0,0,0
0,0,0,0,0,0,2.799e-06,0,0,9.135e-05,0.00068824,0,0,0,0,0,1.2582e-05,0,6.4805e-07,0,0,0,0,0,0,0,0,0.0012612,0,0,0,0,0,0,0,0,0,0,0,0,0,7.1227e-05,0,0,0,0,2.6615e-05
0,0,0,0,0,0,0,0,0,4.9289e-06,0.00057848,0,0,0,0,0,0,0,0,7.3659e-05,0,0,0,0,0,0,0,0.0014659,0,0,0,0,0,0,0,0,0,0,0,0,0,1.1651e-05,0,0,0,0,0
0,0,0,0,0,0,0,0,0,0,9.234e-06,0,0,0,0,0,0,0,0,5.1856e-05,0,0,0,0,0,0,0,0.0011431,0,0,0,0,0,0,0,0,0,0.00023567,0,0,0,0,0,0,0,0,0
0,0,0,0,0,0,0,0,0,0,0,0,0,0,0,0,0,0,0,0,0,0,0,0,0,0,2.3456e-05,0.00045911,0,0,0,0,0,0,0,0,0,0.00033909,0,0,0,0,0,0,0,0,0
0,0,0,0,0,0,0,0,0,0,0,0,0,0,0,0,0,0,0,0,0,0,0,0,0,0,5.5109e-06,0,0,0,0,0,0,0,0,0,0,2.367e-05,0,0,0,0,0,0,0,0,0
0,0,0,0,0,0,0,0,0,0,0,0,0,0,0,0,0,0,0,0,0,0,0,0,0,0,0,0,0,0,2.2999e-06,0,0,0,0,6.1541e-06,0,0,0,0,0,0,0,0,0,0,0
0,0,0,0,0,0,0,0,0,0,0,0,0.00052196,0,0,0,0,0,0,0,0,0,0,0,0,0,0,0,0,0,0,0,0,0,0,0,0,0,0,0,0,0,0,0,0,0,0
0,0,0,0,0,0,0,0,0,0,0.00082406,0,0.0010575,0,0,0,0,0,0,0,0,0.00021073,0,0,0,0,0,0,0,0,0,0,0,0,0,0,1.8267e-06,0,1.0258e-05,0,0,0,0,0,0,0,0
0,0,0,0,0,0,0.0004641,0,0,0,0.00088657,0,0.00094513,0,0,0,0,0,0,0,0,0.00029661,0,0,0,0,0,0,0,0,0,0,0,0,0.00068755,0,0,0,3.3229e-06,0,0,0,1.0552e-06,0,0,0,0
0,0,0,0,0,0,0.00088378,0,4.9366e-05,0.00038771,0.015381,0,0.00058332,0,0,0,3.6847e-05,0,0,0,0,0,0,0,0,0,0,0,0,0,0,0,0,0,0,0,0,1.475e-06,1.8593e-05,0,0,0,4.5417e-06,0,0,0,0
2.2198e-06,0,0,0,0,0,0,0,0,0.00092097,0.0058948,0,0,0,0,0,0.00036265,0,0.00014389,0.00012941,0,0,0,0,0,0,0,0,0,0,0,0,0,0,0,0,0,3.4292e-06,0,0,0,0.00096964,0,0,0,0,0
6.2771e-06,0,0,0,0,0,0,1.1132e-05,0,0,0,0,0,0,0,6.1216e-06,0,0,0,0.00031046,0,0,0,0,0,0,0,0.00010313,0.00023375,0,0,0,0,0,0,0,0,0,0,0,0,0,0,0,0,0,0.00014359
1.9037e-06,0,0,0,0,0,0,3.2026e-06,0,0,0,3.4147e-05,0,0,0.00011498,0,0,0,0,0,0,0,0,0,0,0,0.00014994,0.0012968,0,8.871e-07,0,0,0,0,0,0,0,0,0,0,0,0,0,0,0,0,0
2.0132e-06,0,0,0,0,0,0,0,0,0,0,0,0,0,0,0,0,0,0,0,0,0,0,0,0,0,0,0,0,0,0,0,0,0,0,0,0,5.1053e-05,1.1701e-05,0,0,0,0,0,0,0,0
0,0,0,0,0,0,0,0,0,0,0,0,0,0,0,0,0,0,0,0,0,0,0,0,0,0,0,0,0,0,0,0,0,0,0,0,0,3.7846e-05,0,0,0,0,0,0,0,0,0
0,0,0,0,0,0,0,0,0,0,0,0,0,0,0,0,0,0,0,0,0,0,0,0,0,0,0,0,0,0,5.7826e-06,0,0,0,0,3.9595e-05,0,0,0,0,0,0,0,0,0,0,0
0,9.3239e-07,0,0,0,0,0,0,0,0,0.12668,0,0.00031181,0,0,0,0,0,0,0,0,0,0,0,0,0,0,0,0,0,0,3.31e-06,0,0,0,0,0,0,0,0,0,0,0,0,0,0,0
0,5.0053e-05,0,0,0,0,0,0,0,0,0.31934,0,0.0053291,0,0,0,0,0,0,0,0,0.00039765,0,0,0,0,0,0,0,0,0,0,0,0,0,0,9.4471e-05,0,9.4517e-05,0,0,0,0,0,0,0,0
0,9.0968e-06,0,0,0,2.1871e-07,0.0021988,0,0,0,0.31802,0,0.10826,0,0,0,0,0,0,0,0,0.00068787,0,0,0,0,0,0,0,0,0,0,0,0,0.0037995,0,1.4726e-05,0,2.7306e-05,0,0.047898,0,1.4963e-06,6.6641e-07,0,0,0
0,0,0,0,0,1.6044e-06,0.0088375,0,0.0003579,0.0017897,0.11452,0,0.049376,0,0,0,4.0533e-05,0,5.2354e-07,0,0,0,0,0,0,0,0,0,0,0,0,0,0,0,0,0,0,0.00089362,0.00043779,0,0,0.0011216,0.00010425,1.0427e-05,0,2.6646e-06,0
0.000141,0,0,0,0,0,0,0,0,0.010355,0,0,0,0,0,0,0.0019961,0,0.003612,0.0007846,0,0,0,0,4.1301e-07,0,0,0,0,0,0,0,0,0,0,0,0,3.1759e-05,0,0,0,0.25612,0,0,0,0,0
0.00087298,0,0,0.00014459,1.9448e-05,0,0,0.00017321,0,0,0,0,0,0,0,9.22e-05,0,0,0,0.008355,0,0,0,0,5.962e-05,0,0,0.00011495,0.0039983,0,0,0,0,0,0,0,0,0,0,0,0,0.026043,0,0,4.8214e-06,0,0.00080901
0.0015123,0,0,9.8096e-05,0,0,0,0.00045335,0,0,0,0.0025065,0,0,0.0044888,0.00033867,0,0,0,0,0,0,0,0,0,0,0.0079339,0.017772,0,0.01269,0,0,0,0,0,0,0,0,3.8468e-06,0,0,0,0,0,0,0,0.00016362
0.0036925,0,0,0,0,0,0,0,0,0,0,6.0227e-05,0,0,0.0061061,0,0,0,0,0,0,0,0,0,0,0,0.00071911,0,0,0,0,0,0,0,0,0,0,0,0.0025069,0,0,0,0,0,0,0,0
0,0,0,0,0,0,0,0,0,0,0,0,0,0,0,0,0,0,0,0,0,0,0,0,0,0,0,0,0,0,0,0,0,0,0,0,0,0,0,0,0,0,0,0,0,0,0
0,0,0,0,0,0,0,0,0,0,0.023493,0,0,0,0,0,0,0,0,0,0,0,0,0,0,0,0,0,0,0,6.0957e-06,0,0,0,0,0.0001047,0,0,0,0,0,0,0,0,0,0,0
0,2.1547e-05,0,0,0,0,0,0,0,0,0.052106,0,0.05758,0,0,0,0,0,0,0,0,0,0,0,0,0,0,0,0,0,0,5.1753e-05,0,0,0,0,0,0,0,0,0.018339,0,0,0,0,0,0
0,3.8297e-06,0,0,0,0,0,0,0,0,0,0,0.13415,0,0,0,0.0024076,3.26e-07,0,0,0,0.15784,0,1.2342e-06,0,0,0,0,0,0,0,7.0389e-05,0,0,0,0,0.00049231,0,0.00015441,0,0.38945,0,0,0,0,0,0
0,0.00014455,0,0,0,1.2103e-06,0.15818,0,0,0.13938,0,0,0.013813,0,0,0,0.018628,0,0,0,0,0.30717,0,0,0,0,0,0,0,0,0,0,0,0,0.0085308,0,0.00079478,0,0.00032654,0,0.32411,0,0,0,0,0,0.0092549
0,0,6.4906e-06,0,0,3.5648e-05,0.23236,0,0.0014568,0.33438,0,0,0.14019,0,0,0,0.019618,0,0.11844,0,0,0,0,0,0,2.3989e-05,0,0,0,0,0,0,0,0,0.37471,0,0,0.0010965,0.0033298,0,0,0,0.0023735,0.00035678,0,1.8595e-05,0.0075215
0.00018131,0,7.7881e-07,0,0,2.3088e-05,0,0,0.0019142,0.18142,0,0,0.057735,3.119e-05,0,0,0.014857,0,0.26395,0,0,0,1.323e-06,0,0,4.5885e-05,0,0,0,0,0,0,0,0,0.12116,0,0,0.0014998,0.0041347,0,0,0.68262,0.0051124,0.00032798,7.0587e-05,0.00045601,0.0028025
0.0017627,0,0,1.7805e-05,0.0002285,0,0,0,0,0,0,0,0,0.00058343,0,0,0.22118,0,0.064442,0.47887,0,0,0.00022509,0,0.00033701,0,0,0.024149,0.050515,0,0,0,0,0,0,0,0,0.0025364,0.031073,0,0,0.033037,0.00065294,0,0.005916,0,0.00078921
0.0042873,0,0,0.0055464,0.0011369,0,0,0.0052015,0,0,0,0.0017697,0,4.3316e-05,0.099358,0.012825,0.10931,0,0,0.51098,0,0,3.875e-05,0,0.0011326,0,0.0042553,0.38043,0.34797,0.035838,0,0,0,0,0,0,0,0,0.078441,0,0,0,0,0,0.0012531,0,0.01947
0.12602,0,0,0.0068937,0,0,0,0.012027,0,0,0,0.10456,0,0,0.24356,0.20427,0.0858,0,0,0,0,0,0,0,0,0,0.16359,0.42863,0.18378,0.19859,0,0,0,0,0,0,0,0,0.072844,0,0,0,0,0,0,0,0.012836
0.24368,0,0,0,0,0,0,0,0,0,0,0.564,0,0,0.091831,0.00097015,0,0,0,0,0,0,0,0,0,0,0.22776,0.1391,0.095756,0,0,0,0,0,0,0,0,0,0.098829,0,0,0,0,0,0,0,0
0,0,0,0,0,0,0,0,0,0,0.01614,0,0,0,0,0,0,0,0,0,0,0,0,0,0,0,0,0,0,0,1.3373e-05,0,0,0,0,0.00019532,0,0,0,0,0,0,0,0,0,0,0
0,1.6698e-05,0,0,0,0,0,0,0,0,0,0,0.058733,0,0,0,1.301e-05,0,0,0,0,0.078565,0,0,0,0,0,0,0,0,0,0,0,0,0,0,0,0,0,0,0.14798,0,0,0,0,0,0
0,9.4035e-06,0,0,0,0,0.23965,0,0,0.064898,0,0,0,0,0,0,0.019144,2.5388e-05,0,0,0,0.26404,0,4.5812e-06,0,0,0,0,0,0,0,0.00044003,0,0,0,0,0,0,0,0,0.011084,0,0,0,0,0,0.010207
0,0.00031943,0,0,0,0,0.18903,0,3.0872e-06,0.19469,0,0,0.14003,0,0,0,0.0015963,2.6787e-05,0.14125,0,3.0802e-06,0,0,2.2692e-05,0,0,0,0,0,0,0,0.0021189,0,0,0.32202,0.15607,0.012963,0,0.0027995,0,0,0,0,0,0,0,0.0044536
0,0.004539,1.7178e-05,0,0,2.5936e-05,0,0,0.0071041,0,0,0,0.073972,0,0,0,0.035347,0,0.27462,0,1.845e-06,0,0,0,0,0,0,0,0,0,0.27371,0.0072001,0,0,0.16873,0.20449,0.58302,0,0.028211,0,0,0,0.053078,7.0144e-06,0.017929,0,0
0,0.00016426,0.00016253,0,0,0.00034721,0,0,0.0084415,0,0,0,0,0,0.11336,0.015686,0.13716,0,0.022182,0,2.5359e-05,0,0,0,0,0.00031997,0,0,0,0.019307,0.14266,0.029229,0,0,0,0,0.018961,0,0.10227,0,0,0,0.45314,0.17501,0.015959,0.00040255,0
0.013236,0,0.00012238,0,0,0.00029543,0,0,0.10219,0,0,0,0,0.063733,0.21249,0.05971,0.12861,0.11432,0,0,0.0010015,0,1.0902e-05,0,0,0.0018736,0,0,0.069798,0.06138,0,0.033589,0,0,0,0,0,0.004677,0.24687,0,0,0,0.28104,0.47492,0.00021816,0.13965,0
0.33738,0.050576,0,0,0.0018358,6.3767e-05,0,0,0.36904,0,0,0,0,0.021528,0.12095,0.042162,0,0.030466,0,0,0.0041584,0,0.0076914,0,0.0018792,0.0064389,0,0,0.11582,0.055798,0,0.041246,0.020112,0,0,0,0,0.018688,0,0,0,0,0,0.056168,0.0048996,0.02101,0.0032815
0.14664,0.051107,0,0.039941,0.052872,0.00010935,0,0.46707,0,0,0,0.1922,0,0.14462,0,0.010055,0,0,0,0,0,0,0.18736,0.011123,0.013605,0.82765,0,0,0.13207,0.058664,0,0.11307,0,0,0,0,0,0.074732,0,0,0,0,0,0,0.5938,0.022543,0.16373
0,0,0.030543,0.94734,0.5759,0.15294,0,0.51506,0,0,0,0.13474,0,0.76937,0,0.52626,0,0,0,0,0,0,0.55256,0.19493,0.98299,0.00031854,0.59087,0,0,0.41524,0,0.062652,0,0,0,0,0,0.51898,0,0,0,0,0,0,0.32435,0,0.75069
0,0,0,0,0,0,0,0,0,0,0.0039909,0,0,0,0,0,0,0,0,0,0,0,0,0,0,0,0,0,0,0,3.7178e-05,0,0,0,0,0.0014042,0,0,0,0,0,0,0,0,0,0,0
0,0,0,0,0,0,0,0,0,0,0,0,0.021851,0,0,0,0.007719,0,0,0,0,0.15747,0,1.0014e-06,0,0,0,0,0,0,0,0,4.8311e-07,0,0,0,0,0,0,0,0.049194,0,0,0,0,0,0.00050642
0,0.0001524,0,0,0,0,0.13573,0,0,0.051214,0,0,0.072237,0,0,0,0.0044963,0,0.022912,0,0,0,0,6.8975e-06,0,0,0,0,0,0,0,0,0,0,0,0,0,0,0,0,0,0,0,0,0,0,0.0054923
0,0.0047162,0,0,0,0,0,0,0.0055722,0,0,0,0.057143,0,0,0,0,0.00023113,0.063591,0,0.0030521,0,0,2.7313e-05,0,0,0,0,0,0,0.16819,0,0,0,0,0.4997,0.13638,0,0,0,0,0,0.016983,0,0.015898,0,0
0,0.0014096,0,0,0,0,0,0,4.7726e-05,0,0,0,0,0,0,0.016472,0.18374,0.0017534,0,0,0,0,0,0.00031887,0,0,0,0,0,0.015912,0.20555,0,0,0,0,0,0.24727,0,0.26354,0,0,0,0.11346,0.049116,0.019699,0,0
0.018176,0.010537,5.1199e-06,0,0,0,0,0,0.075018,0,0,0,0,0,0.10772,0.062521,0,0.27823,0,0,0,0,0,0.0011629,0,0,0,0,0,0.062681,0,0,0.00813,0,0,0,0,0,0.06407,0,0,0,0,0.11417,0,0.12887,0
0.049089,0.35753,0.00040683,0,0,4.8297e-05,0,0,0.16235,0,0,0,0,0,0,0,0,0.26526,0,0,0.00013496,0,0.03745,0.0024331,0,0,0,0,0,0,0,0,0.44141,0,0,0,0,0,0,0,0,0,0,0.036432,0,0.049024,0
0,0.24429,0.012158,0,0.11574,0.010803,0,0,0.074925,0,0,0,0,0,0,0,0,0.023166,0,0,0.017094,0,0.099611,0.14315,0,0,0,0,0,0,0,0.038028,0.12961,0,0,0,0,0,0,0.00097607,0,0,0,0,0,0.025826,0
0,0,0.37264,0,0.089998,0.46482,0,0,0,0,0,0,0,0,0,0,0,0,0,0,0.14682,0,0,0.36865,0,0.0088439,0,0,0,0,0,0.19891,0,0,0,0,0,0.37079,0,0.081444,0,0,0,0,0,0.59536,0
0,0,0.30258,0,0,0.14001,0,0,0,0,0,0,0,0,0,0,0,0,0,0,0.82267,0,0.014727,0.059274,0,0.15449,0,0,0,0,0,0.4734,0,0.37488,0,0,0,0.0053825,0,0.61471,0,0,0,0,0,0,0
0,0,0,0,0,0,0,0,0,0,0.0014352,0,0.0061157,0,0,0,0,0,0,0,0,0,0,0,0,0,0,0,0,0,0.00018475,0,0,0,0,0.0024221,0,0,0,0,0,0,0,0,0,0,0
0,0,0,0,0,0,0,0,0,0,0,0,0,0,0,0,0.0079163,0,0,0,0,0.033286,0,0,0,0,0,0,0,0,0.0014868,0,7.079e-06,0,0,0.012402,0,0,0,0,0.011947,0,0,0,0,0,0.0039451
0,0,0,0,0,0,0.032333,0,0,0.020455,0,0,0,0,0,0,0,0,0.024858,0,0,0,0,1.3946e-05,0,0,0,0,0,0,0.0075848,0,8.9344e-05,0,0,0.0086515,0,0,0,0,0,0,0,0,0,0,0.0037238
0,0.00018932,0,0,0,0,0,0,0.0066084,0,0,0,0,0,0,0,0,0,0,0,0.0050359,0,0,7.9607e-05,0,0,0,0,0,0,0.20054,0,0.00065993,4.7976e-06,0,0.1145,0,0,0,2.0548e-06,0,0,0.074045,0,0,0,0
0,0.0019268,0,0,0,0,0,0,0,0,0,0,0,0,0,0.048634,0,0,0,0,0,0,0,0.00035655,0,0,0,0,0,0.06372,0,0,0.00093027,5.4751e-05,0,0,0,0,0,4.0857e-05,0,0,0,0.093483,0,0,0
0.053318,0.043941,0,0,0,0,0,0,0.18492,0,0,0,0,0,0,0,0,0.28652,0,0,0,0,0,0.00086202,0,0,0,0,0,0,0,0,0.32852,0.00033456,0,0,0,0,0,0.00047781,0,0,0,0,0,0.016846,0
0,0.22834,0,0,0.035257,0,0,0,0,0,0,0,0,0,0,0,0,0,0,0,0,0,0.10032,0.0084583,0,0,0,0,0,0,0,0,0.070534,0.0011586,0,0,0,0,0,0.030071,0,0,0,0,0,0,0
0,0,0.0061533,0,0.12694,0.19183,0,0,0,0,0,0,0,0,0,0,0,0,0,0,0,0,0,0.20912,0,0,0,0,0,0,0,0,0,0.00081147,0,0,0,0,0,0.11234,0,0,0,0,0,0,0
0,0,0.27521,0,0,0.038636,0,0,0,0,0,0,0,0,0,0,0,0,0,0,0,0,0,0,0,0,0,0,0,0,0,0,0,0.53763,0,0,0,0,0,0.15994,0,0,0,0,0,0,0
0,0,0,0,0,0,0,0,0,0,0,0,0,0,0,0,0,0,0,0,0,0,0,0,0,0,0,0,0,0,0,0,0,0.085121,0,0,0,0,0,0,0,0,0,0,0,0,0
