0.21768,0.32243,0.33883,0.047874,0.31935,0.26965,0.21406,0.39325,0.24862,0.34833,0.27712,0.10276,0.35866,0.19963,0.026396,0.029726,0.3487,0.11214,0.37502,0.089479,0.18002,0.070802,0.024523,0.024136,0.01548,0.016074,0.23879,0.083361,0.14233,0.23211,0.040714,0.040031,0.18553,0.27987,0.21447,0.095268,0.057257,0.046638,0.25209,0.019326,0.18068,0.053066,0.067798,0.070763,0.042223,0.034977,0.026499
0.018831,3.3973e-05,0,0.10791,0,0,0.012616,0.010394,0.036785,0.0082425,0.16377,0.027707,0.033982,0.033161,0.041487,0.030193,0.00052145,0.096379,0.0099229,0.066679,0.015001,0.040215,0.049851,0.024827,0.045477,0.034677,0.07274,0.040276,0.011474,0.032606,0.12992,0.020639,0.028571,0.0062299,0.02366,0.10193,0.042553,0.056311,0.063717,0.038687,0.014429,0.059436,0.045837,0.046897,0.049873,0.053212,0.055592
0.02858,0.013479,0.0020277,0.019662,0,0,0.0048912,0.010736,0.0048374,0.020519,0.026574,0.062957,0.0064483,0.013249,0.056856,0.054925,0.012684,0.01562,0.021654,0.02289,0.037498,0.08655,0.048483,0.095359,0.050797,0.056458,0.087723,0.054856,0.0091043,0.026296,0.046155,0.048207,0.086993,0.012401,0.022449,0.055276,0.049663,0.059029,0.029112,0.046189,0.11829,0.04441,0.052393,0.057486,0.078948,0.074448,0.041804
0.011381,0.00067689,0,0.048076,0,0,0.043388,0.024007,0.0053032,0.010295,0.0090018,0.041328,0.033394,0.063171,0.079101,0.095507,0.0026887,0.094686,0.0083212,0.050247,0.020942,0.054735,0.079348,0.062724,0.081643,0.074631,0,0.01314,0.21921,0.024215,0.032935,0.084645,0.0099418,0.0026941,0.016551,0.050406,0.041752,0.081071,0,0.078856,0.045144,0.068567,0.085866,0.077413,0.070538,0.093664,0.084053
0.055621,0.010123,0,0.07162,0.0085402,0,0.0268,0.044936,0.041634,0.02222,0.063198,0.060257,0.010498,0.14941,0.082605,0.083385,0.0057849,0.017187,0.0083741,0.052068,0.093009,0.048571,0.090778,0.12626,0.083988,0.086548,0,0.11876,0.010501,0.035214,0.092451,0.10356,0.028635,0.0069299,0.019293,0.035187,0.029093,0.077147,0,0.092708,0.0801,0.037713,0.063804,0.053477,0.065177,0.06101,0.058658
0.030933,0.011063,0,0.068017,0.010552,0,0.019034,0.017061,0.020294,0.010664,0.051021,0.061468,0.017357,0.035907,0.10941,0.0997,0.0089291,0.019292,0.0046734,0.097694,0.052943,0.062906,0.096688,0.086858,0.10586,0.10897,0,0.10055,0.010094,0.027597,0.11245,0.11426,0.015268,0.0081865,0.018994,0.079681,0.068534,0.093357,0,0.14179,0.031055,0.046209,0.073169,0.090073,0.090315,0.10499,0.13122
0.028557,0.00061273,0,0.050425,0,0,0.031477,0.018156,0.0040485,0.022387,0.0057086,0.03765,0.039037,0.0077485,0.12674,0.14904,0.0035726,0.099629,0.016609,0.054118,0.035397,0.080275,0.12343,0.15551,0.10968,0.12458,0,0.042637,0.041841,0.026026,0.054396,0.13962,0.010064,0.011824,0.016954,0.034489,0.048837,0.089906,0,0.1434,0.045567,0.068225,0.051084,0.058051,0.064967,0.064685,0.07734
0.021476,0.014946,0.013049,0.047925,0,0,0.018267,0.0059339,0.0043305,0.0088306,0.084031,0.091677,0.0033328,0.17041,0.10149,0.11921,0.013303,0.024319,0.009693,0.11204,0.070491,0.042522,0.12893,0.11011,0.14673,0.14312,0.018697,0.041406,0.021954,0.03028,0.04938,0.12733,0.092336,0.0037526,0.024439,0.10337,0.044604,0.13115,0.039664,0.14195,0.095627,0.070891,0.12933,0.12008,0.11488,0.15172,0.17052
0.043842,0.00028096,0,0.12296,0,0,0.021768,0.0092312,0.040289,0.017582,0.091755,0.064432,0.21,0.029386,0.19128,0.20034,0.0010535,0.12118,0.019327,0.040627,0.044777,0.071471,0.15024,0.17697,0.13963,0.1639,0.074794,0.066065,0.036122,0.040963,0.21826,0.11204,0.01157,0.0028282,0.02685,0.070652,0.047828,0.10884,0.063974,0.13198,0.092203,0.067205,0.088378,0.082899,0.09416,0.088961,0.086824
0.54301,0.62633,0.646,0.4155,0.66149,0.73035,0.60767,0.46622,0.59377,0.5308,0.22782,0.44975,0.28729,0.29788,0.18449,0.13794,0.60271,0.39948,0.52632,0.41412,0.44991,0.44195,0.2077,0.13715,0.22065,0.19084,0.50708,0.43886,0.49731,0.5245,0.22329,0.20933,0.53102,0.66521,0.61631,0.37368,0.56987,0.25637,0.55096,0.16505,0.29689,0.48428,0.34216,0.34274,0.32889,0.27222,0.26738
0.00015459,7.1067e-05,0.00038997,0.0010614,0.0002141,6.3577e-05,0.00021217,0.00095031,0.000465,0.00010275,0.00016609,0.00037964,0.00010924,2.5465e-05,0.0003861,1.8261e-05,4.1067e-05,0.00022288,0.00010088,0.00053957,4.8797e-05,1.4269e-05,0.00020647,0.00011236,0.00016078,0.00011443,0.0054918,0.0011441,0.0035472,0.00094978,0.0002953,0.00013261,0.00017686,0.00011368,0.00030122,0.00023251,5.1676e-05,2.9469e-05,0.0027884,0.00011482,1.7988e-05,0.0004117,0.0011831,0.00069243,2.3863e-05,0.00062959,7.6034e-05
0.0039658,0.0014064,0.0014077,0.0072856,0.0016566,0.00027191,0.0016459,0.0042814,0.012366,0.00079825,1.7748e-06,0.0065859,0.0018293,0.00035187,0.0012518,0.00072807,0.0010967,0.0010406,0.0010825,0.0048074,1.4942e-05,3.5361e-05,0.00089028,0.00057014,0.0016108,6.305e-05,0.006588,0.0098183,0.016466,0.0096449,0.0016755,1.5942e-06,0.0030399,0.0017314,0.0054309,0.00062945,0.0015691,7.0136e-05,0.016557,9.3227e-06,7.0645e-05,0.0011576,0.0031666,0.006854,0.0016041,0.0083974,7.1598e-05
0.004195,0.0092653,0.0036107,0.016165,0.0031947,0.001862,0.0032312,0.009662,0.010797,0.0023829,6.8484e-06,0.025182,0.0050524,0.0017441,0.00085728,0.015555,0.0052422,0.0048803,0.0026185,0.013498,0.0004994,0.0012168,0.0050561,0.0010977,0.0058092,0,0.0010766,0.026066,0.024853,0.026199,0.0047925,0.00016699,0.010461,0.0033826,0.016119,0.0020306,0.016083,0.00043129,0.020981,5.1781e-05,0.0009299,0.0079414,0.0062709,0.013083,0.012021,0.017669,0.00079353
0.014068,0.014544,0.0051647,0.030225,0.011069,0.0052923,0.006869,0.016049,0.01534,0.0037728,2.8822e-05,0.035285,0.0011932,0.0012202,0.0011024,0.026796,0.013928,0.0090093,0.0032644,0.036311,0.0042616,0.0082806,0.011048,0.0019236,0.0094113,0,0.00027253,0.029171,0.042585,0.037538,0.012899,0.0019271,0.012523,0.0041448,0.090965,0.0072414,0.039999,0.0018037,0.022337,0.00082968,0.0024283,0.029865,0.013436,0.046759,0.019889,0.023514,0.0042215
0.015655,0.041787,0.0071307,0.039682,0.017242,0.01074,0.0096569,0.019361,0.022644,0.0048788,0.00022099,0.038487,0.0021129,0.00079021,0.0010486,0.026803,0.027738,0.013014,0.0038594,0.032133,0.017466,0.012659,0.017813,0.00361,0.011482,2.0135e-06,0.0011751,0.019972,0.056133,0.016406,0.019322,0.020581,0.017421,0.0044247,0,0.013354,0.054507,0.026277,0.0026157,0.0098284,0.0035921,0.042944,0.014032,0.01923,0.018348,0.027706,0.011902
0.0072469,0.029617,0.0072458,0.036196,0.028645,0.018073,0.01058,0.022511,0.026745,0.017211,0.0020448,0.0081785,0.016486,0.0029524,0,0.029104,0.033798,0.0157,0.014455,0.0095718,0.022635,0.019167,0.029136,0.0080404,0.013991,3.8856e-05,0.00044845,0.0013827,0.030161,0.0048047,0.039148,0.021471,0.027567,0.02996,0,0.016868,0.068215,0.0074754,8.9759e-05,0.0489,0.0078725,0.034288,0.017778,0.013895,0.022608,0.025384,0.0066575
0,0.02354,0.019402,0.011549,0.059516,0.023553,0.023438,0.034703,0.027113,0.023586,0.048507,0,0.014725,0,0,3.0446e-05,5.6092e-05,0.020381,0.020972,0,0.016515,0.032689,0.078727,0.015983,0.058567,0.0073515,0,0,1.9603e-05,0,0.11979,0,0.093999,0.0084678,0,0.041705,0.042007,0,0,0,0.093275,0.0093528,0.035302,0.0084664,0.048797,0.015975,0
0,0.0039688,0.0016716,0,0,0.034439,0.014779,0,0.031785,0,0,0,0.003343,0,0,0,0,0.023634,0,0,0,0.051456,0.0064528,0.11788,0,0.000209,0,0,0,0,0,0,0,0,0,0.067295,0.012254,0,0,0,0,0,0,0.00030251,0.0014559,0.0036181,0
0,4.5299e-05,0,0,0,0,0,0,0.0041357,0,0,0,0,0,0,0,0,0.20528,0,0,0,0,0,5.0944e-05,0,0,0,0,0,0,0,0,0,0,0,0,5.5732e-05,0,0,0,0,0,0,0,0,0,0
0,0,0,0,0,0,0,0,0,0,0,0,0,0,0,0,0,0,0,0,0,0,0,0,0,0,0,0,0,0,0,0,0,0,0,0,0,0,0,0,0,0,0,0,0,0,0
0.00017341,6.4629e-05,0.00068373,0.00093477,0.00031954,0.00016396,0.00023982,0.00081908,0.00093812,0.00025442,0.00040954,0.00062196,0.000202,0.00064196,0.00058395,2.3249e-05,5.7083e-05,0.00049739,0.00032021,0.0012559,0.00012366,5.0991e-05,0.00030245,0.00013471,0.00012024,0.00092229,0.014171,0.0017968,0.0042985,0.0012364,0.00040773,0.00056097,0.0003909,0.0002541,0.00043114,0.000508,4.2137e-05,0.00029247,0.0035728,0.00054035,5.2179e-05,0.0010473,0.0023179,0.0013981,3.122e-05,0.00095887,0.00064275
0.0054027,0.0016937,0.001605,0.00369,0.0013671,0.00061494,0.001268,0.0014444,0.021878,0.001036,8.4806e-06,0.0068906,0.0050026,0.0035205,0.0015489,0.00013181,0.00059996,0.0011882,0.0014661,0.011126,0.0008121,5.4494e-05,0.00054628,0.00042617,0.00081425,0.0061743,0.041338,0.020972,0.016099,0.0071546,0.0014693,2.7178e-06,0.0027688,0.0021874,0.016298,0.00097123,0.0030741,9.2917e-05,0.007707,0.00027802,0.00019592,0.0023604,0.0044737,0.0041316,0.0021521,0.0056965,0.00021908
0.0045606,0.01235,0.0078147,0.0094801,0.0023623,0.005151,0.0024975,0.0038368,0.010567,0.0022754,3.3892e-05,0.017382,0.013559,0.0060044,0.0010475,0.0060064,0.0041843,0.0052393,0.0026609,0.019651,0.0019649,0.0021007,0.005855,0.0026349,0.0038933,0.011166,0.052023,0.051059,0.052373,0.023173,0.0057797,0.00018088,0.0098882,0.0036886,0.025145,0.0020569,0.025342,0.00055844,0.0083452,0.003973,0.0025084,0.0085702,0.011001,0.0058506,0.004113,0.0035565,0.0018663
0.021223,0.013916,0.013035,0.023288,0.0088078,0.016116,0.0078505,0.0084236,0.013464,0.0038908,0.00010512,0.0059023,0.0076632,0.0091507,0.0013056,0.01051,0.014328,0.012225,0.0035192,0.04036,0.010818,0.010644,0.025688,0.0057558,0.0073687,0.016523,0.061804,0.041941,0.047481,0.02413,0.017307,0.0028383,0.013847,0.0041242,0.068029,0.018015,0.01317,0.0084078,0.019808,0.013691,0.0081436,0.029936,0.024122,0.039616,0.0060881,0.005309,0.011076
0.023441,0.078987,0.01805,0.037206,0.016013,0.027063,0.013586,0.01145,0.014909,0.0055624,0.00026294,0.00066116,0.010097,0.010374,0.0058332,0.031967,0.050544,0.017603,0.0046793,0.040304,0.010809,0.019038,0.031754,0.0070977,0.0096106,0.024045,0.026693,0.017299,0.019786,0.046199,0.026998,0.027563,0.022639,0.0042353,0.0044637,0.039655,0.00035238,0.014779,0.0074952,0.066207,0.011089,0.029815,0.025114,0.011659,0.0076134,0.012114,0.0053196
0.044807,0.067713,0.018951,0.036126,0.028108,0.045621,0.017016,0.015074,0.013434,0.018991,0.011375,0.063003,0.028564,0.023416,0.0060414,0.035696,0.13415,0.015528,0.020904,0.019011,0.013878,0.027419,0.025772,0.0097466,0.012713,0.033786,0.0011605,0.011547,0.053868,0.012688,0.030219,0.027276,0.025296,0.043212,0,0.047124,0.032948,0.039271,0,0.23033,0.022249,0.017191,0.016965,0.042635,0.020271,0.043876,0.02761
0,0.05418,0.051029,0.093649,0.11378,0.04423,0.027511,0.042988,0.010822,0.043723,0.12062,0,0.036718,7.8569e-07,0.0011419,0.0348,0.0035717,0.013606,0.037234,0.0075245,0.048458,0.062763,0.091098,0.011387,0.072629,0.085188,0,0,3.3131e-06,0.00015583,0.17468,0,0.22027,0.11395,0,0.047187,0.045253,0,0,0,0.18085,0.1196,0.064747,0.024066,0.05759,0.046396,0
0,0.018491,0.0046191,0,0,0.075582,0.050467,4.9424e-05,0.02418,0.0019395,0,0,0.039546,0,0,0.0011235,0,0.010468,0.0002939,0,0.0012527,0.22229,0.093823,0.15254,0,0.0081799,0,0,0,0,0,0,0,0,0,0.23923,0.022512,0,0,0,0.03584,0,0.0010651,0.024992,0.021369,0.020708,0
0,0.00033611,0,0,0,0,0.0068517,0,0.015774,0,0,0,0.00483,0,0,0,0,0.20572,0,0,0,0,4.2063e-05,0.002056,0,0,0,0,0,0,0,0,0,0,0,0,8.2285e-05,0,0,0,0,0,0,0,0,0,0
0,0,0,0,0,0,0,0,0,0,0,0,0,0,0,0,0,0.020337,0,0,0,0,0,0,0,0,0,0,0,0,0,0,0,0,0,0,0,0,0,0,0,0,0,0,0,0,0
0.00016675,4.8714e-05,0.00082649,0.00057981,0.00026916,0.00025352,0.00023441,0.00051379,0.0010788,0.00034611,0.00081977,0.00047379,0.00024215,0.0015108,0.00086736,2.4942e-05,5.7473e-05,0.00075292,0.00039343,0.0018618,0.00011566,8.6249e-05,0.00029568,0.00015743,8.2785e-05,0.00061262,0.0063077,0.0020234,0.0057386,0.0013753,0.0004305,0.0034791,0.00040194,0.00024833,0.0005546,0.00069917,5.566e-05,0.0010935,0.002914,0.0021934,7.5891e-05,0.001333,0.0027048,0.0011174,6.4867e-05,0.0010798,0.0018984
0.0058446,0.0020513,0.0026086,0.0031063,0.0012589,0.00093502,0.0011889,0.001162,0.02673,0.0009138,2.2054e-05,0.0027018,0.0083001,0.0081825,0.0015946,0.00013359,0.00051317,0.00086842,0.0012002,0.010798,0.00097647,3.5595e-05,0.00058212,0.0012017,0.00072274,0.0033849,0.0033884,0.025439,0.0241,0.0048484,0.0017394,0.0028497,0.002473,0.0017932,0.0086946,0.0016318,0.0012902,0.0047292,0.0050126,0.0020316,0.0002732,0.0024223,0.0059259,0.0029373,0.0033821,0.0053092,0.0091243
0.0062691,0.010486,0.011798,0.010672,0.0022118,0.0070127,0.0032586,0.0037713,0.0087404,0.0023349,6.328e-05,7.6178e-05,0.023343,0.0183,0.001241,0.0086299,0.0084561,0.0073972,0.0030791,0.016761,0.0046578,0.001789,0.0057579,0.0031811,0.0035,0.0059246,0.017864,0.017154,0.011269,0.01617,0.0066231,0.00042368,0.010866,0.003855,3.952e-05,0.0031717,1.0284e-05,0.0073615,0.0072773,0.013593,0.0038493,0.0056255,0.014961,0.0051106,0.0038417,0.0035682,0.022607
0.029577,0.036679,0.016847,0.021935,0.0078774,0.021024,0.010338,0.0075484,0.0056324,0.0047826,0.00024484,4.9522e-05,0.006797,0.022479,0.0036214,0.012727,0.01366,0.0067732,0.0047481,0.013734,0.018242,0.011284,0.0066085,0.0038369,0.0072488,0.01017,0.026684,0.025619,5.1119e-05,0.012389,0.016807,0.0042172,0.016966,0.0045869,0.0050207,0.023276,4.396e-06,0.018955,0.02427,0.034353,0.011012,0.0034607,0.010862,0.039043,0.011943,0.012088,0.029429
0.017173,0.10475,0.013722,0.0052535,0.01077,0.020626,0.019782,0.010123,0.0065673,0.0066442,0.0054271,0.0015588,0.0079908,0.027247,0.014808,0.016492,0.029054,0.0055094,0.00544,0.021402,0.011026,0.018505,0.0038782,0.0053633,0.0095187,0.016436,0.041801,0.00098354,0.00032895,0.014213,0.029793,0.04444,0.018991,0.0040074,0.069849,0.021124,0.00073009,0.015801,0.010183,0.028018,0.019541,3.6878e-05,0.0058029,0.02215,0.015489,0.036335,0.017531
0.06351,0.05785,0.012175,0.00047751,0.0098991,0.028689,0.028186,0.013877,0.0079066,0.0083477,0.0055888,0.12943,0.0097042,0.060341,0.067769,0.011107,0.025548,0.0058864,0.01196,0.03149,0.009575,0.020686,0.0052731,0.0090217,0.012483,0.023433,0.020253,0.031846,0.014013,0.0314,0.02589,0.063914,0.013576,0.0037776,0,0.002175,0.084708,0.073807,7.5618e-05,0.18975,0.027656,0.00079083,0.004952,0.047581,0.017045,0.028451,0.03102
0,0.058191,0.074202,0.054232,0.11598,0.025369,0.032055,0.029464,0.007789,0.043904,0.10129,0.015565,0.028635,0.047341,0.058518,0.075335,0.057172,0.007188,0.049151,0.041427,0.078089,0.029759,0.034305,0.014203,0.061441,0.080827,0,0,0.0032048,0.0095162,0.16431,0.0025775,0.2432,0.34282,0,0.0074676,0.089207,0,0,0.049671,0.021102,0.067682,0.05422,0.0053466,0.021068,0.024962,0.01067
0,0.031338,0.0097424,0.018868,0.0067876,0.032945,0.060158,0.0283,0.019349,0.037567,0.060456,0,0.032239,0,0,0.050248,0,0.014858,0.021122,0,0.12806,0.20529,0.044185,0.21898,0.032581,0.028252,0,0,0,0,0,0,8.2751e-05,0,0,0.23247,0.03639,0,0,0,0.23959,0.038063,0.025263,0.043343,0.074318,0.038297,0
0,0.0002483,4.1093e-05,0,0,0.021857,0.02267,0,0.012089,0,0,0,0.01675,0,0,0,0,0.032964,0,0,0,0.010206,0.0035228,0.02046,0,0.00015921,0,0,0,0,0,0,0,0,0,0,0.0017401,0,0,0,0,0,0,0.00016939,0,0.0042648,0
0,0,0,0,0,0,0,0,0.00058377,0,0,0,0,0,0,0,0,0.028597,0,0,0,0,0,0,0,0,0,0,0,0,0,0,0,0,0,0,2.4622e-07,0,0,0,0,0,0,0,0,0,0
0.00013564,5.0602e-05,0.0011667,0.00052561,0.00025129,0.00045901,0.00027517,0.00049028,0.0011527,0.00055849,0.0015118,0.00044742,0.00019018,0.00043449,0.0018791,2.7478e-05,8.9613e-05,0.0010369,0.00059024,0.001908,4.2435e-05,0.00014908,0.00029297,0.00026335,8.5635e-05,0.00073184,0.0020404,0.001786,0.0070073,0.0023947,0.00060349,0.0053644,0.00041598,0.00026956,0.00093009,0.00077446,7.4856e-05,0.00074473,0.0027708,0.011465,0.00012345,0.001239,0.0033289,0.0011055,7.3031e-05,0.00097676,0.0009767
0.0066603,0.0026168,0.0035131,0.0026663,0.0011743,0.0012718,0.0014337,0.0010916,0.035978,0.00086967,4.1425e-05,0.00038481,0.012935,0.0014368,0.0076966,0.00020169,0.00083676,0.00077313,0.0012721,0.010128,0.00020318,3.0171e-05,0.00048433,0.0011385,0.00061895,0.0029052,0.0017622,0.012651,0.01178,0.0070891,0.0018837,0.011298,0.0021492,0.0014651,0.00067626,0.0029474,0.00011169,0.0032701,0.0046592,0.01789,0.00038178,0.0024858,0.0076903,0.0023688,0.0038073,0.0071299,0.0027426
0.010788,0.010367,0.012301,0.0093426,0.0022795,0.0071823,0.0039784,0.0032132,0.0042249,0.0024155,0.00016562,3.404e-07,0.035895,0.0058743,0.010544,0.010549,0.0056995,0.0032765,0.0033424,0.0052399,0.003089,0.0012012,0.0014844,0.0024112,0.0028879,0.0057493,0.02694,0.0005861,5.0288e-07,0.010563,0.0065115,0.025202,0.010563,0.0041117,0.001472,0.003354,0,0.0059021,0.007149,0.021677,0.0034889,0.00061158,0.0068521,0.0083963,0.0073245,0.006226,0.014523
0.02202,0.034795,0.011031,0.00075216,0.0029215,0.012349,0.011802,0.0065257,0.0045668,0.0054984,0.00082014,4.5632e-05,0.0044546,0.0031112,0.012528,0.01337,0.0076521,0.0033365,0.0056333,0.00014361,0.026572,0.0069602,0.0025743,0.0038583,0.0068896,0.0096529,0.0022725,0.010637,7.1777e-06,0.0093263,0.014754,0.035154,0.013982,0.0042276,0.031897,0.0028161,0.0011213,0.017211,0.011093,0.0025323,0.015221,1.2969e-06,0.0038597,0.024554,0.0089369,0.017992,0.02495
0.015827,0.05532,0.010523,1.8564e-05,0.0046189,0.013364,0.026948,0.010332,0.0051493,0.0076583,0.0020724,0.00060666,0.0071477,0.014872,0.011043,0.023843,0.014624,0.0046601,0.007193,0.0012298,0.0020428,0.014952,0.003928,0.0060441,0.010242,0.015224,0.0080205,0.025469,1.9104e-05,0.0064225,0.010136,0.03547,0.0060272,0.00040868,0.21462,0,0.036676,0.018132,0.026431,0.00043743,0.015503,7.5299e-06,0.0056956,0.0074345,0.0019146,0.0057582,0.001795
0.061665,0.053836,0.010729,0.00031311,0.0065849,0.02214,0.027293,0.013567,0.0081482,0.013172,0.016226,0.0044939,0.0082163,0.028996,0.0097052,0.0036578,0.019956,0.0092443,0.010704,0.027654,0.0013263,0.017528,0.0053768,0.0097863,0.013797,0.029604,0.02414,0.03767,0.00050013,0.023706,0.00024796,0.092518,0.0009299,0.00067069,0,2.0235e-06,0.10194,0.084008,0.0028573,0.036384,0.00035871,7.9697e-05,0.0051339,0.024288,0.0040463,0.012028,0.023477
0.024957,0.033023,0.016165,0.0014001,0.028405,0.025734,0.028007,0.018342,0.0095605,0.052081,0.03828,0.18799,0.018711,0.057201,0.044692,0.036423,0.067081,0.020785,0.049169,0.023787,0.023909,0.02436,0.0062405,0.0080631,0.022443,0.066948,0,0.00059364,0.0038419,0.023966,0.061122,0.039541,0.040219,0.22191,0,0,0.054286,0.0086328,0.00010771,0.089154,0,0.014174,0.0063979,0.023849,0.0047745,0.036121,0.089203
0,0.013074,0.070072,0.070414,0.065964,0.028345,0.036166,0.05902,0.0095489,0.067859,0.10478,0,0.021613,0.0049168,0.00099839,0.072687,0.0026012,0.010604,0.057985,0.0051215,0.20974,0.055445,0.079776,0.029456,0.13014,0.08444,0,0,1.1079e-06,0.00081054,0.077254,0,0.079912,0.081458,0,0.032367,0.0050281,0,0,0,0.1216,0.13312,0.031001,0.0029928,0.06739,0.023149,7.0694e-06
0,0.0030552,0.0013741,2.1188e-05,0.00020103,0.026211,0.02226,0.0043717,0.020778,0.0039073,0.0018596,0,0.017162,0,0,0.011692,0,9.3102e-05,0.0014782,0,0.015082,0.0049178,0.09114,0.21801,0.0019425,0.00097994,0,0,0,0,0,0,0,0,0,0.0055209,0,0,0,0,0.011876,0.00075833,0.0003306,0.00029319,0.031971,0.0075477,0
0,0,0,0,0,0.00010412,0.0015038,0,0.0023985,0,0,0,0.0026159,0,0,0,0,0,0,0,0,0,0.00019802,0,0,0,0,0,0,0,0,0,0,0,0,0,0,0,0,0,0,0,0,0,0,0,0
0.00020185,4.8392e-05,0.0016576,0.00050985,0.00027553,0.00075858,0.00039562,0.00045554,0.0014133,0.00085338,0.0025507,0.00040767,0.00016594,0.00026916,0.0017044,5.78e-05,0.00011,0.0014562,0.00094214,0.0018863,1.9475e-05,0.00025071,0.00030242,0.00037105,7.4648e-05,0.0010048,0.0011432,0.0012961,0.0067254,0.0036208,0.00070825,0.0018761,0.00046703,0.00030386,0.00093015,0.00089868,7.8169e-05,0.00028902,0.0034474,0.0053569,0.00019223,0.00084908,0.0036763,0.0011668,6.8672e-05,0.00080486,0.00032844
0.0035352,0.0023472,0.0042796,0.0029497,0.00091384,0.0012841,0.0015661,0.0010278,0.032269,0.0008689,0.00013422,1.4088e-05,0.020062,0.0012067,0.0063919,0.00033429,0.014979,0.00029602,0.001286,0.007423,0.00020357,2.9098e-05,0.00023512,0.00077252,0.00052743,0.002845,0.0044875,0.0041162,0.0057635,0.015017,0.001805,0.0019175,0.0015612,0.0011934,2.4784e-07,0.0046791,4.2772e-06,0.0010974,0.0046773,0.017138,0.00048458,0.002256,0.006267,0.0026932,0.004854,0.0082496,0.00078686
0.015395,0.008608,0.007777,0.0019197,0.0018415,0.004037,0.0044455,0.0026009,0.0099211,0.0023675,0.00039865,5.5464e-09,0.043445,0.0071029,0.01409,0.0050686,0.002705,0.0014947,0.0035164,0.00019275,0.0019235,0.00043166,0.00067901,0.002095,0.0021001,0.0053932,0.017379,0.00029456,3.4181e-09,0.015207,0.0061911,0.025415,0.0078068,0.0039408,0.014784,0.0023351,0,0.003365,0.007265,0.014165,0.0033,6.0686e-07,0.0033306,0.0098029,0.012105,0.010966,0.0095114
0.011044,0.024146,0.0095736,0,0.0011032,0.0080852,0.012782,0.0056614,0.0039401,0.0058089,0.00091275,1.3476e-05,0.015445,0.001757,0.020547,0.018046,0.0053613,0.0028029,0.0065125,4.1339e-05,0.015044,0.0036133,0.0020828,0.0040164,0.0066569,0.009244,0.00039146,0.0010682,2.1128e-06,0.0082385,0.0050629,0.029919,0.0060694,0.00074104,0.044539,0,0.020256,0.013517,0.010839,0,0.010032,1.742e-07,0.0034901,0.0063149,0.001815,0.0046832,0.031178
0.017257,0.016625,0.010601,4.3021e-06,0.0038229,0.014171,0.020391,0.010312,0.0056692,0.010716,0.0024335,0.00011009,0.0062854,0.026506,0.0080821,0.0058359,0.0077317,0.0074783,0.010485,0.00010044,0.021049,0.011897,0.0043295,0.0072815,0.011415,0.017325,0.0035783,0.031916,7.3617e-06,0.0057375,2.2684e-06,0.018917,0.00030242,5.0534e-06,0.1011,0,0.067202,0.023076,0.051574,1.5533e-06,0,3.9528e-06,0.0057692,0.018539,0.0010515,0.0050996,0.00089818
0.0045059,0.013234,0.012592,3.5371e-05,0.0060117,0.015239,0.026458,0.014486,0.0080077,0.01741,0.013565,0.0029479,0.0079061,0.0097902,0.0077426,0.0062484,0.021095,0.01809,0.0142,0.0037856,9.4041e-05,0.018084,0.0043711,0.0024436,0.020658,0.04807,0.021443,0.0023847,3.8138e-05,0.012003,8.7147e-06,0.047492,3.2271e-07,7.7175e-05,0.056218,0,0.026985,0.031886,0.012311,0.0002904,0,4.8872e-05,0.0060589,0.011412,0.0012768,0.012643,0.0066707
0.07856,0.0059045,0.013786,0.00079877,0.0082582,0.029035,0.024975,0.016672,0.01455,0.017114,0.016045,0.064845,0.0088783,0.079304,0.011044,0.0012607,0.020498,0.00056376,0.015803,0.017616,0.0031211,0.013673,0.0064798,0.00017615,0.024933,0.0046798,0.021531,0.044679,0.011296,0.023303,8.6266e-06,0.10209,1.8707e-07,5.3205e-05,0,0,7.9829e-05,0.090489,0.00043747,0.0023026,0,0.00022131,0.023796,0.032244,0.0044053,0.04527,0.049022
0.0063976,0.0052614,0.024604,0.010078,0.048655,0.023137,0.030186,0.028887,0.033789,0.030009,0.044391,0.11081,0.014694,0.070342,0.043461,0.030518,0.066396,0,0.02634,0.045288,0.06509,0.0013655,0.012611,1.3062e-05,0.069777,0,0,0,0.044988,0.018305,0.0205,0.034863,0.0072057,0.06779,0,0,0,0.0028376,0,0.00015936,0,0.035452,0.020802,0.0021841,0.0050132,0.011876,0.059147
0,0.00056666,0.0083101,0.10082,0.10096,0.0049713,0.016499,0.098977,0.0063036,0.012664,0.01652,0,0.010793,0.0053233,0.00046484,0.032762,0.0016002,0,0.0078238,0.0096693,0.064792,4.7729e-06,0.050216,0,0.11614,0,0,0,0.00021706,0.00058705,0.0014154,0,7.9123e-06,0.0010556,0,0,0,0,0,0,0.0033051,0.11313,0.00023449,4.0676e-07,0.094962,0.0011921,3.6522e-05
0,0,0,0.00071652,0.0034351,7.6169e-07,0.00042842,0.0045669,0,7.4953e-05,0,0,0.0018848,0,0,0.00024409,0,0,3.414e-05,0,0,0,0.0011926,0,0,0,0,0,0,0,0,0,0,0,0,0,0,0,0,0,0,0.00034493,1.9603e-07,0,0.0050219,1.0217e-07,0
0.00018886,5.0461e-05,0.0024767,0.00051866,0.00029053,0.0013853,0.00069744,0.00052811,0.0017497,0.0014141,0.0047702,0.00034376,0.000127,0.00024989,0.0012295,8.4296e-05,0.00014869,0.0022501,0.0016867,0.0021738,1.5277e-05,0.00047581,0.00032922,0.0005721,0.00012465,0.0010196,0.00075731,0.00068248,0.0074343,0.0026142,0.00090579,0.00067032,0.00057274,0.00030747,0.00071085,0.0010797,5.1882e-05,0.0003246,0.004501,0.0015335,0.00033529,0.00055589,0.0042394,0.0015645,0.00010728,0.00086207,0.00019412
0.0016548,0.00089653,0.0051613,0.0020161,0.00084005,0.0010641,0.0013229,0.00086875,0.015608,0.00076127,0.0001564,0,0.031715,0.00098701,0.0045239,0.00032019,0.0151,4.2384e-05,0.001125,0.0034968,0.00019647,2.5561e-05,0.00019403,0.0004738,0.00036506,0.0028064,0.0088135,0.0010365,0.0031292,0.0067289,0.0016693,0.0054546,0.001192,0.00078884,3.8026e-05,0.0068405,0,0.00080647,0.0046487,0.0087817,0.00050829,0.0020627,0.0043242,0.0029117,0.0051001,0.010885,0.00090024
0.014058,0.0067604,0.0046147,9.2563e-05,0.0010789,0.0022449,0.0049509,0.0020893,0.029577,0.0023079,0.00030028,4.3548e-09,0.0070492,0.0031269,0.0071831,0.0010249,0.0014257,0.00089308,0.0034945,4.8371e-06,0.00067083,0.00011245,0.00035589,0.0019488,0.0015567,0.0057891,0.0083835,0.00059941,2.1488e-07,0.0042552,0.0041346,0.014114,0.0035603,0.0020913,0.024228,0.0012572,0.00065263,0.0029243,0.0076494,0.0091278,0.0024317,0,0.0023861,0.0064792,0.027301,0.0068211,0.0058342
0.011242,0.0091711,0.0089884,8.7396e-08,0.00098748,0.0054848,0.01014,0.0049458,0.0040185,0.0052399,0.0011843,2.7259e-06,0.068522,0.0095835,0.025489,0.009056,0.0035833,0.0026652,0.0075643,1.3844e-05,0.0039771,0.0015725,0.0017219,0.0047314,0.0053155,0.0093242,0.0002732,0.00055388,3.6004e-06,0.0048645,0.00041469,0.040857,0.0013668,0,0.036499,0,0.032674,0.0055805,0.032035,0,0.0011016,6.4298e-08,0.0033986,0.0038618,0.0014606,0.0041578,0.018183
0.0047762,0.0069244,0.01198,2.1368e-06,0.0021664,0.010895,0.014877,0.0091176,0.0058302,0.014596,0.0019793,6.6734e-05,0.005371,0.01357,0.0088626,0.0024294,0.0080718,0.012813,0.014474,2.0977e-05,0.031322,0.0067323,0.003132,0.0027719,0.014844,0.024901,0.0011347,0.0040303,5.5165e-06,0.0052224,2.1915e-08,0.009157,0,1.7578e-10,0.017561,0,0.03247,0.049649,0.033478,0,0,2.2441e-06,0.0048132,0.015214,0.00099211,0.0056308,0.041147
0.0074006,0.0008819,0.013725,1.2144e-05,0.0049326,0.017377,0.020957,0.013916,0.0089066,0.014832,0.004661,0.00029981,0.0075312,0.006638,0.0076798,0.0069011,0.012015,0.00042542,0.013756,0.0002239,0.0072359,0.010766,0.004916,9.7058e-05,0.021028,0.019891,0.0070791,0.032042,3.1685e-05,0.0073451,8.8424e-08,0.0015221,3.101e-10,2.4641e-07,0.017013,0,3.2178e-05,0.05079,0.025304,0,0,3.816e-06,0.026934,0.10855,0.0013573,0.043054,0.00087066
0.015332,0,0.0046239,5.9334e-05,0.006856,0.015272,0.030583,0.025299,0.030452,0.015705,0.019455,0.0021514,0.010609,0.0095163,0.010766,0.0081099,0.047268,0,0.013037,0.028659,0.043146,0.00015665,0.0063105,0,0.041244,0,0.022155,0.008757,0.0034351,0.011168,0,0.00049172,5.3148e-12,0,0.00054652,0,0,0.03293,0.0057248,0,0,5.81e-05,0.022871,0.0073949,0.003464,0.014576,0.0075124
0.072599,0.0001036,3.6373e-06,0.0010464,0.015293,0.001129,0.011203,0.058908,0.00085992,0.013808,0.010359,0.078143,0.0097356,0.063897,0.030099,0.0021094,0.030005,0,0.010726,0.040053,0.016294,0,0.058904,0,0.0071158,0,0.049303,0.033537,0.048607,0.018609,0,2.3052e-05,0,0,0,0,0,0.088615,0.00054944,0,0,0.0006241,1.1625e-07,9.5676e-06,0.050074,1.7766e-05,0.045484
0.007827,0,0,0.065884,0.089453,0,0.00017122,0.038507,0,0.0039902,0.0028006,0.035306,0.0012401,0.051163,0.017932,0.01779,0.014465,0,0.0029547,0.036787,0,0,0.011512,0,0,0,0.00012667,0.0032707,0.021047,0.015248,4.4236e-06,0,0,0,0,0,0,0.020474,3.9989e-05,0,0,0.052469,4.8929e-09,0,0.007495,3.1854e-07,0.041237
0,0,0,0.0094533,0.015732,0,0,0.0038172,0,2.3012e-05,0,0.00097152,0,2.3856e-05,7.2413e-06,0.00022092,2.3346e-05,0,7.3537e-06,0.0016227,0,0,0,0,0,0,5.6041e-05,3.0816e-06,0.00021957,0.0021764,0,0,0,0,0,0,0,0,0,0,0,0.0041966,0,0,1.0837e-05,0,0.0014043
0.00026554,4.7116e-05,0.004006,0.0005316,0.00040485,0.0029417,0.0013992,0.00061592,0.0025114,0.0027439,0.010216,0.00027774,0.00010693,0.00018494,0.0013172,0.00011267,0.00023861,0.0039727,0.0034839,0.0030562,2.1114e-05,0.00098498,0.00038491,0.00082612,0.00015536,0.00082659,0.00059372,0.00046551,0.0066428,0.0018102,0.0013318,0.00044232,0.00077523,0.00034736,0.00056914,0.0013987,6.1287e-05,0.00032383,0.0050514,0.00099451,0.00067035,0.0003595,0.0050401,0.0018043,0.00014462,0.00095759,0.00027643
0.0010202,0.00052287,0.0057155,0.0010057,0.00067883,0.00055897,0.00075148,0.00076569,0.0029798,0.00051759,0.00014591,0,0.02228,0.00079602,0.0071096,0.001423,0.005186,7.8636e-06,0.00080219,0.0015539,0.00017111,2.178e-05,0.000788,0.00035664,0.0002359,0.0033094,0.011674,0.00021909,0.0020703,0.0045423,0.0010339,0.0088884,0.00077793,0.00063346,0.00047352,0.0076493,0,0.00074535,0.0072296,0.010382,0.00038887,0.0018699,0.0036886,0.0036703,0.0004189,0.010051,0.00098247
0.0059521,0.0032216,0.0038102,0,0.00057891,0.0015781,0.006373,0.0016739,0.047331,0.0021946,0.00042123,1.7947e-07,0.029038,0.0017163,0.0080582,0.00059974,0.017342,0.0003569,0.0034706,8.7254e-06,0.00030809,4.7467e-05,0.0001886,0.0014334,0.0010867,0.0052102,0.0024259,0.00069722,7.0272e-07,0.0051111,0.0024193,0.0096244,0.001347,0.00047511,0.023306,4.387e-05,0.0008326,0.0021544,0.0079987,0.0074674,0.0013557,0,0.0021164,0.0035774,0.025474,0.014473,0.003297
0.01172,0.0036815,0.0065958,1.0714e-06,0.0010965,0.0027701,0.0073859,0.0037247,0.015636,0.0056947,0.00080433,2.3545e-06,0.029931,0.012359,0.020043,0.0021463,0.0023918,0.0035696,0.0084692,8.1961e-06,0.0012699,0.0003263,0.00088624,0.0039766,0.0033231,0.009901,0.00024061,0.00025816,4.5631e-06,0.0043713,0,0.030285,6.2254e-05,0,0.025049,0,0.014933,0.004667,0.039492,0,0,2.9589e-07,0.0034628,0.0041123,0.011469,0.0036816,0.0093549
0.0026427,0.0011083,0.012764,8.3673e-07,0.0013673,0.007443,0.0096352,0.0089746,0.005907,0.011021,0.0024532,8.3819e-06,0.035102,0.0057933,0.02089,0.0064745,0.0046443,0.0043569,0.013793,1.3196e-05,0.0041607,0.0025054,0.002161,0.00034319,0.012074,0.03079,0.00047934,0.00052135,3.1903e-06,0.0059574,2.891e-08,0.0033296,0,0,0.0041664,0,0.0035138,0.02109,0.021839,0,0,2.3685e-07,0.0049953,0.018597,0.0013007,0.015893,0.027749
0.0066358,2.7894e-08,0.0094615,9.5602e-08,0.0025023,0.013083,0.017033,0.0061991,0.023849,0.013445,0.003916,3.3139e-05,0.0058623,0.0024912,0.01151,0.0035433,0.014269,0,0.013797,9.1408e-05,0.013577,0.00060153,0.0042693,0,0.029524,0.00030144,0.0010286,0.0062071,1.9258e-05,0.0068493,0,0,0,0,1.6207e-05,0,0,0.035632,0.0067896,0,0,1.3947e-06,0.029909,0.022569,0.00097883,0.027322,0.043624
0.056416,0,3.2358e-05,1.0977e-05,0.0052637,0.0027746,0.014303,0.051505,0.0022618,0.014331,0.0056658,0.00031284,0.010288,0.014184,0.0092876,0.0074231,0.016073,0,0.012652,0.00040804,0.011553,0,0.038078,0,0.013442,0,0.0085604,0.04416,0.020358,0.007831,0,0,0,0,8.596e-06,0,0,0.020466,0.011799,0,0,5.1745e-06,2.1153e-05,5.0131e-09,0.044893,5.9417e-07,0.0036271
0.027345,0,0,0.047938,0.038388,0,0.00021299,0.033844,0,0.0061502,0.0031664,0.00038508,0.00082019,0.071696,0.012081,0.061904,0.012776,0,0.0048659,0.068751,0,0,0.010273,0,0,0,0.015833,0.040403,0.079,0.0094678,0,0,0,0,0,0,0,0.0053742,0.0073041,0,0,0.065372,7.7738e-12,0,0.0093513,0,0.003947
0.00675,0,0,0.068849,0.00096672,0,0,0.0050879,0,0.00026457,0.00043764,0.050498,0,0.0071282,0.013471,0.049837,3.7388e-05,0,9.8004e-05,0.04105,0,0,0,0,0,0,0.029119,0.015205,0.013427,0.059736,0,0,0,0,0,0,0,0.0055109,0.00030533,0,0,0.039059,0,0,0,0,0.035978
2.8332e-06,0,0,0,0,0,0,0,0,0,0,0.0015575,0,4.4318e-05,7.7922e-07,0,0,0,0,7.9696e-05,0,0,0,0,0,0,0.0005385,0.00010331,0,0.00070799,0,0,0,0,0,0,0,1.0073e-05,7.7279e-06,0,0,0,0,0,0,0,0.003288
0.00039758,7.3943e-05,0.0091521,0.00062331,0.00058771,0.0079362,0.0036985,0.00099902,0.0029462,0.0076263,0.013279,0.00032508,7.2972e-05,0.0002548,0.0019911,0.00023072,0.00044852,0.0085147,0.0060101,0.005346,3.7925e-05,0.002609,0.00045988,0.0013738,0.00031478,0.00082896,0.00054961,0.00081192,0.0060588,0.0017547,0.0024221,0.00033781,0.0014681,0.00055372,0.00072381,0.0031025,0.00010128,0.00067741,0.0046729,0.00078052,0.0018059,0.00024301,0.0064472,0.0019933,0.00019734,0.0014569,0.00038237
0.00092597,0.00032789,0.0053092,0.00079674,0.00054517,0.00023182,0.00046713,0.0006237,0.0026282,0.00024683,0.015476,0,0.0018897,0.00065821,0.0030451,0.0014767,0.00021923,0.0019907,0.0025699,0.00082981,0.00011535,2.2383e-05,0.0020724,0.00031122,0.00014843,0.0034878,0.0094027,0.00013361,0.0017919,0.0030298,0.00025493,0.0084592,0.00034534,0.0006261,0.00066464,0.004798,0,0.00057822,0.013242,0.011144,0.00023207,0.0010826,0.0072779,0.0080678,0.00025756,0.0027251,0.00078854
0.0020655,0.00072903,0.0046523,0,0.00037131,0.00082094,0.0035802,0.0012876,0.011785,0.0016418,0.00052194,6.8814e-07,0.047074,0.00099491,0.022436,0.0030952,0.023833,3.0856e-05,0.002617,4.2929e-05,0.00020415,3.2456e-05,0.0013477,0.00080743,0.00059293,0.0050929,0.00049668,0.0001724,1.1563e-06,0.0069879,0.0009165,0.0098004,0.00045931,0.00016005,0.0091887,0,0.00040291,0.0013834,0.0093036,0.0073177,0.0007386,6.2655e-06,0.0020928,0.0021727,0.0039363,0.020039,0.0017772
0.0032027,0.00086544,0.0051958,1.5783e-06,0.00086624,0.0020004,0.0069877,0.0024944,0.049116,0.0054453,0.00099941,3.1151e-06,0.019024,0.0049592,0.016835,0.00039625,0.0188,0.001618,0.0080611,3.6261e-05,0.00030188,6.1382e-05,0.00028578,0.0016047,0.0025021,0.0096146,0.00020978,0.00051053,3.7137e-06,0.0063282,2.4298e-09,0.024605,0,0,0.013065,0,0.0020192,0.0033316,0.040389,0,0,4.5476e-07,0.0029899,0.0036594,0.017283,0.01405,0.0024068
0.0047891,0.00013517,0.0086433,8.0724e-08,0.0014946,0.0032618,0.0087063,0.0048965,0.041431,0.0074665,0.0015021,3.1603e-06,0.013349,0.0017506,0.016634,0.0015534,0.002548,0.00011526,0.011223,1.1179e-05,0.00044297,0.00018518,0.00086379,0.00010513,0.0058497,0.024823,0.00028538,0.00039149,1.2321e-06,0.0057432,2.4945e-08,0.0030624,0,0,3.2119e-05,0,4.946e-06,0.020992,0.014051,0,0,1.309e-08,0.018003,0.024145,0.037934,0.024223,0.008865
0.021064,1.5165e-07,0.0023754,0,0.0015741,0.0036204,0.011177,0.019492,0.019536,0.0092852,0.0034938,1.6453e-06,0.014632,2.2401e-06,0.025433,0.0079794,0.010901,0,0.012983,1.9586e-05,0.0070129,0,0.0023108,0,0.016242,0,0.00025106,0.00081397,0.0033215,0.0064189,0,0,0,0,5.508e-06,0,0,0.012954,0.0077477,0,0,0,0.009327,0.001937,0.011161,0.0030077,0.015975
0.028248,0,0,0,0.0077959,0,0.0019151,0.022351,0,0.0085685,0.0025232,6.911e-06,0.0023797,0.040045,0.022374,0.01783,0.0058985,0,0.0089515,0.013666,0,0,0.01463,0,0,0,0.00072194,0.021309,0.064068,0.009184,0,0,0,0,0,0,0,0.0015971,0.013403,0,0,0.0033545,0,6.2114e-12,0.028785,1.3777e-10,0.032679
0.027419,0,0,0.076623,0.0056504,0,0,0.013387,0,0.0014763,0.0011659,0.036817,0,0.030255,0.027854,0.073044,0.00092336,0,0.0011445,0.067921,0,0,0,0,0,0,0.079675,0.092568,0.031719,0.0767,0,0,0,0,0,0,0,1.9331e-05,0.0014133,0,0,0.042124,0,0,0,0,0.043073
2.2375e-05,0,0,0,0,0,0,0,0,0,3.0243e-05,0.021507,0,6.2706e-08,0.00067508,1.8701e-06,0,0,0,0.0011647,0,0,0,0,0,0,0.046333,0.0090439,5.3485e-07,0.009749,0,0,0,0,0,0,0,0,0.00082871,0,0,0,0,0,0,0,0.016843
0,0,0,0,0,0,0,0,0,0,0,0,0,0,0,0,0,0,0,0,0,0,0,0,0,0,0,0,0,0,0,0,0,0,0,0,0,0,1.2191e-08,0,0,0,0,0,0,0,0
0.00072281,0.00015908,0.019936,0.0011183,0.0014528,0.011891,0.0096681,0.0020394,0.0035696,0.013479,0.000649,0.00065223,5.4379e-05,0.00044638,0.004477,0.00066573,0.0012444,0.01837,0.012419,0.011004,8.2572e-05,0.0041255,0.00060463,0.003341,0.00084505,0.0015487,0.00052716,0.002828,0.0058469,0.002872,0.0076657,0.00029357,0.0029061,0.0014407,0.0019945,0.0077329,0.00034369,0.0015715,0.0072235,0.00062884,0.0080212,0.0001743,0.01094,0.0034562,0.00065159,0.0035742,0.00086182
0.0018395,0.00021799,0.020434,0.00055668,0.00037556,0.024937,0.0077569,0.00094467,0.0046526,0.017938,0.08592,2.3858e-08,0.00067182,0.0004651,0.0020953,0.00022922,0.00014554,0.008846,0.015078,0.00097019,6.6143e-05,0.0061145,0.0018455,0.00054641,0.00012594,0.0017136,0.0072662,0.00013624,0.0020964,0.0023721,0.0018426,0.0078036,0.00084268,0.00065645,0.00092435,0.0052316,0,0.0005794,0.011847,0.0096943,7.6239e-05,0.00039703,0.018876,0.010728,0.00017243,0.0017629,0.00069244
0.001314,0.00035453,0.0046929,0,0.00028735,0.00021948,0.001236,0.0010307,0.0017392,0.00060234,0.03823,5.196e-07,0.0030126,0.00050773,0.0041308,0.0022086,0.00076299,0.0013556,0.0060119,8.1689e-06,0.00014777,3.0966e-05,0.0023921,0.00077509,0.00027617,0.0058752,0.00010226,0.00014285,1.6496e-06,0.0040087,0.00011887,0.0087839,8.7996e-05,5.2799e-05,0.0043933,0,0.00025997,0.00090426,0.023224,0.0057816,0.00021502,1.9509e-05,0.011357,0.0095665,0.00048617,0.0033311,0.0012668
0.00080895,0.00016013,0.0074321,1.358e-06,0.00049319,0.000693,0.0024058,0.0016829,0.0050581,0.0029707,0.0015474,2.4871e-06,0.019126,0.0020406,0.02118,0.004858,0.01178,0.00010456,0.0040198,1.953e-05,0.00011934,3.5994e-05,0.0023355,0.00059526,0.0011007,0.010738,0.0001584,0.00016145,3.667e-06,0.012798,1.7484e-08,0.022442,0,0,0.0024689,0,0.000376,0.0019394,0.034481,0,0,2.452e-07,0.0031055,0.0049064,0.0016069,0.02435,0.0010421
0.00068139,1.3865e-05,0.0070877,3.0982e-11,0.00083612,0.0018404,0.0055362,0.0022029,0.019643,0.004738,0.0021379,3.4354e-06,0.014507,0.00053627,0.022843,0.0038762,0.011534,0,0.0068135,2.8956e-05,1.8626e-05,2.5183e-05,0.002067,4.4628e-06,0.0023384,0.018282,0.00023703,0.00031951,3.3978e-07,0.011993,4.7288e-09,0.0065531,0,0,1.3593e-05,0,0,0.010466,0.0098931,0,0,0,0.018627,0.013926,0.023483,0.038559,0.0019192
0.01987,1.9784e-08,0.00017339,0,0.0012885,0.00083812,0.007351,0.012547,0.0039379,0.0064666,0.0014266,7.9382e-08,0.0027295,0.00045415,0.027557,0.0017679,0.002332,0,0.0095526,1.8082e-05,0.0022845,0,0.0015661,0,0.0040412,0,4.311e-05,0.00045476,0.0092874,0.010263,0,0,0,0,8.6233e-07,0,0,0.0090573,0.008047,0,0,0,0.00053137,3.1494e-06,0.012922,5.6731e-06,0.0028675
0.035293,0,0,0.010673,0.0079433,0,9.3901e-05,0.011649,0,0.0032496,0.00069415,0,7.5417e-05,0.038836,0.024168,0.0050987,0.00074342,0,0.0044946,0.033029,0,0,0.00068662,0,0,0,1.991e-05,0.038726,0.054554,0.010321,0,0,0,0,0,0,0,0.0011617,0.010993,0,0,0.0057552,0,0,0.0019095,0,0.0030652
0.0041794,0,0,0.024237,1.1117e-05,0,0,0.000993,0,3.4223e-05,0.00012411,0.030625,0,0.019407,0.040067,0.0043573,0,0,3.7027e-05,0.024394,0,0,0,0,0,0,0.12902,0.047843,0.011291,0.060715,0,0,0,0,0,0,0,0,0.0020071,0,0,0.0042773,0,0,0,0,0.033362
2.5906e-07,0,0,0,0,0,0,0,0,0,0,1.8225e-11,0,0,0,0,0,0,0,0,0,0,0,0,0,0,1.3565e-06,0,0,7.7026e-10,0,0,0,0,0,0,0,0,0.001267,0,0,0,0,0,0,0,3.2722e-06
0,0,0,0,0,0,0,0,0,0,0,0,0,0,0,0,0,0,0,0,0,0,0,0,0,0,0,0,0,0,0,0,0,0,0,0,0,0,0,0,0,0,0,0,0,0,0
0.0021022,0.00045422,0.0059442,0.00212,0.0039781,0.00094276,0.0020375,0.0026981,0.0041209,0.0069548,0.00011316,0.0011634,5.4209e-05,0.0016461,0.0090911,0.0023005,0.0029059,0.016865,0.010354,0.0050041,0.00046298,0.00029355,0.0016752,0.0050162,0.0027521,0.013713,0.0007882,0.020307,0.0056965,0.0065463,0.0066487,0.00031392,0.0052364,0.0033564,0.0063444,0.0091651,0.00135,0.0067075,0.022389,0.00063523,0.0042409,0.00014435,0.026482,0.014421,0.0017665,0.0067595,0.0033966
0.0072506,0.0014251,0.067203,0.0027496,0.010013,0.039484,0.030943,0.0052767,0.008005,0.053421,0.0057709,0.00013062,0.00034634,0.0014287,0.0136,0.0043308,0.0057639,0.040394,0.063173,0.012536,0.00042833,0.0088721,0.0037309,0.010741,0.0050863,0.017734,0.0066788,0.006875,0.0026403,0.010911,0.02144,0.0085102,0.016932,0.0088087,0.0062868,0.034056,0.00044851,0.009098,0.043274,0.0079357,0.030623,0.00017243,0.06334,0.029785,0.0059795,0.023367,0.00459
0.0098821,0.0029588,0.089335,0.0011437,0.0061767,0.067033,0.03374,0.00387,0.0067873,0.08454,0.07492,1.8837e-05,0.00072243,0.00041684,0.0093583,0.0040206,0.0065797,0.036641,0.090024,0.00072162,0.00015668,0.0080044,0.0024875,0.011751,0.0055964,0.021558,0.00041628,0.00041139,5.904e-06,0.0095888,0.017508,0.0076087,0.015045,0.0043983,0.018386,0.025437,0.003111,0.0059486,0.050563,0.004429,0.035815,7.8327e-06,0.057505,0.024086,0.0041186,0.018291,0.0039857
0.0070947,0.0016542,0.062552,3.6576e-07,0.0041686,0.032986,0.020749,0.0021475,0.0093598,0.091698,0.045829,3.9826e-06,0.0006887,0.00087405,0.010355,0.0036092,0.0037185,0.041275,0.093425,2.1281e-05,3.4667e-05,0.0026756,0.0026238,0.023899,0.0060966,0.029472,0.00019317,0.00041643,2.0732e-06,0.012293,0.018749,0.020357,0.0024814,0.0005787,0.0066899,0.00033101,0.00086163,0.002206,0.062729,0,0.028304,5.8976e-08,0.048995,0.022513,0.0023823,0.014549,0.002674
0.0072558,0.00055637,0.042212,0,0.0050257,0.008617,0.012855,0.0012591,0.014516,0.044966,0.0092273,9.4844e-07,0.00058789,0.00047733,0.0098589,0.0035346,0.00088265,7.848e-05,0.04864,1.8433e-05,2.8744e-05,0.00016976,0.0033245,0.0078674,0.010771,0.053482,8.5983e-05,0.00040895,0.00057971,0.009894,0.0018861,0.014244,1.2112e-05,0,7.1531e-05,0,3.2837e-07,0.022109,0.037482,0,0.0050273,0,0.064058,0.014121,0.0010408,0.0078782,0.001964
0.0077822,2.5875e-05,0.0097802,0,0.0067253,0.001205,0.0037061,0.022447,0.0024109,0.0099107,0.0010212,1.7805e-09,0.00013777,0.0013751,0.0084802,0.0042527,0.00010736,0,0.011761,1.0426e-05,0.00048985,0,0.0047025,0,0.0067463,0,4.9573e-06,0.0061355,0.027206,0.0094524,1.0429e-07,0,0,0,1.3066e-05,0,0,0.011563,0.021194,0,0,0,0.0022874,0,0.0005322,0,0.0014095
0.0052698,0,7.1491e-06,0.014337,0.0082351,7.2217e-06,0,0.006258,0,0.00095036,8.7776e-05,0.00010044,5.4987e-07,0.010549,0.03154,0.00089621,3.8317e-06,0,0.0014483,0.047337,0,0,0.00093609,0,0,0,1.4711e-06,0.036716,0.048285,0.0084443,1.2506e-08,0,0,0,3.4814e-07,0,0,0.0011589,0.016502,0,0,0.014098,0,0,3.9124e-05,0,0.00029507
0.00021491,0,0,0.0026096,0.00013575,0,0,0,0,3.2518e-07,0,0.0067269,0,0.0023847,0.023062,2.3064e-05,0,0,1.7104e-06,0.012955,0,0,0,0,0,0,0.084109,0.0091441,0.0014584,0.020332,6.0411e-10,0,0,0,0,0,0,4.8263e-05,0.001879,0,0,0.0028227,0,0,0,0,0.010826
3.7975e-09,0,0,0,0,0,0,0,0,0,0,0,0,0,1.7158e-07,0,0,0,0,0,0,0,0,0,0,0,7.6588e-09,0,0,0,0,0,0,0,0,0,0,2.4757e-06,6.8057e-05,0,0,0,0,0,0,0,0
0,0,0,0,0,0,0,0,0,0,0,0,0,0,0,0,0,0,0,0,0,0,0,0,0,0,0,0,0,0,0,0,0,0,0,0,0,0,0,0,0,0,0,0,0,0,0
