0.050201,0.098597,0.074991,0.20702,0.064793,0.087555,0.036302,0.035065,0.055364,0.19285,0.07114,0.1191,0.14275,0.046388,0.050436,0.027007,0.14484,0.03347,0.072025,0.04236,0.027053,0.048613,0.096563,0.16892,0.058454,0.051583,0.043263,0.14678,0.065461,0.06488,0.061003,0.081351,0.068269,0.027348,0.021423,0.051967,0.042195,0.035429,0.035657,0.064955,0.10409,0.071742,0.088447,0.16222,0.04995,0.066602,0.079876,0.062207,0.039858
0.063045,0.029227,0.056285,0.01719,0.061331,0.05323,0.058557,0.059723,0.039199,0.021697,0.054731,0.028384,0.044285,0.048204,0.05986,0.063991,0.04202,0.037822,0.065986,0.086692,0.046069,0.061691,0.057089,0.012652,0.02999,0.056895,0.055623,0.074981,0.039636,0.067294,0.058494,0.070343,0.061446,0.069349,0.05861,0.041593,0.04388,0.056823,0.051737,0.081612,0.027364,0.091325,0.030058,0.014353,0.061804,0.055079,0.036989,0.053173,0.059337
0.07133,0.077218,0.065387,0.058276,0.071954,0.076794,0.066661,0.062616,0.076166,0.048046,0.058876,0.063415,0.048632,0.10381,0.069592,0.077233,0.066991,0.069215,0.062342,0.055408,0.082135,0.071514,0.084797,0.078176,0.081952,0.064926,0.06929,0.084533,0.080908,0.058884,0.055082,0.056023,0.056259,0.066182,0.074273,0.065688,0.078515,0.084864,0.069131,0.062252,0.077217,0.061088,0.056698,0.05902,0.070223,0.057784,0.057261,0.083294,0.060501
0.072165,0.072403,0.068071,0.033023,0.088454,0.063438,0.082037,0.089326,0.086844,0.038323,0.060683,0.043843,0.067491,0.067973,0.081005,0.083828,0.059363,0.08377,0.0657,0.080012,0.076776,0.081981,0.053877,0.030589,0.094824,0.076629,0.079315,0.066839,0.065586,0.11264,0.07912,0.10981,0.084424,0.065381,0.079475,0.069798,0.096394,0.071458,0.087558,0.10778,0.050174,0.049115,0.073323,0.043071,0.073663,0.077753,0.078283,0.059119,0.092413
0.081739,0.099467,0.073914,0.065614,0.087443,0.057386,0.092095,0.095802,0.080813,0.035746,0.090434,0.091467,0.053743,0.082087,0.095239,0.096031,0.09447,0.093449,0.080613,0.080813,0.091863,0.092249,0.052132,0.033271,0.086545,0.079946,0.093578,0.080435,0.095178,0.088406,0.092831,0.077263,0.076391,0.08004,0.097251,0.090818,0.083634,0.093558,0.077554,0.080884,0.11087,0.047124,0.073857,0.059304,0.078804,0.07921,0.069631,0.082028,0.092919
0.10465,0.076268,0.080201,0.042963,0.081371,0.062511,0.094846,0.095959,0.090858,0.045035,0.095796,0.094752,0.075027,0.084626,0.10371,0.10366,0.071097,0.095902,0.11061,0.089775,0.1035,0.098233,0.058925,0.03339,0.082395,0.089442,0.10305,0.066427,0.086943,0.069321,0.091678,0.061622,0.074147,0.12353,0.11637,0.10094,0.0935,0.10326,0.086414,0.063427,0.09894,0.080787,0.10135,0.026087,0.082983,0.088805,0.092664,0.084592,0.09581
0.093504,0.08287,0.1013,0.082238,0.089188,0.080623,0.10575,0.107,0.099693,0.058689,0.093254,0.070528,0.041102,0.082314,0.092228,0.10644,0.094885,0.12315,0.086033,0.11185,0.11178,0.089926,0.061662,0.079536,0.1131,0.10928,0.094265,0.078823,0.11304,0.083825,0.12942,0.082073,0.10776,0.097152,0.11951,0.10512,0.10906,0.098511,0.10724,0.082959,0.085188,0.055475,0.10158,0.063715,0.092845,0.097403,0.10777,0.087256,0.10464
0.11906,0.092595,0.10908,0.058602,0.098651,0.12319,0.11909,0.12001,0.13629,0.066139,0.098919,0.10186,0.047542,0.14574,0.12399,0.12133,0.091805,0.13414,0.092406,0.10178,0.13187,0.12013,0.10836,0.066291,0.12976,0.11795,0.12386,0.09151,0.11287,0.079644,0.096091,0.072784,0.10992,0.11413,0.12397,0.12441,0.1402,0.12187,0.12182,0.077164,0.12643,0.081977,0.098273,0.066142,0.10718,0.10494,0.10759,0.11869,0.11859
0.1487,0.12726,0.12522,0.060425,0.13008,0.11478,0.15282,0.15342,0.1215,0.039594,0.11609,0.066396,0.088105,0.12837,0.14023,0.146,0.080465,0.1352,0.13407,0.16434,0.15569,0.14722,0.11518,0.033961,0.096186,0.13799,0.14503,0.088875,0.12554,0.14828,0.13574,0.13745,0.13339,0.17562,0.15692,0.12823,0.12907,0.14112,0.15739,0.14677,0.081319,0.15299,0.094219,0.034278,0.15906,0.12264,0.096506,0.13796,0.14802
0.19509,0.24395,0.24502,0.37428,0.22648,0.28022,0.19153,0.18077,0.21271,0.45365,0.2597,0.31989,0.39119,0.20999,0.18337,0.17429,0.25389,0.19349,0.22985,0.18674,0.17311,0.18807,0.31107,0.46302,0.22664,0.21485,0.19244,0.2205,0.21453,0.22644,0.20021,0.25088,0.22758,0.18102,0.152,0.22092,0.1832,0.19279,0.20534,0.23179,0.23802,0.30807,0.28181,0.47152,0.22332,0.2494,0.27292,0.23142,0.18754
0.0014937,0.00041909,0.0024821,0.0013532,0.0014815,0.0011633,0.0019341,0.0016522,0.0023121,0.0010118,0.001861,0.00062154,0.00088957,0.0011931,0.0018599,0.0015321,0.00099107,0.0026189,0.0023899,0.0016184,0.0008763,0.0015496,0.0013339,0.0009197,0.0003902,0.0016736,0.0019422,0.0030742,0.00059126,0.00091857,0.001795,0.00085564,0.0027681,0.00099311,0.0021589,0.0012059,0.0012127,0.0018709,0.00065367,0.0011007,0.00052836,0.0019059,0.0010522,0.0011617,0.00058709,0.0017975,0.0010151,0.0012548,0.0017833
0.0042757,0.0030451,0.0019908,0.0052117,0.003915,0.0059045,0.011666,0.0072587,0.0027718,0.0034503,0.0039285,0.0068057,0.0037616,0.0029861,0.0082934,0.0073779,0.0054261,0.0077071,0.0030743,0.0045531,0.0026035,0.0080712,0.0035919,0.0031772,0.0042016,0.0047059,0.0078436,0.0079647,0.0036625,0.002085,0.002991,0.0050045,0.0094347,0.0044169,0.012712,0.0046438,0.0031688,0.0013694,0.0016285,0.0022376,0.0044729,0.0035601,0.002726,0.003276,0.0025051,0.0053705,0.0020601,0.0045432,0.0060814
0.0067993,0.01089,0.0082128,0.012143,0.0090866,0.007739,0.015665,0.013879,0.0082834,0.0053114,0.0062725,0.00076674,0.0060239,0.0090955,0.010036,0.010093,0.0095002,0.0099279,0.0054491,0.0095135,0.0063138,0.0081558,0.010091,0.0046022,0.007488,0.0097366,0.010596,0.012033,0.0078646,0.012025,0.0098418,0.013811,0.0056497,0.0075402,0.014432,0.0093601,0.012528,0.0074257,0.0094692,0.010294,0.012463,0.008086,0.0097655,0.010385,0.0099257,0.0095064,0.009149,0.0019829,0.012882
0.0082998,0.018938,0.01466,0.0083397,0.0094245,0.0071521,0.012729,0.0085943,0.020466,0.0061702,0.0031236,0,0.0061231,0.015807,0.010116,0.010767,0.01628,0.0084959,0.0025338,0.0094715,0.0082128,0.0081171,0.010801,0.0052676,0.0073652,0.011339,0.009847,0.019883,0.011448,0.012284,0.0051234,0.010639,0.0049671,0.0056467,0.025664,0.0063647,0.01781,0.015829,0.014608,0.012514,0.010094,0.014189,0.011811,0.0044024,0.014187,0.00992,0.013989,0,0.011814
0.00093207,0.0071441,0.0087092,0.0020981,0.00024514,0.0057298,0.0026214,0.010384,0.00066299,0.014754,0,0,0.0044415,0.0049909,0.0032533,0.010412,0.0065898,0.001851,0.003039,0.0084497,0.0093342,0.0063377,0.0036039,0.0044099,0.0028583,0.00072833,0.00086781,0.0080252,0.0084522,0.029325,0.0010045,0.025476,0.0028424,0.0044635,0.0068451,0.00032435,0.00042494,0.0096208,0.011365,0.023419,5.4896e-06,0.0032741,0.023752,0.0032851,0.023251,0.0058668,0.00015224,0,0.0017142
0,0,0,0,0,0,7.8231e-05,0,0,0,0,0,0,0,5.2167e-05,0,0,0,0.00024055,9.1691e-05,0,0.00013192,0,0,0,0,0,0,0,0,0,2.3831e-05,0,2.8886e-05,0,0,0,0,0.0024428,0,0,0,0,0,0.0002951,0,0,0,0
0,0,0,0,0,0,0,0,0,0,0,0,0,0,0,0,0,0,0,0,0,0,0,0,0,0,0,0,0,0,0,0,0,0,0,0,0,0,0,0,0,0,0,0,0,0,0,0,0
0,0,0,0,0,0,0,0,0,0,0,0,0,0,0,0,0,0,0,0,0,0,0,0,0,0,0,0,0,0,0,0,0,0,0,0,0,0,0,0,0,0,0,0,0,0,0,0,0
0,0,0,0,0,0,0,0,0,0,0,0,0,0,0,0,0,0,0,0,0,0,0,0,0,0,0,0,0,0,0,0,0,0,0,0,0,0,0,0,0,0,0,0,0,0,0,0,0
0,0,0,0,0,0,0,0,0,0,0,0,0,0,0,0,0,0,0,0,0,0,0,0,0,0,0,0,0,0,0,0,0,0,0,0,0,0,0,0,0,0,0,0,0,0,0,0,0
0.0036698,0.0012756,0.0057565,0.0034824,0.00272,0.002683,0.0049033,0.0038807,0.004815,0.0023631,0.0036324,0.0014807,0.0017824,0.0023105,0.0039562,0.0035441,0.001891,0.0058719,0.0054637,0.003026,0.0020084,0.0040814,0.0036377,0.0020678,0.00081619,0.0045309,0.0047554,0.006156,0.0017466,0.002085,0.0048307,0.0019307,0.006653,0.0020555,0.0040379,0.0033129,0.0030087,0.0040594,0.0019554,0.0029963,0.0014966,0.0037,0.0031331,0.0028087,0.0018089,0.0039321,0.0025032,0.0031436,0.0044
0.011717,0.0078344,0.0077443,0.012659,0.0085305,0.015644,0.024407,0.016276,0.0085982,0.0074077,0.0091417,0.011001,0.0084032,0.0072916,0.018547,0.01502,0.0088682,0.019233,0.0083542,0.0073036,0.0065102,0.01912,0.0090908,0.0068381,0.010713,0.0090188,0.017815,0.012419,0.0062893,0.0090778,0.0072969,0.013577,0.028498,0.010023,0.015353,0.00998,0.0065597,0.0063867,0.0067577,0.0088858,0.0085413,0.0097937,0.0092339,0.007042,0.0089417,0.012489,0.0048835,0.0097732,0.014824
0.014072,0.021319,0.013439,0.021818,0.019229,0.01684,0.023781,0.02012,0.013241,0.014069,0.012203,0.0076794,0.015147,0.011486,0.018968,0.017074,0.01604,0.017174,0.012399,0.01336,0.015466,0.018745,0.016601,0.015094,0.01203,0.02011,0.018659,0.012026,0.020388,0.020579,0.019855,0.026193,0.012245,0.014068,0.016719,0.016431,0.017059,0.012075,0.022193,0.016712,0.020473,0.017465,0.01461,0.016323,0.012722,0.014995,0.01623,0.0036523,0.022329
0.018171,0.034454,0.037751,0.023519,0.019722,0.011546,0.013041,0.015993,0.04294,0.016044,0.0024104,0,0.013542,0.028827,0.011778,0.015406,0.030895,0.014771,0.012083,0.022301,0.029392,0.014055,0.021886,0.019922,0.016546,0.020638,0.012536,0.030015,0.019875,0.028422,0.022963,0.024348,0.0081676,0.013485,0.035562,0.021353,0.036268,0.039927,0.027021,0.024935,0.020314,0.043343,0.031089,0.028934,0.027845,0.016283,0.023881,0,0.0201
0.012474,0.036546,0.036389,0.0062241,0.0057205,0.020277,0.013299,0.028086,0.0080957,0.024374,0,0,0.04051,0.029729,0.012394,0.031013,0.01695,0.0088918,0.011035,0.037438,0.030561,0.015006,0.021088,0.034393,0.021258,0.0082766,0.0094702,0.035876,0.011508,0.062357,0.0071783,0.059478,0.011181,0.015956,0.027818,0.0092809,0.0093798,0.046129,0.022736,0.064079,0.0029673,0.01648,0.036599,0.017212,0.035805,0.019159,0.0076226,0,0.021263
0,0.0023952,0,0,0.0069584,0.00019252,0.0078848,0,0,0,0,0,0,0.0005852,0.0055598,0.00027896,0,0.00027183,0.0050025,0.0016648,0.00056838,0.0057159,0,0,0,0.00014545,0.0046482,1.3279e-05,0.0025473,0.00098445,0.006048,0.0010856,0.00034886,0.004802,0,0.002193,0,0,0.0013875,0.0019272,0,0,0.00035726,0,0.0039212,0,0,0,0
0,0,0,0,0,0,0,0,0,0,0,0,0,0,0,0,0,0,0,0,0,0,0,0,0,0,0,0,0,0,0,0,0,0,0,0,0,0,0,0,0,0,0,0,0,0,0,0,0
0,0,0,0,0,0,0,0,0,0,0,0,0,0,0,0,0,0,0,0,0,0,0,0,0,0,0,0,0,0,0,0,0,0,0,0,0,0,0,0,0,0,0,0,0,0,0,0,0
0,0,0,0,0,0,0,0,0,0,0,0,0,0,0,0,0,0,0,0,0,0,0,0,0,0,0,0,0,0,0,0,0,0,0,0,0,0,0,0,0,0,0,0,0,0,0,0,0
0,0,0,0,0,0,0,0,0,0,0,0,0,0,0,0,0,0,0,0,0,0,0,0,0,0,0,0,0,0,0,0,0,0,0,0,0,0,0,0,0,0,0,0,0,0,0,0,0
0.005419,0.0019825,0.009157,0.0050104,0.0040169,0.0039114,0.0066375,0.0054383,0.0064558,0.0035959,0.0049468,0.002343,0.0021894,0.0037811,0.0056442,0.0047631,0.0029258,0.0077465,0.0068199,0.0039154,0.0026337,0.0058358,0.0052641,0.0033669,0.0013482,0.0067415,0.0065532,0.0073626,0.0031567,0.0030921,0.0076804,0.003198,0.0093841,0.0029117,0.0045198,0.0044461,0.0045944,0.0063178,0.0034127,0.0043588,0.0022487,0.0049987,0.0051683,0.0037698,0.0029844,0.0054515,0.0044329,0.0038692,0.0066504
0.01435,0.0092632,0.016475,0.018049,0.010677,0.015763,0.024608,0.019777,0.010255,0.0088308,0.010008,0.01293,0.0096809,0.013138,0.021021,0.015767,0.012347,0.021808,0.010294,0.010384,0.0097495,0.02319,0.011522,0.0068012,0.013143,0.011933,0.019932,0.014084,0.0070868,0.012201,0.01189,0.013953,0.030504,0.010973,0.014717,0.014666,0.0087726,0.0087485,0.0089623,0.01117,0.010992,0.016113,0.015771,0.0083874,0.013241,0.014987,0.0064658,0.011265,0.018162
0.019217,0.019358,0.017699,0.022244,0.021236,0.019228,0.021461,0.017222,0.013438,0.012318,0.018304,0.020938,0.015752,0.013971,0.01974,0.017911,0.019723,0.0172,0.014408,0.015773,0.01927,0.019144,0.017522,0.010838,0.01506,0.021627,0.019239,0.012176,0.021841,0.016428,0.01829,0.024943,0.013179,0.019877,0.016948,0.02115,0.015907,0.015073,0.019452,0.013486,0.022145,0.0142,0.015544,0.011831,0.014219,0.015874,0.018342,0.0054752,0.021067
0.023163,0.029779,0.032069,0.027019,0.0225,0.021029,0.019464,0.021767,0.031526,0.024642,0.0005037,0.0020635,0.020451,0.02761,0.014299,0.019858,0.031521,0.011056,0.013976,0.022732,0.028218,0.015604,0.017149,0.022161,0.02795,0.02743,0.013777,0.024308,0.032547,0.026155,0.026342,0.021229,0.011464,0.019178,0.048522,0.031024,0.030366,0.030551,0.028867,0.024535,0.024097,0.031525,0.025265,0.027826,0.027257,0.018018,0.02765,0,0.022343
0.039413,0.02795,0.033107,0.026175,0.013954,0.018673,0.015078,0.027515,0.023972,0.021431,0,0,0.032817,0.039587,0.019513,0.030155,0.014235,0.018654,0.017895,0.039913,0.024481,0.020045,0.023752,0.039243,0.020709,0.021093,0.015709,0.02486,0.0090923,0.02992,0.011553,0.025566,0.0084642,0.018275,0.038692,0.022014,0.027817,0.029169,0.031635,0.030389,0.0082717,0.021643,0.019802,0.019795,0.03467,0.019632,0.015608,0,0.025479
0.0036629,0.0062152,0,0,0.012269,0.0032279,0.010416,0.00096761,0,0.00028036,0,0,0,0.0052215,0.011974,0.0022606,0,0.00927,0.0035851,0.0018633,0.0019521,0.013383,0,0.00023744,0,0.0061063,0.01196,0.0025997,0.0076981,0.002471,0.011138,0.001243,4.4163e-05,0.0023402,0,0.011978,0,0.00028095,0.002068,0.0038238,0,0,0.0033233,0,0.0060299,0.00019845,0,0,0.0013963
0,0,0,0,0,0,0,0,0,0,0,0,0,0,0,0,0,0,0,0,0,0,0,0,0,0,0,0,0,0,0,0,0,0,0,0,0,0,0,0,0,0,0,0,0,0,0,0,0
0,0,0,0,0,0,0,0,0,0,0,0,0,0,0,0,0,0,0,0,0,0,0,0,0,0,0,0,0,0,0,0,0,0,0,0,0,0,0,0,0,0,0,0,0,0,0,0,0
0,0,0,0,0,0,0,0,0,0,0,0,0,0,0,0,0,0,0,0,0,0,0,0,0,0,0,0,0,0,0,0,0,0,0,0,0,0,0,0,0,0,0,0,0,0,0,0,0
0,0,0,0,0,0,0,0,0,0,0,0,0,0,0,0,0,0,0,0,0,0,0,0,0,0,0,0,0,0,0,0,0,0,0,0,0,0,0,0,0,0,0,0,0,0,0,0,0
0.0067534,0.0024799,0.012783,0.0064676,0.0047164,0.0049031,0.0073235,0.0061443,0.0085623,0.00394,0.0057904,0.0027938,0.0025818,0.0054139,0.0066086,0.0053877,0.0037278,0.0085177,0.0077476,0.0042717,0.0027177,0.0070136,0.00668,0.0041228,0.0017479,0.0096334,0.0073018,0.0095791,0.0050324,0.0039831,0.009369,0.0041033,0.010814,0.0036002,0.0050226,0.0049264,0.0060736,0.0078226,0.0044468,0.0052036,0.003138,0.0056907,0.006787,0.0043489,0.0035573,0.0069297,0.004934,0.003818,0.008117
0.019891,0.0092047,0.020232,0.020646,0.013591,0.016717,0.023881,0.021295,0.012185,0.0080131,0.010765,0.011299,0.011269,0.019226,0.023513,0.017324,0.014773,0.021642,0.012137,0.012163,0.013783,0.024543,0.016127,0.0061948,0.01646,0.016234,0.02305,0.017309,0.01176,0.013083,0.014324,0.013175,0.026589,0.013291,0.014636,0.020814,0.0099687,0.017314,0.010999,0.012792,0.013564,0.015926,0.019501,0.007068,0.016774,0.019134,0.0096445,0.012798,0.019925
0.024314,0.014507,0.019896,0.025987,0.020513,0.021124,0.020419,0.020123,0.011609,0.010836,0.024873,0.030128,0.016606,0.023373,0.017224,0.019659,0.023007,0.017272,0.013106,0.018493,0.020904,0.017232,0.01516,0.010937,0.020058,0.017913,0.016029,0.014336,0.022822,0.014683,0.019041,0.022493,0.013039,0.030449,0.014377,0.023814,0.013047,0.014538,0.017354,0.012216,0.021714,0.012357,0.015369,0.0092917,0.016818,0.019116,0.021694,0.010175,0.018894
0.017999,0.0328,0.017416,0.034082,0.018725,0.021026,0.017968,0.015457,0.023293,0.024138,0.0026971,0.024445,0.024318,0.017597,0.01422,0.018379,0.024387,0.010796,0.016145,0.01796,0.023669,0.013293,0.017462,0.02735,0.031264,0.024422,0.013456,0.015786,0.039733,0.015927,0.023655,0.019898,0.01248,0.022963,0.034743,0.018464,0.027991,0.015025,0.024962,0.014656,0.025533,0.028042,0.014147,0.025076,0.017108,0.013297,0.038238,0.0011391,0.018883
0.029673,0.0293,0.034916,0.037276,0.016683,0.019177,0.021803,0.017113,0.029218,0.028896,1.1272e-05,0,0.028772,0.034588,0.015003,0.022842,0.016837,0.010145,0.016171,0.036427,0.019261,0.02181,0.016735,0.031876,0.016087,0.015156,0.015576,0.029039,0.01364,0.02705,0.026405,0.023268,0.0060096,0.03007,0.050997,0.012068,0.0316,0.036543,0.032007,0.024824,0.014223,0.040507,0.022262,0.036213,0.032381,0.016349,0.012364,0,0.024472
0.0033816,0.0040576,0.0031842,0.0031245,0.0061882,0.0021163,0.0093931,0.0023456,0,0.0033641,0,0,0.0040175,0.01632,0.018865,0.0052702,0.0017282,0.0011411,0.00031258,0.01074,6.0257e-05,0.020762,0.00017928,0.0090826,0,0.011522,0.016808,0.011801,0.0079833,0.011787,0.0080062,0.0086544,0.00085364,0.00012439,0.0025268,0.015449,0.00019371,0.0033173,0.003169,0.012099,0,4.3107e-05,0.0049757,0.0020049,0.012385,0.0046119,0,0,0.00026537
0,0,0,0,0.0031959,0,0.00079541,0,0,0,0,0,0,0.00024639,0.005919,0,0,0,0,0.00019994,0,0.0067381,0,0,0,0.00037098,0.0049552,0,0.0016371,1.5855e-06,0.0035202,0,0,0,0,0.0019942,0,0,0,0,0,0,0,0,0.00032957,0,0,0,0
0,0,0,0,0,0,0,0,0,0,0,0,0,0,0,0,0,0,0,0,0,0,0,0,0,0,0,0,0,0,0,0,0,0,0,0,0,0,0,0,0,0,0,0,0,0,0,0,0
0,0,0,0,0,0,0,0,0,0,0,0,0,0,0,0,0,0,0,0,0,0,0,0,0,0,0,0,0,0,0,0,0,0,0,0,0,0,0,0,0,0,0,0,0,0,0,0,0
0,0,0,0,0,0,0,0,0,0,0,0,0,0,0,0,0,0,0,0,0,0,0,0,0,0,0,0,0,0,0,0,0,0,0,0,0,0,0,0,0,0,0,0,0,0,0,0,0
0.0078391,0.0035766,0.013354,0.0068211,0.0054138,0.0054127,0.0080652,0.0069302,0.0094669,0.0034857,0.0066654,0.0031637,0.0030774,0.0062026,0.0075635,0.005534,0.0036763,0.0088671,0.0081654,0.0044574,0.0029427,0.0076648,0.0074358,0.0035454,0.0021387,0.010902,0.0080584,0.010916,0.0074289,0.004861,0.0085582,0.0053165,0.011776,0.0042915,0.0049473,0.0052544,0.0071805,0.009156,0.0049867,0.0057874,0.0037644,0.0060833,0.0074843,0.004608,0.0042153,0.0083487,0.0052519,0.0045251,0.0092595
0.022051,0.013095,0.01974,0.018735,0.014328,0.018965,0.022986,0.021602,0.017726,0.010033,0.010979,0.0093378,0.018006,0.020874,0.024867,0.017267,0.014028,0.025058,0.015229,0.014752,0.014621,0.025834,0.020015,0.0085628,0.015473,0.018148,0.023961,0.01842,0.013771,0.015628,0.013066,0.014653,0.024054,0.012808,0.014427,0.022516,0.013851,0.019979,0.016286,0.016342,0.019947,0.010557,0.020898,0.0062762,0.015456,0.024218,0.013594,0.017186,0.02208
0.032407,0.026701,0.020553,0.023403,0.021872,0.026194,0.019115,0.021347,0.012169,0.024687,0.02252,0.027092,0.017083,0.030759,0.019317,0.024869,0.02966,0.018972,0.013369,0.022498,0.023319,0.018819,0.020996,0.022505,0.033668,0.017421,0.01915,0.020138,0.023256,0.01687,0.018846,0.01873,0.016064,0.037559,0.013069,0.029498,0.012728,0.013424,0.02102,0.015682,0.023292,0.012554,0.024418,0.0088765,0.023402,0.025923,0.020739,0.028408,0.023052
0.019534,0.026892,0.012734,0.030765,0.013226,0.02094,0.011296,0.012858,0.015592,0.027041,0.016922,0.034173,0.012845,0.015764,0.013257,0.01814,0.032102,0.014389,0.020996,0.02381,0.028519,0.011925,0.015776,0.02738,0.028739,0.020103,0.012748,0.01461,0.019526,0.014096,0.026142,0.0268,0.01366,0.031878,0.023013,0.01285,0.020169,0.016807,0.016941,0.01251,0.024705,0.019117,0.022573,0.025486,0.01874,0.014284,0.027102,0.0093299,0.017953
0.022933,0.047998,0.029366,0.036858,0.025491,0.022749,0.022925,0.020765,0.034483,0.039087,0.0027733,0.00080495,0.037862,0.019081,0.01268,0.023277,0.019757,0.020628,0.017714,0.026921,0.03385,0.011262,0.028065,0.042171,0.039273,0.023501,0.015316,0.024154,0.03623,0.025654,0.044418,0.03014,0.011972,0.03329,0.048224,0.01452,0.037021,0.028136,0.047634,0.025548,0.031809,0.050075,0.023857,0.062455,0.019745,0.016888,0.015962,0.0022944,0.032907
0.025164,0.032802,0.023301,0.026456,0.0076352,0.021058,0.015553,0.027534,0.018598,0.019644,0,0,0.025652,0.031446,0.014538,0.022827,0.02033,0.015782,0.014696,0.032177,0.015675,0.016779,0.022175,0.028927,0.017368,0.01326,0.011625,0.025923,0.0052287,0.036903,0.0090746,0.037547,0.0083753,0.019885,0.030855,0.014723,0.024938,0.030344,0.032799,0.039366,0.007349,0.015243,0.030544,0.009189,0.027142,0.016231,0.0055522,0,0.023696
0.011002,0.025676,0.0033314,0.0011561,0.013641,0.0099556,0.017797,0.012987,0.00015366,0.010077,0,0,0.0067942,0.0079548,0.012599,0.019166,0.0033882,0.011612,0.008887,0.014925,0.014463,0.013678,0.00055637,0.0043033,0.0058401,0.0072313,0.011305,0.0081658,0.0097087,0.021963,0.013783,0.019687,0.0034061,0.012052,0.0053162,0.010515,0.00015904,0.012194,0.012117,0.021639,0,0,0.015054,0,0.02271,0.0068969,0.00045254,0,0.0094188
0,0,0,0,0.00031171,0,0,0,0,0,0,0,0,0,0,0,0,0,0.00038074,0,0,0,0,0,0,0,0,0,0,3.7615e-06,1.7041e-05,3.3306e-05,0,0,0,0,0,0,0.00034205,3.0077e-05,0,0,0,0,2.9406e-06,0,0,0,0
0,0,0,0,0,0,0,0,0,0,0,0,0,0,0,0,0,0,0,0,0,0,0,0,0,0,0,0,0,0,0,0,0,0,0,0,0,0,0,0,0,0,0,0,0,0,0,0,0
0,0,0,0,0,0,0,0,0,0,0,0,0,0,0,0,0,0,0,0,0,0,0,0,0,0,0,0,0,0,0,0,0,0,0,0,0,0,0,0,0,0,0,0,0,0,0,0,0
0.0083376,0.0041927,0.011257,0.0072882,0.0068199,0.006266,0.0083363,0.0072527,0.010914,0.002203,0.0077224,0.0036734,0.0033684,0.0065541,0.0082696,0.0058172,0.0038364,0.0092882,0.0083763,0.0040901,0.0030639,0.0084662,0.0077384,0.0026508,0.002399,0.0097784,0.0086884,0.010149,0.00909,0.0057375,0.0061927,0.0056879,0.012935,0.0051389,0.0045315,0.0053318,0.0077033,0.008433,0.0053286,0.0063908,0.0042594,0.0060829,0.0073633,0.0052416,0.0046755,0.0084969,0.004979,0.0047988,0.0093923
0.020088,0.01293,0.014378,0.014925,0.014471,0.019655,0.021413,0.018867,0.019222,0.010644,0.01325,0.0067829,0.025014,0.019984,0.02194,0.017269,0.011335,0.026185,0.013844,0.014961,0.012487,0.023177,0.018781,0.009792,0.009955,0.016766,0.021029,0.017911,0.019401,0.01495,0.016885,0.013116,0.024192,0.013515,0.01399,0.017979,0.015616,0.017817,0.01782,0.014468,0.02053,0.0075193,0.02041,0.0059647,0.013396,0.023423,0.014959,0.024438,0.019247
0.026543,0.028699,0.019349,0.019752,0.030385,0.02932,0.019981,0.024076,0.020706,0.034831,0.020285,0.0292,0.030169,0.026165,0.024284,0.031779,0.0379,0.029345,0.024838,0.030647,0.024737,0.022519,0.025169,0.02983,0.051806,0.022856,0.025512,0.028859,0.024934,0.032065,0.028132,0.023891,0.020004,0.040991,0.011678,0.027818,0.021898,0.024709,0.028256,0.028168,0.034375,0.017574,0.016657,0.016043,0.027373,0.028021,0.029726,0.037713,0.019437
0.027954,0.042414,0.019571,0.026698,0.013184,0.025801,0.011428,0.012969,0.012457,0.043075,0.023066,0.034547,0.014968,0.029297,0.016468,0.019367,0.047091,0.017302,0.027231,0.03,0.034537,0.014321,0.023932,0.04037,0.024987,0.014426,0.016811,0.018438,0.011624,0.021668,0.029199,0.02315,0.011321,0.061883,0.016282,0.017159,0.01607,0.01697,0.022394,0.018252,0.027395,0.018213,0.023875,0.029137,0.024175,0.019157,0.029748,0.03243,0.022174
0.014729,0.032854,0.015862,0.024616,0.0272,0.021824,0.01685,0.021347,0.017888,0.027573,0.0097226,0.0067014,0.020572,0.014246,0.01194,0.021376,0.028057,0.01506,0.024825,0.022586,0.031388,0.011649,0.019777,0.03167,0.033753,0.025044,0.011892,0.019919,0.036384,0.020443,0.024572,0.024499,0.011188,0.025458,0.031215,0.019701,0.021303,0.016821,0.024812,0.016609,0.026507,0.028462,0.018915,0.040522,0.019,0.016245,0.02053,0.025609,0.019749
0.02532,0.03881,0.021838,0.032492,0.038402,0.018433,0.019518,0.01668,0.035638,0.023205,0.00082207,0,0.018499,0.018679,0.011709,0.01586,0.025145,0.02613,0.02064,0.022411,0.047312,0.012058,0.02467,0.021808,0.026706,0.028514,0.014524,0.016938,0.034749,0.018983,0.025551,0.01669,0.0062879,0.018974,0.040848,0.023398,0.043994,0.022878,0.032879,0.02176,0.029076,0.039786,0.022156,0.041503,0.018255,0.013366,0.029118,0.0024613,0.028091
0.024029,0.024017,0.025685,0.014231,0.0057749,0.019246,0.0078261,0.025096,0.012932,0.021,0,0,0.032536,0.010035,0.0065091,0.022335,0.020244,0.013901,0.00909,0.027256,0.019441,0.0077841,0.023985,0.031238,0.020104,0.0068891,0.0044802,0.026513,0.014555,0.032713,0.0058116,0.030638,0.010615,0.0049634,0.022333,0.0051258,0.012398,0.028076,0.016468,0.034467,0.0057231,0.02032,0.02334,0.012586,0.02913,0.014199,0.016996,0,0.018261
0.00033546,0.00015819,0.00099614,0.00011265,0.0011251,0.0002312,0.00027508,0.00013647,0,0.0089864,0,0,0.0084127,0,0,0.0013532,0,0.0069048,0.0039374,0,0.0090015,0,0,0.0043426,0,0,0,0.00040548,0.0016328,0.006665,0.00034991,0.0063353,0.0010435,0.0041713,0,1.9532e-07,0,0.0038613,0.015048,0.011595,0,0.0020116,0.0060292,0.010925,0.0020851,9.9156e-05,0,0,0.00039008
0,0,0,0,0,0,0,0,0,0,0,0,0,0,0,0,0,0,0,0,0,0,0,0,0,0,0,0,0,0,0,0,0,0,0,0,0,0,1.1937e-05,0,0,0,0,0,0,0,0,0,0
0,0,0,0,0,0,0,0,0,0,0,0,0,0,0,0,0,0,0,0,0,0,0,0,0,0,0,0,0,0,0,0,0,0,0,0,0,0,0,0,0,0,0,0,0,0,0,0,0
0.0089417,0.0038319,0.010592,0.0066313,0.0071483,0.0063828,0.0075678,0.006946,0.011852,0.0017092,0.0083014,0.0052556,0.0040366,0.0065048,0.0087823,0.0060634,0.0041638,0.010561,0.0087052,0.0037588,0.0033216,0.0087854,0.0075032,0.0018084,0.0027769,0.0084831,0.0091723,0.0092524,0.0077776,0.0064991,0.0047958,0.0069694,0.014046,0.0059641,0.0041794,0.005427,0.0080424,0.0086689,0.0051203,0.0077595,0.0044165,0.0052625,0.0071719,0.0034625,0.0055784,0.0084631,0.0049625,0.0045283,0.0089358
0.01686,0.013298,0.011649,0.013221,0.013624,0.017781,0.019688,0.017452,0.018845,0.0086152,0.020888,0.0035375,0.014855,0.016772,0.022638,0.015686,0.0084488,0.020749,0.015628,0.014921,0.0094261,0.021684,0.017736,0.0091814,0.0055567,0.01553,0.022513,0.017184,0.014564,0.013183,0.016682,0.012431,0.026708,0.017924,0.012565,0.017473,0.017152,0.012705,0.012249,0.012294,0.015309,0.0063515,0.019563,0.010022,0.013798,0.020418,0.017508,0.022938,0.019482
0.02913,0.016329,0.024554,0.020093,0.036156,0.030982,0.024869,0.027372,0.027379,0.033181,0.026404,0.02477,0.051482,0.026069,0.031585,0.029637,0.032262,0.028857,0.040333,0.030162,0.02178,0.029007,0.02409,0.037253,0.042268,0.032184,0.032453,0.034833,0.031418,0.019025,0.035032,0.014642,0.027308,0.03897,0.011684,0.026767,0.024532,0.031221,0.033073,0.016823,0.049991,0.021154,0.017909,0.024633,0.028265,0.028936,0.028693,0.038628,0.022111
0.02958,0.040804,0.022176,0.026981,0.028661,0.040373,0.024213,0.028385,0.02454,0.048208,0.030243,0.03092,0.029505,0.028034,0.019834,0.035925,0.059851,0.032221,0.046545,0.036228,0.031524,0.019015,0.030078,0.046278,0.065005,0.029601,0.023132,0.025814,0.033113,0.030103,0.037572,0.024074,0.018167,0.061804,0.013843,0.033194,0.026555,0.033753,0.038872,0.029797,0.031549,0.040164,0.017283,0.034209,0.030499,0.034753,0.038304,0.055245,0.026272
0.025562,0.024221,0.012845,0.038421,0.025872,0.030001,0.023322,0.024542,0.013099,0.031335,0.023866,0.039869,0.021704,0.020992,0.018769,0.025376,0.039526,0.018508,0.025849,0.02371,0.03685,0.016812,0.024428,0.0246,0.024837,0.021991,0.018788,0.014575,0.022408,0.012869,0.023246,0.022081,0.012103,0.036486,0.017803,0.022763,0.017743,0.015134,0.019271,0.011992,0.024338,0.020179,0.02303,0.026786,0.01688,0.029184,0.02186,0.035308,0.020362
0.0085636,0.018898,0.014841,0.02131,0.018857,0.015474,0.011589,0.022434,0.013966,0.019748,0.024649,0.020642,0.013022,0.010105,0.0097592,0.012216,0.017219,0.0080644,0.0089563,0.013645,0.019772,0.0097751,0.021763,0.015757,0.023366,0.014039,0.0096552,0.0131,0.021349,0.018714,0.012329,0.014829,0.0070607,0.013337,0.018846,0.01401,0.021992,0.018223,0.019566,0.017815,0.026202,0.023774,0.019684,0.019265,0.017721,0.01596,0.028386,0.017576,0.017355
0.0041336,0.0092004,0.01139,0.0074092,0.0056376,0.0046317,0.0022194,0.0053198,0.010923,0.0062569,0.00022037,0.020944,0.002515,0.0031111,0.0021362,0.0041703,0.023698,0.0051936,0.0023083,0.0056523,0.0083494,0.0018137,0.013125,0.0048164,0.0072981,0.0056033,0.0020669,0.0076104,0.0095343,0.007388,0.0013102,0.0082437,0.0026544,0.0016103,0.014758,0.0026799,0.0096374,0.010398,0.0072317,0.0072738,0.0094046,0.010291,0.0087098,0.0064796,0.010168,0.0044142,0.026449,0,0.0053956
0.00029028,0.00016682,0.0036462,0.00027768,9.0864e-06,0.00013382,0,0.00038564,1.7089e-05,0.00431,0.00031495,0,0.0075838,6.9295e-07,1.5235e-06,0.00040605,0.002926,0.0017471,0.00028016,8.6078e-05,0.0034128,1.3504e-06,0,0.0076971,0,3.6093e-07,0,0.003333,0.0017078,0.0066638,6.28e-06,0.0054434,0.00049687,0.00080848,0.00028706,6.6642e-06,7.3393e-08,0.0065898,0.0034948,0.0077657,1.9783e-05,0.0069503,0.005775,0.012829,0.0023441,0.00064598,0.00041515,0,0.00051344
0,0,0,0,0,0,0,0,0,0,2.9798e-05,0,0,0,0,0,0,0,0,0,0,0,0,0,0,0,0,0,0,0,0,0,0,0,0,0,0,0,2.8812e-05,0,0,0,0,0,0,0,0,0,0
0,0,0,0,0,0,0,0,0,0,0,0,0,0,0,0,0,0,0,0,0,0,0,0,0,0,0,0,0,0,0,0,0,0,0,0,0,0,0,0,0,0,0,0,0,0,0,0,0
0.0081541,0.0036356,0.0090396,0.005742,0.0079095,0.0061192,0.0070864,0.0064897,0.010593,0.0016396,0.0091426,0.0086856,0.0044121,0.0058603,0.009987,0.0050622,0.0049901,0.012185,0.009021,0.0034535,0.0031712,0.0097012,0.0072986,0.0016094,0.0034074,0.0083906,0.01014,0.0089148,0.0066334,0.0080074,0.0049119,0.0085199,0.01516,0.0062794,0.0039605,0.0064194,0.0068927,0.0083049,0.0050789,0.0090605,0.0058973,0.0041852,0.0083778,0.0033439,0.0055109,0.0082077,0.0059432,0.004572,0.0088939
0.016305,0.0079759,0.013163,0.012363,0.013404,0.016119,0.01987,0.016437,0.017261,0.0074126,0.02379,0.0037534,0.0097356,0.015315,0.02357,0.015548,0.0063048,0.019293,0.015381,0.015249,0.012615,0.020962,0.017359,0.0076151,0.0064414,0.015742,0.024724,0.01682,0.012198,0.015779,0.013112,0.015726,0.030423,0.015028,0.01021,0.018189,0.017033,0.011479,0.0087761,0.017427,0.011549,0.0068851,0.013234,0.0090801,0.017932,0.019264,0.017537,0.017841,0.019915
0.032563,0.015707,0.031145,0.01931,0.039258,0.033067,0.026775,0.030278,0.026895,0.025347,0.033103,0.027953,0.037838,0.029236,0.039401,0.030741,0.014802,0.022234,0.041666,0.030279,0.020708,0.032294,0.028137,0.029741,0.011126,0.037019,0.041142,0.036359,0.037425,0.016121,0.044267,0.016317,0.028144,0.016739,0.010545,0.033141,0.028955,0.023645,0.028384,0.018319,0.03097,0.02094,0.018569,0.032852,0.036565,0.031396,0.025818,0.034429,0.024351
0.02833,0.023636,0.027358,0.02457,0.065509,0.035122,0.024343,0.034005,0.033676,0.044945,0.05324,0.01816,0.065477,0.029352,0.035011,0.036226,0.045132,0.034658,0.065728,0.033641,0.03513,0.031072,0.03828,0.048773,0.054762,0.040886,0.039721,0.041,0.043154,0.022765,0.042881,0.018558,0.028148,0.041863,0.015237,0.032902,0.031305,0.042052,0.046633,0.023511,0.061465,0.033972,0.024453,0.040241,0.036124,0.03386,0.039882,0.054506,0.026021
0.01799,0.021837,0.011506,0.031211,0.041899,0.02986,0.023294,0.026591,0.013,0.03105,0.035595,0.023231,0.02501,0.016399,0.020118,0.033356,0.03887,0.034429,0.021037,0.01891,0.032097,0.020142,0.030122,0.021208,0.051431,0.021774,0.021791,0.022615,0.031008,0.014517,0.017952,0.01433,0.024778,0.027075,0.021405,0.023227,0.016167,0.016278,0.023106,0.015097,0.028559,0.025067,0.019285,0.017612,0.027955,0.029692,0.02317,0.044757,0.024346
0.006401,0.0086861,0.0049752,0.016647,0.010527,0.014824,0.011572,0.013044,0.0055468,0.0095031,0.022632,0.048366,0.010929,0.0047966,0.011502,0.013462,0.014354,0.0098091,0.0039414,0.007643,0.0092784,0.01058,0.012611,0.006874,0.014866,0.006293,0.0093952,0.0094319,0.010704,0.0063369,0.0054877,0.008884,0.014422,0.0071107,0.012909,0.0088293,0.010145,0.0064957,0.007136,0.0053866,0.01371,0.0084556,0.0091741,0.0064772,0.0099,0.012387,0.014657,0.025489,0.0097197
0.00062817,0.0008567,0.0030573,0.0034021,0.00048162,0.00090996,0.00058797,0.0015585,0.0045218,0.0012886,0.016031,0.029821,0.0011546,0.00082642,0.0014852,0.00072441,0.004923,0.0011085,0.00038471,0.00070088,0.0012299,0.0017577,0.0036568,0.0010877,0.0019553,0.00037132,0.00067676,0.0019944,0.0015566,0.001885,0.00029467,0.001017,0.0015581,0.00049834,0.002234,0.0013765,0.005396,0.0028525,0.00093928,0.0012552,0.0050305,0.0035174,0.0040195,0.0010833,0.0030326,0.0017706,0.0082341,0.0033798,0.00066101
1.472e-05,1.167e-05,0.00083481,2.1353e-05,3.17e-06,3.5881e-05,7.2115e-06,6.1283e-06,0.0002488,0.00061028,0.014192,0,0.00035217,9.9309e-06,3.8943e-05,1.3491e-05,0.0037499,9.1637e-08,5.4734e-06,4.4717e-06,2.7248e-05,3.8886e-05,0.00017007,0.00071116,8.7651e-05,0,2.1524e-06,0.00072454,3.6273e-05,0.00040727,1.9109e-07,0.00033856,3.2605e-05,2.4545e-05,6.268e-05,0.00014864,2.7961e-05,0.00077189,7.9136e-05,0.0006793,0.00029857,0.00090762,0.0004053,0.00092282,0.00074549,4.9103e-05,0.0019689,1.9335e-05,4.5797e-06
0,0,0,0,0,0,0,0,0,0,0.0021094,0,0,0,0,0,0,0,0,0,0,0,0,0,0,0,0,0,0,0,0,0,0,0,5.2968e-07,0,0,0,0,0,1.0656e-07,0,0,0,0,0,3.9692e-05,0,0
0,0,0,0,0,0,0,0,0,0,0,0,0,0,0,0,0,0,0,0,0,0,0,0,0,0,0,0,0,0,0,0,0,0,0,0,0,0,0,0,0,0,0,0,0,0,0,0,0
0.0076991,0.0036762,0.0096173,0.0065434,0.0084507,0.0059119,0.0072669,0.0069732,0.01064,0.0023652,0.010747,0.016508,0.0051186,0.0078129,0.011533,0.0050806,0.0055813,0.014784,0.010193,0.0034835,0.0033521,0.011428,0.0067022,0.0022753,0.0060491,0.0083687,0.012262,0.0094319,0.0057262,0.0090172,0.0054769,0.0095957,0.016531,0.0063664,0.0040374,0.007744,0.0074195,0.0063825,0.0048124,0.010495,0.010855,0.0044918,0.010883,0.0034115,0.0061543,0.0083661,0.0057383,0.0043552,0.0089766
0.014499,0.0022822,0.012518,0.0098827,0.014077,0.01403,0.018783,0.015912,0.017096,0.011193,0.026224,0.0056187,0.0098278,0.015801,0.025456,0.013941,0.0062713,0.02314,0.018636,0.013498,0.010535,0.024122,0.01551,0.010282,0.010295,0.016867,0.02702,0.013701,0.0098191,0.014595,0.014388,0.013119,0.037138,0.011382,0.0073753,0.021383,0.016646,0.013309,0.0077318,0.01672,0.011326,0.0076637,0.015677,0.0084649,0.011608,0.02053,0.016517,0.016191,0.015266
0.032601,0.014531,0.025433,0.016196,0.016161,0.01849,0.021696,0.020796,0.032194,0.038706,0.041387,0.032664,0.013781,0.030146,0.027726,0.020083,0.0068071,0.022225,0.038887,0.026856,0.020031,0.023704,0.023351,0.032931,0.0076604,0.036179,0.026909,0.0162,0.034119,0.018723,0.034816,0.01916,0.031584,0.015418,0.0098804,0.042743,0.03082,0.023089,0.011403,0.021648,0.015228,0.022444,0.014917,0.028242,0.013446,0.036841,0.037072,0.033257,0.021986
0.026899,0.020765,0.023855,0.021618,0.039641,0.028627,0.025124,0.024936,0.038757,0.038255,0.067315,0.036005,0.023735,0.025257,0.031212,0.028148,0.013186,0.026944,0.051776,0.029146,0.030267,0.028018,0.037884,0.034613,0.010643,0.038728,0.032389,0.023949,0.039405,0.020577,0.037353,0.021739,0.021123,0.0192,0.018704,0.031066,0.034256,0.025905,0.022813,0.024223,0.027638,0.030113,0.017103,0.048596,0.026371,0.033942,0.042194,0.065205,0.02818
0.012404,0.020057,0.01029,0.023736,0.030065,0.02345,0.028364,0.025542,0.019166,0.023137,0.057509,0.040037,0.033578,0.012704,0.02462,0.021112,0.019679,0.03909,0.017892,0.016771,0.025639,0.027088,0.031406,0.018738,0.017898,0.020732,0.027175,0.018086,0.020967,0.012631,0.018975,0.011856,0.025425,0.016143,0.02538,0.01669,0.017983,0.016415,0.018579,0.014743,0.03294,0.019972,0.021621,0.017917,0.016696,0.020389,0.019052,0.042215,0.022953
0.002174,0.0038788,0.0014904,0.0096733,0.0082612,0.013278,0.02418,0.015231,0.0037832,0.0041033,0.023991,0.030176,0.0081322,0.0014857,0.013737,0.010521,0.0085323,0.01728,0.0038619,0.0036699,0.0078276,0.016619,0.0091542,0.0023811,0.012331,0.0033123,0.013055,0.0085017,0.0047942,0.0036964,0.0023877,0.0057664,0.026933,0.0047271,0.016652,0.0043396,0.0059729,0.0030108,0.0030812,0.0040719,0.011124,0.0063551,0.0082195,0.0026659,0.0070386,0.0077339,0.006271,0.017313,0.010142
0.00024473,0.0002274,0.00052463,0.00081147,0.000375,0.0036179,0.0038689,0.003306,0.00086927,0.00021272,0.012994,0.011124,0.0012784,0.00018884,0.0024822,0.00075987,0.0015214,0.0018316,0.00066433,0.00031941,0.00057951,0.0024807,0.0013766,0.00011204,0.0019887,2.391e-05,0.0012807,0.0027392,0.00027719,0.00092886,3.9719e-05,0.0012971,0.011394,0.00043638,0.0021786,0.00044738,0.0015833,0.00069567,0.00037925,0.00064101,0.0012711,0.00067444,0.0020358,0.00011909,0.0018769,0.001239,0.0012941,0.011231,0.0014756
1.6148e-05,6.0631e-06,0.00013473,1.7338e-05,3.8759e-06,0.00020194,0.00012505,6.1058e-05,0.00012814,5.2984e-05,0.003742,0.0019301,9.6051e-06,1.1322e-05,0.00023364,1.1643e-05,0.00047133,1.6592e-05,6.7915e-05,1.0112e-05,1.8962e-05,0.000181,8.0731e-05,6.4653e-05,1.8483e-05,0,1.1414e-05,3.9835e-05,1.4926e-06,1.0368e-05,9.9833e-08,3.7145e-06,0.00018382,1.5706e-05,5.1335e-06,1.9486e-05,7.4483e-05,1.0884e-05,3.3361e-05,8.5533e-06,5.1356e-05,0.00014494,3.4472e-05,3.1456e-05,8.1318e-05,6.1106e-05,0.00020554,0.0016829,2.2004e-05
0,0,2.57e-06,1.4981e-09,0,1.7908e-09,0,5.4369e-10,3.8121e-06,3.3843e-07,0.00012494,2.6704e-05,3.2686e-08,1.8066e-07,0,1.0511e-08,3.0752e-06,0,4.1295e-08,0,0,0,9.579e-07,7.1432e-08,8.6252e-09,0,0,8.3971e-08,0,4.3629e-09,0,1.4457e-10,5.1957e-07,1.3079e-09,6.7571e-07,0,4.6088e-07,1.7487e-06,0,7.0979e-08,2.0062e-06,1.1063e-06,1.1741e-06,1.5362e-06,1.2382e-07,2.0489e-08,2.1401e-05,2.2065e-05,4.751e-11
0,0,0,0,0,0,0,0,0,0,0,0,0,0,0,0,0,0,0,0,0,0,0,0,0,0,0,0,0,0,0,0,0,0,0,0,0,0,0,0,0,0,0,0,0,0,0,0,0
0.0086833,0.0034528,0.010277,0.0073849,0.0094571,0.0062111,0.0073822,0.0070724,0.0099181,0.0052869,0.013127,0.02614,0.0087097,0.012471,0.013213,0.0061834,0.0074136,0.015413,0.011244,0.0040642,0.0038864,0.013502,0.0084482,0.0033603,0.0075946,0.0085734,0.012935,0.010289,0.0068431,0.0086637,0.0063278,0.0083411,0.018099,0.0062663,0.0045475,0.0081705,0.0070156,0.0068889,0.0047465,0.0097545,0.018196,0.0068226,0.01466,0.0074954,0.0058131,0.0087239,0.0095485,0.0053788,0.0093938
0.016975,0.0021367,0.014313,0.0088381,0.012094,0.012549,0.019305,0.016139,0.016108,0.010251,0.026469,0.026776,0.01595,0.018127,0.024802,0.013672,0.009921,0.022142,0.02036,0.012494,0.0076881,0.027919,0.01106,0.008229,0.015783,0.015625,0.025495,0.014685,0.0081577,0.0077685,0.01408,0.0075579,0.039453,0.010737,0.0062637,0.020428,0.013543,0.01343,0.0084404,0.008501,0.02329,0.009231,0.012248,0.0096207,0.0092648,0.018809,0.016229,0.017053,0.01631
0.028123,0.0079195,0.035076,0.011552,0.020093,0.022388,0.018369,0.015467,0.030062,0.0074405,0.033088,0.041551,0.012493,0.029049,0.023067,0.013436,0.0074526,0.012615,0.034062,0.016157,0.0097561,0.02605,0.017053,0.01075,0.015733,0.027451,0.023918,0.0066797,0.0080912,0.020367,0.01746,0.014575,0.044999,0.015384,0.0097117,0.037727,0.029409,0.014674,0.015431,0.018995,0.012746,0.02906,0.020288,0.032824,0.0063575,0.02477,0.020416,0.037091,0.016013
0.029293,0.0039139,0.027438,0.011616,0.020122,0.020925,0.016422,0.016022,0.038076,0.01787,0.034735,0.04595,0.0092723,0.029702,0.019633,0.017289,0.0078392,0.011853,0.032211,0.01741,0.018783,0.018851,0.021014,0.020781,0.010786,0.032258,0.021293,0.009138,0.017555,0.016728,0.024349,0.014766,0.016556,0.011296,0.011001,0.033352,0.029842,0.016859,0.011463,0.017132,0.012766,0.036434,0.020763,0.043688,0.010338,0.031705,0.028033,0.070792,0.015292
0.0071442,0.012613,0.0094797,0.011138,0.0094427,0.011981,0.012774,0.0098715,0.024566,0.011501,0.029088,0.05162,0.0083756,0.010903,0.014104,0.012163,0.0057225,0.011287,0.010908,0.010037,0.013844,0.013079,0.022971,0.009965,0.0055394,0.01524,0.013857,0.0066339,0.011835,0.015552,0.011394,0.014409,0.013778,0.0046224,0.014213,0.012151,0.020176,0.0088055,0.0058061,0.018682,0.01079,0.016695,0.018986,0.01523,0.0094696,0.014073,0.013736,0.032244,0.015658
0.0016966,0.003172,0.0007816,0.0055622,0.0018129,0.0058926,0.0091572,0.0063909,0.0046069,0.0034081,0.014509,0.029418,0.0055848,0.0010221,0.0066433,0.0040803,0.0025953,0.0085457,0.0058249,0.0026215,0.0045391,0.0069871,0.0080527,0.0023048,0.0019657,0.0022898,0.0065134,0.0026733,0.0015621,0.0034938,0.0019995,0.0031417,0.013519,0.0015183,0.010284,0.0028173,0.0041357,0.002475,0.0013204,0.0037069,0.0060532,0.004304,0.0090073,0.0027551,0.0027785,0.0037504,0.0035668,0.014224,0.0045379
0.00016592,0.00016329,6.0215e-05,0.00021096,0.00015178,0.0023622,0.0050697,0.0028339,0.00039668,9.1453e-06,0.0039684,0.005257,0.00047516,2.609e-05,0.0021616,0.00038028,0.00041192,0.0013053,0.0012904,6.1219e-05,0.00047637,0.0024522,0.00084464,4.6385e-06,0.0006716,7.2442e-06,0.001772,0.0012124,3.1446e-05,0.00045778,3.4445e-06,0.00081298,0.0086702,0.00031573,0.0013105,0.00019702,0.00038949,0.00016748,5.2639e-05,0.00075377,0.00061626,0.00077437,0.00087183,9.6391e-05,0.00046251,0.00051715,0.00018397,0.0078135,0.001094
1.0641e-05,8.4351e-07,1.23e-05,6.7286e-06,2.0784e-06,0.00017015,0.00017457,0.00015041,5.0563e-05,8.9502e-07,0.00065066,0.0020994,4.1654e-07,3.3223e-06,0.00011798,3.0895e-06,1.0999e-05,3.0468e-05,0.0001038,4.7853e-07,3.3702e-05,9.1038e-05,4.1304e-05,2.6998e-06,3.3321e-06,0,2.3063e-05,1.3525e-06,2.2229e-08,5.3294e-06,5.7679e-11,2.8104e-06,0.00051698,6.8619e-06,1.2347e-05,1.3857e-06,2.2682e-05,6.0127e-07,6.2921e-07,1.4669e-06,3.3209e-06,1.3328e-05,4.2379e-05,1.762e-06,2.4373e-06,4.6179e-05,1.2919e-05,0.0022452,3.1714e-05
0,0,1.3323e-06,8.9028e-09,0,3.2024e-06,0,1.2106e-07,4.7167e-06,5.5926e-09,8.4443e-06,5.1398e-05,1.177e-08,1.5422e-07,0,2.7329e-08,1.7307e-07,0,1.0003e-06,0,1.8685e-07,0,3.757e-07,2.1686e-08,1.7785e-10,0,0,1.8061e-08,0,4.7235e-08,0,0,3.4105e-06,1.203e-09,1.7929e-08,0,2.6418e-06,2.3031e-07,0,2.7264e-08,2.1999e-07,1.0419e-07,2.4728e-07,3.395e-07,2.0697e-08,4.0231e-07,1.8812e-07,0.00012155,1.6268e-07
0,0,0,0,0,0,0,0,0,0,0,6.9396e-09,0,0,0,0,0,0,0,0,0,0,0,0,0,0,0,0,0,0,0,0,0,0,0,0,0,0,0,0,0,0,0,0,0,0,0,3.8672e-09,0
