0.085815,0.11174,0.01912,0.14386,0.029756,0.07071,0.030968,0.39123,0.030601,0.067138,0.34392,0.024198,0.27547,0.018662,0.01246,0.018313,0.076092,0.054922,0.12711,0.027557,0.17397,0.13914,0.029097,0.016023,0.21027,0.027155,0.1067,0.12802,0.014568,0.017016,0.078772,0.063275,0.1212,0.075349,0.18566,0.52378,0.13496,0.019722,0.080784,0.063446,0.13605
0.065946,0.021519,0.036964,0.15327,0.060908,0.062446,0.073467,0.00041664,0.066257,0.037611,0.0040342,0.04361,0.062245,0.079926,0.032729,0.047668,0.037007,0.088392,0.036883,0.078915,0.0077225,0.040158,0.0573,0.052145,0.12122,0.042255,0.10167,0.097593,0.04657,0.048237,0.017731,0.097166,0.044045,0.19253,0.069038,0.0006708,0.11353,0.039519,0.10479,0.023911,0.073891
0.078532,0.057964,0.063707,0.10498,0.074806,0.10331,0.065716,0.058312,0.072455,0.15419,0.0060398,0.042748,0.032259,0.088768,0.08181,0.076824,0.02372,0.073153,0.059516,0.10129,0.0046177,0.11795,0.10501,0.067181,0.010088,0.1007,0.12456,0.098337,0.076145,0.069193,0.16251,0.10004,0.15306,0.13288,0.03135,0.0018709,0.086324,0.067532,0.088059,0.087009,0.12281
0.079099,0.080634,0.099907,0.061288,0.10019,0.037767,0.11739,1.8248e-05,0.094761,0.092099,0.00045006,0.13422,0.041214,0.12685,0.099871,0.083708,0.17949,0.072551,0.080852,0.087892,0.12611,0.054239,0.10555,0.086267,0.16861,0.1051,0.16592,0.039473,0.092936,0.082091,0.015229,0.080793,0.09381,0.053169,0.074627,0.00079154,0.095979,0.094823,0.074413,0.063427,0.063093
0.10976,0.088083,0.10382,0.010404,0.096164,0.10371,0.08907,0.025737,0.10106,0.14998,0.0011219,0.092156,0.034521,0.11387,0.12636,0.10556,0.094331,0.087808,0.092863,0.089279,0.11147,0.080227,0.14198,0.10347,0.040484,0.097487,0.047713,0.045895,0.10107,0.10973,0.19335,0.1031,0.10063,0.025927,0.031005,0.0022563,0.07755,0.096276,0.055989,0.08012,0.038689
0.088437,0.11759,0.11371,0.033123,0.12322,0.10402,0.12377,0.014906,0.11811,0.082307,0.00049684,0.094022,0.064359,0.11644,0.13565,0.10028,0.047155,0.11755,0.080816,0.095149,0.1891,0.045531,0.10332,0.11991,0.18394,0.13369,0.07533,0.06768,0.11867,0.1154,0.031829,0.098332,0.14801,0.043403,0.043588,0.00097809,0.059947,0.11884,0.081802,0.072911,0.032199
0.11643,0.076984,0.14582,0.019983,0.12963,0.051851,0.1405,0.00034472,0.11312,0.10166,0.00073023,0.19085,0.046519,0.12547,0.10506,0.11933,0.21398,0.10524,0.12333,0.12252,0.018506,0.14796,0.10384,0.13019,0.037414,0.09842,0.1049,0.17733,0.12913,0.12294,0.17441,0.11085,0.090097,0.015702,0.010669,0.00098507,0.023799,0.13155,0.11926,0.15117,0.022184
0.093204,0.14845,0.14179,0.016833,0.12177,0.10208,0.10425,0.048985,0.11999,0.093238,0.006156,0.103,0.13375,0.10011,0.13821,0.13496,0.068931,0.086378,0.10504,0.11494,0.016018,0.018216,0.11892,0.12955,0.076833,0.12688,0.11937,0.10011,0.12527,0.13623,0.030546,0.08583,0.15664,0.018999,0.046327,0.002027,0.039101,0.14472,0.069268,0.074403,0.040799
0.13584,0.14873,0.12274,0.024817,0.1247,0.126,0.13895,0.00035296,0.11821,0.14705,0.0058804,0.10508,0.063375,0.093037,0.10992,0.14913,0.044761,0.15841,0.11862,0.13572,0.096372,0.17421,0.10316,0.13923,0.060652,0.12166,0.03634,0.12346,0.13623,0.14435,0.14921,0.11561,0.030171,0.055196,0.037722,0.00028555,0.037154,0.1435,0.074075,0.17016,0.053406
0.12884,0.13778,0.14257,0.40141,0.12515,0.23089,0.099681,0.45127,0.1499,0.059032,0.62085,0.15244,0.2271,0.10713,0.12992,0.15054,0.18781,0.14802,0.16452,0.12346,0.23569,0.1618,0.11178,0.14885,0.077704,0.12015,0.10533,0.09132,0.1474,0.14518,0.11474,0.13942,0.049972,0.33514,0.45703,0.45398,0.29522,0.1347,0.22952,0.20103,0.38696
0.0001381,0.0025964,0.0019553,5.0527e-06,0.049616,0.0037858,1.4331e-05,0.00088526,0.00063565,0.0037356,0.0055322,0.0036073,0.0020862,0.00068539,0.00053641,0.002233,7.2069e-05,0.0033267,0.0011927,0.0001599,0.0010303,3.4341e-05,0.0015374,0.00581,0.00031058,0.0017388,0.0046426,6.8999e-05,0.0025136,0.0024343,0.00012466,0.012452,1.2876e-06,4.1928e-06,0.0026249,4.6002e-05,9.9793e-06,0.0040701,0.00045147,0.0030986,3.053e-05
0.00044279,0.002704,5.9402e-05,4.0063e-05,0.01141,0.0035847,3.1814e-05,0.0052272,9.6697e-07,2.6942e-06,0.0050155,0.00043945,1.5827e-05,9.0995e-09,1.368e-06,0.00070607,7.2711e-05,0.0028701,9.7495e-05,5.6454e-05,0.00053911,5.054e-06,5.0176e-06,0.0063891,1.6102e-07,6.416e-08,3.269e-05,8.6967e-05,1.1797e-05,0.0041779,0.00016983,5.4592e-05,3.0402e-06,9.7858e-06,4.9283e-05,3.1771e-05,1.3722e-05,0.02465,0.0005255,0.0058025,3.8909e-05
0.00015883,0.00073674,9.3722e-06,1.0839e-05,0.00033419,0.00091719,3.6509e-05,0.0242,3.0979e-09,3.6158e-07,0.0020666,8.0381e-05,2.1068e-05,0,2.4986e-07,0,4.8395e-06,0.0017383,0.00021288,1.1047e-05,0.00011819,0.00081069,2.1172e-06,0.0022234,2.625e-06,0,7.6621e-06,2.2561e-05,5.3451e-05,1.6542e-05,0.00012175,3.2032e-07,0.00011927,2.3993e-05,4.3136e-05,7.5955e-06,3.0612e-05,0.0066716,0.00030626,0.00097402,2.3265e-06
2.5478e-05,4.27e-05,7.0892e-05,0,1.1567e-05,1.7823e-05,4.1745e-05,0.00086731,0,0,0.00026123,1.2961e-05,1.0749e-05,0,0,0,0,0.00036978,0.00013379,1.4073e-06,8.5488e-06,0.00012268,5.5948e-06,0.00064478,0.0051277,0,2.9623e-06,3.7985e-06,0.00023447,4.3029e-06,0.00017946,0.0073413,0.021688,0,1.2602e-06,5.4213e-07,0.00034126,0.0011532,0.00042849,0.00013404,7.6891e-07
0.0034148,1.2517e-06,0.0059128,0,0,0,7.7101e-06,0,0,0,2.1691e-05,0,0.00076313,0.00011135,0,0,0,2.089e-05,4.1765e-05,2.107e-05,1.7281e-08,0.0023133,0.00014005,8.0235e-06,0.0091361,0,0.0073229,0.0070784,0.00202,1.3048e-07,0.011755,0,0.0006439,0,0.0019236,0.015644,0.0025628,4.8781e-05,4.5572e-05,0,0
2.7424e-05,0,0,0,0,0,4.8936e-07,0,0,0,0.0020538,0,0.0035922,0.0043654,0,0,0,1.0677e-07,9.4424e-05,0.0041686,0,0,0.00071164,0,0,0,0.00090641,1.153e-08,0.0010805,0,0,0,0,0,0.001023,0,0.0025299,0,2.173e-06,0,0
0,0,0,0,0,0,0,0,0,0,0,0,0,0,0,0,0,0.00069204,0,0,0,0,0,0,0,0,0,0,0,0,0,0,0,0,0,0,0,0,0,0,0
0,0,0,0,0,0,0,0,0,0,0,0,0,0,0,0,0,0,0,0,0,0,0,0,0,0,0,0,0,0,0,0,0,0,0,0,0,0,0,0,0
0,0,0,0,0,0,0,0,0,0,0,0,0,0,0,0,0,0,0,0,0,0,0,0,0,0,0,0,0,0,0,0,0,0,0,0,0,0,0,0,0
0,0,0,0,0,0,0,0,0,0,0,0,0,0,0,0,0,0,0,0,0,0,0,0,0,0,0,0,0,0,0,0,0,0,0,0,0,0,0,0,0
0.002429,0.0027535,0.0038511,1.6963e-05,0.058733,0.0050298,2.4072e-05,0.0024948,0.008316,0.011172,0.004358,0.011416,0.0092382,0.0013639,0.0034372,0.0053619,0.0039002,0.0021679,0.00098917,0.0018328,0.0013507,3.0957e-05,0.015652,0.012249,0.00034812,0.014218,0.01409,0.0021549,0.005264,0.010345,0.0017641,0.030169,0.0012403,7.8366e-06,0.0082187,8.3676e-05,2.0981e-05,0.0093787,0.0051332,0.0087627,0.0027207
0.0006469,0.0036035,0.00013349,0.00019321,0.027747,0.0037208,0.00010247,0.0043523,0.0007252,0.00039838,0.0073126,0.0047147,0.00011739,2.527e-06,5.8227e-05,0.0040857,8.2531e-05,0.0010121,0.0002437,0.00016129,0.0010158,2.438e-06,3.0096e-05,0.019186,4.4164e-05,2.8414e-07,0.00011146,2.4876e-05,8.0587e-05,0.020806,5.0265e-05,0.0016303,2.0217e-05,3.1876e-05,8.0854e-05,0.00011919,5.0855e-05,0.034253,0.00087504,0.019922,0.00017405
0.0004111,0.00086674,6.3442e-05,0.00032321,0.001375,0.0011214,0.00023085,0.0298,0.000215,2.761e-05,0.0079743,0.0014229,0.00020667,7.3926e-08,2.7526e-05,8.6847e-05,2.5876e-05,0.0019879,0.0011025,0.00033012,0.00028561,0.0024681,1.4525e-05,0.0080663,3.8506e-05,0,0.00026416,1.2844e-05,0.00018518,0.002155,7.2078e-05,0.00025932,0.00035512,0.00075919,9.5527e-05,4.9188e-05,0.00025922,0.0088746,0.00060794,0.0063053,0.00012723
0.00032662,0.00063515,0.00018114,2.2534e-06,0.0002172,3.5562e-05,0.00062749,0.0011339,8.686e-06,8.748e-06,0.0014346,0.00067443,0.00046726,4.4668e-08,1.0065e-05,0,2.1743e-05,0.0012738,0.0029519,0.00013146,7.4008e-05,0.0024108,9.8003e-05,0.00182,0.0022945,0,0.00019036,8.5498e-06,0.0010626,9.3404e-05,0.00022227,0.010194,0.042446,5.3233e-05,0.00010228,2.3411e-05,0.001068,0.0011923,0.00064823,0.0010702,2.1494e-05
0.0022484,0.00052958,0.013172,0,3.6349e-06,0,0.0010395,0,0,2.075e-06,0.00011105,2.8867e-05,0.0014692,0.00013287,0,0,0,0.00020075,0.0012145,0.00011442,1.9482e-06,0.003133,0.00029176,8.0886e-05,0.029654,0,0.0091609,0.014411,0.010691,1.4927e-06,0.019954,0.00088204,0.017427,0,0.00051902,0.021045,0.0061775,0.00010101,0.00041619,1.3721e-05,4.7883e-06
0.0042256,8.4024e-05,0.00058622,0,0,0,0.00014694,0,0,2.1472e-06,0.0043414,0,0.0052106,0.004051,0,0,0,1.9897e-06,0.00011255,0.0075604,0,9.4632e-06,0.0007957,0,0,0,0.001422,0.00068622,0.0092155,0,0.0014434,0,0,0,0.0016977,5.3898e-10,0.0057997,0,0.00012067,0,0
0,0,0,0,0,0,8.2024e-08,0,0,0,0,0,0,0,0,0,0,0.00086217,0,0,0,0,0,0,0,0,0,0,0,0,0,0,0,0,0,0,0,0,1.3344e-08,0,0
0,0,0,0,0,0,0,0,0,0,0,0,0,0,0,0,0,0,0,0,0,0,0,0,0,0,0,0,0,0,0,0,0,0,0,0,0,0,0,0,0
0,0,0,0,0,0,0,0,0,0,0,0,0,0,0,0,0,0,0,0,0,0,0,0,0,0,0,0,0,0,0,0,0,0,0,0,0,0,0,0,0
0,0,0,0,0,0,0,0,0,0,0,0,0,0,0,0,0,0,0,0,0,0,0,0,0,0,0,0,0,0,0,0,0,0,0,0,0,0,0,0,0
0.0023331,0.0044594,0.0057555,0.00093377,0.0844,0.0070032,0.0058657,0.0034691,0.024934,0.026454,0.0041529,0.01819,0.010304,0.0093296,0.0074776,0.0088058,0.0066581,0.0014349,0.0045446,0.00035308,0.0059759,3.9544e-05,0.021811,0.016031,0.0026943,0.0095561,0.020826,0.00069284,0.011145,0.015488,0.0003582,0.032146,0.00044778,8.8822e-06,0.0084242,0.00052466,4.4524e-05,0.015279,0.0052571,0.0098095,0.00012931
0.00054479,0.0038185,0.00031535,0.00026895,0.029251,0.0049172,0.00013234,0.0010953,0.038374,0.0044566,0.010342,0.015636,0.0013461,2.1142e-05,0.00049103,0.013848,0.0001464,0.0013947,0.0012434,0.00020805,0.0020677,4.9481e-06,0.0005946,0.029939,0.00046545,2.6361e-05,0.00033923,2.8288e-05,0.00023813,0.035387,4.62e-05,0.0055654,0.00010376,0.00011372,6.7971e-05,0.00014165,0.00013752,0.028876,0.00093941,0.022727,0.00023183
0.0031288,0.0044096,0.000565,0.0035054,0.001041,0.0023048,0.00063461,0.0293,0.0055757,0.00060551,0.013326,0.0074401,0.00091779,1.4779e-05,0.0016335,0.0089642,0.00064073,0.0033922,0.0037061,0.0027769,0.0013923,0.0062744,0.0012635,0.013291,0.00021253,9.351e-07,0.0019907,4.8988e-05,0.00047476,0.0051579,8.9322e-05,0.0029621,0.00050209,0.0011092,0.00017798,0.00025595,0.0010972,0.0073028,0.00033808,0.017743,0.0016159
0.0015522,0.013494,0.0010476,0.0011067,0.00016507,0.00028654,0.020525,0.00096916,2.6543e-05,0.00016368,0.0038349,0.003782,0.0052155,0.00049382,0.0029224,3.7393e-07,0.00030729,0.0044424,0.018942,0.0057203,0.00026861,0.0049592,0.00014063,0.0020747,0.0019477,7.1128e-06,0.0077112,4.0173e-05,0.0032367,9.6597e-05,0.0018649,0.0084064,0.052481,0.0045644,0.0047401,0.001588,0.0022647,0.00095824,0.015131,0.0020985,0.00052474
0.00021125,0.009298,0.0082183,0,1.3044e-05,4.9405e-07,0.041785,1.5878e-07,4.9403e-07,0.00013973,0.00063714,0.00050438,0.0060132,0.0029196,0.0016569,0,0.00031194,0.0015452,0.011212,0.0018527,1.4151e-05,0.00045218,0.00042178,0.00017361,0.025964,3.1702e-05,0.0050502,0.0039481,0.028948,1.2679e-06,0.0026926,0.0060792,0.039355,0.00034651,0.0007254,0.010545,0.0084814,0.00011005,0.027627,0.00029243,0.00045379
0.0021286,0.0010673,0.0049432,0,0,0,0.00067736,0,0,0.0026711,0.0016777,0,0.0028201,0.00097161,1.5987e-05,0,0.0036765,8.4189e-05,0.00038631,0.0053601,0.002166,0.0011357,0.00025197,0,0,5.3712e-05,0.0007738,0.0077573,0.011149,0,0.0077355,2.5656e-07,0,0,0.00053276,0.00051306,0.0063672,1.2487e-06,0.00072144,0,8.9364e-06
0,4.2262e-05,0,0,0,0,5.1154e-05,0,0,4.7307e-05,0.00085062,0,3.5313e-06,0,0,0,0,0.00036605,0,0.00037628,2.8871e-07,0,0,0,0,0,0,0,0,0,0,0,0,0,0,0,0,0,3.818e-06,0,0
0,0,0,0,0,0,0,0,0,0,0,0,0,0,0,0,0,1.8988e-05,0,0,0,0,0,0,0,0,0,0,0,0,0,0,0,0,0,0,0,0,0,0,0
0,0,0,0,0,0,0,0,0,0,0,0,0,0,0,0,0,0,0,0,0,0,0,0,0,0,0,0,0,0,0,0,0,0,0,0,0,0,0,0,0
0,0,0,0,0,0,0,0,0,0,0,0,0,0,0,0,0,0,0,0,0,0,0,0,0,0,0,0,0,0,0,0,0,0,0,0,0,0,0,0,0
0.0016678,0.010471,0.010777,0.00050031,0.082837,0.0061075,0.004731,0.005313,0.023733,0.034923,0.0054792,0.025357,0.021384,0.0042899,0.019325,0.0066622,0.0012795,0.0018343,0.0045251,0.00062871,0.0065777,0.0010402,0.032556,0.022862,0.0028058,0.034979,0.024316,0.0093921,0.017033,0.019169,0.0081396,0.034255,0.0038791,0.0052558,0.015842,0.0022395,0.00082148,0.019692,0.011918,0.016089,0.0068672
0.00074453,0.013262,0.0010153,0.00022518,0.026004,0.0069805,0.00023932,0.0018138,0.035677,0.011348,0.010711,0.02041,0.0043035,0.00012223,0.0017826,0.012842,0.0012722,0.0038344,0.0019311,0.00054358,0.0045654,1.199e-05,0.0044774,0.035063,0.00029379,0.00033053,0.0027013,5.2889e-05,0.0006693,0.036006,8.1983e-05,0.0095242,8.128e-05,1.2235e-06,7.1845e-05,0.00014624,0.00064937,0.025642,0.00040563,0.016456,0.00024813
0.0096694,0.047891,0.0033866,0.012308,0.00039624,0.0043697,0.00083438,0.026672,0.0056042,0.0030634,0.016713,0.020984,0.0027701,0.00036271,0.0039167,0.080475,0.0024755,0.0057131,0.0091106,0.0031687,0.0029223,0.0082816,0.012886,0.0099694,0.00055979,0.00027196,0.0028907,0.00010111,0.0013835,0.0027587,0.00016211,0.0056188,0.00061727,0.0011467,0.00032214,0.00044071,0.0014249,0.0069356,0.0011412,0.040404,0.0071105
0.0042702,0.038889,0.011316,0.028262,7.5786e-06,0.00042813,0.081811,0.0019026,0.00012801,0.00058949,0.0084393,0.01109,0.014616,0.0091539,0.022677,0.010656,0.0013922,0.0096389,0.055321,0.02352,0.000705,0.00915,0.0038612,0.0017008,0.0128,0.00031824,0.03224,0.000229,0.012551,7.2335e-05,0.01254,0.005441,0.056753,0.025044,0.034759,0.0271,0.0058859,0.00065199,0.018465,0.0058719,0.019258
0.00092471,0.0096208,0.012875,9.4732e-06,0,3.4313e-07,0.060979,1.1726e-06,1.5354e-05,0.00023824,0.00087381,0.0015595,0.039818,0.020541,0.026901,0.00014993,0.00025568,0.0074173,0.048004,0.016496,9.3054e-05,0.00015715,0.00035499,0.00020666,0.012339,0.01082,0.010794,0.00066523,0.055,8.99e-07,0.0028024,0.0012838,0.048692,0.0089163,0.0042728,0.0018264,0.010687,6.7793e-05,0.032032,0.0011351,0.002208
0.00020844,0.0015423,0.0064484,0,0,0,0.0030508,0,0,0.00093699,0.00062462,2.148e-06,0.0045264,0.00011796,6.7318e-05,0,0.0046277,0.00023088,0.00074687,0.0030807,0.0010878,0.00043194,3.9092e-05,4.8473e-06,2.5827e-06,0.00096882,0.001482,0.0035023,0.011734,0,0.0036758,1.7737e-06,0,0,7.943e-05,0.0029655,0.0049763,4.3518e-07,0.0014518,1.849e-06,6.2199e-05
0,7.568e-05,5.0457e-05,0,0,0,0.00019155,0,0,3.2157e-06,7.7681e-05,0,1.9178e-05,0,0,0,1.4239e-06,0.00011542,0,0.0013901,3.8956e-05,0,0,0,0,0,0,1.0003e-05,0,0,1.0642e-06,0,0,0,6.9409e-08,0,9.2406e-06,0,7.5005e-05,0,0
0,0,0,0,0,0,0,0,0,0,0,0,0,0,0,0,0,3.8154e-05,0,0,0,0,0,0,0,0,0,0,0,0,0,0,0,0,0,0,0,0,0,0,0
0,0,0,0,0,0,0,0,0,0,0,0,0,0,0,0,0,0,0,0,0,0,0,0,0,0,0,0,0,0,0,0,0,0,0,0,0,0,0,0,0
0,0,0,0,0,0,0,0,0,0,0,0,0,0,0,0,0,0,0,0,0,0,0,0,0,0,0,0,0,0,0,0,0,0,0,0,0,0,0,0,0
0.0046026,0.015914,0.021645,0.009171,0.081794,0.0074368,0.006756,0.0056208,0.020417,0.041351,0.0049778,0.038268,0.023247,0.013644,0.027964,0.010756,0.012967,0.0018997,0.0098928,0.006764,0.0068863,0.001837,0.044225,0.023427,0.0034844,0.039812,0.038034,0.011583,0.026685,0.020436,0.0077952,0.035535,0.0022088,0.0082287,0.039854,0.0025717,0.0047207,0.019341,0.021168,0.019744,0.0084639
0.0012928,0.023886,0.0025801,0.001379,0.026262,0.013099,0.00036888,0.0030625,0.026315,0.022632,0.011809,0.020801,0.0079152,0.00060955,0.0050923,0.011047,0.006179,0.007526,0.003154,0.00085592,0.008477,1.2828e-05,0.012713,0.03065,0.0008918,0.0012241,0.0086257,0.00012331,0.0031878,0.038697,8.411e-05,0.015314,0.00024875,0.00063993,0.00033749,0.00017053,0.00068072,0.021931,0.0003212,0.014538,0.00028481
0.02449,0.089589,0.0050509,0.0022056,1.7833e-07,0.0042143,0.001553,0.019525,0.0071352,0.0081819,0.011912,0.018936,0.0036924,0.001941,0.0018191,0.11731,0.0055467,0.0082043,0.0081795,0.0017361,0.0041487,0.00013382,0.020303,0.0064788,0.0017762,0.0012954,0.0039349,0.00050949,0.0018792,0.0017297,0.0003882,0.0066983,0.00089779,0.00047663,0.00079447,0.0009586,0.0017654,0.0080582,0.0043911,0.04301,0.00376
0.0080199,0.031076,0.043487,0.052471,0,0.00036826,0.015202,0.0052867,0.00036018,0.00090859,0.014285,0.026104,0.0055716,0.0039388,0.0058105,0.035244,0.0022875,0.053967,0.10262,0.033674,0.00097569,0.021362,0.028461,0.0011163,0.029979,0.0002291,0.021619,0.0013202,0.022105,3.8151e-05,0.022825,0.0037447,0.033903,0.0080165,0.028732,0.062006,0.0109,0.00058783,0.0072946,0.034161,0.11345
0.0043798,0.0080085,0.052534,0.00030222,0,3.7131e-07,0.059004,5.3365e-05,9.6886e-05,0.00037341,0.0026925,0.0036311,0.056436,0.013689,0.020764,8.1784e-05,0.00044207,0.0094546,0.062607,0.086078,0.00026119,0.0031433,0.00021501,0.00015973,0.02079,0.0071423,0.026203,0.01909,0.068541,1.1732e-07,0.0289,0.00066041,0.055635,0.0082319,0.015769,0.0070351,0.023826,2.1311e-05,0.022196,0.0014357,0.0081836
0.00031426,0.00092511,0.0075125,0,0,2.3982e-11,0.0099606,7.7456e-07,0,6.4855e-05,0.00030508,2.2258e-06,0.0080919,4.97e-05,3.218e-05,0,0.00042595,0.0025125,0.00056885,0.0076357,0.00011138,3.6864e-05,4.6868e-06,0.00013523,0.00050594,0.00029311,0.0015462,0.0015934,0.011833,0,0.0008205,1.8281e-06,5.0254e-05,0,0.0002836,0.00060523,0.0040148,1.2586e-08,0.0044414,5.0745e-07,5.7686e-05
2.7613e-08,1.4916e-05,0.00018387,0,0,0,0.00035831,0,0,0,4.9761e-06,0,6.7856e-06,0,0,0,0,1.4401e-05,0,0.00053828,3.6884e-06,1.3433e-05,0,0,0,0,0,0.00023228,0,0,0.00063998,0,0,0,1.0984e-07,2.5841e-05,1.095e-05,0,0.00051349,0,0
0,0,0,0,0,0,0,0,0,0,0,0,0,0,0,0,0,2.3991e-08,0,4.3438e-08,0,0,0,0,0,0,0,2.494e-07,0,0,0,0,0,0,0,0,0,0,5.5044e-06,0,0
0,0,0,0,0,0,0,0,0,0,0,0,0,0,0,0,0,0,0,0,0,0,0,0,0,0,0,0,0,0,0,0,0,0,0,0,0,0,0,0,0
0,0,0,0,0,0,0,0,0,0,0,0,0,0,0,0,0,0,0,0,0,0,0,0,0,0,0,0,0,0,0,0,0,0,0,0,0,0,0,0,0
0.00098232,0.022347,0.024877,0.019828,0.069223,0.007186,0.0097672,0.0071905,0.01864,0.059937,0.0042002,0.041742,0.036232,0.029959,0.048037,0.013609,0.023695,0.0026634,0.011505,0.01316,0.016655,0.0032623,0.074556,0.020722,0.0074565,0.067911,0.044711,0.024995,0.032855,0.019483,0.015896,0.025776,0.0084636,0.0156,0.047122,0.0046595,0.0084711,0.019934,0.02246,0.016824,0.016999
0.0023909,0.034229,0.0063141,0.0079626,0.025556,0.019545,0.0027542,0.0051176,0.02412,0.023475,0.014188,0.028273,0.019845,0.0037269,0.018602,0.012512,0.0060148,0.0090129,0.0071081,0.0016399,0.010627,2.0852e-05,0.021889,0.03114,0.0038274,0.004257,0.018827,8.912e-05,0.010398,0.033223,0.00010422,0.037064,0.00090378,0.0033284,0.012309,0.00019284,0.0026704,0.016525,0.0008145,0.020006,0.0020075
0.028197,0.063782,0.0049368,0.0041262,1.3181e-08,0.0037896,0.0019841,0.0081336,0.0082554,0.01046,0.0092088,0.017071,0.0078576,0.0041881,0.0027782,0.040481,0.0091435,0.011053,0.0035847,0.00084827,0.0074536,8.9833e-05,0.0088465,0.0041446,0.0033429,0.0024412,0.0048017,0.002065,0.0037488,0.002522,0.0010643,0.0090377,0.0015176,2.261e-06,0.0012405,0.003515,0.0026695,0.0078196,0.0085288,0.03608,0.0023071
0.026131,0.028074,0.015685,0.018209,0,0.000134,0.0036196,0.010063,0.00076822,0.0031002,0.020123,0.033775,0.0038573,0.0020916,0.0024399,0.050749,0.0033444,0.0091049,0.046408,0.0059955,0.0029431,0.013183,0.029283,0.00056239,0.01372,0.00070606,0.0060151,0.0028731,0.0055077,5.0695e-05,0.0033867,0.005168,0.0031955,0.0020588,0.006898,0.020126,0.0051873,0.00057669,0.0051833,0.070167,0.042894
0.013314,0.0051969,0.064727,0.0022765,0,9.2775e-07,0.020087,0.00032878,0.00018665,0.00040328,0.024433,0.0078409,0.016202,0.0074907,0.010959,0.00015401,0.0012406,0.043178,0.064251,0.066207,0.00060944,0.0078654,0.002944,0.00014918,0.020855,0.00027084,0.017915,0.0034869,0.036162,5.6252e-09,0.017983,0.0009464,0.029939,0.0033158,0.011526,0.034536,0.02206,1.1522e-05,0.015987,0.00088376,0.023581
0.00041511,0.00022189,0.0060008,0,0,2.8111e-08,0.02379,5.0778e-06,0,9.6346e-06,0.0011993,0,0.0089636,6.2488e-05,2.0482e-06,0,7.7371e-05,0.0035805,0.00021345,0.021892,1.6918e-05,0.00029639,1.0722e-06,0.00096944,0.0033603,1.6815e-05,0.00044775,0.00081233,0.0060078,2.7556e-07,0.006844,3.992e-06,0.00053074,0,0.0026484,0.0021766,0.002591,1.258e-07,0.010179,0,4.2962e-05
1.3544e-06,6.129e-07,6.0776e-05,0,0,4.6345e-07,0.00017961,6.6905e-07,0,0,7.738e-06,0,1.2958e-07,0,0,0,0,0.00038772,0,0.00030388,0,1.2259e-06,0,0.00025176,0,0,0,0.00010273,0,4.7955e-06,0.00023904,0,0,0,1.7302e-07,0.00018693,1.2543e-06,3.2042e-05,0.00041804,0,0
0,0,0,0,0,0,0,0,0,0,0,0,0,0,0,0,0,2.6781e-07,0,2.1242e-08,0,4.0067e-08,0,0,0,0,0,4.4449e-06,0,0,4.8179e-05,0,0,0,0,1.4476e-06,0,7.3513e-05,6.6717e-05,0,0
0,0,0,0,0,0,0,0,0,0,0,0,0,0,0,0,0,0,0,0,0,0,0,0,0,0,0,0,0,0,3.718e-09,0,0,0,0,3.2868e-09,0,0,7.7213e-07,0,0
0,0,0,0,0,0,0,0,0,0,0,0,0,0,0,0,0,0,0,0,0,0,0,0,0,0,0,0,0,0,0,0,0,0,0,0,0,0,0,0,0
0.0018712,0.02736,0.04241,0.068855,0.082583,0.0097703,0.028987,0.009556,0.023245,0.059394,0.0037572,0.043448,0.047108,0.045193,0.052283,0.01428,0.051678,0.0039531,0.019577,0.018849,0.018246,0.0029642,0.081554,0.024433,0.010387,0.076127,0.056086,0.011685,0.043581,0.019942,0.017426,0.012342,0.009522,0.041052,0.081272,0.010888,0.019112,0.02728,0.031059,0.022687,0.045276
0.0028608,0.035396,0.012562,0.03396,0.02075,0.027371,0.008027,0.005915,0.027472,0.039429,0.013603,0.032995,0.030207,0.0074189,0.036848,0.016509,0.0081328,0.0097194,0.0080897,0.0036576,0.01101,5.7953e-05,0.036707,0.028298,0.0083121,0.011176,0.031235,0.00012468,0.017138,0.027456,8.3431e-05,0.066098,0.0042466,0.0071387,0.032868,0.00017512,0.02097,0.014921,0.00079408,0.021492,0.0074868
0.01525,0.041093,0.0053045,0.0027732,0,0.0041199,0.0027933,0.0080164,0.0055183,0.017292,0.012805,0.021083,0.010739,0.0047856,0.0072398,0.02287,0.0068169,0.013301,0.0061121,0.0016961,0.013696,7.0352e-05,0.0055796,0.00289,0.0048736,0.0028294,0.0061695,0.0038089,0.0053431,0.0046732,0.0022781,0.015898,0.0027197,0.0020048,0.0015482,0.0045008,0.0032378,0.0061331,0.010308,0.02407,0.0030784
0.058413,0.02727,0.0070414,0.0018889,0,2.4824e-05,0.0020388,0.0073223,0.0013869,0.0049987,0.017628,0.022492,0.005809,0.004076,0.0018251,0.040092,0.0079515,0.012637,0.0055418,0.0021758,0.0060961,0.0021932,0.0054225,0.0003718,0.0033416,0.001147,0.0043809,0.0055249,0.0027673,0.00012141,0.0056005,0.0090882,0.0016735,0.00052098,0.0044896,0.0079046,0.0029232,0.0005008,0.0086928,0.059082,0.0044404
0.030947,0.0024571,0.017404,0.0016254,0,1.4554e-06,0.0031543,0.0030627,9.0601e-05,0.00031195,0.037356,0.0065726,0.0037694,0.001885,0.0031821,0.00087515,0.0018013,0.013832,0.033985,0.011197,0.00064545,0.0086821,0.004342,0.00011036,0.0037167,6.2126e-05,0.0044997,0.0023104,0.0076719,1.7722e-06,0.0055432,0.0010697,0.002842,0.00085746,0.0045534,0.0157,0.004055,1.3592e-05,0.0066988,0.00014756,0.011683
0.00043869,5.2614e-05,0.0033012,0,0,0.00035557,0.012953,0.00015642,5.4892e-06,8.8769e-07,0.0043816,0,0.0025864,5.4113e-05,6.2211e-08,0,1.5302e-05,0.013204,0.00016075,0.022071,1.9954e-06,0.002057,1.3311e-06,0.0036955,0.0013813,1.8239e-06,8.2958e-05,0.00030435,0.0011392,0.00022691,0.0063029,5.4888e-07,0.0010647,0,0.0022896,0.012803,0.0012781,5.0022e-05,0.0034838,8.9664e-08,9.1434e-05
5.2157e-06,2.074e-06,1.7894e-05,0,0,0.00011121,0.00016945,6.2969e-05,5.3356e-05,0,1.8873e-05,0,0,0,0,0,0,0.0019456,0,0.00011622,0,2.7638e-05,0,0.0044432,3.3467e-07,0,0,6.9027e-05,0,0.0001762,0.00076276,0,0,0,4.8931e-05,0.00038203,1.8965e-06,0.00066801,0.0012071,0,0
0,0,0,0,0,1.5868e-05,0,4.6291e-06,2.3451e-05,0,3.7382e-11,0,0,0,0,0,0,1.5918e-07,0,0,0,2.2291e-08,0,0,0,0,0,2.236e-06,0,0,0.00016845,0,0,0,0,6.2492e-06,0,0.0013201,8.7802e-05,0,0
0,0,0,0,0,0,0,0,0,0,0,0,0,0,0,0,0,0,0,0,0,0,0,0,0,0,0,0,0,0,7.2139e-07,0,0,0,0,9.2682e-08,0,0,0,0,0
0,0,0,0,0,0,0,0,0,0,0,0,0,0,0,0,0,0,0,0,0,0,0,0,0,0,0,0,0,0,0,0,0,0,0,0,0,0,0,0,0
0.022159,0.024115,0.058746,0.16047,0.084096,0.01096,0.046495,0.017128,0.02485,0.077095,0.0043151,0.040797,0.044379,0.077318,0.080433,0.023467,0.080232,0.0066169,0.034002,0.028501,0.04986,0.0065756,0.10821,0.020625,0.029446,0.1265,0.05818,0.066112,0.060396,0.023969,0.02396,0.018642,0.021932,0.070619,0.079086,0.022395,0.082708,0.028555,0.050679,0.020578,0.051717
0.0035549,0.031482,0.032639,0.018481,0.01399,0.027228,0.026475,0.0047833,0.022638,0.066639,0.012001,0.045609,0.049332,0.024355,0.06618,0.026721,0.030562,0.009786,0.023444,0.011236,0.010025,0.00011982,0.053168,0.021986,0.011479,0.030464,0.05251,0.00021259,0.038126,0.020137,8.9529e-05,0.073878,0.0078612,0.022405,0.059508,0.00015995,0.044266,0.015115,0.0080173,0.027347,0.033758
0.0084709,0.036203,0.011498,0.0077349,0,0.0035144,0.010103,0.010354,0.0030767,0.021293,0.014832,0.032849,0.018778,0.0050944,0.023846,0.020413,0.0052132,0.013533,0.0088563,0.0039285,0.019035,0.00038447,0.0058591,0.0024445,0.0094941,0.0034356,0.018636,0.0045581,0.0096795,0.0040288,0.0027586,0.034629,0.0086224,0.0038262,0.0027021,0.0023862,0.015593,0.0040193,0.0051005,0.023206,0.010752
0.021853,0.020376,0.0061656,0.0012581,0,2.6125e-05,0.0018108,0.0090237,0.0012183,0.0048475,0.025954,0.011706,0.0073411,0.0054091,0.0020818,0.027453,0.010332,0.020033,0.0064182,0.0019164,0.013384,0.001952,0.00091856,0.00031663,0.0075356,0.00091227,0.0044025,0.0074845,0.0043377,0.00026766,0.0068124,0.013963,0.0043013,2.0417e-05,0.0044414,0.0073805,0.001547,0.00040831,0.01161,0.05167,0.0017965
0.016545,0.0012205,0.0039347,0.00069488,0,2.151e-05,0.0015082,0.0018556,7.8847e-05,0.00012867,0.01962,0.0021048,0.0016399,0.0013946,0.00072294,0.0011484,0.0014198,0.01362,0.0082649,0.0021695,0.00076047,0.0014948,0.001496,0.00016267,0.0017493,2.9222e-05,0.00096393,0.0034389,0.0021975,0.00019685,0.0055617,0.00067627,0.001047,0.00017032,0.0041483,0.0092401,0.0010915,0.00011922,0.012242,0.0001509,0.0025634
0.0018047,3.5071e-05,0.0014516,0,0,0.005796,0.0020441,0.0051623,0.00015061,4.6572e-07,0.0022937,6.1243e-07,0.00063457,0.00012123,2.0804e-07,0,8.7744e-06,0.0086035,0.00049605,0.0031016,0,0.00047075,1.7427e-05,0.028041,0.00046819,5.3709e-07,2.7183e-05,0.00019988,0.00045057,0.0092068,0.00274,1.5408e-06,0.00074378,0,0.0014291,0.0032318,0.00043407,0.00049302,0.0013346,5.9786e-07,7.5789e-05
4.3346e-06,1.1356e-06,2.5303e-05,0,0,0.0043491,0.00042066,0.085949,0.00087475,0,8.7667e-06,0,0,0,0,0,0,0.0010603,0,2.3423e-05,0,0.00010331,0,0.01472,1.1805e-06,0,0,0.00011218,0,0.0023422,0.00067321,0,4.9533e-09,0,0.00024393,0.0004282,1.8225e-06,0.018831,0.001288,0,0
8.9646e-08,0,0,0,0,3.873e-05,0,0.013842,0.0013182,0,0,0,0,0,0,0,0,0,0,0,0,2.7922e-06,0,0,0,0,0,7.2025e-09,0,0,0.00043729,0,0,0,0,3.4194e-05,6.2781e-10,0.0045644,6.2423e-06,0,0
0,0,0,0,0,0,0,2.9471e-06,0,0,0,0,0,0,0,0,0,0,0,0,0,0,0,0,0,0,0,0,0,0,7.0899e-07,0,0,0,0,1.8028e-07,0,0,0,0,0
0,0,0,0,0,0,0,0,0,0,0,0,0,0,0,0,0,0,0,0,0,0,0,0,0,0,0,0,0,0,0,0,0,0,0,0,0,0,0,0,0
0.058216,0.025295,0.078098,0.15797,0.094497,0.022619,0.08082,0.026067,0.025956,0.078652,0.010176,0.056176,0.079793,0.13751,0.081909,0.042574,0.14355,0.035988,0.033616,0.062621,0.11906,0.023481,0.098074,0.020347,0.09041,0.14982,0.070676,0.14419,0.070392,0.025769,0.11397,0.038089,0.065297,0.16803,0.075281,0.082054,0.16526,0.025353,0.067253,0.021441,0.13075
0.0043249,0.033849,0.065806,0.033009,0.0085326,0.031553,0.073025,0.021706,0.033333,0.089374,0.0081275,0.067696,0.074816,0.077412,0.092839,0.03872,0.095889,0.010594,0.038737,0.045893,0.012114,5.3698e-05,0.065486,0.021461,0.011048,0.068587,0.079187,0.015372,0.076277,0.026866,0.016111,0.020168,0.0091426,0.12244,0.088912,0.00038018,0.095233,0.018657,0.077219,0.03234,0.055568
0.0067461,0.03979,0.032525,0.010919,0,0.0064279,0.024335,0.0076047,0.0011155,0.027829,0.016671,0.034432,0.039857,0.015885,0.030703,0.02186,0.021503,0.014417,0.019059,0.0236,0.014049,0.00030451,0.0049786,0.0019726,0.017357,0.0037983,0.03626,0.0049692,0.017531,0.0022912,0.0037521,0.049542,0.01495,0.017756,0.0093188,0.00079064,0.013177,0.002909,0.013251,0.030648,0.022746
0.0099806,0.015606,0.0057388,0.00069204,0,3.6981e-05,0.012166,0.0092029,0.00049835,0.0027178,0.033313,0.0059897,0.0082549,0.0035344,0.003053,0.021527,0.0055074,0.023383,0.013727,0.0067988,0.012185,0.0017867,0.00052905,0.00041873,0.012143,0.00037654,0.0037587,0.007509,0.004428,0.00020572,0.0079613,0.012992,0.011269,0.0010612,0.006448,0.0025747,0.002046,0.00022005,0.007225,0.035665,0.0015299
0.0031881,0.0007276,0.0019435,0.00014783,0,0.0008347,0.0022096,0.0021736,2.6399e-05,9.0917e-05,0.01973,0.00092424,0.00089866,0.00044574,0.00038055,0.00089247,0.00054604,0.012035,0.01576,0.0025519,0.0011999,0.00070869,0.00032362,0.0032893,0.0016178,1.2889e-05,0.00050326,0.0023002,0.003113,0.0024149,0.00659,0.00044888,0.0017312,5.5053e-05,0.0031421,0.0051063,0.00062448,0.00033083,0.0058571,0.00070701,0.00076916
0.0035252,6.6974e-05,0.0016891,0,0,0.034752,0.00083788,0.00071539,0.00054999,7.4529e-08,0.00060106,9.0918e-06,0.00025814,0.00010264,1.6457e-07,0,2.1716e-06,0.010804,0.001982,0.0018246,0,0.00017491,3.411e-05,0.11867,0.00022156,8.9715e-07,3.5062e-05,0.00045045,0.0012948,0.11815,0.001613,8.1203e-07,0.0001873,0,0.00084582,0.001966,0.00028519,0.0022303,0.0012125,0,0.00020727
4.5588e-05,3.0867e-08,5.9294e-05,0,0,0.028509,0.00038026,0.077607,0.019979,0,1.1611e-06,2.823e-08,0,0,0,0,0,0.00024255,0,0.00016454,0,4.2045e-05,0,0.027316,6.3196e-08,0,0,0.00013806,0,0.04312,0.00082645,0,0,0,0.00030867,0.00063143,1.7795e-05,0.16497,0.0012618,0,0
1.3979e-06,0,0,0,0,0,0,0.02108,0.093115,0,2.4175e-07,0,0,0,0,0,0,0,0,0,0,6.9831e-06,0,0,0,0,0,0,0,0,0.00029294,0,0,0,1.4783e-06,0.00020616,2.2452e-07,0.0024096,0,0,0
0,0,0,0,0,0,0,8.2001e-05,0,0,0,0,0,0,0,0,0,0,0,0,0,0,0,0,0,0,0,0,0,0,8.4371e-09,0,0,0,0,3.3485e-10,3.5184e-10,0,0,0,0
0,0,0,0,0,0,0,0,0,0,0,0,0,0,0,0,0,0,0,0,0,0,0,0,0,0,0,0,0,0,0,0,0,0,0,0,0,0,0,0,0
0.25567,0.027927,0.078761,0.19467,0.10066,0.058358,0.064534,0.049746,0.037178,0.076739,0.18319,0.052169,0.053663,0.16951,0.10265,0.056323,0.13657,0.16537,0.046276,0.11028,0.22553,0.40441,0.10562,0.021022,0.24242,0.17373,0.061831,0.24761,0.078523,0.027121,0.16757,0.1305,0.17471,0.16604,0.085455,0.2242,0.21652,0.03165,0.11116,0.027795,0.18189
0.21985,0.041568,0.10988,0.10153,0.0047719,0.1496,0.077037,0.062316,0.033858,0.10624,0.14739,0.068328,0.091655,0.19718,0.088086,0.053746,0.18265,0.16651,0.056996,0.14595,0.27342,0.29387,0.054012,0.02051,0.23519,0.12372,0.10521,0.2429,0.093177,0.033431,0.2406,0.12167,0.165,0.16699,0.112,0.24461,0.093483,0.022137,0.17327,0.029004,0.11034
0.058779,0.047362,0.049791,0.0047421,0,0.034856,0.073037,0.025235,0.0012762,0.03764,0.099248,0.04474,0.059875,0.049538,0.057716,0.046568,0.081198,0.1121,0.043575,0.088227,0.079424,0.1007,0.0040495,0.0018145,0.056804,0.0016739,0.046113,0.053187,0.023941,0.0038037,0.090447,0.048603,0.032775,0.058034,0.060629,0.084856,0.025683,0.0030115,0.086903,0.045772,0.017238
0.0090644,0.013695,0.006513,0.0018268,0,0.00044864,0.034695,0.006399,0.00047481,0.0016222,0.044378,0.0060953,0.0099706,0.0011169,0.0020351,0.059757,0.0025564,0.050023,0.023414,0.031194,0.0064354,0.026402,0.0011631,0.00044691,0.0074564,0.00011258,0.0033506,0.020541,0.0037498,0.00034764,0.03528,0.011371,0.01379,0.0017957,0.0094357,0.01154,0.0015686,0.00021179,0.022887,0.069415,0.0051758
0.0062414,0.00032468,0.0030757,0.0010847,0,0.011028,0.009425,0.0032942,6.6885e-05,8.0208e-05,0.019923,0.0019915,0.0020644,0.00037316,0.00073601,0.0036862,0.00054835,0.014755,0.042864,0.0071336,0.0019345,0.0053571,0.0006515,0.030801,0.002436,3.7878e-05,0.0017322,0.0031911,0.0041266,0.010984,0.015273,0.00053394,0.0068519,0.00019303,0.0019089,0.0038008,0.00053231,0.00029818,0.0063494,0.0088159,0.0061059
0.005419,4.1055e-05,0.0054395,0,0,0.13923,0.0039459,0.002683,0.00050639,6.6373e-08,0.00060147,0.0003043,0.0022031,0.0001102,5.8801e-06,0,2.9508e-07,0.013543,0.010436,0.011219,0,0.00041594,0.00037205,0.24138,0.00086717,2.4583e-05,5.4875e-05,0.00087694,0.0037313,0.2236,0.0019808,8.8774e-07,0.0010147,0,0.00047083,0.0015279,0.00053552,0.012297,0.0013899,0,0.0011656
0.00023963,1.1576e-08,8.0068e-06,0,0,0.19834,0.0011361,0.26934,0.0428,0,0.00016489,1.2979e-05,0,1.1288e-09,0,0,0,0.0002352,0,0.0012764,0,3.1113e-05,0,0.023114,3.0516e-05,0,0,0.00012534,0,0.089155,0.0014635,0,4.4826e-06,0,0.00031739,0.0013225,8.5442e-05,0.29026,0.0010761,0,0
2.0898e-05,0,0,0,0,0.076101,0,0.019864,0.33146,0,2.8913e-05,0,0,0,0,0,0,1.2202e-07,0,0,0,3.935e-06,0,0,0,0,0,0,0,0,0.00032933,0,0,0,6.599e-06,0.00032373,1.1461e-06,0.00041682,0,0,0
2.8322e-09,0,0,0,0,0,0,0.00037103,1.7807e-08,0,6.5068e-09,0,0,0,0,0,0,0,0,0,0,2.396e-09,0,0,0,0,0,0,0,0,0,0,0,0,0,0,1.3258e-09,0,0,0,0
0,0,0,0,0,0,0,0,0,0,0,0,0,0,0,0,0,0,0,0,0,0,0,0,0,0,0,0,0,0,0,0,0,0,0,0,0,0,0,0,0
