0.20052,0.21785,0.40338,0.19364,0.26923,0.30314,0.34755,0.223,0.41893,0.41775,0.31697,0.32099,0.10268,0.29163,0.19638,0.30389,0.22984,0.1106,0.19757,0.29063,0.59569,0.16182,0.27607,0.24785,0.52549,0.2338,0.36095,0.67972,0.10741,0.26265,0.59308,0.20204,0.3592,0.30871,0.28399,0.44642,0.39368,0.14285,0.34931,0.27616,0.26565
0.0034535,8.8266e-05,0.017549,7.8966e-05,0,0.0020145,3.9418e-05,0.032842,0.0012102,0.0048712,0.00066582,0.028672,0.086302,0.13722,0.080385,0.0077971,0.26084,0.11166,0.0048607,0.12326,0.11202,0.0012164,0.033975,0.079089,0.026437,0.068617,0.030091,0.0076823,0.34325,0.11741,0.010083,0.0020154,0.62187,0,0.0016384,0.00070826,0.35434,0.062476,0.0006311,0.01358,0.01377
0.14231,0.00048217,0.029184,0.00012529,0.00059089,0.0072619,0.00017893,0.042786,0.0032926,1.6247e-06,5.9013e-05,0.062705,0.050766,0.042125,0.035837,0.0013454,0.20796,0.067214,0.0020667,0.0070843,0.0050604,0.2007,0.28585,0.054689,0.16417,0.085647,0.054122,0.009833,0.12067,0.00083289,0.024467,0.0012076,0.00055992,0,0.00022134,0,0.11414,0.018149,0.0093511,0,0.010619
0.009429,0.002377,0.10999,4.9254e-05,0.54098,0,0.15373,0.031076,0.00027463,0.0031207,0.0035798,0.26348,0.16973,0.24157,0.1353,0.060804,0.14933,0.089294,0.2572,0.12899,0.10429,0.026807,0.20497,0.062307,0.24003,0.050953,0.062445,0.015579,0.030759,0.18263,0.049745,0.034757,0.00011144,0,0.0083419,0.00064128,0.065503,0.19317,4.7143e-05,0.0097937,0.0088938
0.32546,0.0017829,0.12578,0.80584,0.17793,0.009245,0.28017,0.0021236,0.5685,0.042636,0.34341,0.32117,0.23354,0.25523,0.53338,0.2796,0.11068,0.078014,0.18197,0.064924,0.078411,0.23746,0.070374,0.098734,0.0012441,0.12539,0.15601,0.080423,0.06303,0.02443,0.18161,0.27881,2.6717e-05,0.69129,0.61978,0.14922,0.0096443,0.17148,0.0019754,0.19746,0.63924
0.17775,0.76588,0.12179,0.00010384,0.0071777,0.60288,0.20556,0.45041,0.0061881,0.52641,0.30104,0.0017423,0.15113,0.026966,0.012096,0.24883,0.041343,0.25206,0.13523,0.068375,0.10453,0.16765,0.07752,0.15781,0.024913,0.139,0.16634,0.14986,0.044353,0.029318,0.079343,0.28402,0.0074475,0,0.047061,0.38669,0.016968,0.15136,0.62202,0.41198,0.023148
0.0067535,0.0059628,0.11575,0,0.0019459,0,0.0017758,0.019461,0.00044036,0.0018329,6.6326e-07,0.00073304,0.099063,0.0039629,0.0042471,0.096605,2.3235e-06,0.096654,0.19065,0.15559,0,0.014854,0.024597,0.040041,0.004081,0.065155,0.059286,0.018336,0.049313,0.16977,0.024813,0.047596,0.0074991,0,0.0023981,0.00034789,0.013071,0.12103,0.0031162,0.0049751,0.0023328
0.07376,0.0033074,0.037486,4.6215e-05,0.0020906,0.0073106,0.00094612,0.036563,7.2813e-05,6.703e-07,0.0029722,0.00050403,0.033672,0.00068411,0.0019244,0.00084395,0,0.026964,0.021653,0.022109,0,0.11584,0.011059,0.037141,0.004394,0.11548,0.041159,0.0091951,0.10649,0.0009309,0.031702,0.0023408,0,0,0.0056092,0.00052886,0.0064165,0.01728,0.0018557,0,0.0146
0.0035051,0.00075081,0.025623,2.2094e-05,0,0.0038586,0.00088412,0.014624,0.00087659,0.00021754,0.0015179,0,0.037725,0.00056915,0.00012425,0.00028688,0,0.10526,0.0028819,0.1017,0,0.0080771,0.0088105,0.088644,0,0.05744,0.022179,0.011876,0.1317,0.093655,0.0022503,0.0041241,0,0,0.017969,0,0.014704,0.074048,0.0015819,0.0012904,0.0098842
0.057056,0.0015205,0.013472,9.1062e-05,4.9626e-05,0.064296,0.0091667,0.14711,0.00021185,0.0031543,0.029784,0,0.035386,4.1144e-05,0.00032103,0,0,0.062281,0.0059195,0.037331,0,0.065572,0.0067759,0.1337,0.0092385,0.058522,0.047424,0.017496,0.0030272,0.11838,0.0029035,0.14309,0.0032927,0,0.012996,0.015432,0.011533,0.048146,0.010113,0.084757,0.011862
0.61601,0.27468,0.47666,0.35409,0.4822,0.2684,0.47656,0.49353,0.45297,0.59754,0.34022,0.52056,0.51197,0,0.37268,0.42096,0.49309,0.42077,0.4385,0.30752,0.72293,0.70932,0.60933,0.467,0.6438,0.47148,0.59695,0.085214,0.44578,0.27041,0.62098,0.26794,0.29001,0.49762,0.34947,0.40454,0.73055,0.47577,0.42287,0.45061,0.37698
0.096046,0.16325,0.16713,0.20367,0.27174,0.050423,0.22275,0.09796,0.12644,0.26179,0.20137,0.22703,0.23487,0.53828,0.1819,0.1594,0.31241,0.18044,0.30472,0.1442,0.18383,0.065365,0.19808,0.10596,0.2046,0.11625,0.13053,0.73652,0.3743,0.20155,0.096432,0.18341,0.53784,0.24863,0.18599,0.12165,0.14496,0.095367,0.18624,0.24076,0.13189
0.085215,0.14611,0.14697,0.18024,0.18024,0.11656,0.16006,0.11303,0.11289,0.13221,0.16038,0.14649,0.16124,0.1751,0.15617,0.13622,0.19194,0.15668,0.19587,0.16817,0.081546,0.075123,0.089912,0.089422,0.092055,0.1106,0.12065,0.030385,0.10823,0.21081,0.11736,0.050513,0.13254,0.17439,0.18162,0.15676,0.077926,0.058517,0.18781,0.14404,0.12991
0.079194,0.1457,0.1358,0.13146,0.0534,0.1078,0.10337,0.12138,0.097161,0.005212,0.14528,0.07198,0.08034,0.15348,0.14224,0.10399,0.0021467,0.016124,0.054984,0.18041,0.011123,0.062069,0.041932,0.07279,0.020736,0.27859,0.14438,0.042783,0.042,0.14058,0.14689,0.34888,0.021296,0.075129,0.18718,0.15216,0.030758,0.098844,0.17012,0.14732,0.11168
0.03926,0.1044,0.061112,0.11277,0.0085997,0.061609,0.02821,0.082102,0.098697,0.0020676,0.087557,0.024708,0.0017064,0.095556,0.10623,0.10845,0.00039332,0.10947,0.005106,0.18359,0.00055648,0.063533,0.037623,0.062963,0.0060494,0.014179,0.0015068,0.02496,0.027178,0.099892,0.0024395,0.031942,0.00089271,0.0040231,0.0079636,0.12374,0.014226,0.11647,0.021512,0.015379,0.087472
0.042226,0.091462,0.0035379,0.016498,0.0032757,0.059806,0.0022011,0.075134,0.070438,0.00064023,0.050939,0.0082785,0.0020045,0.026831,0.024454,0.053977,2.6148e-05,0.083711,0.00012624,0.0070824,1.1943e-05,0.0032254,0.020695,0.065398,0.0049238,0.0043795,0.0024024,0.017784,0.0010982,0.049497,0.0029497,0.030494,0.0042118,0.00021267,0.0064276,0.010133,0.00041907,0.058707,0.0017322,0.001857,0.15493
0.029062,0.05632,0.0023047,0.0010085,0.00053429,0.065772,0.0016042,0.016552,0.03835,0.00036009,0.0046065,0.00065379,0.0010528,0.0059796,0.0057303,0.013689,2.3639e-06,0.012412,7.2441e-05,0.0036221,3.6083e-06,0.0019583,0.0011394,0.058471,0.0043027,0.0018381,0.0011277,0.013091,0.00065396,0.020394,0.00096783,0.031505,0.0031327,0,0.0059863,0.0063956,0.00031773,0.082559,0.0028761,2.9604e-05,0.0013746
0.0028137,0.0075176,0.0022248,0,9.7988e-06,0.056473,0.00096325,0,0.0014797,0.00013084,0.0018097,0.00023006,0.001707,0.0020724,0.0044799,0.001149,0,0.0086686,0.0001684,0.002615,0,0.0021628,0.00074199,0.058757,0.0013764,0.00083236,0.00075017,0.010262,0.00032451,0.006622,0.0010809,0.027982,0.0024621,0,0.0050127,0.0031524,0.0002182,0.0050256,0.00082538,0,0.0013919
0.0015746,0.0053435,0.0017901,4.6379e-05,0,0.065908,0.001765,0,0.0010081,4.921e-05,0.00067655,6.0049e-05,0.0026202,0.0012565,0.0035305,0.00097322,0,0.0019887,0.00019825,0.0010082,0,0.0009045,0.0002323,0.0089131,0.0028377,0.00081052,0.0011346,0.0069431,0.00020218,0.00018352,0.00069174,0.026213,0.00067081,0,0.013254,0.00083452,0.00027577,0.005272,0.0013023,0,0.0015441
0.0085978,0.0052267,0.0024645,0.00021375,0,0.14725,0.0025181,0.00031988,0.00056157,0,0.0071564,0,0.0024794,0.0014415,0.0025873,0.001192,0,0.0097318,0.00025194,0.0017869,0,0.016342,0.00031346,0.010321,0.019321,0.0010456,0.00056361,0.032061,0.00023879,6.2096e-05,0.010205,0.0011271,0.0069501,0,0.057093,0.020639,0.00034931,0.0034707,0.0047135,0,0.0028212
0.058921,0.071191,0.095814,0.11808,0.082971,0.14329,0.14916,0.026069,0.11242,0.12607,0.18309,0.1199,0.05503,0.09041,0.11194,0.070429,0.13054,0.050242,0.10006,0.13591,0.14769,0.072684,0.16278,0.07404,0.12379,0.083504,0.14206,0.077719,0.12023,0.079568,0.24014,0.17973,0.1782,0.13811,0.25399,0.11154,0.1689,0.19024,0.28885,0.085194,0.12474
0.11852,0.059697,0.097051,0.13886,0.097782,0.12002,0.14152,0.16645,0.11667,0.092221,0.16677,0.10736,0.054303,0.11712,0.1115,0.087936,0.11287,0.049873,0.13229,0.102,0.15031,0.14131,0.15168,0.096873,0.12737,0.073963,0.15076,0.10897,0.12802,0.088532,0.21084,0.035188,0.18322,0.13286,0.132,0.066388,0.18476,0.16942,0.20475,0.068358,0.13264
0.14772,0.06831,0.10947,0.16355,0.11444,0.11246,0.11233,0.035237,0.11574,0.10142,0.11494,0.10393,0.062348,0.12861,0.11362,0.092415,0.10838,0.056905,0.13535,0.1104,0.13808,0.076168,0.13576,0.11823,0.12365,0.085595,0.14766,0.10898,0.12635,0.078013,0.15349,0.049509,0.20549,0.1227,0.10783,0.11685,0.16274,0.15694,0.17232,0.054047,0.13859
0.16275,0.055416,0.10827,0.15211,0.1169,0.10964,0.088982,0.038268,0.10515,0.086699,0.10921,0.098204,0.069585,0.11951,0.10354,0.081252,0.11265,0.066417,0.1252,0.092885,0.12843,0.23026,0.15176,0.11784,0.13095,0.099345,0.1309,0.082642,0.17971,0.11446,0.080154,0.082246,0.15922,0.097665,0.08902,0.095156,0.14375,0.16108,0.099302,0.06598,0.13613
0.12076,0.052651,0.11677,0.1312,0.116,0.085771,0.069135,0.16876,0.11614,0.097608,0.062083,0.09068,0.088727,0.10525,0.098852,0.10159,0.11731,0.060429,0.14582,0.0585,0.10486,0.14116,0.14749,0.1072,0.11478,0.088843,0.098701,0.11839,0.15516,0.11575,0.051743,0.17234,0.13353,0.084839,0.091642,0.085954,0.10172,0.097116,0.050784,0.080116,0.11119
0.081201,0.051047,0.086792,0.097898,0.15588,0.11982,0.078433,0.02589,0.10804,0.08825,0.039318,0.10387,0.13408,0.11101,0.10635,0.078733,0.11264,0.14054,0.20075,0.055213,0.097392,0.04109,0.12869,0.097218,0.08816,0.074487,0.091664,0.15442,0.090772,0.14161,0.048275,0.038204,0.079142,0.061706,0.11495,0.12306,0.09683,0.050708,0.02285,0.090324,0.099827
0.031129,0.059811,0.066446,0.12545,0.1556,0.27985,0.2672,0.023814,0.070395,0.087775,0.020145,0.12924,0.1548,0.10428,0.096046,0.1001,0.10994,0.081717,0.1405,0.056767,0.072443,0.03288,0.081058,0.081738,0.09602,0.11351,0.094172,0.10899,0.059108,0.2042,0.036182,0.043687,0.032301,0.11259,0.098018,0.11298,0.058536,0.02275,0.0060631,0.084606,0.082678
0.01145,0.050061,0.068689,0.059918,0.085626,0.025865,0.061588,0.12631,0.1905,0.079559,0.0073275,0.13397,0.19135,0.10117,0.10997,0.12421,0.09216,0.036175,0.019116,0.057545,0.066105,0.029398,0.029661,0.096016,0.12829,0.13764,0.098009,0.057609,0.043833,0.15258,0.042794,0.03893,0.015784,0.14214,0.082263,0.066079,0.038911,0.042425,0.029692,0.098984,0.076197
0.18738,0.10279,0.09116,0.012942,0.056813,0.0023797,0.025565,0.091828,0.06289,0.08883,0.0043518,0.10084,0.15035,0.10898,0.11226,0.13842,0.083605,0.029687,0.00084957,0.093856,0.074001,0.023185,0.0090909,0.14106,0.060673,0.16822,0.044683,0.037334,0.046527,0.023147,0.044533,0.086166,0.012201,0.10691,0.026969,0.18802,0.029787,0.096237,0.11386,0.10865,0.085061
0.080165,0.42903,0.15953,0,0.018003,0.00089679,0.0060857,0.29738,0.0020536,0.15157,0.29276,0.012002,0.039433,0.013666,0.035916,0.12492,0.019909,0.42801,5.8496e-05,0.23693,0.020696,0.21186,0.0020367,0.069783,0.0063154,0.074892,0.0013882,0.14494,0.050298,0.0021476,0.091846,0.274,0.00091393,0.00048196,0.0033067,0.03398,0.014059,0.013082,0.011531,0.26374,0.012952
0.67763,0.10717,0.33308,0.097938,0.10072,0.12955,0.10355,0.15,0.49264,0.2363,0.94567,0.16412,0.36208,0.42909,0.19168,0.94121,0.0015136,0.16202,0.57922,0.38209,0.23288,0.36466,0.15264,0.56361,0.1292,0.19896,0.11329,0.067303,0.43001,0.34916,0.69744,0.22749,0.00017753,0.13989,0.076111,0.30055,0.93291,0.39113,0.29686,0.8007,0.79626
0.24366,0.55079,0.51083,0.79251,0.24948,0.42902,0.26413,0.3451,0.17803,0.69028,0.038732,0.51645,0.25481,0.11389,0.41123,0.049374,0.70394,0.18478,0.37953,0.38862,0.50154,0.39097,0.35609,0.21403,0.63921,0.40325,0.16586,0.58947,0.26751,0.25082,0.20951,0.42131,0.037218,0.46401,0.28493,0.36851,0.057283,0.36725,0.11402,0.11115,0.082128
0.061781,0.29616,0.1059,0.1091,0.46044,0.32889,0.60466,0.33218,0.32466,0.037523,0.0094634,0.31585,0.16851,0.39889,0.35742,0.0060611,0.26425,0.52089,0.020265,0.1777,0.26139,0.14422,0.42741,0.11506,0.21253,0.1843,0.3536,0.12905,0.18762,0.19655,0.052417,0.28079,0.87842,0.37118,0.45067,0.23076,0.0055662,0.14649,0.35565,0.038,0.089838
0.0090278,0.044721,0.026455,0.00026781,0.18667,0.10088,0.02277,0.11444,0.0019342,0.015452,0.005682,0.0019835,0.14575,0.046368,0.037888,0.0021187,0.017073,0.11211,0.010411,0.023943,0.00047967,0.084398,0.044629,0.072832,0.011751,0.10861,0.35539,0.14025,0.087266,0.11501,0.032255,0.052106,0.082142,0.024921,0.16191,0.082335,0.0027059,0.054832,0.19802,0.030951,0.027295
0.0076158,0.0011084,0.01725,0.00012954,0.0016744,0.0070305,0.0032977,0.041918,0.0022729,0.013649,0.00020327,0.001548,0.054136,0.011738,0.001785,0.000788,0.012537,0.011284,0.0071212,0.019066,0.00079175,0.0082532,0.015057,0.030196,0.0031746,0.070993,0.011537,0.062269,0.020731,0.074632,0.0077083,0.015195,0.0019575,7.108e-06,0.024315,0.017526,0.0011619,0.029586,0.03445,0.015721,0.0044748
0.00028988,4.9456e-05,0.0064593,5.0732e-05,0.00058939,0.0045774,0.0015867,0.0151,0.00045606,0.0067942,0.00024875,4.7478e-05,0.014363,1.4449e-05,0,0.00044967,0.00069,0.0081681,0.0034523,0.0085806,0.0029207,0.0074984,0.0041696,0.004169,0.0038611,0.033792,0.00032884,0.0081046,0.0068626,0.013526,0.00066887,0.0031079,8.5225e-05,0,0.002057,0.00031735,0.00030437,0.01012,0.00099948,0.0034737,0
0,0,1.9775e-05,0,0.00042882,4.3705e-05,0,0.0012709,0,0,0,0,0.00034579,0,0,0,0,0.00075361,0,0,0,0,0,0.00010298,0.00026626,0.00010068,0,0.0035506,0,0.00030659,0,0,0,0,0,0,6.4977e-05,0.00059862,0,0,0
0,0,0,0,0,0,0,0,0,0,0,0,0,0,0,0,0,0,0,0,0,0,0,0,0,0,0,0,0,0,0,0,0,0,0,0,0,0,0,0,0
0,0,0,0,0,0,0,0,0,0,0,0,0,0,0,0,0,0,0,0,0,0,0,0,0,0,0,0,0,0,0,0,0,0,0,0,0,0,0,0,0
0,0,0,0,0,0,0,0,0,0,0,0,0,0,0,0,0,0,0,0,0,0,0,0,0,0,0,0,0,0,0,0,0,0,0,0,0,0,0,0,0
0.75177,0,0.052655,0,0.00044301,0,0,0,0.19425,0,0.95875,0,0,0.34452,0.063998,0.66696,0,0,0.36199,0.15024,0,0.0020393,0,0.41513,0,0,0,0,0.031073,0,0.54364,0,0,0,0,0.045152,0.84222,0,0.20949,0.6089,0.54651
0.23672,0.43769,0.93421,0.07186,0.22875,0.65538,0.0089571,0.19846,0.46619,0.96743,0.041249,0.047482,0.88849,0.14471,0.34028,0.32988,0,0.34049,0.63732,0.83844,0.72453,0.97352,0.44454,0.53291,0.58364,0.47465,0.067106,0.78891,0.93246,0.91667,0.42854,0.85664,0,0.21912,0.18992,0.64951,0.15729,0.91332,0.15558,0.3911,0.44228
0.011507,0.56231,0.01295,0.92814,0.7708,0.34457,0.98419,0.79807,0.33956,0.026463,0,0.95159,0.10165,0.50098,0.58217,0.0027099,0.98751,0.65951,7.1407e-05,0.011317,0.27536,0.02444,0.55335,0.051427,0.41541,0.52509,0.92708,0.042347,0.035256,0.083325,0.014116,0.14336,0.99739,0.78088,0.54097,0.25843,0.0004968,0.086683,0.45988,0,0.011202
0,0,0.00018742,0,0,5.4855e-05,0.0068506,0.0034665,0,0.0027019,0,0.00061814,0.0098638,0.0097897,0.013556,0.00044974,0.012487,0,0.00062367,0,0.0001134,0,0.002118,0.00053833,0.00094672,0.00025936,0.0058149,0.16875,0.0012126,9.1725e-06,0.013704,0,0.0026128,0,0.26911,0.046911,0,0,0.16931,0,0
0,0,0,0,0,0,0,0,0,0.0034098,0,0.00031142,0,0,0,0,0,0,0,0,0,0,0,0,0,0,0,0,0,0,0,0,0,0,0,0,0,0,0.0057456,0,0
0,0,0,0,0,0,0,0,0,0,0,0,0,0,0,0,0,0,0,0,0,0,0,0,0,0,0,0,0,0,0,0,0,0,0,0,0,0,0,0,0
0,0,0,0,0,0,0,0,0,0,0,0,0,0,0,0,0,0,0,0,0,0,0,0,0,0,0,0,0,0,0,0,0,0,0,0,0,0,0,0,0
0,0,0,0,0,0,0,0,0,0,0,0,0,0,0,0,0,0,0,0,0,0,0,0,0,0,0,0,0,0,0,0,0,0,0,0,0,0,0,0,0
0,0,0,0,0,0,0,0,0,0,0,0,0,0,0,0,0,0,0,0,0,0,0,0,0,0,0,0,0,0,0,0,0,0,0,0,0,0,0,0,0
0,0,0,0,0,0,0,0,0,0,0,0,0,0,0,0,0,0,0,0,0,0,0,0,0,0,0,0,0,0,0,0,0,0,0,0,0,0,0,0,0
0.24811,0.81033,0.52803,0.8196,0.53356,0.47286,0.38173,0.21827,0.78157,0.75047,0.85361,0.62177,0.13435,0.53653,0.65616,0.57851,0.066833,0.11237,0.37113,0.43662,0.65325,0.23126,0.43437,0.27603,0.71119,0.28124,0.26722,0.53604,0.17241,0.23052,0.72999,0.10777,0.57836,0.78838,0.58243,0.57787,0.86531,0.34123,0.62832,0.61014,0.68495
0.11271,0.073843,0.13679,0.073675,0.11588,0.11604,0.39375,0.078724,0.084284,0.081427,0.061393,0.26276,0.11151,0.26477,0.19205,0.34024,0.58445,0.029446,0.2208,0.13676,0.15297,0.035888,0.23128,0.20788,0.18946,0.050545,0.070256,0.062985,0.11962,0.1078,0.078749,0.022214,0.34979,0.10038,0.10649,0.13027,0.043801,0.21525,0.076025,0.10317,0.092234
0.04977,0.024218,0.08221,0.055431,0.1167,0.084715,0.066567,0.055838,0.029865,0.03728,0.027485,0.086114,0.089039,0.10691,0.067051,0.049252,0.25006,0.015887,0.12999,0.1203,0.14516,0.028443,0.11317,0.13099,0.045338,0.063087,0.049825,0.026151,0.090195,0.088392,0.040717,0.021684,0.051791,0.046062,0.053313,0.061721,0.021141,0.10222,0.052789,0.059249,0.034503
0.041667,0.026543,0.034372,0.020923,0.095127,0.040882,0.019851,0.039615,0.021701,0.031203,0.014119,0.020622,0.073753,0.029769,0.047263,0.0090186,0.038135,0.026811,0.09048,0.061598,0.031271,0.019385,0.022478,0.063277,0.012505,0.043601,0.057075,0.032318,0.10838,0.080783,0.032171,0.015977,0.0036221,0.017397,0.052187,0.046413,0.0088762,0.048723,0.043844,0.039541,0.022326
0.026287,0.014817,0.027594,0.0062226,0.03908,0.03078,0.024456,0.025054,0.014182,0.0081986,0.0049607,0.0074412,0.098245,0.0089501,0.02103,0.007569,0.006793,0.015658,0.048519,0.059524,0.0079664,0.019831,0.017367,0.071208,0.013403,0.051223,0.022734,0.010293,0.071303,0.08419,0.019656,0.013763,0.0045789,0.018296,0.019445,0.01276,0.0056703,0.043727,0.027358,0.025775,0.013424
0.023828,0.011813,0.020863,0.0071314,0.015862,0.043624,0.010898,0.026365,0.021689,0.0093973,0.005928,6.9787e-05,0.062686,0.011106,0.0028647,0.0060327,0.0048923,0.021121,0.035018,0.036674,0.0055477,0.014911,0.0094693,0.052887,0.012256,0.038797,0.015849,0.014646,0.094085,0.058724,0.01017,0.014289,0.0035408,0.0074475,0.030368,0.029164,0.0017292,0.040009,0.028808,0.01554,0.019064
0.014202,0.0081386,0.01847,0.0030052,0.011692,0.028745,0.013838,0.021371,0.012277,0.0078223,0.0069551,0.00025532,0.055115,0.0077667,0.0011752,0.0030398,0.0033918,0.011143,0.016136,0.031337,0.0032449,0.011764,0.019859,0.038275,0.0042105,0.023931,0.0092438,0.02217,0.023371,0.058594,0.010759,0.018096,0.0026988,0.0088804,0.014632,0.014493,0.0033886,0.026921,0.016426,0.0085499,0.016
0.014869,0.0040395,0.012332,0.00046752,0.00801,0.023926,0.007032,0.032554,0.0046171,0.0043562,0.0035969,0,0.057958,0.007155,0.00058047,0.00018402,0.0039118,0.0050979,0.017273,0.020719,6.2242e-05,0.019576,0.010451,0.023728,0.0019525,0.037606,0.0060876,0.02117,0.028349,0.045802,0.0048829,0.013529,0.0014279,0.0048163,0.016414,0.012824,0.0021662,0.023175,0.0097668,0.0053838,0.011596
0.020151,0.00087116,0.0068304,0.0062711,0.0088877,0.029749,0.0072395,0.017527,0.0024359,0.0063538,0.0015065,1.9524e-06,0.046077,0.0079452,0,0.0022869,0.0016082,0.016433,0.0060212,0.016554,0.00022888,0.013628,0.015272,0.016531,0.00070441,0.024976,0.0082562,0.013291,0.019622,0.043683,0.0037636,0.009689,0.0013157,0.0037556,0.016161,0.0088554,0.0037893,0.012491,0.012203,0.0054849,0.0092038
0.44841,0.025383,0.13251,0.0072767,0.05521,0.12868,0.074637,0.48468,0.027376,0.063489,0.020448,0.00097291,0.27127,0.019102,0.011827,0.0038685,0.039927,0.74603,0.064634,0.079911,0.00029812,0.60531,0.12628,0.11919,0.0089878,0.385,0.49345,0.26093,0.27267,0.20152,0.069141,0.76298,0.0028741,0.0045859,0.10856,0.10562,0.044127,0.14625,0.10446,0.12717,0.096696
0.29483,0.42559,0.51191,0.10359,0.16557,0.35435,0.46523,0.31099,0.65049,0.35451,0.81537,0.29473,0.16713,0.20567,0.071071,0.25759,0.011559,0.1905,0.26343,0.44923,0.29226,0.31457,0.19565,0.28024,0.42891,0.21603,0.38895,0.64584,0.1963,0.24355,0.6937,0.15786,0.11298,0.31654,0.24824,0.42987,0.069117,0.32957,0.68067,0.34361,0.26977
0.10333,0.05271,0.14591,0.0237,0.082296,0.20486,0.051634,0.10855,0.058843,0.078942,0.051088,0.17893,0.12866,0.25503,0.15546,0.21963,0.3336,0.0822,0.15318,0.15743,0.11076,0.079212,0.2303,0.25617,0.25302,0.094562,0.090079,0.06943,0.13912,0.12853,0.045947,0.042365,0.54229,0.13695,0.18715,0.079037,0.39547,0.1475,0.06224,0.09557,0.097829
0.060699,0.055172,0.076984,0.44949,0.20016,0.19586,0.069765,0.050672,0.033504,0.35595,0.018874,0.16494,0.10018,0.21864,0.44888,0.29391,0.35898,0.068449,0.21608,0.10776,0.21316,0.049698,0.20358,0.10005,0.081096,0.065025,0.043724,0.028102,0.10801,0.11993,0.028849,0.031777,0.21985,0.092579,0.1842,0.059345,0.40581,0.11347,0.037124,0.082704,0.42773
0.040625,0.21297,0.043632,0.25432,0.28752,0.0532,0.17059,0.039482,0.031438,0.043427,0.013449,0.097987,0.069297,0.14676,0.10932,0.097676,0.21279,0.050515,0.092318,0.068307,0.16563,0.027912,0.0985,0.056738,0.047374,0.043551,0.049848,0.019284,0.11944,0.065166,0.019606,0.022483,0.1155,0.08629,0.14409,0.049261,0.038783,0.064188,0.018034,0.071677,0.03625
0.024348,0.096906,0.028089,0.020874,0.076911,0.033475,0.059814,0.034499,0.028684,0.026308,0.0095017,0.083828,0.090281,0.053654,0.095414,0.02837,0.063074,0.02979,0.049845,0.036621,0.071267,0.015799,0.04321,0.04776,0.026659,0.051126,0.045782,0.014967,0.088604,0.058144,0.022152,0.017963,0.00086411,0.076786,0.069367,0.03846,0.011293,0.056442,0.0051498,0.10468,0.015831
0.02631,0.01961,0.015579,0.02115,0.014879,0.021243,0.032574,0.017766,0.01551,0.0083015,0.0064406,0.032625,0.054479,0.032015,0.080721,0.020556,0.0067744,0.035981,0.045594,0.031449,0.022849,0.019922,0.062909,0.038284,0.035759,0.051423,0.039076,0.018168,0.060163,0.046452,0.028803,0.010211,0.00086878,0.043978,0.0114,0.024746,0.01228,0.03848,0.0080765,0.12744,0.008534
0.0090698,0.01241,0.013855,0.0073839,0.010911,0.014421,0.007403,0.020021,0.024304,0.010412,0.01672,0.02593,0.04869,0.032188,0.027371,0.015877,0.0013481,0.018819,0.016664,0.018576,0.024267,0.016605,0.031256,0.02766,0.017493,0.05471,0.029355,0.013041,0.028899,0.028648,0.072639,0.0096366,0.00050982,0.045539,0.027374,0.034325,0.0064603,0.028637,0.017702,0.030613,0.017328
0.033864,0.011141,0.014987,0.0086214,0.023305,0.010887,0.010455,0.018204,0.013253,0.0088226,0.0026682,0.024502,0.033184,0.025901,0.0012029,0.0078135,0.001928,0.023928,0.019629,0.023422,0.015359,0.0073311,0.016985,0.029547,0.021235,0.03874,0.033593,0.0079755,0.02154,0.041743,0.018601,0.014926,0.00070844,0.037912,0.0078708,0.037621,0.0084654,0.024921,0.0063147,0.018771,0.006885
0.016988,0.018646,0.013266,0.009615,0.015627,0.0059399,0.00022076,0.0178,0.01808,0.0095092,0.0076541,0.044034,0.027222,0.01446,0.0030849,0.012731,0.00025683,0.0040898,0.014318,0.018386,0.027154,0.013984,0.023293,0.03086,0.029499,0.015984,0.025409,0.012531,0.021419,0.031835,0.0048714,0.011165,0.0013731,0.016944,0.0045736,0.038725,0.0023717,0.013782,0.0074518,0.013909,0.012046
0.38993,0.094853,0.13579,0.10124,0.12282,0.10577,0.13231,0.38201,0.12589,0.10381,0.058233,0.052485,0.28087,0.015681,0.0074754,0.045853,0.009698,0.49573,0.12894,0.088818,0.057297,0.45497,0.094319,0.13268,0.058953,0.36885,0.25419,0.17066,0.2165,0.236,0.064833,0.68162,0.0050537,0.14649,0.11574,0.20861,0.049943,0.18301,0.15724,0.11103,0.10779
0.84657,0.92487,0.77924,0.99782,0.94812,0.78862,0.8865,0.45376,0.90528,0.82029,0.92436,0.99099,0.67755,0.87591,0.89801,0.98096,0.89798,0.14852,0.97425,0.79112,0.95092,0.34461,0.93317,0.84495,0.90929,0.2677,0.52661,0.74223,0.76518,0.94386,0.83383,0.20882,0.96651,0.99697,0.77092,0.82745,0.90515,0.84412,0.80157,0.83273,0.8359
0.10674,0.039833,0.11786,0.0013636,0.035366,0.11669,0.088494,0.35339,0.065519,0.12564,0.04445,0.0061569,0.22782,0.080201,0.057197,0.013868,0.055416,0.18714,0.024991,0.11768,0.033051,0.46301,0.05766,0.1132,0.042318,0.41317,0.16946,0.058603,0.21895,0.053001,0.082962,0.13803,0.012101,0.0029969,0.080083,0.076493,0.055576,0.1165,0.11937,0.1539,0.082589
0.022869,0.021183,0.08355,0.00054476,0.009334,0.076532,0.016028,0.15408,0.02521,0.046332,0.018279,0.0021945,0.081361,0.035401,0.030831,0.0020995,0.045941,0.080371,6.58e-05,0.074807,0.015074,0.10591,0.0066268,0.029686,0.012883,0.20791,0.1452,0.019324,0.013713,0.0030228,0.054547,0.19619,0.0034464,3.0377e-05,0.057176,0.089588,0.03734,0.024795,0.073221,0.013369,0.063355
0.010638,0.0022589,0.0084596,7.7443e-06,0.00079986,0.018103,0.00045955,0.032344,0.0018657,0.0019239,0.0042787,0.00021844,0.0026415,0.002179,0.001484,0.00048593,0.00022362,0.11585,1.2866e-05,0.0052296,0.00018042,0.042007,0.00085852,0.0090295,0.0067255,0.098325,0.047247,0.023384,0.00028082,5.7372e-05,0.015593,0.18423,0.00051661,0,0.0040208,0.0064699,0.00059322,0.0082836,0.00032793,0,0.011837
0.0042508,0.0032395,0.0010282,0,0.001984,4.6968e-05,4.6751e-05,0.0055687,0.00077581,0.0014847,0.0086316,0.00044432,0.00090284,0.0016649,0.0011588,0.00012281,6.9415e-06,0.081854,2.1052e-05,0.0014651,0.00018927,0.026683,0.0011952,0.0031345,0.028477,0.0038761,0.043233,0.021985,0.00029219,5.7161e-05,0.001408,0.098475,0.00022875,0,0.0076416,0,0,0.0063049,0.0055104,0,0.00014128
0.00055129,0.002051,0.0098585,0,0.0003709,3.5244e-06,0.000527,0.00070946,0.001199,0.0043313,0,0,0.0073688,0.00097427,0.0021849,0.00053649,1.2199e-05,0.056271,0.0004611,0.0006674,0.00024941,0.00089228,0.00049202,0,0.00030543,0.0083297,0.068248,0.023468,0.00062694,1.2704e-06,0.003005,0.036686,0.0024311,0,0.080159,0,0.00017845,0,0,0,0.0005574
0.0073234,0.0019258,0,0.00026013,0.00052813,5.6562e-06,0.00091593,0.00014302,0.00014591,0,0,0,0.0023497,0.0036735,0.0091307,0.0016705,0.00026693,0.05326,0.00019382,0.0038328,0.00033186,0.0094567,0,0,0,0.00068512,0,0.11101,0.00095443,0,0.0066932,0.036727,0.014768,0,0,0,0.00077157,0,0,0,0.0049158
0.00043095,0.0046357,0,0,0.0002216,0,0.0070255,0,0,0,0,0,0,0,0,0.00025965,8.7869e-05,0.073021,0,0.0051994,8.6586e-06,0.0026449,0,0,0,0,0,0,0,0,0.0019564,0.033666,0,0,0,0,0.00038944,0,0,0,0.0007073
0.00063064,0,0,0,0.00099327,0,0,0,0,0,0,0,0,0,0,0,6.7037e-05,0.2037,0,0,0,0.0047883,0,0,0,0,0,0,0,0,0,0.067169,0,0,0,0,0,0,0,0,0
0,0,0,0,0.0022859,0,0,0,0,0,0,0,0,0,0,0,0,0,0,0,0,0,0,0,0,0,0,0,0,0,0,0,0,0,0,0,0,0,0,0,0
0.0013879,0.0041574,0.01664,0.00018782,0.0032792,0,0.0077846,0.0056492,0,0.0049902,8.7201e-05,0.00033794,0.0060547,0.0041185,0.0085157,0.00078973,0.00027087,0.28238,0.0006461,0.0054611,0.0002154,0.0053375,0.001685,0.00045458,0.0022989,0.0080548,0.19173,0.13745,0.0013393,0,0.0096085,0.16761,0.001997,0,0.080553,0.043241,0.0054868,0.00027496,0.0067698,0,0.0057844
0.008045,0.0048038,0.047235,7.2311e-05,0.0014862,0.012176,0.012391,0.035542,0.00090392,0.0008258,0.00047988,0.00016041,0.0045637,0.002193,0.0025208,0.0012155,0.00016316,0.065885,2.9868e-05,0.0042385,0.00012512,0.0026153,0.0005527,0.002186,0.005462,0.044561,0.16358,0.053926,0.00021029,7.044e-05,0.0050354,0.13268,0.015578,0,0.0073886,0.094404,0.021624,0.0073605,0.017816,0.0080172,0.00053737
0.0030401,0.047059,0.027204,0,0.003884,0.03605,0.056186,0.12906,0.0018441,0.015761,0.00085614,0.00011771,0.003697,0.020634,0.0082028,0.0005843,6.9415e-06,0.079106,4.2697e-06,0.0012489,0.0079468,0.012305,0.0014944,0.008298,0.007144,0.26664,0.076475,0.05025,0.050115,0.015588,0.016084,0.1406,0.0006461,0,0.023241,0.19476,0.037825,0.005062,0.086957,0.12238,6.9292e-05
0.019471,0.041226,0.03069,0.017052,0.15335,0.047509,0.039636,0.092855,0.025129,0.047405,0.017077,0.00028091,0.078639,0.13165,0.085675,0,0.03393,0.095954,0.0020005,0.023939,0.15452,0.0071012,0.0068949,0.018905,0.029693,0.26688,0.046706,0.062313,0.18838,0.10727,0.01434,0.09391,0.0012912,0.08143,0.061343,0.4079,0.0208,0.061106,0.15004,0.054611,0.064005
0.021201,0.061664,0.056244,0.070566,0.3198,0.07911,0.066299,0.094204,0.10491,0.081865,0.032456,0.0013295,0.2478,0.19881,0.28627,0.0032945,0.039769,0.11799,0.11687,0.045695,0.22224,0.020932,0.15647,0.0286,0.021124,0.18351,0.049096,0.051401,0.17693,0.20225,0.040123,0.10725,0.4321,0.10021,0.13781,0.22744,0.0091407,0.17315,0.13788,0.045059,0.077067
0.030763,0.17623,0.10325,0.079845,0.29483,0.088272,0.16625,0.12509,0.08866,0.13417,0.03612,0.11885,0.24643,0.2698,0.23878,0.086712,0.067405,0.10301,0.094009,0.095334,0.22443,0.14337,0.29463,0.061774,0.086626,0.054623,0.47143,0.070668,0.14847,0.57214,0.1417,0.1065,0.48,0.18374,0.25691,0.032253,0.012491,0.23281,0.2525,0.035367,0.070135
0.062193,0.33357,0.12844,0.51151,0.11997,0.40265,0.4478,0.10087,0.15209,0.16292,0.064146,0.3556,0.30985,0.04194,0.15961,0.073768,0.64708,0.15254,0.12663,0.12047,0.14394,0.26924,0.35299,0.35211,0.37693,0.028826,0.00098954,0.12045,0.14036,0.037495,0.18125,0.097906,0.068389,0.31799,0.27356,0,0.026915,0.12894,0.10526,0.21747,0.088253
0.091735,0.29849,0.40958,0.32077,0.044395,0.14093,0.20366,0.1712,0.36163,0.2899,0.076364,0.52332,0.10168,0.05931,0.12385,0.29153,0.21137,0.10315,0.55592,0.50589,0.10378,0.31149,0.18529,0.1568,0.13111,0.027719,0,0.14425,0.19968,0.065192,0.14644,0.12022,0,0.316,0.15795,0,0.041393,0.17206,0.03017,0.1859,0.21412
0.52109,0.032799,0.18072,0,0.058995,0.1933,0,0.24047,0.19194,0.26217,0.18825,0,0.0012923,0.15919,0.086575,0.44152,0,0,0.10389,0.19772,0.047911,0.20952,0,0.36433,0.33962,0.11919,0,0.30929,0.07933,0,0.11546,0.033323,0,0.00063576,0.0012437,0,0.80596,0.21924,0.10924,0.23703,0.33768
0.24107,0,0,0,0,0,0,0.0050586,0.072887,0,0.58417,0,0,0.11236,0,0.10058,0,0,0,0,0.094886,0.018076,0,0.0065384,0,0,0,0,0.015186,0,0.32995,0,0,0,0,0,0.018367,0,0.10336,0.094157,0.14235
0.73514,0,0,0,0.0036507,0,0,0.16578,0.19327,0,0.72215,0,0,0.16508,0,0.21414,0,0,0,0,0.10938,0.51589,0,0.20507,0,0,0,0,0.01988,0,0.38549,0.0016815,0,0,0,0,0.055042,0,0.19569,0.22609,0.18971
0.14079,0.24988,0.54019,0.044046,0.059163,0.20439,0,0.34121,0.17131,0.39182,0.12805,0,0.1128,0.14906,0.13694,0.5347,0.00011346,0.44298,0.31346,0.60041,0.067733,0.18664,0,0.26562,0.37172,0.1403,0.0025699,0.3492,0.17264,0.0020386,0.21485,0.44574,0.0058073,0.0035722,0.098337,0,0.80962,0.31858,0.029218,0.17002,0.38704
0.043684,0.20451,0.23352,0.68312,0.075323,0.54001,0.44874,0.073516,0.35292,0.30664,0.049033,0.65537,0.11259,0.026792,0.14122,0.12146,0.43751,0.4822,0.39312,0.31642,0.094792,0.23016,0.30778,0.18747,0.28598,0.03314,0.022764,0.17176,0.19406,0.07793,0.14452,0.13253,0.0088805,0.41911,0.076525,0.02809,0.02013,0.14992,0.028778,0.23982,0.21131
0.0378,0.37007,0.051799,0.13098,0.20728,0.14941,0.31097,0.073316,0.11826,0.12487,0.053783,0.3006,0.46783,0.22176,0.20637,0.099677,0.56223,0.012764,0.14691,0.039043,0.21404,0.051797,0.37153,0.31212,0.30602,0.095612,0.080827,0.25071,0.10273,0.064841,0.17757,0.12759,0.14233,0.29325,0.40305,0.0033165,0.016399,0.23152,0.36822,0.12286,0.14542
0.023815,0.072672,0.05643,0.084488,0.27462,0.047675,0.10224,0.11705,0.11774,0.10897,0.025085,0.043827,0.27903,0.22088,0.286,0.030029,0.0001482,0.024082,0.14292,0.020093,0.20213,0.0061289,0.32065,0.027197,0.023271,0.45742,0.58443,0.086162,0.24131,0.69027,0.039801,0.098663,0.56072,0.1391,0.41468,0.078176,0.022415,0.24374,0.10885,0.04519,0.033065
0.018689,0.045396,0.04173,0.057367,0.31824,0.030217,0.068975,0.16922,0.044179,0.066316,0.020416,0.00020251,0.027752,0.12017,0.21392,0,0,0.0091684,0.0036023,0.023617,0.19758,0.0082641,4.5152e-05,0.0025226,0.011896,0.27306,0.026538,0.069633,0.26705,0.13857,0.021008,0.090456,0.28226,0.14248,0.0074085,0.44544,0.033103,0.055687,0.15091,0.14168,0.033455
8.1214e-05,0.055274,0.069661,0,0.061712,0.028303,0.069078,0.046717,0.0022892,0.0013832,0.0012642,0,0,0.09386,0.015552,0,0,0.011809,0,0.00042332,0.11434,0.0011166,0,0,0.001115,0.00047109,0.13504,0.039499,0.0023417,0.026355,0.016665,0.086116,0,0.0024832,0,0.27324,0.028915,0.00055142,0.10234,0.054337,0
0,0.0022052,0.0066709,0,0,0,0,0.012997,3.6087e-05,0,0.0002218,0,0,0.0023891,0,0,0,0.01404,0,0,0,0,0,0,0,0,0.14783,0.028279,0,0,9.7187e-05,0.01663,0,0,0,0.11496,0.013301,0,0.015036,0,0
0,0,0,0,0,0,0,0.00019337,0,0,0,0,0,0,0,0,0,0.0029535,0,0,0,0,0,0,0,0,0,0.0047571,0,0,0,0.00059627,0,0,0,0.054332,0.00096067,0,0.00094621,0,0
0,0,0,0,0,0,0,0,0,0,0,0,0,0,0,0,0,0,0,0,0,0,0,0,0,0,0,0,0,0,0,0,0,0,0,0.0024407,0.00011873,0,0,0,0
0.57498,0.00026207,0.085398,7.402e-05,0.0036791,0.0054484,9.9182e-05,0.14487,0,0.0074714,0.28464,0,0.068259,0,0,0,0,0.20242,1.278e-05,0.00049178,0,0.16377,0.0013367,0.17176,0.013393,0.01144,0.028736,0.044721,0.037834,0.016631,0.01149,0.17492,0.006119,0.0077802,0.0039242,0.01673,0.17116,0.12295,0.021179,0.052613,0.050185
0.0075263,0.0019555,0.01133,0.010838,0.038882,0.0053958,0.0074137,0.021019,0.035598,0.015789,0.009513,0.01694,0.06135,0,0,0.0048693,0,0.038933,0.016129,0.0025876,0,0.01373,0.047765,0.079036,0.020472,0.057094,0.047747,0.006641,0.045517,0.030724,0.012369,0.015812,0.047341,0.045727,0.028527,0.0047874,0.15612,0.030531,0.041082,0.05508,0.015645
0.011954,0.00528,0.0078008,0.040427,0.065497,0.0076968,0.018765,0.047393,0.026654,0.016107,0.0035036,0.10935,0.073695,0.069003,0.050156,0.025426,0.10468,0.044718,0.028654,0.0088778,0.013216,0.018421,0.14527,0.042155,0.20605,0.046899,0.051826,0.0066648,0.14156,0.039688,0.041487,0.017686,0.0016156,0.032064,0.076366,0.016074,0.062811,0.023226,0.023479,0.079464,0.012131
0.032102,0.044541,0.013469,0.019933,0.10833,0.0086208,0.16012,0.012038,0.038181,0.0075101,0.0035879,0.14948,0.20933,0.17671,0.06202,0.13115,0.17308,0.036602,0.17165,0.017226,0.092478,0.023407,0.24764,0.044685,0.1335,0.05714,0.071374,0.0086157,0.0057189,0.057974,0.026605,0.090704,0.0024184,0.0079423,0.31449,0.08199,0.037259,0.050026,0.017456,0.031732,0.023781
0.26035,0.29883,0.24301,0.25927,0.31839,0.37898,0.22863,0.25906,0.10732,0.27664,0.38729,0.13498,0.13231,0.26454,0.45568,0.16076,0.11324,0.18582,0.23569,0.36156,0.13537,0.15468,0.064549,0.14861,0.012475,0.24643,0.16836,0.078483,0.026643,0.32104,0.13405,0.21008,0.0018179,0.17434,0.23806,0.31955,0.041228,0.19885,0.25184,0.3106,0.36976
0.077327,0.41648,0.29307,0.44253,0.037894,0.32026,0.19326,0.25875,0.30314,0.2501,0.29396,0.040074,0.093101,0.026587,0.080518,0.24074,0.026587,0.17139,0.21846,0.32958,0.052245,0.10838,0.034568,0.17561,0.012978,0.19946,0.089253,0.082453,0.032306,0.36227,0.11828,0.1857,0.002793,0.40819,0.043578,0.11841,0.063934,0.21484,0.34961,0.30586,0.3093
0.011616,0.026863,0.034027,0.060132,0.20954,0.021721,0.048435,0.039548,0.094471,0.035356,0.012538,0.068722,0.13018,0.0079954,0.058205,0.092624,2.3235e-06,0.016312,0.14251,0.026049,0,0.0072225,0.00046067,0.050521,0.006284,0.11648,0.015453,0.012854,0.035331,0.048196,0.047485,0.049244,0.0051457,0.059755,0.032824,0.031096,0.0063635,0.071454,0.02064,8.6704e-05,0.0028688
0.014725,0.01157,0.0044817,0.0021493,0.01109,0.0073629,0.015961,0.0094791,0.025279,0.016164,0.0033475,0.12752,0.049978,0.010553,0.014974,0.041187,0.14518,0.029924,0.022408,0.0083416,0.028393,0.010918,0.11913,0.042351,0.032782,0.0437,0.02836,0.012418,0.57424,0.013297,0.017145,0.024237,0.0014276,0.016644,0.043917,0.025285,0.061976,0.051638,0.0032423,0.0052922,0.011213
0.0013346,0.013858,0.0012078,0.017301,0.0041828,0.003069,0.0070205,0.01027,0.011891,0.00044852,0,0.064995,0.021638,0.093014,0.086548,0.033757,0.31305,0.029482,0.018189,0.0015678,0.13925,0.010416,0.12203,0.068965,0.075785,0.033456,0.047522,0.018735,0.059491,0.00030341,0.014031,0.011434,0.58031,0.0033907,0.010361,0.023932,0.1342,0.012127,0.002748,0.011515,0
0.0080844,0.18036,0.30621,0.14735,0.20252,0.24144,0.32029,0.19758,0.35746,0.37441,0.0016129,0.28794,0.16016,0.3516,0.1919,0.2695,0.12418,0.2444,0.1463,0.24372,0.53905,0.48906,0.21726,0.1763,0.48629,0.18791,0.45137,0.72841,0.041363,0.10988,0.57705,0.22017,0.35101,0.24417,0.20796,0.36214,0.26495,0.22435,0.26872,0.14775,0.20512
0.0093247,0.094726,0.092134,0.017617,3.7701e-05,0.068612,0.062846,0.095292,0.0103,0.06457,0.080773,0.007859,0.0010305,0.00061261,0.0064532,0.022489,0.0012139,0.16751,1.0412e-05,0.052505,0.0042816,0.011654,0.00091885,0.013119,0,0.019726,0.0010965,0.098568,0.0004109,0.011258,0.029354,0.062861,0.00021191,0.069498,0.0064336,0.067216,0.005992,0.017135,0.053114,0.11398,0.051088
0.02541,0.062933,0.080987,0.10461,0.013255,0.064454,0.053121,0.034969,0.075766,0.047645,0.082368,0.037931,0.019946,0.01382,0.079429,0.04703,0.0003331,0.017241,0.056125,0.065941,0.0030016,0.0072532,0.0074767,0.031279,0.010807,0.052526,0.048156,0.018974,0.00083028,0.11506,0.020878,0.029427,0.0036007,0.070748,0.019347,0.057498,0.0077877,0.06324,0.053546,0.095135,0.062838
0.018967,0.08587,0.048033,0.08417,0.12275,0.063855,0.047342,0.025362,0.057371,0.035141,0.060205,0.047331,0.095294,0.032848,0.084041,0.07368,0.0087888,0.0031663,0.11392,0.055735,0.0075076,0.0068937,0.022779,0.029503,0.015914,0.0065599,0.068387,0.01795,0.0013598,0.081557,0.0026167,0.094108,0.0069531,0.073842,0.067641,0.04394,0.011414,0.077303,0.065758,0.06536,0.070654
0.027991,0.072556,0.028199,0.073835,0.11536,0.045599,0.033816,0.0164,0.033498,0.023726,0.046236,0.064818,0.070549,0.032745,0.091837,0.076171,0.035391,0.0014025,0.080315,0.036048,0.006329,0.0059187,0.095409,0.031327,0.033135,0.0031542,0.030349,0.010603,0.003807,0.068652,0.0078938,0.059217,0.0006043,0.070684,0.037295,0.03011,0.011262,0.051452,0.047045,0.068533,0.069392
0.015702,0.074074,0.025719,0.086802,0.073264,0.035668,0.027252,0.025607,0.026886,0.012559,0.050119,0.07545,0.047562,0.040799,0.080082,0.07123,0.038163,0.0027585,0.056358,0.036654,0.002242,0.0063277,0.098909,0.042243,0.0277,0.00080482,0.042698,0.0037324,0.0049548,0.073929,0.0040286,0.020246,0,0.059427,0.059788,0.027449,0.017125,0.036678,0.032176,0.044751,0.047658
0.031102,0.060567,0.012756,0.079425,0.041929,0.039821,0.047164,0.017549,0.037055,0.012452,0.063633,0.088822,0.040972,0.046517,0.064954,0.064723,0.058969,0.0014365,0.063706,0.044659,0.010118,0.015455,0.050315,0.042604,0.044436,0.0011325,0.042358,0.0050436,0.10225,0.063584,0.01536,0.027301,9.9129e-05,0.045237,0.054395,0.029287,0.039031,0.036296,0.017872,0.030722,0.046158
0.032606,0.042262,0.017156,0.069484,0.046311,0.031244,0.047522,0.034354,0.037123,0.02008,0.049112,0.081662,0.042085,0.068573,0.07526,0.082064,0.13495,0.0011096,0.043764,0.049278,0.020915,0.014272,0.033172,0.072792,0.037685,0.0061968,0.04934,0.0045952,0.15484,0.066921,0.01486,0.019149,0.099223,0.035609,0.069943,0.039713,0.065137,0.039267,0.060444,0.041097,0.031803
0.054634,0.064343,0.027418,0.078159,0.056562,0.064644,0.053711,0.034369,0.056649,0.037439,0.055183,0.07531,0.044996,0.12097,0.12304,0.06677,0.18123,0.0038763,0.055644,0.040926,0.093934,0.031389,0.046859,0.12175,0.057652,0.012504,0.043767,0.0027346,0.076371,0.088584,0.031496,0.021662,0.18707,0.068908,0.093843,0.04809,0.11165,0.047203,0.023698,0.034986,0.046789
0.074369,0.085842,0.043,0.091328,0.089943,0.079388,0.10547,0.079788,0.097012,0.059228,0.081161,0.13948,0.088029,0.23437,0.13275,0.090165,0.2042,0.011208,0.096843,0.085344,0.24279,0.07462,0.12239,0.23016,0.10599,0.042261,0.045312,0.0092872,0.079817,0.11142,0.067245,0.11197,0.28951,0.091102,0.11373,0.11509,0.26954,0.084168,0.083449,0.055747,0.069211
0.70989,0.35683,0.6246,0.31457,0.44058,0.50672,0.52175,0.63631,0.56834,0.68716,0.43121,0.38134,0.54954,0.40874,0.26215,0.40568,0.33676,0.7903,0.43331,0.53291,0.60889,0.82622,0.52177,0.38523,0.66668,0.85514,0.62854,0.82851,0.57536,0.31904,0.80627,0.55406,0.41272,0.41495,0.47759,0.54161,0.46106,0.54726,0.5629,0.44969,0.50441
0.00069936,0,0.0040905,0,0.040113,0,0.00032744,0.081528,0.00076109,0,0.025148,0,0.0087774,0,0.00014004,0,0,0,0.0092584,0.019013,0,0.00052615,0.014887,0.056344,0,0.019245,0,0.0013052,0.020197,0.11311,0,0.0085035,0,0,6.6183e-05,0,0.002317,0.0037211,0.00063545,0.016014,0.0014258
0,0,0.0019393,0,0,0,0,0.00056851,0,0.00032331,0,0,8.5559e-06,0,0,0,0,0,0.00025969,0,0,0,0,0.0037116,0,0,0,6.6665e-05,0,0,9.4311e-06,0.037419,0,0,0,0,0.00043274,0.0040996,0,0.0024193,0
0,0,0.0013754,0,0,0.027387,0,0.014363,0,0,0,0,0,0,0,0,0,0,0,0,0,0,0,0.00076659,0,0,0,0,0,0,0,0.003363,0,0,0,0.002445,0,0.002779,0.0013551,0,0
0,0,0.0053403,0,0,0,0,0,0,0,0,0,0.00027857,0,0,0,0,0,0,0,0,0,0,0,0.047397,6.15e-05,0.0020541,0,0,0,0,0.0054601,0.11829,0,0,0,0,0.0072352,0,0,0
0,0.0004936,0.033779,0,0.0024738,0,0.0086039,0,0,0.00053646,0,0.0037672,0.0037485,0.01251,0,0.069159,0,0,0,0.0021441,0,0,0.017723,0,0,0.0035625,0.038238,0.078544,0,0,0.065361,0.0017714,0,0,0.014661,0.086834,0,0.0069579,0,0,0
0.016706,0.0070453,0,0,0,0,0.040204,0.0034476,0,0.0073428,0.036409,0.035029,0.00050081,0.045603,0,0.00059513,0,0.0023474,0.018685,0.01359,0,0,0.041984,0,0,0.022541,0,0,0.03464,0,0,0,0,0,0.039679,0,0.02232,0,0.068229,0.013798,0.00062349
0,0.0084358,0,0.019528,0.0027957,0,0,0,0,0.049401,0,0,0,0,0.02956,0.0074456,0.0089415,0.00096423,0,0,0.080573,0,0,0,0,0,0,0,0,0,0,0,0,0.0025744,0,0,0,0,0,0.0030711,0.025893
0,0,0,0.0076446,0.0018913,0,0,0,0,0,0,0,0,0,0,0,0,0,0,0,0,0,0,0,0,0,0,0,0,0,0,0,0,0.0054032,0,0,0,0,0,0.0028425,0
0,0,0,0,0,0,0,0,0,0,0,0,0,0,0,0,0,0,0,0,0,0,0,0,0,0,0,0,0,0,0,0,0,0,0,0,0,0,0,0,0
0.18312,0.20187,0.35685,0.16647,0.22196,0.27575,0.29842,0.1231,0.41817,0.36015,0.25542,0.2822,0.089364,0.23352,0.16668,0.22669,0.22089,0.10729,0.16937,0.25589,0.51511,0.16129,0.20148,0.18702,0.47809,0.18839,0.32066,0.59981,0.052571,0.14954,0.52771,0.14552,0.24091,0.30073,0.22958,0.35715,0.36861,0.11806,0.27909,0.23801,0.2377
0,0,0.011125,0,0,0.00076194,0,7.233e-05,0.00095756,0,0,0,0.022892,0,0,0,0,0.005431,0,0.054537,0,0,0.032808,0.014348,0,0.031933,0,0.0010329,0.088488,0.021253,0.00045438,0,0,0,0,0,0.0014154,0.016868,0.00046858,0,0.013436
0,0,0,0,0,0,0,0,0,0,0,0,0.0035655,0,0,0,0,0,0,0,0,0,0,0,0,0.0024653,0.0030068,0,0,7.6686e-06,0,0,0,0,0,0,0.0020334,0.0025716,0,0,0
0,0,0,0,0,0,0,0,0,0,0,0,1.0295e-05,0,0,0.00015615,0,0,0,0,0,0,0,0,6.2348e-05,0.0018715,0,0,0,0,0,0,0,0,0,0,0,0.00027634,0,0,0
0,0,0,0,0,0,0,0.0048992,0,0,0,0,0.00017176,0,0,0,0,0,0,0,0,0,0,0,0,0,0.00025555,0,0,0,0,0,0.12676,0,0,0,0,0,0,0,0
0,0,0,0,0,0,0,0,0,0,0,0,0.0020311,0,0,0,0,0.0037284,0,0.001559,0,0,0,0,0.013053,0.00010385,0,0,0.024213,0,0,0,0.052948,0,0,0,0,0,0,0,0
0,0,0.00065582,0,0,0,0,0,0,0,0,0.011805,0.0040091,0.019929,0,0,0,0,0,0.0018596,0.0086145,0,0,0,0,0,0,0,0.0055457,0,0,0,0,0,0,0,0.029744,0,0,0.00096778,0
0,0,0,0,0,0,0,0,0,0,0,0,0,0,0,0,0.007954,0,0,6.2751e-05,0.0025384,0,0,0,0,0,0,0,0,0,0,0,0,0,0,0,0,0,0,0,0
0,0,0,0,0,0,0,0,0,0,0,0,0,0,0,0,0,0,0,0,0,0,0,0,0,0,0,0,0,0,0,0,0,0,0,0,0,0,0,0,0
0,0,0,0,0,0,0,0,0,0,0,0,0,0,0,0,0,0,0,0,0,0,0,0,0,0,0,0,0,0,0,0,0,0,0,0,0,0,0,0,0
0.0034535,8.8266e-05,0.0057681,7.8966e-05,0,0.0012526,3.9418e-05,0.027871,0.00025259,0.0048712,0.00066582,0.016867,0.053622,0.11729,0.080385,0.007641,0.25288,0.10251,0.0048607,0.065239,0.10087,0.0012164,0.0011677,0.064741,0.013322,0.032243,0.026828,0.0066494,0.22501,0.096147,0.0096286,0.0020154,0.44216,0,0.0016384,0.00070826,0.32115,0.042761,0.00016252,0.012612,0.00033405
0.00027397,0,0.0098877,0,0,0.0017175,0,0.0039827,0,0,0,0,0.010267,0.0015676,0,0,0,0.0034982,0.0020399,0.0006214,0,0.0014598,0.00097356,0.011041,0.00074692,0.026945,0,0.0062686,0.0075299,0,0.0021111,0,0,0,0,0,0.00030432,0.0037453,5.8953e-06,0,0.006742
0,0,0,0,0,0,0,0,0,0,0,0,0.0024115,0,0,0,0,0.010934,0,0,0,0.0044713,0,0,0,0,0.010811,0,0.0046618,0,0,0.00084469,0,0,0,0,0,0.00090464,0,0,0
0,0,0,0,0,0,0,0.0052985,0,0,0,0,0,0,0,0.00024563,0,0.0005643,0,0,0,0.0042477,0.00022667,0,0,0,0.020394,0,0,0,0,0,0,0,0,0,0,0,0,0,0
0.0023763,0,0.00034267,3.0091e-05,0,0,0,0,0,0,0,0,0.0011733,0.00032821,0,0,0,0,0,0,0,0,0.00028731,0,0,0,0,0,8.5382e-05,0,0,0,0,0,0,0,0.00014651,0,0,0,0
0.0045524,0,0.00031776,0,0,0,0,0,0,0,0,0.022342,0.00026096,0,0.0050443,0,0,0,0,0,0,0.00043707,0,0.00055697,0.00092758,0,0.0017441,0.00087427,0.0033729,0,0,0,0,0,0,0,0,0.00046801,0,0,0
0,0,0,0,0,0,0,0,0,0,0,0.00318,0,0,0.0066308,0,0.0054217,0,0,0,8.3722e-05,0.00020501,0.019184,0.00058122,0.013173,0.0030184,0,0,0,0,0,0,0,0,0,0,0.012046,0,0,0,0
0,0,0,0,0,0,0,0,0,0,0,0,0,0,0,0.00072472,0.0012242,0,0,0,0,0,0,0,0,0,0,0,0,0,0,0,0,0,0,0,0,0,0,0,0
0,0,0,0,0,0,0,0,0,0,0,0,0,0,0,0,0,0,0,0,0,0,0,0,0,0,0,0,0,0,0,0,0,0,0,0,0,0,0,0,0
0,0,0,0,0,0,0,0,0,0,0,0,0,0,0,0,0,0,0,0,0,0,0,0,0,0,0,0,0,0,0,0,0,0,0,0,0,0,0,0,0
0.13511,0.00048217,0.018635,9.52e-05,0.00059089,0.0055444,0.00017893,0.033505,0.0032926,1.6247e-06,5.9013e-05,0.037183,0.036653,0.04023,0.024162,0.00037507,0.20132,0.052217,2.69e-05,0.0064629,0.0049767,0.18988,0.26517,0.04251,0.14932,0.055684,0.021173,0.0026901,0.10502,0.00083289,0.022356,0.00036286,0.00055992,0,0.00022134,0,0.10164,0.013031,0.0093452,0,0.0038772
0.00022968,0,0.011706,0,0,0,0,0.0012349,0,9.7718e-05,0.0011782,0,0.048241,1.3483e-05,0,3.261e-06,0,0.0041798,0.091257,0.006246,0,0,0.002191,0.019167,0.001312,0.027287,0.00086973,0.011516,0,0.017995,0.0052013,0.00098239,0,0,0,0,0.00027456,0.01244,0,0.0089797,0.0072612
0,0,0,0,0,0,0,0,0,0,0,0,0.0060713,0,0,0,0,0,0.029702,0,0,0,0,0,0,0,0,0,0,0,0.00020132,0,0,0,0,0,4.8809e-06,0.012484,0,0,0
0,0,0.00045254,0,0.055555,0,0,0,0,0,0,0,0.0050589,0,0,0,0,0,0.010074,0,0,0,0,0.0034808,0,0,0.039273,0,0,0,0,0,0,0,0,0,0,0.015837,0,0,0
0,0,0,0,0.3354,0,0,0.0024205,0,0,0,0.15562,0.0037671,0,0,0,0,0,0.022779,0,0,0,0,0.00055679,0,0,0,0,0,0.025076,0,0,0,0,0.00074869,0,0,0.031504,0,0,0
0,0,0.00031885,0,0.010902,0,0,0,0,0,0,0.048454,0.0022481,0,0.10259,0.022993,0,0.0012287,0.03065,0,0.0094058,0,0.00020002,0.00025801,0,0.0025709,0,0,0.00019253,0.092499,0,0,0,0,0,0,0,0.012512,0,0,0
0,0,0.0014936,0,0,0,0,0.0052469,0,0,0,0.0057011,0.00032723,0.0075949,0,0.036319,0.0029038,0.028589,0,0.0065776,0,0,0.031906,0.014528,0.019945,0,0.0023804,0,4.4783e-05,0.00045468,0,0,0,0,0.0038205,0,0.003364,0.0066791,0,0,0
0,0,0,0,0,0,0,0,0,0,0,0.0066448,0,0,0,0,0,0,0,0.00034787,0,0,0,0,0,0,0,0,0,0,0,0,0,0,0.0032508,0,0,0.0024367,0,0,0
0,0,0,0,0,0,0,0,0,0,0,0,0,0,0,0,0,0,0,0,0,0,0,0,0,0,0,0,0,0,0,0,0,0,0,0,0,0,0,0,0
0,0,0,0,0,0,0,0,0,0,0,0,0,0,0,0,0,0,0,0,0,0,0,0,0,0,0,0,0,0,0,0,0,0,0,0,0,0,0,0,0
0.0091993,0.002377,0.096021,4.9254e-05,0.13912,0,0.15373,0.022173,0.00027463,0.003023,0.0024016,0.047052,0.10402,0.23397,0.032715,0.0014889,0.14643,0.055296,0.072739,0.11581,0.094887,0.026807,0.17068,0.024317,0.21877,0.021096,0.019922,0.0040626,0.030522,0.046605,0.044342,0.033775,0.00011144,0,0.0005219,0.00064128,0.06186,0.09928,4.7143e-05,0.000814,0.0016325
0.006836,0.00015281,0.0096922,0,0.00019257,0.00011195,0,0,0.0016008,0,0.00059647,0,0.07529,0.0015572,0,0,0,0.0049903,0.0050083,0.0038661,0,0.011102,0.005935,0.02173,0,0.022486,0.0019421,0.026078,1.2023e-05,0.00036737,0.008452,0.0015944,0,0,0,0.00088268,0,0.023799,8.1773e-06,0.0079363,0.0083754
0.0055156,0,0.00091178,0,0,0,0,0,0,0,0,0,0.012222,0,0,0,0,0,0,0.0011665,0,0.0016902,0,0.0021564,0,0.00047899,0.046537,0.010672,0,3.3714e-05,0.0012065,0.11612,0,0,0,0.00014298,0,0.0017406,0,0,0
0.0073501,0,0,0,0.015462,0,0.12944,0,0,0,0,0,0.019366,0,0,0,0,0,0,0,0,0.029006,0,0.00059156,0,0.003066,0,0.00021824,0.039671,0,1.597e-06,0.038931,0,0,0,0,0,0.0036311,0,0,0
0.010124,0,0,0.75323,0.10106,0,0.068811,0,0.01014,0,0,0.26575,0.0091108,0,0.0016235,0,0,0.024341,0.054057,0.00058195,0,0.01463,0,0.0058291,0,0.0097951,0.02867,0.00016821,0.0006366,0.0090761,0,0,0,0.68911,0.17217,0.091431,0,0.031373,0.00040661,0.12452,0
0.032019,0,0,0.049723,0.0011593,0.0081671,0.022015,0,0.23878,0.031372,0.14759,0.038705,0.028329,0,0.45191,0.19257,0.0042308,0,0.018175,0.0010626,0.022489,0.0082769,0,0.0029691,0,0.016701,0.011915,0.0011928,0,0.014136,0.0052855,0,0,0.0021533,0.069063,0.0056557,0,0.012905,0,0.046595,0.59165
0.00323,0,0.021282,0,0,0,0.03866,0,0.068888,0,0,0.011121,0.0033718,0.0097581,0,0.085307,0,0,0.0006625,0.017138,0,0.0016351,0.00489,0.031314,0,0.0003103,0,0,0.001937,0.00023435,0.15534,0,0,0,0.017111,0.0015539,0.00042253,0.002415,0,0,0
0.008772,0,0,0,0,0,0,0,0.09644,0,0.16852,0.0035678,0,0,0,0,0,0,0,0,0,0.0034756,0,0,0,0,0,0,0,0,0,0,0,0,0.0027546,0.043339,0,0.0086699,0.0013339,0,0
0.00081923,0,0,0,0,0,0,0,0,0,0,0,0,0,0,0,0,0,0,0,0,0,0,0,0,0,0,0,0,0,0,0.0063638,0,0,0,0,0,0,0,0,0
0,0,0,0,0,0,0,0,0,0,0,0,0,0,0,0,0,0,0,0,0,0,0,0,0,0,0,0,0,0,0,0,0,0,0,0,0,0,0,0,0
0.25079,0.0016301,0.093893,0.0028862,0.060062,0.00096591,0.02124,0.0021236,0.15265,0.011264,0.026701,0.0020276,0.08585,0.24391,0.079845,0.0017224,0.10645,0.048683,0.10407,0.041109,0.055922,0.16765,0.059549,0.034144,0.0012441,0.072547,0.066943,0.042093,0.020774,0.00058201,0.011324,0.1158,2.6717e-05,2.9006e-05,0.35868,0.0062185,0.0092218,0.086945,0.00022666,0.018411,0.039214
0.003692,0,0.010388,0,0,0.032398,0.034035,0.16387,0.0013476,0.0068173,0.0011733,0,0.064456,0,0,0.00010458,0,0.013231,0.014261,0.0039444,0,0.011814,0.033495,0.052578,0,0.030406,0.0016979,0.0061801,0,0.0078297,0.0013869,0.0029066,0,0,0,0,0,0.024234,0.0011857,0,0.01373
0,0,0.0044506,0,0,0.0010688,0.004752,0,0.0023168,0,0.002566,0,0.0058627,0,0,0,0,0,0.0070088,0.00014803,0,0.00080608,0.00014236,0.0034167,0,0.016822,0.0028612,0.0015554,4.4606e-05,0.0041985,0,0.12964,0,0,0,0,0,0.0040774,0,0,0
0,0.53525,0.0023342,0,0,0,0.10132,0,4.2243e-05,0,0,0,0.0075487,0,0,0.00019684,0,0.016551,0.014985,0.0016291,0,0.0090381,2.3055e-05,1.7008e-05,0,0,0.00011918,0.00069744,0,0.0019701,0,0.040746,2.9642e-05,0,0,0,0,0.0020681,0,0,0
0.0071275,0.09985,0.002873,0,0,0,0.043108,0.012127,0,0,0.0020723,0.0012091,0.0035411,0,0,0.00065872,0,0.0015179,0.0018648,0.0036147,0,0,0,0.0040705,0.0022911,0.00026744,0.0037947,0.0029915,2.4392e-06,0.014355,0.0024371,0.0020521,0.00080195,0,0,0.21273,0,0.021468,0.48114,0.1635,0
0.0018022,0.039002,0.0059847,0,0.0055675,0.52093,0.0071591,0.12524,0,0.50165,0.063929,0.00019883,0,0.0020926,0.0064308,0.16853,0.035819,0.03717,2.9871e-06,0.001658,0.10274,0.0082924,0.00078845,0.010745,0.0017407,0.025588,0.058932,0.0034931,0.00019293,0.00029137,0.0037706,0.00062845,0.0014866,0,0,0.022383,0,0.0016314,0,0.21125,0
0,0.00065472,0.01299,0,0,0.019487,0.01046,0.011661,0,0,0,1.5506e-06,0.0033287,0.017046,0,0.078542,0,0.042791,0,0.018924,0,0,0.038608,0.056343,0.016192,0.0014741,0,0,0.0017014,0.00014476,0.063903,0.0009876,0.00064572,0,0,0.011793,0.014116,0.0017072,0.13217,0,0.00040962
6.5141e-05,0.085759,0,0,0,0,0.00082558,0.10063,0,0,0.082582,2.3796e-05,0,0,0,0,0,0,0,0.0010962,0,0.00080979,0,0,0,0,0,0,0,0,0,0,0,0,0.0029821,0.12495,0,0.002328,0.0043752,0,0
0,0,0,0,0,0,0,0,0,0,0,0,0,0,0,0,0,0,0,0,0,0,0,0,0,0,0,0,0,0,0,0.0085936,0,0,0,0,0,0,0,0,0
0,0,0,0,0,0,0,0,0,0,0,0,0,0,0,0,0,0,0,0,0,0,0,0,0,0,0,0,0,0,0,0,0,0,0,0,0,0,0,0,0
0.16506,0.0053625,0.082771,0.00010384,0.0016102,0.028991,0.0038976,0.036876,0.0024815,0.017948,0.14872,0.00030907,0.066398,0.0078275,0.0056647,0.00079629,0.0055244,0.1408,0.097103,0.037361,0.0017841,0.13689,0.004462,0.030638,0.0046888,0.06444,0.098934,0.13494,0.042411,0.00052882,0.0078449,0.09847,0.0044836,0,0.044079,0.014846,0.0028516,0.093849,0.003151,0.037234,0.0090085
0.00032926,0.00027489,0.02338,0,0,0,0,0,0,0.0017636,0,0,0.027821,0,0.00049438,0,0,0,0.11002,0.016882,0,8.1477e-05,0.0074627,0.012605,0,0.03543,0,0.00061588,0.0054273,0.049122,0.00017426,0.0026459,0,0,4.0218e-06,0,0.00020404,0.008923,0,0,0.0016986
0,0,0.031332,0,0.00021899,0,0,0,3.0318e-06,0,0,0,0.00023281,0,0,0,0,0,0,0.026014,0,0,0.00083934,0,0,0,0,0,0,0.014912,0,0.0019829,0,0,0,0,0.0032182,0.00019212,0,0,0
0,0.0010565,0.015657,0,0.00096469,0,0,0,0,0,0,0,0.0012689,0,0,0,0,0,0,0.01481,0,0,0.00015692,0,0,0,0.010497,0.00077428,0,0.010919,0.014387,0.0017255,0,0,0,0,0.0023507,0,0,0,0
8.964e-05,0.00062445,0.0099207,0,0.00056111,0,0,0.001161,0,0,0,0.00072709,0.00045128,0,0,5.4508e-05,0,0.0081703,9.731e-06,0.018093,0,0,8.6339e-06,0.0016186,0,0.0064099,0.00014816,0,6.3742e-06,0.03852,0.0083049,0.00085447,0,0,0,0,0.0010013,0.004764,0,0,0
0,0.0016876,0.00038871,0,0,0,0.00089966,0,3.3157e-05,0,0,5.9478e-06,0.00018436,0.00038656,0.0013028,0.037701,0,0,3.9368e-05,0.027032,0,0.0016747,0.0031552,0.0013663,0,0.0065499,0.004456,0,0.00011511,0.017371,0,0,0.0014844,0,0,0,0.0019446,0.0017526,0,0,0
0.00027169,0.0014869,0.00055018,0,0,0,0,0.0038081,0,0,0,0,0.0007308,0.0028307,0,0.057366,0,0.015039,0,0.013124,0,0,0.00028443,0.0026378,0.002693,0.00074176,0,0,9.1959e-05,5.2935e-05,0,0,0.0023014,0,0,0,0.0013036,0.00058166,0,0,0.00028322
0,0,0,0,0,0,0,1.1531e-05,0,0,0,0,0,0,0,0.0013091,0,0,0,0.00091221,0,0,0,0.00080341,0,0,0,0,0,0,2.5623e-05,0.0012451,0,0,0.0012157,0,0.00074269,5.3265e-05,0,0,0
0,0,0,0,0,0,0,0,0,0,0,0,0,0,0,0,0,0,0,0,0,5.5861e-05,0,0,0,0,0,0,0,0,5.7182e-05,0,0,0,0,0,0,0,0,0,0
0,0,0,0,0,0,0,0,0,0,0,0,0,0,0,0,0,0,0,0,0,0,0,0,0,0,0,0,0,0,0,0,0,0,0,0,0,0,0,0,0
0.0060629,0.00083247,0.034517,0,0.00020114,0,0.00087611,0.01448,0.00040417,6.9288e-05,6.6326e-07,0,0.068374,0.00074564,0.0024499,0.00017402,2.3235e-06,0.073444,0.080579,0.038727,0,0.013042,0.01269,0.02101,0.001388,0.016024,0.044185,0.016946,0.043672,0.03887,0.0018643,0.039142,0.0037133,0,0.0011784,0.00034789,0.0023062,0.10477,0.0031162,0.0049751,0.00035098
0.00013133,0,0.016152,0,0,0.0037441,0,0.00090386,0,0,0.0029722,0,0.0051926,0,0,4.9504e-05,0,5.6613e-05,0.01953,0.0026532,0,0.00069257,0.00083066,0.010519,0,0.048174,0.00046455,0.00032309,0.0057887,0.00052389,0,7.4015e-06,0,0,0,0,0.0019024,0.006434,0,0,0.0049909
0.00098754,0,0.0061924,0,0,2.2305e-06,0,0.0023733,0,0,0,0,0.00081795,0,0,0,0,0,0,0,0,0.0014497,0,0,0,0.011804,0.0059231,0.0023415,0,0,0.0098525,0,0,0,0,0,0.0030464,0.0020112,0,0,0
0.00061938,0.00089426,0.0047185,0,0,0,0,0,0,0,0,0,5.019e-05,0,0,0.00011571,0,0,0,0.0034807,0,0.0010846,0,0.00029101,0,0.0088091,0,0,0,0,0.019689,0,0,0,0,0,0.00066991,0.00090791,0,0,0
0,0.00038414,0.00071887,0,0.0015649,0,0,0.0018192,0,0,0,0,0,0,0,0,0,0,1.8581e-05,0.0067111,0,0,0.00042289,0,0.00032625,0,8.4601e-05,0,2.992e-05,0,0,0,0,0,0.0033716,0,0,0,0,0,0
0.00052073,0,9.2553e-05,1.7844e-05,0.00049431,0,0.00010544,0.00085562,0,0,0,0.00049456,0,0.00026358,0.00082154,0.00027533,0,0,1.3866e-05,0.0010565,0,0,0.0023366,0.0015295,0.0040677,0.00024691,0.00011088,0,5.574e-05,0,0,0,0,0,0.00023636,0,0,4.2884e-05,0,0,0
0.00030988,0,9.0308e-05,2.6784e-05,0,0,0,0,1.9423e-05,0,0,0,0.00083534,0.00012893,0,0.00018686,0,0,3.4421e-05,0.00012293,0,0,0.00018316,0.0021091,0,8.2078e-05,0,0,8.9081e-06,0,0,0,0,0,0,0,0.00015202,0.00043015,0,0,0.00019387
0,0.0016592,0,0,0,0,0.00033278,0,0,0,0,0,0,0,0,0.00018509,0,0,0,0.00025449,0,0,0,0,0,0,0,5.3724e-05,0,1.3081e-05,0,0,0,0,0.0020013,0,0,0.00012962,0,0,0.00036307
0,0,0,0,0,0,0,0,0,0,0,0,0,0,0,0,0,2.0332e-05,0,0,0,0,0,0,0,0,0,0,0,0,0.00036825,0,0,0,0,0,0,0,0,0,0
0,0,0,0,0,0,0,0,0,0,0,0,0,0,0,0,0,0,0,0,0,0,0,0,0,0,0,0,0,0,0,0,0,0,0,0,0,0,0,0,0
0.071192,0.00036978,0.0095215,1.5875e-06,3.1328e-05,0.0035643,0.0005079,0.030611,5.339e-05,6.703e-07,0,9.4719e-06,0.026776,0.0002916,0.0011029,3.1451e-05,0,0.026887,0.0020553,0.0078305,0,0.11261,0.007286,0.022693,0,0.046368,0.034576,0.0064768,0.10061,0.00039393,0.0017925,0.0023334,0,0,0,0.00052886,0.0006458,0.0073246,0.0018557,0,0.0090519
0,0,0.013777,0,0,0.00032779,0,0.00057725,0.00083383,0,0.0015173,0,0.0085415,0,0,0,0,0.001682,8.7771e-07,0.05849,0,0,0.0028322,0.016628,0,0.024253,0,0,0.036627,0.036525,0,0.00072129,0,0,0,0,0.0025507,0.020104,0.00077992,1.0516e-06,0.006456
0,0,0.0035449,0,0,0,0,0,0,0,0,0,0.0015492,0,0,0,0,0,0,0.0023442,0,0,0,0.00018776,0,0.0030427,0.0079706,0.00083089,0,0.0043295,0.00024218,0,0,0,0,0,0.0053664,0.010939,0,0,0
0,0,0,0,0,3.2633e-06,0,0,0,0,0,0,0,0,0,0,0,0,0,0.0066311,0,0,0,0.00093953,0,0.0078677,0,0,0,0.0044703,0,0,0,0,0,0,0.0018252,0.0051116,0,0,0
0.00082683,0,7.2048e-05,0,0,0,0,0,0,0,0,0,0,0,0,0,0,0.0056009,1.537e-05,0,0,0,0,0.00074593,0,0,0,0,0,0.0018113,0,0,0,0,0.0024861,0,0,0.0026875,0.00045478,0,0
0,0.00021111,0.00040839,0,0,0,0.00047695,0,0,0,0,0,0,0.00029695,0,0,0,0.00076779,0,0,0,9.2609e-05,5.0869e-05,0.00049203,0,0,9.8165e-05,0,1.7386e-05,0,0.0009375,0,0,0,0.0090414,0,0,0,0,0,0
0.00017597,0,0.00011269,2.2094e-05,0,0,0.00040717,0,0,0,0,0,0.00036762,0.00021312,0.00012425,0.00014815,0,0,4.5968e-05,0.00049875,0,0.00098452,4.8713e-05,0,0,2.9167e-05,0,0.0006027,1.2185e-05,0,0.0003924,0,0,0,0.0064417,0,0.00011621,0,0,0,0
0,0.0005397,0,0,0,0,0,0,0,0,0,0,0,0,0,8.8966e-05,0,0,0,0.00011085,0,0,0,0,0,0,0,0,0,0,0,0,0,0,0,0,0,0,0,0,0.00091809
0,0,0,0,0,0,0,0,0,0,0,0,0,0,0,4.9768e-05,0,0,0,0,0,0,0,0,0,0,0,0,0,0,0,0,0,0,0,0,0,0,0,0,0
0,0,0,0,0,0,0,0,0,0,0,0,0,0,0,0,0,0,0,0,0,0,0,0,0,0,0,0,0,0,0,0,0,0,0,0,0,0,0,0,0
0.0025023,0,0.0077081,0,0,0.0035275,0,0.014047,4.2755e-05,0.00021754,5.3186e-07,0,0.027267,5.9077e-05,0,0,0,0.097205,0.0028197,0.033629,0,0.007,0.0058787,0.069651,0,0.022248,0.01411,0.010442,0.095046,0.046519,0.00067822,0.0034028,0,0,0,0,0.0048457,0.035206,0.00034721,0.0012893,0.0025102
0.0041696,0,0.0074373,0,4.9626e-05,0,0,0.1029,0,0,0.024149,0,0.0033459,0,0,0,0,0.0045848,0,0.029564,0,0.00079234,0.0014215,0.017977,0,0.030225,0.0064882,0.003516,0,0.11075,0.00011252,0.00059777,0,0,0,0,0.0036085,0.00062169,0,0.029365,0.0012121
0,0,0.0014689,0,0,0,0,3.5936e-05,0,0,0,0,0,0,0,0,0,0,0,0,0,0,0,0.0030491,0,0.013591,0.0029742,0.0010624,0,2.3716e-05,0,0.041489,0,0,0,0,0.0061322,0.00052843,0,0,0
3.0114e-05,0,0,0,0,0.029922,0,0.0079983,0,0,0,0,0,0,0,0,0,0.00064057,0,0.0025646,0,0,0,0.00011444,0,0,0,0,0,0,0,0,0,0,0,0.00020796,0.0012765,0,2.9722e-06,0,0
0,0,0,0,0,0,0,0,0,0,0,0,0,0,0,0,0,0.00089897,0,0,0,0,0,0,0.0092385,0,0,0,0,0,0,0,0.0032927,0,0,0,0,0,0,0,0
0.0005229,0,8.192e-05,0,0,0,0,0,0,0,0,0,0,0,0,0,0,0,0,0,0,0,0,0,0,0,0,0.0045055,0,0,0.0019228,0.00048022,0,0,0.0039956,0.014897,0,0,0.0002119,0,0
0,0,0,0,0,0,0.00010309,3.9412e-05,0,0,0.0042403,0,0.00019935,4.1144e-05,0,0,0,0,3.1534e-05,0,0,0,0,0,0,1.6643e-05,0,0,0,0,0,2.5189e-05,0,0,0.0090001,0,0.00012794,0,0.00012675,0,0
0,0,0,2.9811e-05,0,0,0,0,0,0,0,0,0,0,0.00032103,0,0,0,0,0,0,0,0,0,0,0,0,0,0,0,0,0,0,0,0,0,0,0,0,0,0.00013044
0,0,0,6.1251e-05,0,0,0,0,0,0,0,0,0,0,0,0,0,0,0,0,0,0,0,0,0,0,0,0,0,0,0,0,0,0,0,0,0,0,0,0,0
0,0,0,0,0,0,0,0,0,0,0,0,0,0,0,0,0,0,0,0,0,0,0,0,0,0,0,0,0,0,0,0,0,0,0,0,0,0,0,0,0
0.052333,0.0015205,0.0044844,0,0,0.034374,0.0090636,0.036134,0.00021185,0.0031543,0.0013952,0,0.03184,0,0,0,0,0.056157,0.0058879,0.0052022,0,0.06478,0.0053544,0.11256,0,0.01469,0.037962,0.0084125,0.0030272,0.0076145,0.0008682,0.1005,0,0,0,0.00032661,0.00038758,0.046996,0.0097717,0.055392,0.010519
0,0,0,0,0,0,0,0,0,0,0,0,0,0,0,0,0,0,0,0,0,0,0,0,0,0,0,0,0,0,0,0,0,0,0,0,0,0,0,0,0
0,0,0,0,0,0,0,0,0,0,0,0,0,0,0,0,0,0,0,0,0,0,0,0,0,0,0,0,0,0,0,0,0,0,0,0,0,0,0,0,0
0,0,0,0,3.1328e-05,0,0,0,0,0,0,0,0,0,0,0,0,0,0,0,0,0,0,0,0,0,0,0,0,0,0.0014524,0,0,0,0,0,0,0,0.00020422,0,0
0.001841,0.0015891,0,0,5.3779e-05,0,0,0,0,0,0,0,0,0,0,0,0,0,0,0,0,0,0,0,0,0,0,0,0,0,1.1306e-05,0,0,0,0,0,0,0,0.0025804,0,0
0,0,0,0,9.7988e-06,0,0,0,0,0,0,0,0,0,0,0,0,0,0,0,0,0,0,0,0,0,0,0,0,0,0,0,0,0,0,0,0,0,0,0,0
0,0,0,0,0,0,0.00090925,0,0,0,0,0,0,0,0,0,0,0,0,0,0,0,0,0,0,0,0,0,0,0,0,0,0,0,0.0012229,0,0,0,0,0,0
0,0,0,0,0,0,2.4801e-05,0,0,0,0,0,0,0.00043304,0,0,0,0,0,0,0,0.0065286,0,0,0,0,0,0.0077442,0,0,0,0.010763,0,0,0.011837,0.0060975,0.0002164,0,0,0,0
0,0,0,0,0,0,0,0,0,0,0,0,0,0.0002692,0,0,0,0.0014968,0,0,0,0,0,0,0.0040992,0,0,0.00024493,0,0,0,9.3188e-05,0.0029478,0,0.0091274,0,0,0,0,0,0
0,0,0.001392,0,0,0,0,0,0,0,0.0057892,0,0.0005753,0,0,0,0,0.0037874,0,0,0,0,3.7135e-05,0,0.0049285,0.00020196,0.00054619,0,8.6661e-05,0,0,0.00051654,0.0011675,0,2.1522e-05,0,0,0,0,0,0
0,0,0.00043,0.00020485,0,0,0,0,0,0,0.00049263,0,0.0014843,0,0.0022099,0.00075353,0,0,0.00017931,0.0010235,0,0,0.00021131,0,0,0.0008014,0.0003332,0,0.00012836,0,0,0,0,0,0,0,0,0,0,0,0.0016122
0,0,0,0,0,0,0,0,0,0,0,0,0,0,0,0,0,0,0,0,0,0,0,0,0,0,0,0,0,0,0,0,0,0,0,0,0,0,0,0,0
0,0,0,0,0,0,0,0,0,0,0,0,0,0,0,0,0,0,0,0,0,0,0,0,0,0,0,0,0,0,0,0,0,0,0,0,0,0,0,0,0
0,0,0,0,0.00034547,0,0,0,0,0,0,0,0,0,0,0,0,0,0,0,0,0,0,0,0,0,0,0,0,0,0.00017896,0,0,0,0,0,0,0,0,0,0
0.0025287,0.0036086,0,0,1.5384e-05,0,0,0,0,0,0,0,0,0,0,0,0,0,0,0,0,0,0,0,0,0,0,0,0,0,0.0014124,0,0,0,0,0,0,0,0.0018971,0,0
0.00050595,0,0,0,0,0,0,0,0,5.7788e-07,0,0,0,0,0,0,0,0,0,0,0,0,0,0,0,0,0,0,0,0,0,0,0,0,0,0,0,0,0,0,0
0,0,0,0,0,0,0.00074697,0,0,9.4025e-07,0,0,0,0,0,0.00032905,0,0,0,0,0,0,0,0,0,0,0,0,0,0,0,0.0051254,0,0,0,0,0,0,0,0,0
0,0,0,0,0,0,0.00047309,0,0,0,0,1.0449e-05,0,0.00052889,0,0.00027241,0,0,0,0,3.6083e-06,0.0025883,0,0,0,0,0,0,0,0,0,0.01076,0,0,0,0.0025854,0.00019532,0,0,0,0
0,0,0,0,0,0,0,0,0,0,0,0.0001762,0,0.00021033,0.0015209,0.00072223,0,0,0,0,0,0.00073721,0,0,0,8.3258e-05,0.00024499,0.0090298,0,0,0,0.0055656,0,0,0.012059,0.0080508,0,0,0,0,0
0,0,0.0017807,2.556e-05,0,0,0,0,0,0,0.00028244,2.4788e-05,0.0021319,0,0.0037931,0.00079,0,0.0036791,3.1387e-05,0,0,0,0.00013847,0.00029417,0.0072927,0.0008291,0.0011358,0.0014608,0.00020685,0,0,0.00060075,0.0025687,0,0.020465,0.00020541,0,0,0,0,0.0002963
0,0,0.00015791,2.9722e-05,0,0,0,0,0,0,0.00084721,1.0292e-06,0.00091644,0,0.00037732,0.00056862,0,0.000401,0.00018266,0.0010719,0,0,0.00010173,0.0011405,0.0018867,0.00018711,7.6149e-05,0,7.7586e-05,0,0,9.6029e-05,0.00016697,0,0.0025939,0,0,0,0,0,0.0017648
0,0,0,0,0,0,0,0,0,0,0,0,0,0,0,0,0,0,0,0,0,0,0,0,0,0,0,0,0,0,0,0,0,0,0,0,0,0,0,0,0
0,0,0,0,0,0,0,0,0,0,0,0,0,0,0,0,0,0,0,0,0,0,0,0,0,0,0,0,0,0,0,0,0,0,0,0,0,0,0,0,0
0,0,0,0,0.00034447,0,0,0,0,0,0,0,0,0,0,0,0,0,0,0,0,0,0,0,0,0,0,0,0,0,0,0,0,0,0,0,0,0,0,0,0
0,0.0034646,0,0,0,0,0,0,0,0,0,0,0,0,0,0,0,0,0,0,0,0,0,0,0,0,0,0,0,0,0.00094719,0,0,0,0,0,0,0,0.00064194,0,0
0.001686,0,0,0.019871,0,0,0,0,0,4.4875e-05,0,0,0,0,0,0,0,0,0,0,0.00023757,0,0,0,0,0,0,0,0,0,0.00048002,0.0082443,0,0,0,0,0,0.0042742,0.00041684,3.5923e-05,0
0.0010643,0,0,0.010175,0,0,0,0,0,2.8165e-06,0.0012511,0.00055571,0,0,0,0.0078401,0,0,0,0,5.6386e-05,0,0,0,0,0,0,0,0,0,6.1432e-05,0.0050855,0,0,0,0,0,0.0083807,6.6517e-05,9.5275e-06,0
0,0,0,0.00099919,0,0,0.0017786,0,0,0,0.0050603,0.00065853,0,0.00047262,0.0053878,0.0093023,0,0,0,0,3.4906e-06,0,0,0,0,0.00014635,0.00068585,0,0,0,0,0.016994,0,0,0,0,0.00033074,0,0,8.2021e-07,0
0,0,0.00024971,0,0,0,0,2.3979e-05,0,0,0.0017046,9.2447e-05,0.00096066,0.00078387,0.0039898,0.00062651,7.5801e-07,0.0065651,0,0,0,0.0026849,0,0,0,0.0016909,0.001733,0,0.00020246,0,0,0.013969,0,0,0,0,0,0,0,0,0
0,0,0.0023039,0,0,0,0,0.00028252,0,0,7.266e-05,0,0.0014098,0,0,0,0,0.0017479,0.00015949,0.0025033,0,0.0024116,0.00080369,0.0036421,0.0034977,8.35e-05,0.00013905,0.0077732,0.0004718,0,0,0.00048544,0.0015739,0,0.00050097,0.0033533,0,0.00063102,0,0,0.0014986
0,0,0,0,0,0,0,6.2024e-06,0,0,0,0,0,0,0,0,0,0.00032025,6.0823e-05,0.0015086,0,0.00097956,0.00016934,0.019934,0.0018302,0,0,0.0098482,0,0,0,0,0.00035615,0,0.01018,0.00065998,0,0.0044232,0,0,0.00056761
0,0,0,0,0,0,0,0,0,0,0,0,0,0,0,0,0,0,0,0,0,0,0,0,0,0,0,0,0,0,0,0,0,0,0,0,0,0,0,0,0
0,0,0,0,0,0,0,0,0,0,0,0,0,0,0,0,0,0,0,0,0,0,0,0,0,0,0,0,0,0,0,0,0,0,0,0,0,0,0,0,0
0,0,0,0,0.00059735,0,0,0,0,0,0,0,0,0,0,0,0,0,0,0,0,0,0,0,0,0,0,0,0,0,0,0,0,0,0,0,0,0,0,0,0
0,0.0051322,0,0.050006,0.0004497,0,0,0,0,0,0,0,0,0,0,0,0,0,0,0,0.0002568,0,0,0,0,0,0,0,0,0,0,0.0034823,0,0,0,0.004055,0,0,0,0.00025121,0
0,0,0,0.093981,0,0,0,0.00077787,0,0.00014452,0,0,0,0,0,0,0,0,0,0,0.0062104,0,0,0,0,0,0,0,0,0,0.00033859,0.0079806,0,0.00081421,0,0.0021254,0,0.01891,0,0.0006415,0
0.0023658,0,0,0,0,0.0050339,0,0,0,0,0.016216,0.0066378,0,0,0.053006,0.027248,0,0.032293,0,0,0,0,0,0,0,0,0.0086935,0,0,0,0.00084601,0.015629,0,6.0652e-05,0,0,0,0.035893,0.00010001,0.00051188,0
0,0,0,0,0,0.13611,0.0013067,0,0,0,0.010982,0.0039075,0,0.00058534,0.011015,0.040904,1.6771e-05,0.032521,0,0,0,0,0,0,0,0.0051665,0.0076116,0.0018723,0,7.2393e-06,0.0014064,0.0080395,0,0,0,0,0.000597,0.014688,8.1959e-05,7.6171e-06,0.015964
0,0,0.0015066,0,0,0.098038,6.9626e-06,0,0,0,0.0057333,0.0010849,0.0021529,0.0023219,0,0,1.6059e-06,0.0021081,1.9584e-05,0.0052251,0,0,0.0054933,0.025042,0.0052674,0.0019424,0.00095371,0.016886,0.0021084,5.5352e-05,0.0028453,0.011363,0,0,0,0.011085,0,0.023077,0,0,0.054216
0,0,0.0027457,0,0,0.0036589,0,1.1233e-06,0,0,0.026403,0.00076996,0.00020188,0,0,0,0,0,0.00010095,0.0047823,0,0.002982,0.0031818,0.1108,0.0033801,0,0,0.0066926,0.00016348,1.96e-05,0,0,0.0072049,0,0.00074638,0.0031623,0,0.017171,0,0,0.00073884
0,0,0,0,0,0.0014729,0,6.0563e-06,0,0,0.0015456,9.4248e-05,0,0,0,0,0,0,0,0,0,0.00079888,0,0.026151,0,0,0,0,0,0,0,0,0,0,0.0103,7.2935e-06,0,0.002484,0,0,0
0,0,0,0,0,0,0,0,0,0,0,0,0,0,0,0,0,0,0,0,0,0,0,0,0,0,0,0,0,0,0,0,0,0,0,0,0,0,0,0,0
0,0,0,0,0,0,0,0,0,0,0,0,0,0,0,0,0,0,0,0,0,0,0,0,0,0,0,0,0,0,0,0,0,0,0,0,0,0,0,0,0
0,0.011661,0,0,0.00040438,0,0,0,0,0,0,0,0,0,0,0,0,0,0,0,0,0,0,0,0,0,0,0,0,0,0,0,0,0,0,0,0,0,0,0,0
0,0.010394,0,0.11577,0.0016716,0,0,0,0,0,0,0,0,0,0,0,0,0,0,0,0.079158,0,0,0,0,0,0,0,0,0,0,0.0055923,0,0,0,0.022523,0,0,0,0.0014933,0
0,0.0025117,0,0,0,0,0,0.01632,0,0.00033029,0.012547,0.0068024,0,0,0.07456,0,0,0.00030639,0,0,0.0025949,0.012998,0,0,0,0,0,0,0,0,0,0.0044082,0,0.0058606,0,0.0423,0,0.045046,0,0.0022347,0
0.006997,0.0024104,0,0,0,0.099362,0,0.021005,0,1.6121e-05,0.019426,0.021789,0,0,0.076158,0.049415,0.00024551,0.058477,0,0,0,0.013983,0,0,0,0.021017,0.16024,0,0,0.0016245,0,0.012599,0,0,0,0.038946,0.00053314,0.051227,0.0021428,0.0014392,0
0,0.0013408,0,0,0,0.02318,0.00074501,0.047231,0,0,0.017865,0.011273,0.00065062,0,3.5642e-05,0.074598,2.279e-05,0.041891,0.007253,0.007948,0,0.008631,0,0,0,0.13262,0.060528,0.014841,0.0020129,0.0048323,5.6573e-05,0.0088235,0,0,0,0.11043,0.0018236,0.02176,0.00010208,0,0.10539
0,0,0.03126,0,0,0,0.0020449,0.0075603,0.00050293,0,0.11615,0.0078782,0.0033999,0.013452,0,0,0,0.016507,0.00043435,0.28172,0,0.0082752,0.047701,0.11783,0.014638,0.024791,0.0020111,0.015859,0.058409,0.00091232,0.0019456,0.0054837,0.00079371,0,0.0035868,0.028433,0.00030487,0.032208,0,0,0.036456
0,0,0.081499,0,0,0,0,9.8944e-05,0,0,0.043715,0.0060778,9.8683e-05,0.00063776,0,0,0,0,3.6917e-05,0.014841,0,0.018707,0.007575,0.03404,0.0096043,0,0,0,0,1.3874e-05,0,0.0049609,0.0077836,0,0.010593,0.00020585,0.00018025,0.011579,0,0,0
0,0,0,0,0,0,0,0,0,0,0.0011623,0,0,0,0,0,0,0,0,0,0,0.0039735,0,0,1.834e-05,0,0,0,0,0,0,0,6.7205e-07,0,0.0020438,0,0.00012311,9.2784e-07,0,0,0
0,0,0,0,0,0,0,0,0,0,0,0,0,0,0,0,0,0,0,0,0,0,0,0,0,0,0,0,0,0,0,0.0020353,0,0,0,0,0,0,0,0,0
0,0,0,0,0,0,0,0,0,0,0,0,0,0,0,0,0,0,0,0,0,0,0,0,0,0,0,0,0,0,0,0.028737,0,0,0,0,0,0,0,0,0
0,0.01728,0,0,0,0,0,0,0,0,0,0,0,0,0,0,0,0,0,0,0,0,0,0,0,0,0,0,0,0,0,0.042333,0,0,0,0,0,0,0,0,0
0,0.012752,0,0.13441,0.0011301,0,0,0,0,0,0,0,0,0,0,0,0,0,0,0,0.16493,0,0,0,0,0,0,0,0,0,0,0.066314,0,0,0,0.018518,0,0.0011811,0,0.011817,0
0.0057007,0.011707,0,0,0.0030845,0,0,0.015308,0,0.00046553,0.012042,0.018733,0,0,0.14524,0,0,0,0,0,0,0.014939,0,0,0,0,0,0,0,0.00063116,0,0.064033,0,0.074112,0.0066498,0.04307,0,0.045182,0,0.022626,0
0.03127,0.018077,0,0,0.0031761,0.10338,0.001691,0.027344,0,0.0001747,0.024275,0.045268,0,0,6.0217e-06,0.040562,0.0012249,0.044504,0.05154,0,0,0.012871,0,0,0,0.0062829,0.040207,0.00083737,0.027866,0.023317,0,0.039488,0.078337,0,0.058352,0.045652,0.010239,0.025593,0.0031799,0.044895,0
0.018856,0.010075,0,0,0,0.053279,0.0052427,0.08801,0.00026205,0,0.027116,0.040513,0.020065,0.007486,0,0.082232,0.017017,0.052755,0.033669,0.0010073,0,0.021836,0,0.079728,0,0.21884,0.13669,0.043465,0.069798,0.016514,0,0.034495,0.079459,0,0.10945,0.13271,0.026466,0.015979,0.00017706,0,0.11541
0.02993,0,0.0031892,0,0,0,0.015195,0.044644,0.0069733,0,0.15361,0.044063,0.18134,0.087175,0,0.023007,0,0.019496,0,0.26855,0,0.014384,0.06779,0.086163,0.19174,0.0042041,0,0.02639,0.020395,6.7203e-05,0.0043027,0.054535,0.033192,0,0.048626,0.020525,0.025561,0.033627,0,0,0
0.0028932,0,0.25425,0,0,0,0.00038858,0.0012174,0.00022471,0,0.10336,0.006922,0.01594,0.016328,0,0,0,0,0,0.0025878,0,0.038563,0,0,0.067368,0,0,0,0,0,0,0.043023,0.00016865,0,4.8285e-05,0,0.0050389,0.004577,0,0,0
0,0,0,0,0,0,0,0,0,0,0.0021746,0,0,0,0,0,0,0,0,0,0,0.013944,0,0,0.0026709,0,0,0,0,0,0,0.025523,0,0,0,0,0.0023215,0,0,0,0
0,0,0,0,0,0,0,0,0,0,0,0,0,0,0,0,0,0,0,0,0,0,0,0,0,0,0,0,0,0,0,0.0058304,0,0,0,0,0,0,0,0,0
0,0,0,0,0,0,0,0,0,0,0,0,0,0,0,0,0,0,0,0,0,0,0,0,0,0,0,0,0,0,0,0.002613,0,0,0,0,0,0,0,0,0
0,0.020228,0,0,0,0,0,0,0,0,0,0,0,0,0,0,0,0,0,0,0.013559,0,0,0,0,0,0,0,0,0,0,0,0,0,0,0,0,0,0,0,0
0,0.021832,0,0.17391,0,0,0,0,0,0,0,0,0,0,0,0,0,0,0,0,0.27914,0,0,0,0,0,0.06233,0,0,0,0,0.0063098,0,0,0,0.025676,0,0,0,0.013069,0
0.00026392,0.024875,0,0,0.00074372,0,0.02335,0.010263,0,0.00018898,0,0.0097888,0,0,0.074963,0,0,0,0,0,0,0.013247,0,0.020796,0,0,0.11673,0,0.0024526,0,0,0.021545,0.18775,0.16914,0.0027291,0.12562,0,0.044198,0,0.040375,0
0.029425,0.032471,0,0,0.034522,0.0015276,0.019744,0.052382,0.028635,0.0020796,0.032747,0.077927,0,0,0.10874,0.01929,0.02818,0.042145,0.13203,0,0,0.031864,0,0.1172,0.038345,0,0.13837,0,0.22276,0.057415,0.012985,0.020697,0.19024,0.0054281,0.061635,0.095916,0.04073,0.042669,0.027854,0.08611,0
0.033856,0.038925,0,0,0.0073292,0.20094,0.03474,0.040613,0.046446,0.0001549,0.036606,0.07337,0.024649,0.051776,0,0.068786,0.18059,0.14672,0.14435,0,0,0.02162,0,0.023416,0.13127,0.13301,0.0030789,0.044905,0,0.097935,0.074058,0.032227,0,0,0.13661,0.044652,0.023991,0.027231,0.015841,0.026711,0.075823
0.066311,0.0090153,0.013384,0,0,0.011191,0.060704,0.080155,0.10475,0,0.056793,0.098611,0.28888,0.11831,0,0.13073,2.3235e-06,0.050828,0,0.11724,0,0.036883,0.18381,0,0.16932,0.10417,0,0.076731,0,0.011251,0.069258,0.074968,0,0,0.064044,0.0012561,0.060815,0.028285,8.0539e-05,0,0.1047
0.029953,0,0.14765,0,0,0,0,0.040279,0.022819,0,0.059246,0.0016733,0.027048,0.046663,0,0,0,0.012063,0,0.044976,0,0.036021,0,0,0,0,0,0.011605,0,0,0.02152,0.03697,0,0,0,0,0.048946,0.00049484,0,0,0
0.00075987,0,0.10393,0,0,0,0,0.00089661,0,0,0.0011435,0,0,0,0,0,0,0,0,0.00014101,0,0.026586,0,0,0,0,0,0.00055386,0,0,0.00069381,0.013572,0,0,0,0,0.020208,0,0,0,0
0,0,0,0,0,0,0,0,0,0,0,0,0,0,0,0,0,0,0,0,0,0,0,0,0,0,0,0,0,0,0,0.0016564,0,0,0,0,0,0,0,0,0
0,0,0,0,0,0,0,0,0,0,0,0,0,0,0,0,0,0,0,0,0,0,0,0,0,0,0,0,0,0,0,0,0,0,0,0,0,0,0,0,0
0,0,0,0,0,0,0,0,0,0,0,0,0,0,0,0,0,0,0,0,0.31413,0,0,0,0,0,0.054658,0,0,0,0,0,0,0,0,0.015377,0,0,0,0,0
0,0.033172,0,0.065395,0,0,0,0,0,0,0,0,0,0,0,0,0,0,0,0,0,0,0,8.955e-05,0,0,0.12583,0,0,0,0,0.01378,0.081644,0,0,0.10282,0,0,0,0,0
0,0.034472,0,0.15421,0,0,0.023883,0,0,0,0.0065172,0,0,0,0,0,0,0,0,0,0,0,0,0.23617,0.12035,0,0.0052065,0.081889,0.33035,0,0,0.026889,0.18919,0.020581,0,2.8401e-07,0,0.04666,0.09561,0.017778,0
0.0038481,0.047874,0.071334,0,0.068802,0.029329,0.046537,0.00087885,0.016255,0.0010918,0.057245,0.079422,0.0014045,0,0.18238,0,0,0,0,0.048162,0,0.096621,0,0,0.14321,0.025601,0,0.22842,0.10844,0.0040028,0.009487,0.055183,0,0.2268,0.018408,2.983e-06,0.1437,0.1752,0.059465,0.064932,0
0.048846,0.087297,0.12913,0,0.11155,0.054381,0.055645,0.16338,0.063562,0.069472,0.050788,0.15328,0.080025,0.0047008,0,0.036461,0.32778,0.032976,0.30344,0.048203,0,0.16733,0,0,0,0.094934,0,0.13664,0,0.11396,0.010324,0.041447,0,0.13027,0.10503,0,0.11344,0.017128,0.047927,0.12716,0
0.051068,0.080777,0.04249,0,0.018916,0.021245,0.10875,0.11941,0.088313,0.088206,0,0.043168,0.18968,0.12315,0,0.14944,0,0.10908,0.14148,0.0069425,0,0.049328,0.42111,0,0,0.097082,0,0.017513,0,0.21539,0.11285,0.0054999,0,0,0.10911,0,0.024102,0,0.051274,0.094508,0.045953
0.071909,0.050653,0,0,0,8.2752e-05,0.13251,0.023483,0.13375,0.0001143,0,0,0.034877,0.12676,0,0.024921,0,0.030607,0,0.00040396,0,0,0.0088799,0,0,0,0,0.0029498,0,0.10088,0.099251,0,0,0,0,0,0.0068117,0,0.015629,0.039589,0.11004
0.0063813,0.0032229,0,0,0,0,0.029607,1.4313e-05,0.042959,0,0,0,0,0,0,0,0,0.0098698,0,0,0,0,0,0,0,0,0,8.6075e-05,0,0.0054694,0.0047683,0,0,0,0,0,0,0,0.0001937,0,0.06437
0,0,0,0,0,0,0,0,0,0,0,0,0,0,0,0,0,0,0,0,0,0,0,0,0,0,0,0,0,0,0,0,0,0,0,0,0,0,0,0,0
0,0,0,0,0,0,0,0,0,0,0,0,0,0,0,0,0,0,0,0,0.045361,0,0,0,0,0,0,0,0,0,0,0,0,0,0,0,0,0,0,0,0
0,0,0,0,0,0,0,0,0,0,0,0,0,0,0,0,0,0,0,0,0.067573,0,0,0,0,0,0.057867,0,0,0,0,0,0,0,0,0.031987,0,0,0,0,0
0,0.0012545,0,0.031093,0,0,0,0,0,0,0,0,0,0,0,0,0,0,0,0,0,0,0,0.09757,0.041824,0,0,0,0,0,0,0,0.10064,0,0,0,0,0,0,0,0
0,0.023058,0.040264,0.10549,0,0.019752,0,0,0,0,0.054555,0,0,0,0,0,0,0,0,0.039893,0,0.09733,0,0,0.028795,0.027535,0,0.17064,0.084281,0,0,0.052263,0,0,0,0,0,0.16087,0,0,0
0,0.035916,0.045033,0,0,0.11606,0.01968,0.093509,0,0,0,0.17841,0.089094,0,0.17774,0,0,0.038228,0,0.07715,0,0.12599,0,0,0,0.075231,0,0,0.031007,0,0,0.0045713,0,0,0.037816,0,0.33496,0.0029342,0.099732,0.0041786,0
0.053213,0.057217,0,0,0.065056,0,0.051631,0.063238,0.002745,0,0,0.007412,0.016078,0,0,0.15473,0.35686,0.18104,0.10336,0,0,0,0.17993,0,0,0,0,0,0,0,0.09904,0,0,0.26797,0.13511,0,0.024716,0,0.11193,0.021055,0
0.34814,0.10651,0,0,0.18859,0,0.16503,0,0.18047,0.10211,0,0,0,0.2071,0,0.010269,0,0.00061518,0.040514,0,0,0,0.015084,0,0,0,0,0,0,0.024965,0.23335,0,0,0.0015061,0,0,0,0,0.098865,0.068549,0.0011481
0.018493,0.10832,0,0,0.20992,0,0.10188,0,0.15276,0.22379,0,0,0,0.040313,0,0,0,0,0,0,0,0,0,0,0,0,0,0,0,0.1779,0.007634,0,0,0,0,0,0,0,0.1288,0.21809,0.15921
0,0.0012086,0,0,0.045259,0,0.00013031,0,0,0.22732,0,0,0,0,0,0,0,0,0,0,0,0,0,0,0,0,0,0,0,0.083143,0,0,0,0,0,0,0,0,0.0038758,0.024313,0.025998
0,0,0,0,0,0,0,0,0,0,0,0,0,0,0,0,0,0,0,0,0,0,0,0,0,0,0,0,0,0,0,0,0,0,0,0,0,0,0,0,0
0,0,0,0,0,0,0,0,0,0,0,0,0,0,0,0,0,0,0,0,0.026782,0,0,0,0,0,0,0,0,0,0,0,0,0,0,0,0,0,0,0,0
0,0,0,0,0,0,0,0,0,0,0,0,0,0,0,0,0,0,0,0,0,0,0,0,0,0,0.014103,0,0,0,0,0,0,0,0,0.011997,0,0,0,0,0
0,0,0,0.044431,0,0,0,0,0,0,0.019041,0,0,0,0,0,0,0,0,0,0,0,0,0,0.0086682,0,0,0.054898,0,0,0,0,0.03482,0,0,0,0,0.01511,0,0,0
0,0,0.026018,0,0,0.021978,0,0,0,0,0.015496,0.027585,0.0011169,0,0,0,0,0,0,0.024124,0,0.094365,0,0,0,0.023559,0,0.010219,0.038787,0,0,0.016799,0,0,0,0,0,0.021325,0,0,0
0,0,0,0,0,0,0,0.041666,0,0,0,0.026021,0.015817,0,0.078873,0.043899,0,0.02697,0,0,0,0,0.055854,0,0,0,0,0,0,0,0,0,0,0.053432,0.011099,0,0.08365,0,0,0,0
0.13189,0,0,0,0,0,0,0,0,0,0,0,0,0.017778,0,0.0022993,0.088053,0,0.041157,0,0,0,0.0021306,0,0,0,0,0,0,0,0.2285,0,0,0.044022,0,0,0,0,0,0,0
0,0.069698,0,0,0,0,0.095616,0,0.10857,0,0,0,0,0.13277,0,0,0,0,0,0,0,0,0,0,0,0,0,0,0,0.010418,0,0,0,0,0,0,0,0,0.2143,0.067614,0.078847
0,0,0,0,0.10843,0,0,0,0,0.22631,0,0,0,0,0,0,0,0,0,0,0,0,0,0,0,0,0,0,0,0.049278,0,0,0,0,0,0,0,0,0.017029,0,0
0,0,0,0,0.12957,0,0,0,0,0.057981,0,0,0,0,0,0,0,0,0,0,0,0,0,0,0,0,0,0,0,0,0,0,0,0,0,0,0,0,0,0,0
0,0,0,0,0,0,0,0,0,0,0,0,0,0,0,0,0,0,0,0,0,0,0,0,0,0,0,0,0,0,0,0,0,0,0,0,0,0,0,0,0
0,0,0,0,0,0,0,0,0,0,0,0,0,0,0,0,0,0,0,0,0,0,0,0,0,0,0,0,0,0,0,0.0095526,0,0,0,0,0,0,0,0,0
0,0,0,0,0,0,0.05161,0,0,0,0,0,0,0,0,0,0,0,0,0,0,0,0,0,0,0,0,0,0,0,0,0,0,0,0,0,0,0,0,0,0
0,0,0,0,0,0,0,0,0,0,0,0,0,0,0,0,0,0,0,0,0,0,0,0,0,0,0,0,0,0,0,0,0,0,0,0,0,0,0,0,0
0,0,0,0,0,0,0,0,0,0,0,0,0,0,0,0,0,0,0,0,0,0,0,0,0,0,0,0,0,0,0,0,0,0,0,0,0,0,0,0,0
0,0,0,0,0.0011206,0,0,0,0,0,0,0,0,0,0,0,0,0,0,0,0,0,0,0,0,0,0,0,0,0,0,0,0,0,0,0,0,0,0,0,0
0,0,0,0,2.9619e-05,0,0,0,0,0,0.0054123,0,0,0,0,0,0,0,0,0,0,0,0,0,0,0,0,0,0,0,0.0014924,0,0,0,0,0,0,0,0,0,0
0.0041354,0,0,0,0,0,0,0,0,0,0,0,0,0,0,0,0,0,0,0,0,0.0077751,0,0,0,0,0,0.0089198,0,0,0.0019266,0.0090813,0,0,0.010661,0.0085329,0,0,0.0052039,0,0
0,0.0012147,4.9448e-05,0,0,0,0,0,0,2.3214e-06,0,0,0.00048376,0,0.00046889,0,0,0.0065432,0,0,0,0,2.3733e-05,0,0.011694,0.00020432,0.00048994,0.0012885,9.5463e-05,0,0,0.0049706,0.004788,0,0.025005,0,4.0192e-05,0,0,0,0
0,0.0051977,0.0022831,0.00019128,0,0,0.0034891,0,0,9.4025e-07,0,0,0.0024576,0.0012356,0.0025873,0.00077558,0,0,0.00022392,0.0012,0,0,0.00026431,0,0,0.0010954,0.00030302,0,0.00011801,0,0,0.00073988,0,0,0.0016356,0,0.00022154,0,0,0,0.0021725
0,0,0,0,0,0,0,0,0,0,0,0,0,0,0,0,0,0,0,0,0,0,0,0,0,0,0,0,0,0,0,0,0,0,0,0,0,0,0,0,0
0,0,0,0,0,0,0,0,0,0,0,0,0,0,0,0,0,0,0,0,0,0,0,0,0,0,0,0,0,0,0,0.017659,0,0,0,0,0,0,0,0,0
0,0,0,0,0,0,0.090674,0,0,0,0,0,0,0,0,0,0,0,0,0,0,0,0,0,0,0,0,0,0,0,0,0,0,0,0,0,0,0,0,0,0
0,0,0,0,0,0,0.060701,0,0,0,0,0,0,0,0,0,0,0,0,0,0,0,0,0,0,0,0,0,0,0,0,0,0,0,0,0,0,0,0,0,0
0,0.0034862,0,0,0.0042723,0,0.10596,0,0,0,0,0,0,0,0,0,0,0,0,0,0,0,0,0,0,0,0,0,0,0,0,0,0,0,0,0,0,0,0,0,0
0,0.023301,0,0,0,0,0.079249,0,0,0,0,0,0,0,0,0.0003667,0,0,0,0,2.6239e-06,0,0,0,0,0,0,0,0,0,0,0,0,0,0,0,0,0,0,5.1848e-06,0
0,0.020216,0,0,0,0,0.021572,0,0,8.9213e-05,0.0015592,7.1902e-05,0,0,0,0.0021961,0,0,0,0,7.0989e-06,0,0,0,0,0,0,0,0,0,0,0.010462,0,0,0,0,0,0,0,0,0
0.0021455,0.0072006,0,0,0,0,0.0025026,0,0,0.00019734,0.00010435,0.00019829,0.00051532,0,0.0034192,0.00095468,7.5801e-07,0,0,0,0,0.0018444,0,0,0,0.00055895,0.00018733,0.00052183,0,0,0.0014018,0.02257,0,0,0,0.0062994,0,0,0.00048198,0,0
0.0013218,0.0052988,0.0015953,2.556e-05,0,0,0.0025636,0,0,3.5368e-05,0,3.1979e-05,0.0028186,0.0022709,0.0039829,0.00095976,0,0.0018888,0.00014028,0.0002647,0,0.0032294,0.00021589,0,0.0033047,0.00084548,0.0011422,0.010855,0.00015517,0,0.00053819,0.01392,0.0011894,0,0.0027497,0.0040988,0.00038636,0,0.00016728,0,0.001091
0,0.0003926,0.0014188,4.3291e-05,0,0,0.00079791,0,0,0,0,1.0292e-06,0.00033615,0.00063217,0.00013946,0.00054657,0,0.0013407,0.00015473,0.002066,0,0,9.451e-05,0,0.0045788,8.6318e-05,6.0487e-05,0.0023564,7.3306e-05,0,0,0.00030712,0.00097272,0,0.023208,0,3.9109e-06,0,2.9837e-06,0,0.0014441
0,0,0,0,0,0,0,0,0,0,0,0,0,0,0,0,0,0,0,0,0,0,0,0,0,0,0,0,0,0,0,0,0,0,0,0,0,0,0,0,0
0,0,0,0,0,0,0,0,0,0,0,0,0,0,0,0,0,0,0,0,0,0,0,0,0,0,0,0,0,0,0,0.0027875,0,0,0,0,0,0,0,0,0
0,0,0,0,0,0,0.0079041,0,0,0,0,0,0,0,0,0,0,0,0,0,0,0,0,0,0,0,0,0,0,0,0,0.021367,0,0,0,0,0,0,0,0,0
0,0.0089164,0,0,0.00075935,0,0.22702,0,0,0,0,0,0,0,0,0,0,0,0,0,0,0,0,0,0,0,0,0,0,0,0,0,0,0,0,0,0,0,0,0.00021164,0
0,0.039491,0,0,0.0089545,0,0.20993,0,0,0,0,0,0,0,0,0,0,0,0,0,0.0012288,0,0,0,0,0,0,0,0,0,0,0,0,0.0024263,0,0.0036882,0,0.0015777,0,0.0010113,0
0,0.025386,0,0.0060954,0,0,0.083695,0,0.0057291,0.00086585,0.0010722,0.0012694,0,0,0.012474,0.016342,0.00010289,0,0,0,0.00014926,0,0,0,0,0,0,0,0,0,0,0.028285,0,0.00021617,0,0,0,0.0058914,0,0.00042883,0
0,0.016297,0,0.00074266,0,0.03527,0.028101,0,0.0015406,0.00043363,0.00037879,0.0012093,0.00030804,0,0.014605,0.017078,1.7326e-05,0.0075532,0,0,0,0,0,0,0,0.0053364,0,0,0,5.1899e-05,0,0.0093001,0,0,0,0.0017653,0,0,0.0011095,1.1593e-05,0.051231
0.0012897,0.012505,0.0017126,0,0,0.12331,0.0043717,0,0,1.8524e-05,2.9455e-05,6.3168e-05,0.002002,0.016201,0.0016186,0.00030124,1.0501e-06,0.009167,5.6991e-05,0.0072236,0,0,0.00051832,0,0.0015541,0.0015035,0.0016103,0.010049,8.653e-05,7.0666e-05,0,0.023264,0,0,0,0.0026066,0.00059264,0,0.0020126,0,0.0015355
0.0021333,0.0069119,0.0032273,0,0,0.010519,0,0.00024573,0.00057578,0,0,0,0.00022202,0.0017102,0,0,0,0.0019345,0.00012234,0.0039343,0,0.0017029,0.0010771,0.0039283,0.0040774,0,0.00018868,0.010231,0.00037903,7.7713e-05,0.00074888,0,0.0045605,0,0.0011521,0.0024672,9.4822e-05,4.2874e-05,0.00014421,0,0.0010893
3.5553e-05,0,0,0,0,0,0,7.4154e-05,0.0010644,0,0,0,0,0,0,0,0,1.3259e-05,0,0,0,0.0026608,1.6617e-05,0.0063709,0.00077515,0,0,0.0092026,0,6.0424e-05,0.0048532,0,0.00040322,0,0.011627,0.0010575,0,0.0043652,0,0,0
0,0,0,0,0,0,0,0,0,0,0,0,0,0,0,0,0,0,0,0,0,0,0,0,0,0,0,0,0,0,0,0,0,0,0,0,0,0,0,0,0
0,0,0,0,0,0,0,0,0,0,0,0,0,0,0,0,0,0,0,0,0,0,0,0,0,0,0,0,0,0,0,0,0,0,0,0,0,0,0,0,0
0,0.0022026,0,0,0.013222,0,0,0,0,0,0,0,0,0,0,0,0,0,0,0,0,0,0,0,0,0,0,0,0,0,0,0.010925,0,0,0,0,0,0,0.010236,0,0
0,0.03305,0,0,0.10837,0,0.0024518,0,0,0,0,0,0,0,0,0,0,0,0,0,0.066077,0,0,0,0,0,0,0,0,0,0,0.098577,0,0.067947,0,0.039034,0,0,0.047761,0.0050435,0
0,0.024164,0,0.11253,0.0028511,0,0.017411,0.012473,0.024546,0.0033312,0.0037042,0.0011293,0,0.018916,0.095496,0.0093716,0.057729,0,0.00017359,0,0.010339,0.013539,0,0,0,0,0,0,0,0.0012143,0,0.066853,0,0.0047856,0.016472,0.052781,0,0.013985,0.0017428,0.0034343,0
0.0032338,0.023847,0,0.0015076,0,0.051294,0,0.027466,0.046082,0.00060886,0.0019886,0.0135,0,0.091694,0.071411,0.048333,0.00030097,0.050035,0.017584,0.0021662,0,0.014639,0,0,0,0.17355,0,0,0,0.027897,0,0.0086873,0,0,0.014029,0.060356,0.00031223,0.036606,0.014663,0.00025933,0.081979
0.024191,0.030776,0.018058,0,0,0.10143,0,0.044755,0.071056,0,0,0.0043787,0.0043421,0.098202,9.4472e-05,0.051154,0,0.039535,0.0012082,0.27621,0,0.0034217,0.0057775,0,0,0.041459,0.0015209,0.029823,0,0.016515,0,0.006019,0,0,0.0028878,0.054704,0.0046237,0.014598,0.0022432,0,0.098829
0.017779,0.018759,0.11304,0,0,0.0056196,0,0.0014296,0.060261,0,0,0.0015675,0.0001079,0.019361,0,0,0,0.00402,8.2621e-05,0.052424,0,0.0045379,0.029397,0,0.012091,0,0.0018178,0.0073125,0.00082267,0.0047035,0.0032765,0.012581,0.0050549,0,0.0076058,0.013455,0.010173,0.017081,0,0,4.2024e-05
0.009431,0.00082201,0,0,0,0.0030628,0,2.5845e-06,0.0047747,0,0,0.0010289,0,0,0,0,0,0,0,0,0,0.0028344,0.00057075,0.031602,0,0,0,0,0.00078747,6.8897e-05,0.0012449,0,0.0013209,0,0.008132,0.0018182,0.00018456,0.017854,0,0,0
0.00072154,0,0,0,0,0.0014557,0,0,0,0,0,0,0,0,0,0,0,0,0,0,0,0,0,0.048052,0,0,0,0,0,0,0,0,0,0,0.00092155,0,0,0.0031797,0,0,0
0,0,0,0,0,0,0,0,0,0,0,0,0,0,0,0,0,0,0,0,0,0,0,0,0,0,0,0,0,0,0,0,0,0,0,0,0,0,0,0,0
0,0,0,0,0,0,0,0,0,0,0,0,0,0,0,0,0,0,0,0,0,0,0,0,0,0,0,0,0,0,0,0,0,0,0,0,0,0,0,0,0
0,0.010958,0,0,0.14467,0,0,0,0,0,0,0,0,0,0,0,0,0,0,0,0,0,0,0,0,0,0,0,0,0,0,0,0,0.0022944,0,0,0,0,0.047761,0.0090991,0
0,0.025771,0,0.098545,0.015524,0,0,0,0.0082356,0.04874,0,0,0,0.0092929,0,0,0.1219,0,0,0,0.16878,0,0,0,0,0,0,0,0,0,0,0.013928,0,0.13691,0.0082699,0.050791,0,0,0.052454,0.031989,0
0,0.027569,0,0.0094029,0,0,0,0.019861,0.060692,0.016994,0.013425,0.024437,0,0.13743,0.1556,0.016644,0.083942,0.0082994,0.15261,0,0,0.019239,0,0,0,0,0,0,0,0.054925,0.024568,0.0023615,0.026683,0,0.086893,0.048477,0.0065923,0.037567,0.039485,0.061277,0
0.025937,0.0438,0,0,0,0.12218,0,0.032337,0.06259,0,0.0077524,0.022607,0.12979,0.086207,0,0.053307,0,0.085802,0.0051239,0.13892,0,0.011804,0,0,0,0.19365,0.12837,0.043811,0,0.1012,0.079428,0.046538,0.092127,0,0.14909,0.11746,0.025097,0.052432,0.01643,0,0.12984
0.021418,0.06857,0.2598,0,0,0.0026741,0,0.03944,0.098068,0,0.007802,0.016772,0.10263,0,0,0.052712,0,0.022186,0,0.1323,0,0.010079,0.049976,0,0.047141,0.0036584,0.074351,0.023899,0,0.0015874,0.050051,0.0449,0.042769,0,0.03745,0.067202,0.043403,0.019604,0.00012829,0,0
0.035815,0,0.022946,0,0,0,0,0.0052526,0.013438,0,0.03996,0.015734,0,0,0,0,0,0,0,0,0,0.026046,0.0067144,0,0.0476,0,0.0036321,0,0.048207,0,0.011901,0.067512,0.0097467,0,4.9997e-05,0.00016947,0.015629,0.031682,0,0,0
0.022817,0,0,0,0,0,0,0,0,0,0.0019589,0.00047607,0,0,0,0,0,0,0,0,0,0.028163,0,0.10759,0.01603,0,0,0,0.00061175,0,3.7908e-05,0,0.0005492,0,0,0,0.0043828,0.018379,0,0,0
0.00163,0,0,0,0,0,0,0,0,0,0,0,0,0,0,0,0,0,0,0,0,5.0044e-05,0,0.020248,0,0,0,0,0,0,0,0,0,0,0,0,0.001076,4.8594e-06,0,0,0
0,0,0,0,0,0,0,0,0,0,0,0,0,0,0,0,0,0,0,0,0,0,0,0,0,0,0,0,0,0,0,0,0,0,0,0,0,0,0,0,0
0,0,0,0,0,0,0,0,0,0,0,0,0,0,0,0,0,0,0,0,0.019116,0,0,0,0,0,0,0,0,0,0,0,0,0,0,0.0072742,0,0,0,0,0
0,0.011019,0,0,0.18066,0,0,0,0,0,0,0,0,0.0058593,0,0,0.028713,0,0,0,0.32544,0,0,0,0,0,0,0,0,0,0,0.02096,0,0.015335,0,0.098793,0,0,0.073818,0.0060657,0
0,0.024261,0,0.11594,0,0,0,0,0.095206,0.10599,0,0,0,0.14657,0.016812,0,0.26231,0,0,0,0.070074,0,0,0,0,0,0,0,0,0,0,0.03756,0.26346,0.16312,0.021932,0.13035,0.026927,0,0.057545,0.043896,0
0,0.024617,0.084948,0,0,0,0,0.067223,0.13053,0.11492,0.020332,0.045659,0.0022428,0.061423,0.14114,0.019403,0,0.029995,0.28563,0,0,0.042846,0,0,0,0.11565,0,0.014026,0,0.12572,0,0.014336,0.20949,0,0.11319,0.087883,0.053305,0.047851,0.042979,0.077986,0.0038211
0.033326,0.050311,0.041814,0,0,0.18171,0,0.07939,0.083855,0,0.013844,0.056634,0.30142,0,0,0.069789,0,0.11168,0,0.11741,0,0.02836,0.00047692,0,0.05403,0.075108,0,0.066359,0,0.084553,0.10187,0.033495,0,0,0.1013,0.055844,0.023923,0.028133,0.020153,0,0.14082
0.038826,0.070619,0.17555,0,0,0.044605,0,0.081387,0.030376,0,0.023745,0.046983,0.0023274,0,0,0.077331,0,0.019506,0,0.02288,0,0.019165,0.11203,0,0.17848,0,0.15485,0.034614,0.034277,0,0.080553,0.042787,0,0,0,0.012096,0.050732,0.013808,3.1229e-06,0,0
0.072584,0,0.018472,0,0,0,0,0.0076772,0,0,0.16467,0.036367,0,0,0,0,0,0.001101,0,0,0,0.053749,0,0,0.11497,0,0.00042842,0.00064808,0.062414,0,0.014332,0.078084,0,0,0,0,0.041719,0.033026,0,0,0
0.014711,0,0,0,0,0,0,0,0,0,0.007737,0,0,0,0,0,0,0,0,0,0,0.018764,0,0.12248,0.00024752,0,0,0,0,0,0.00022254,4.4586e-05,0,0,0,0,0.017608,0.0088456,0,0,0
0,0,0,0,0,0,0,0,0,0,0,0,0,0,0,0,0,0,0,0,0,0,0,0.036491,0,0,0,0,0,0,0,0,0,0,0,0,0,0,0,0,0
0,0,0,0,0,0,0,0,0,0,0,0,0,0,0,0,0,0,0,0,0,0,0,0,0,0,0,0,0,0,0,0,0,0,0,0,0,0,0,0,0
0,0,0,0,0,0,0,0,0.014745,0,0,0,0,0.044698,0,0,0,0,0,0,0.2738,0,0,0,0,0,0,0,0,0,0,0,0,0,0,0.055592,0,0,0,0,0
0,0.0011137,0.065273,0,0.1986,0,0,0,0.10812,0,0,0,0,0.1368,0,0,0.2567,0,0,0.045289,0,0,0,0,0,0,0,0.077055,0,0,0,0,0.20374,0,0,0,0,0,0.0063899,0,0
0,0.030017,0.13176,0.14233,0,0,0,0,0.036667,0,0,0,0.026512,0.01566,0.0011142,0,0,0,0,0.075885,0,0,0,0,0.09069,0.046952,0,0.22305,0,0,0,0.045167,0.031798,0.24022,0.013109,7.4517e-06,0.15916,0,0.12361,0.051762,0
0,0.038076,0.007049,0.021902,0,0,0,0.018305,0,0.28373,0.0095071,0.057242,0.13373,0,0.15898,0,0,0,0.33339,0.030259,0,0.11771,0,0,0.15324,0.10931,0.0082401,0.1852,0,0.1122,0.1176,0.02378,0,0.0031038,0.11777,9.7601e-06,0.12802,0.031393,0.01846,0.12668,0
0.027036,0.071133,0,0,0,0.053989,0,0.091866,0,0.00013731,0.031067,0.091909,0.16509,0,0,0.070104,0,0.13325,0,0.0008938,0,0.10317,0.23258,0,0.1326,0.10606,0.085646,0.028625,0.13974,0.19248,0.06237,0.050955,0,0,0.041998,0,0.032839,0.047351,0.02728,0.039359,0.1763
0.038312,0.05476,0,0,0,0.034735,0,0.12928,0,0,0.029384,0.11689,0,0,0,0.14427,0,0.066172,0,0,0,0.076129,0.006295,0,0.0067055,0,0.1347,0.0069008,0.065429,0.006286,0.010471,0.018061,0,0,0,0,0.012272,0.022394,0.00018196,0,2.5199e-05
0.0374,0.0075425,0,0,0,6.1841e-06,0,0.023675,0,0,0.12821,0.016508,0,0,0,0,0,0.024656,0,0,0,0.0076381,0,0.022038,0,0,0,0,0,0,0.00082221,0,0,0,0,0,0.0089373,0.037861,0,0,0
0.0085289,0,0,0,0,0,0,3.8906e-05,0,0,0.1489,0,0,0,0,0,0,0,0,0,0,0.0014333,0,0.12658,0,0,0,0,0,0,0,0,0,0,0,0,0,0.0048028,0,0,0
5.3926e-05,0,0,0,0,0,0,0,0,0,0.002938,0,0,0,0,0,0,0,0,0,0,0,0,0.0040039,0,0,0,0,0,0,0,0,0,0,0,0,0,0,0,0,0
0,0,0,0,0,0,0,0,0,0,0,0,0,0,0,0,0,0,0,0,0.03885,0,0,0,0,0,0,0,0,0,0,0,0,0,0,0.0078955,0,0,0,0,0
0,0,0.03482,0,0,0,0,0,0.028531,0,0,0,0,0.069797,0,0,0,0,0,0.008469,0.0035569,0,0,0,0,0,0,0.052549,0,0,0,0,0.053844,0,0,0.0021398,0,0,0,0,0
0,0,0.0025368,0,0.14295,0,0,0,0,0,0,0,0.032812,0,0,0,0.12645,0,0,0.066554,0,0,0,0,0.055874,0.062683,0,0.11013,0,0,0.035099,0.050354,0.012683,0,0,0,0.06443,0,0,0,0
0,0.03805,0,0,0,0.0098977,0,0,0,0.086907,0,0,0.057116,0,0.02942,0,0,0,0.072452,0,0,0.16294,0,0,0.04135,0.019393,0.086205,0,0,0,0.22724,0.018621,0,0.18053,0.15139,0,0.16394,0,0.064576,0.015284,0
0.048482,0.043442,0,0.22212,0,0.11381,0,0.15589,0,0.11474,0,0.049215,0.0034275,0,0.114,0,0,0.047146,0.056046,0,0,0.053154,0,0,0,0,0.15748,0,0.0099955,0.018683,0.0074841,0,0,0.022126,0.0078725,0,0.0060471,0.00058458,0.10144,0.04337,0
0.22846,0.00020358,0,0.047515,0,0.024203,0,0.063182,0,0.0037084,0.015726,0.17163,0,0,0,0.083334,0,0.19622,0,0,0,0,0.24802,0,0,0,0.047498,0,0.36518,0.13101,0,0,0,0,0,0,0,0.18462,0.0027867,0.11492,0.090988
0.092624,0,0,0,0,0,0,0,0,0,0.038234,0.026895,0,0,0,0.1023,0,0.043705,0,0,0,0,0.13826,0.077293,0,0,0,0,0.038247,0.035248,0,0,0,0,0,0,0,0.04201,0,0.14185,0.039719
0,0,0,0,0,0,0,0,0,0,0.098772,0,0,0,0,0.00072472,0,0,0,0,0,0,0,0.14145,0,0,0,0,0,0,0,0,0,0,0,0,0,0.0029685,0,0,0
0,0,0,0,0,0,0,0,0,0,0.039163,0,0,0,0,0,0,0,0,0,0,0,0,0.00053801,0,0,0,0,0,0,0,0,0,0,0,0,0,0,0,0,0
0,0,0,0,0,0,0,0,0,0,0.00095834,0,0,0,0,0,0,0,0,0,0,0,0,0,0,0,0,0,0,0,0,0,0,0,0,0,0,0,0,0,0
0,0,0,0,0,0,0,0,0,0,0,0,0,0,0,0,0,0,0,0,0.022576,0,0,0,0,0,0,0,0,0,0,0,0,0,0,0.0053518,0,0,0,0,0
0,0,0.010041,0,0,0,0,0,0.011568,0,0,0,0,0.030863,0,0,0.038327,0,0,0.013852,0,0,0,0,0,0,0,0.033595,0,0,0,0,0.027319,0,0,0,0,0,0,0,0
0,0.0058912,0,0,0.14873,0,0,0,0,0,0,0,0.026098,0,0,0,0.0011529,0,0.0041639,0,0,0.066261,0,0,0.019934,0.037623,0,0,0,0,0.13084,0.012647,0,0.050536,0.02029,0,0.0801,0,0,0,0
0,0.034046,0,0,0,0.070748,0,0.075121,0,0.16723,0,0,0,0,0.14161,0,0,0.009151,0.054043,0,0,0.056961,0,0,0,0,0.092762,0,0,0,0,0,0,0.073971,0,0,0,0,0.1561,0,0
0.14468,2.2929e-05,0,0.057776,0,0,0,0.0031137,0,0,0,0.13756,0,0,0,0.051469,0,0.069244,0,0,0,0,0.12727,0,0,0,0,0,0.030555,0.068777,0,0,0,0,0,0,0,0.14179,0,0,0.13781
0,0,0,0.10289,0,0,0,0,0,0,0.01421,0,0,0,0,0.076441,0,0.0014688,0,0,0,0,0.00038106,0,0,0,0,0,0.14896,0,0,0,0,0,0,0,0,0.043825,0,0.18261,0
0,0,0,0,0,0,0,0,0,0,0.059691,0,0,0,0,0,0,0,0,0,0,0,0,0.21399,0,0,0,0,0.0088731,0,0,0,0,0,0,0,0,0,0,0.0045745,0
0,0,0,0,0,0,0,0,0,0,0,0,0,0,0,0,0,0,0,0,0,0,0,0,0,0,0,0,0,0,0,0,0,0,0,0,0,0,0,0,0
0,0,0,0,0,0,0,0,0,0,0,0,0,0,0,0,0,0,0,0,0,0,0,0,0,0,0,0,0,0,0,0,0,0,0,0,0,0,0,0,0
0,0,0,0,0,0,0,0,0,0,0,0,0,0,0,0,0,0,0,0,0,0,0,0,0,0,0,0,0,0,0,0,0,0,0,0,0,0,0,0,0
0,0,0,0,0,0,0,0,0,0,0,0,0,0,0,0,0,0,0,0,0,0,0,0,0,0,0,0,0,0,0,0,0,0,0,0,0,0,0,0,0
0,0,0.0036114,0,0,0,0,0,0.0017513,0,0,0,0,0.0051864,0,0,0.022353,0,0,0.0018031,0,0,0,0,0.00075353,0.0052824,0,0.0089875,0,0,0,0,0.0075012,0,0,0,0,0,0,0,0
0,0.0087709,0,0,0.029293,0,0,0,0,0.023901,0,0,0.0032085,0,0,0,0,0,0.016793,0,0,0.040156,0,0,0.0022854,0,0.016162,0,0,0,0.029638,0,0,0.03648,0.0033081,0,0.017233,0,0,0,0
0.022744,0,0,0,0,0.0094746,0,0.020506,0,0.027404,0,0.0067604,0,0,0.035034,0,0,0.0045853,0,0,0,0,0,0,0,0,0.0023654,0,0,0.0087758,0,0,0,0,0,0,0,0,0.06265,0,0
0.018194,0,0,0.060445,0,0,0,0,0,0,0,0.035273,0,0,0,0.033788,0,0.0037961,0,0,0,0,0.04005,0,0,0,0,0,0,0.0079024,0,0,0,0,0,0,0,0.033891,0,0.03887,0.041267
0,0,0,0,0,0,0,0,0,0,0.067759,0,0,0,0,0,0,0,0,0,0,0,0,0,0,0,0,0,0.045001,0,0,0,0,0,0,0,0,0,0,0,0
0,0,0,0,0,0,0,0,0,0,0,0,0,0,0,0,0,0,0,0,0,0,0,0.037339,0,0,0,0,0,0,0,0,0,0,0,0,0,0,0,0,0
0,0,0,0,0,0,0,0,0,0,0,0,0,0,0,0,0,0,0,0,0,0,0,0,0,0,0,0,0,0,0,0,0,0,0,0,0,0,0,0,0
0,0,0,0,0,0,0,0,0,0,0,0,0,0,0,0,0,0,0,0,0,0,0,0,0,0,0,0,0,0,0,0,0,0,0,0,0,0,0,0,0
0,0,0,0,0,0,0,0,0,0,0,0,0,0,0,0,0,0,0,0,0,0,0,0,0,0,0,0,0,0,0,0,0,0,0,0,0,0,0,0,0
