0.031433,0.08721,0.067377,0.32705,0.20277,0.017657,0.16355,0.033096,0.080652,0.29007,0.010136,0.0021718,0.045196,0.014377,0.018346,0.023195,0.041304,NaN,0.00017795,0.011955,0.095518,0.59346,0.077253,0.095105,0.19165,0.069519,0.21078,0.24369,0.23966,0.092966,0.12966,0.19852,0.11339,0.19286,0.19752,0.20533,0.098602,0.11323,0.085314,0.15324,0.11437,0.034509,0.067008
0.028101,0.0090053,0,0,0,0.00036666,0,0,0,0,0.0026743,0.0012853,1.3559e-05,0,0,0.0002423,0.00070521,NaN,1.7265e-05,0,5.2046e-05,0,0.0010163,1.4458e-05,0,0.0035106,0,0.0040315,0,0.001108,0.0095312,0.0072915,0.0094102,0.0021393,0.0029969,0.0018397,0,0.0041707,0.0071411,0.020126,0,0,0.0039028
0.010157,0.00085265,0,0,1.5964e-05,0.0012139,0,0,0.005594,0,0.0029313,0.0074896,0.0040012,0,0,0,0.0077168,NaN,2.0454e-05,0.00025421,0.0010605,0,0.0089074,0.01194,9.3477e-05,0.00043813,0.002143,0.00078915,0.010017,0,0.0014298,0.0031343,0,0.0042768,0.00024447,0,0,0,0.0017852,0,0.0043416,0,0
0.012787,0.017332,0,0,0.0019888,0,0,0.0037562,0.0045803,0,0.021375,0.0080068,1.1434e-05,0,0,0.00048464,0.014419,NaN,6.2019e-06,0,0.080232,0,0.0098523,1.2044e-05,0.000203,0.015799,0,0.015191,0.017218,0.0012821,0.0023668,0,0.0017436,0.007003,0.0012821,0.0065871,0,0,0.0041113,0.002339,0,0,0.0019047
0.024032,0.063674,0,0,0.0061382,0.0043336,0,0,0,0.046395,3.7483e-05,0,0.010641,4.139e-06,0,0,0.0041419,NaN,5.8885e-06,0,0.086877,0,0.093476,0.025311,0.00012943,0.014169,0,0,0.055485,0.047687,0.048407,0.00088957,0.0059214,0.0085272,0.0018835,0.05133,0,3.4807e-05,0,0.026217,0.0015106,0,0.016217
0.49021,0.58121,0.84034,0.26051,0.55727,0.68964,0.67014,0.68687,0.47891,0.4691,0.82591,0.68992,0.46295,0.64569,0.71423,0.84417,0.192,NaN,0.59603,0.61678,0.26678,0.082071,0.26046,0.67035,0.30797,0.58716,0.4007,0.25245,0.33014,0.41552,0.44909,0.42174,0.34515,0.35427,0.38485,0.35912,0.41569,0.57122,0.16845,0.32249,0.58252,0.57124,0.5176
0.01993,0.011936,0,0,7.182e-05,0,0,0,0,0,0.00045019,0.010539,0.0032267,0.0018152,9.635e-06,0.0001847,0.0040857,NaN,0.0004273,0,0.025319,0.03612,0.012288,0.00056371,0.0062924,0.0056747,0,0,1.4286e-05,0.0028612,0.00072388,0.00043429,0,0.0014521,0.0024817,0.030663,0.00063976,0.00011475,0.016323,0.015321,0,0,0
0.013255,0.013951,0,0,4.749e-05,0.0030774,0,0.0043972,0.0072061,0,0.0060471,0,0.099034,0,0,0,0.0003379,NaN,0,0.00011136,0.0011117,0,0.002231,0.006317,0,0.0090376,2.8836e-05,0.00057271,0.0040374,0.0033698,0.0040435,3.6738e-06,0.0006636,0.00086752,0.00082188,3.8577e-05,0.015304,0,0.018796,3.5675e-05,0,0,0
0.026265,0.016889,0,0,0,0.00015455,0,0.0029691,0,0,0.0016854,0.014807,0,1.834e-06,2.0148e-05,0,0.00074506,NaN,0.0014175,5.3778e-06,0.012207,0,0.00049114,0,0,0.012861,0,0,1.1195e-05,0.012737,0,0.028552,0,0.012931,0.00063353,0.0055855,0.015116,0,0.016339,8.6059e-05,1.7432e-05,0,0.0020758
0.34383,0.19794,0.092281,0.41244,0.2317,0.28356,0.1663,0.26891,0.42306,0.19443,0.12875,0.26578,0.37493,0.33811,0.2674,0.13173,0.73455,NaN,0.4019,0.3709,0.43084,0.28835,0.53403,0.19038,0.49366,0.28183,0.38634,0.48327,0.34341,0.42247,0.35475,0.33943,0.52372,0.41566,0.40729,0.33951,0.45465,0.31123,0.68174,0.46015,0.29724,0.39425,0.39129
0.061404,0.1159,0.22681,0.027879,0.23317,0.17228,0.020763,0.020583,0.062286,0.13367,0.16955,0.10812,0.033308,0.076479,0.10767,0.2159,0.011788,NaN,0.069769,0.096014,0.023446,0,0.033323,0.1095,0.051639,0.017394,0.070792,0.035061,0.015163,0.04191,0.10836,0.024849,0.063468,0.063479,0.054423,0.0498,0.045693,0.038974,0.026234,0.066215,0.067356,0.038657,0.010279
0.037625,0.18314,0.12305,0.0054087,0.065075,0.082507,0.30119,0.011184,0.016253,0.085712,0.10829,0.053351,0.024146,0.10132,0.0517,0.13112,0.011897,NaN,0.041219,0.034712,0.046085,0,0.016747,0.40286,0.010546,0.11989,0.01813,0.018692,0.016667,0.022916,0.019792,0.011548,0.050213,0.015532,0.018536,0.040688,0.030312,0.03546,0.0040959,0.0056827,0.047886,0.035721,0.0044967
0.044436,0.05421,0.13108,0.0060904,0.060167,0.099679,0.073628,0.0052812,0.015134,0.069308,0.060161,0.054331,0.024754,0.12277,0.060051,0.14359,0.0065358,NaN,0.050724,0.016847,0.044618,0,0.052641,0.047942,0.014043,0.036807,0.023619,0.012422,0.045209,0.083089,0.025873,0.015903,0.037444,0.015601,0.022381,0.027796,0.031454,0.041627,0.0054882,0.011353,0.033486,0.031297,0.0026554
0.059996,0.041508,0.15473,0.068711,0.2621,0.092988,0.081711,0.038722,0.025567,0.065046,0.10662,0.05905,0.022024,0.11147,0.044147,0.17576,0.0076591,NaN,0.048257,0.013294,0.060364,0,0.041991,0.018034,0.021774,0.060399,0.015396,0.011216,0.039445,0.049189,0.042661,0.031327,0.031838,0.015838,0.027662,0.027458,0.028093,0.035589,0.011414,0.017924,0.033271,0.030766,0.071462
0.07111,0.050018,0.17727,0.0071962,0.079992,0.088985,0.081725,0.11923,0.033306,0.023199,0.098862,0.11039,0.02539,0.13308,0.036547,0.1295,0.00415,NaN,0.074232,0.027837,0.061564,0,0.039761,0.081618,0.027951,0.058044,0.03288,0.011972,0.035281,0.042422,0.044094,0.027757,0.01101,0.024945,0.079303,0.053049,0.066243,0.066656,0.0065297,0.025088,0.052904,0.036438,0.075585
0.075309,0.066824,0.12935,0.00064456,0.061459,0.071736,0.06148,0.13442,0.046512,0.023569,0.1106,0.093276,0.018852,0.09867,0.060318,0.13385,0.0013724,NaN,0.039945,0.11935,0.035921,0,0.17073,0.11706,0.021929,0.072738,0.01273,0.012951,0.028085,0.043015,0.044366,0.025395,0.0043419,0.020211,0.13882,0.035633,0.046515,0.07788,0.0076746,0.033406,0.060075,0.073316,0.10102
0.064466,0.11956,0.039546,0.02223,0.13725,0.041089,0.075752,0.13312,0.22439,0.043665,0.086747,0.069654,0.0093884,0.044355,0.070611,0.033603,0.00014836,NaN,0.032616,0.16132,0.02112,0,0.027144,0.074213,0.015498,0.082272,0.061484,0.0028871,0.020122,0.036515,0.055486,0.017209,0.00068856,0.024526,0.049141,0.020004,0.036566,0.068655,0.0026518,0.014818,0.055804,0.064153,0.089229
0.028551,0.038471,0.011269,0,0.016331,0.01691,0.092926,0.091052,0.05967,0.033514,0.07615,0.0665,0.0047023,0.30818,0.095124,0.0078189,6.2402e-06,NaN,0.024089,0.11737,0.10291,0,0.021648,0.024002,0.0066959,0.058258,0.038119,0.0090335,0.024618,0.022556,0.037832,0.0071496,0.35857,0.01149,0.0083877,0.0047421,0.019113,0.046604,0.00086776,0.0032979,0.07878,0.069678,0.05756
0.11698,0.15939,0.0038574,0,0.011886,0.21802,0.20688,0.080541,0.36144,0.52232,0.069002,0.26153,0.0012287,0.0036813,0.052937,0.0075686,0,NaN,0.3122,0.033458,0.054034,0.58228,0.5251,0.0083952,0.45174,0.029617,0.024867,0.0014491,0.045456,0.017464,0.010862,0.34751,0.00070151,0.0024882,0.0004616,0.001692,0.0071012,0.024633,2.4698e-05,0.00068384,0.39187,0.051427,0.05615
0.44012,0.17098,0.003034,0.86184,0.07257,0.1158,0.0039469,0.36587,0.15544,0,0.11402,0.12379,0.83621,0,0.42089,0.021291,0.95644,NaN,0.30695,0.3798,0.54994,0.41772,0.070917,0.11638,0.37818,0.46458,0.70199,0.88431,0.72995,0.64093,0.61067,0.49136,0.44172,0.80589,0.60088,0.73914,0.68891,0.56392,0.93502,0.82153,0.17857,0.56855,0.53157
0.13693,0.001731,0.13125,0.21082,0.035731,0.081818,0.097853,0.016342,0.064262,0.1709,0.099189,0.055593,0.0033029,0.067767,0.0098376,0,0.18734,NaN,0.0048523,0.093141,0.01696,0.14578,0.0084533,0.41402,0.0085613,0.0042762,0.1146,0.15612,0.17493,0.04399,0.18912,0.15352,0.26582,0.1562,0.019358,0.21971,0.15325,0.21825,0.18431,0.14101,0.016855,0.0065688,0.12467
0.11512,0.0018451,0.078192,0.18838,0.070317,0.066665,0.14154,0.011013,0.18683,0.17186,0.081518,0.07236,0.0039126,0.077108,0.0087188,0,0.18237,NaN,0.0078952,0.080829,0.018874,0.1621,0.014884,0.040093,0.015861,0.0054762,0.11699,0.20786,0.1277,0.063647,0.16422,0.11484,0.20712,0.17018,0.02617,0.17817,0.1765,0.1456,0.21361,0.13577,0.031404,0.0090951,0.17677
0.098399,0.001677,0.10836,0.1584,0.022204,0.089417,0.091134,0.030622,0.085768,0.083631,0.095559,0.068501,0.0044899,0.077284,0.010553,0,0.16308,NaN,0.0205,0.09029,0.033809,0.13875,0.021637,0.097773,0.078761,0.0073475,0.076368,0.16847,0.10831,0.13967,0.14117,0.23859,0.19015,0.1071,0.043078,0.17987,0.13092,0.13068,0.17832,0.13927,0.024807,0.014085,0.16489
0.084189,0.0039546,0.064441,0.15164,0.065716,0.065671,0.1677,0.023866,0.097778,0.15679,0.085916,0.4131,0.0043896,0.07532,0.018931,0,0.11999,NaN,0.043614,0.089553,0.031131,0.14591,0.034613,0.055077,0.11535,0.011522,0.21483,0.14471,0.14961,0.15143,0.092539,0.17598,0.13777,0.068691,0.067906,0.10012,0.11844,0.12285,0.14503,0.12574,0.031456,0.021749,0.077302
0.19437,0.0028354,0.12103,0.073466,0.067409,0.061406,0.09095,0.030888,0.079094,0.16249,0.084005,0.18649,0.0031102,0.6871,0.01909,0,0.12854,NaN,0.069889,0.060169,0.055045,0.11913,0.088384,0.081981,0.048085,0.012377,0.39229,0.17254,0.09943,0.16604,0.029668,0.18799,0.080331,0.18241,0.097713,0.061487,0.077374,0.042753,0.095846,0.10534,0.033712,0.032301,0.31361
0.35576,0.013042,0.0833,0.041557,0.058642,0.061533,0.12847,0.065125,0.073042,0.092041,0.10014,0.093488,0.0029626,0.013276,0.11847,0,0.10434,NaN,0.083796,0.087484,0.067314,0.13785,0.12198,0.1153,0.061164,0.022767,0.051815,0.087977,0.097931,0.13338,0.37103,0.070567,0.045463,0.17994,0.14968,0.029878,0.039223,0.31356,0.061564,0.1075,0.048998,0.042109,0.056224
0.011015,0.062468,0.19704,0.061997,0.10326,0.073218,0.072467,0.060622,0.063325,0.13232,0.077371,0.067174,0.0059275,0.0017226,0.21501,0.00010223,0.048879,NaN,0.098688,0.062861,0.096124,0.092649,0.25039,0.055193,0.089083,0.056335,0.029124,0.025788,0.071772,0.09887,0.0080674,0.011502,0.011269,0.10463,0.36032,0.012832,0.017406,0.012845,0.033636,0.11553,0.057658,0.038623,0.030267
0.0031971,0.10929,0.04061,0.052682,0.16613,0.12899,0.094686,0.11292,0.063401,0.02996,0.10183,0.026426,0.069244,0.00041284,0.24449,0.002883,0.01432,NaN,0.077234,0.20019,0.21236,0.035127,0.1399,0.03101,0.16903,0.14224,0.0032011,0.028899,0.013183,0.16624,0.0032969,0.010163,0.0034902,0.017162,0.14787,0.013337,0.010388,0.011032,0.015166,0.088203,0.16536,0.090338,0.015588
0.00076003,0.59501,0.17576,0.023416,0.22755,0.23939,0.10973,0.14811,0.018973,0,0.068541,0.010721,0.18754,1.0673e-05,0.12992,0.13568,0.0054884,NaN,0.080957,0.20159,0.1949,0.013391,0.089005,0.097279,0.21304,0.25928,0.00078708,0.0066213,0.15391,0.032965,0.00067462,0.022552,0.0007539,0.01167,0.065174,0.0055964,0.27582,0.0019702,0.0077894,0.037118,0.1594,0.17049,0.0019871
0.00025235,0.20814,1.9282e-05,0.037638,0.18304,0.13189,0.0054657,0.50049,0.26752,0,0.20593,0.0061442,0.71512,1.3255e-06,0.22498,0.86134,0.045641,NaN,0.51258,0.033889,0.27349,0.0093039,0.23075,0.012281,0.20107,0.47839,7.4106e-06,0.0010154,0.0032336,0.003762,0.00021415,0.014298,0.057833,0.0020192,0.022736,0.19899,0.00068902,0.00045154,0.064732,0.0045213,0.43035,0.57464,0.038683
0.10392,0.34681,0.098693,0.060103,0.18215,0.20109,0.26789,0.28651,0.18988,0.15896,0.60512,0.41653,0.048459,0.65602,0.065359,0.52965,0.00044198,NaN,0.064872,0.17751,0.070459,0.015657,0.14221,0.036882,0.027131,0.2168,0.094274,0.041794,0.14286,0.16353,0.19239,0.055773,0.073189,0.012871,0.22928,0.065396,0.00066769,0.17233,0.012967,0.015973,0.31795,0.025648,0.19096
0.16555,0.19038,0.32844,0.69868,0.35019,0.15063,0.51564,0.2341,0.17551,0.41833,0.17498,0.26251,0.126,0.14592,0.4908,0.17612,0.32737,NaN,0.43736,0.085886,0.67958,0.66943,0.5202,0.19761,0.49621,0.18955,0.50456,0.68351,0.17972,0.23354,0.085857,0.15743,0.33299,0.030353,0.39334,0.53705,0.069672,0.33941,0.26461,0.57642,0.20379,0.019752,0.39526
0.23918,0.23221,0.24567,0.0015617,0.20086,0.41753,0.12923,0.34075,0.33916,0.21913,0.13386,0.19168,0.07622,0.1268,0.20567,0.14998,0.46124,NaN,0.1335,0.51821,0.086059,0.2138,0.2286,0.14038,0.18407,0.1878,0.030287,0.0070102,0.45875,0.3972,0.20853,0.21416,0.26356,0.61595,0.22977,0.12748,0.68239,0.3235,0.5209,0.1014,0.20134,0.6298,0.25782
0.32064,0.19108,0.23273,0.11416,0.1794,0.18758,0.059451,0.1016,0.23923,0.1337,0.069502,0.10265,0.42418,0.059299,0.087834,0.054054,0.055404,NaN,0.27821,0.1972,0.047871,0.054513,0.052802,0.39858,0.063882,0.25789,0.23752,0.093263,0.068872,0.058333,0.39139,0.52514,0.24651,0.060197,0.091623,0.12118,0.10054,0.055955,0.023153,0.02998,0.20393,0.25348,0.056756
0.15959,0.036359,0.083878,0.10384,0.054202,0.040309,0.024608,0.036335,0.046867,0.053332,0.015028,0.023213,0.3065,0.011564,0.15033,0.032438,0.14651,NaN,0.08442,0.01966,0.056273,0.040921,0.011385,0.17576,0.19824,0.13887,0.09918,0.13113,0.12035,0.072237,0.11649,0.041126,0.066113,0.2445,0.054851,0.13376,0.11005,0.10878,0.13869,0.21809,0.065934,0.071029,0.092098
0.0089627,0.0031582,0.0037848,0.02167,0.033195,0.0028585,0.0031896,0.00022248,0.0093566,0.016547,0.0015077,0.003036,0.016547,0.00039002,9.9582e-06,0.04671,0.0065363,NaN,0.0016402,0,0.059756,0.0056791,0.036659,0.026611,0.029342,0.0087193,0.030209,0.042216,0.029006,0.064846,0.0029523,0.0042994,0.017571,0.032798,0.0011317,0.011963,0.036679,1.0363e-05,0.03751,0.057905,0.0070641,0.00029416,0.0071143
0.0021539,0,0.0068009,0,0,0,0,0.00048403,0,0,0,0.00039152,0.00014007,0,0,0.011049,0.0024896,NaN,5.8885e-06,0.0015235,0,0,0.0081542,0.023761,0.0011251,0.00036406,0.0037521,0.00075129,0,0.010317,0.0023668,0.0020735,7.1901e-05,0.001603,0,0.0031706,0,7.0664e-06,0.00045749,0.0002238,0,0,0
0,0,0,0,0,0,0,0,0,0,0,0,0.0019531,0,0,0,0,NaN,0,0,0,0,0,0.00042346,0,0,0.00021881,0.00033387,0.00043574,0,3.0862e-05,0,0,0.0017221,0,0,0,0,0.0017178,0,0,0,0
0,0,0,0,0,0,0,0,0,0,0,0,0,0,0,0,0,NaN,0,0,0,0,0,0,0,0,0,0,0,0,0,0,0,0,0,0,0,0,0,0,0,0,0
0,0,0,0,0,0,0,0,0,0,0,0,0,0,0,0,0,NaN,0,0,0,0,0,0,0,0,0,0,0,0,0,0,0,0,0,0,0,0,0,0,0,0,0
0,0.08604,0,0,0,0.10479,0.023277,0.10008,0.030915,0.0024828,0.51453,0.24202,0,0.61209,0.027712,0.39823,0,NaN,0,0.20574,0.01166,0,0.014513,0,0,0.018965,0,0,0.11861,0.0852,0.0050064,0.01749,0.031067,0,0.18779,0.064642,0,0.16082,0,0,0.12577,0,0.053734
0.058101,0.54893,0.83454,0.99918,0.49127,0.23022,0.77395,0.6138,0.29436,0.7724,0.46434,0.662,0.018397,0.38791,0.45936,0.54836,0.036562,NaN,0.61277,0.10883,0.9614,0.80126,0.82095,0.13144,0.11943,0.38681,0.76355,0.90026,0.042448,0.20972,0.61274,0.13109,0.47024,0.012507,0.33887,0.73282,0.05012,0.30148,0.070044,0.28095,0.56551,0,0.54886
0.7105,0.34802,0.16546,0.0008227,0.50873,0.59926,0.20278,0.28612,0.67345,0.2072,0.020761,0.095976,0.82197,0,0.51293,0.05341,0.92677,NaN,0.18857,0.54683,0.026938,0.19874,0.13678,0.45613,0.76887,0.49675,0.062901,0.014575,0.83647,0.70508,0.14403,0.39458,0.27463,0.90773,0.47323,0.1851,0.94988,0.5377,0.92996,0.71905,0.18461,0.93842,0.39741
0.2314,0.017012,0,0,0,0.065727,0,0,0.0012803,0.017913,0.00036972,0,0.15964,0,0,0,0.036668,NaN,0.19866,0.13859,0,0,0.027753,0.41243,0.0019105,0.097477,0.17338,0.085167,0.0024713,0,0.23822,0.45684,0.22406,0.020858,0.00011406,0.017441,0,0,0,0,0.12141,0.061575,0
0,0,0,0,0,0,0,0,0,0,0,0,0,0,0,0,0,NaN,0,0,0,0,0,0,0.10979,0,0.00016224,0,0,0,0,0,0,0.058901,0,0,0,0,0,0,0.0027011,0,0
0,0,0,0,0,0,0,0,0,0,0,0,0,0,0,0,0,NaN,0,0,0,0,0,0,0,0,0,0,0,0,0,0,0,0,0,0,0,0,0,0,0,0,0
0,0,0,0,0,0,0,0,0,0,0,0,0,0,0,0,0,NaN,0,0,0,0,0,0,0,0,0,0,0,0,0,0,0,0,0,0,0,0,0,0,0,0,0
0,0,0,0,0,0,0,0,0,0,0,0,0,0,0,0,0,NaN,0,0,0,0,0,0,0,0,0,0,0,0,0,0,0,0,0,0,0,0,0,0,0,0,0
0,0,0,0,0,0,0,0,0,0,0,0,0,0,0,0,0,NaN,0,0,0,0,0,0,0,0,0,0,0,0,0,0,0,0,0,0,0,0,0,0,0,0,0
0,0,0,0,0,0,0,0,0,0,0,0,0,0,0,0,0,NaN,0,0,0,0,0,0,0,0,0,0,0,0,0,0,0,0,0,0,0,0,0,0,0,0,0
0.23421,0.10584,0.1618,0.52817,0.16343,0.41265,0.39973,0.26907,0.23621,0.32119,0.26088,0.11038,0.079435,0.30586,0.2942,0.30224,0.45453,NaN,0.4256,0.52242,0.41284,0.6271,0.4982,0.090467,0.23673,0.16216,0.19195,0.33426,0.31357,0.40251,0.17478,0.17658,0.38749,0.13654,0.37887,0.34805,0.41314,0.27983,0.42582,0.27027,0.20582,0.22606,0.25672
0.11223,0.066446,0.10103,0.25655,0.099441,0.087977,0.11342,0.060054,0.13125,0.1242,0.051132,0.054691,0.045554,0.094643,0.18533,0.026615,0.080329,NaN,0.058225,0.076399,0.12047,0.10746,0.045902,0.029964,0.1443,0.072099,0.088103,0.092213,0.095755,0.13649,0.11244,0.072789,0.15298,0.083777,0.16131,0.16209,0.12196,0.072033,0.11355,0.14269,0.070574,0.11577,0.1696
0.064354,0.029997,0.092541,0.13876,0.093003,0.044225,0.09556,0.041846,0.084596,0.17183,0.023269,0.037392,0.031102,0.049544,0.13756,0.076506,0.14006,NaN,0.11158,0.044089,0.12735,0.039404,0.032887,0.030515,0.086083,0.049242,0.10316,0.059367,0.069357,0.087741,0.052114,0.071413,0.14698,0.078079,0.06345,0.18204,0.081608,0.097195,0.10223,0.12477,0.050375,0.10815,0.044586
0.04611,0.015571,0.082801,0.042021,0.053105,0.051594,0.031448,0.07373,0.038539,0.073438,0.02447,0.039716,0.0068746,0.029408,0.044021,0.031774,0.097797,NaN,0.032068,0.044453,0.10107,0.046334,0.037968,0.025569,0.061017,0.045893,0.038601,0.10599,0.050359,0.061734,0.052395,0.041722,0.081766,0.074704,0.08444,0.064637,0.089252,0.094696,0.050664,0.067367,0.042099,0.094715,0.081466
0.032034,0.021051,0.03023,0.0081953,0.036594,0.04318,0.024607,0.066534,0.063678,0.065006,0.025989,0.010904,0.03039,0.028289,0.061743,0.0079824,0.058402,NaN,0.026452,0.024703,0.032234,0.022773,0.0042371,0.024582,0.074768,0.08979,0.079317,0.099643,0.080827,0.10049,0.007395,0.011653,0.030442,0.082854,0.072375,0.038608,0.033687,0.091776,0.042306,0.13066,0.025778,0.092469,0.037629
0.060478,0.046676,0.051422,0.0080212,0.03551,0.03716,0.021191,0.027226,0.041936,0.043482,0.003163,0.027138,0.0066318,0.037078,0.019869,0.016286,0.034309,NaN,0.02558,0.036587,0.010435,0.00398,0.03436,0.020217,0.053657,0.064828,0.021897,0.094077,0.057693,0.058784,0.034274,0.014334,0.030317,0.026664,0.025277,0.017584,0.057506,0.042973,0.047306,0.071445,0.03237,0.053345,0.04344
0.057374,0.022279,0.010545,0.0026401,0.040176,0.015162,0.03553,0.035409,0.037435,0.039785,0.0062959,0.025721,0.012615,0.021485,0.043023,0.0038616,0.023041,NaN,0.054313,0.026012,0.0060551,0.018669,0.028515,0.009339,0.068777,0.044915,0.04304,0.026001,0.058468,0.038523,0.038678,0.026275,0.015332,0.053522,0.0029538,0.022039,0.066737,0.021053,0.0588,0.043882,0.021459,0.084179,0.044972
0.020648,0.021673,0.031024,0.003342,0.016842,0.022704,0.014507,0.0038111,0.017076,0.020352,0.010651,0.015482,0.029808,0.010849,0.052577,0.030635,0.05915,NaN,0.0025513,0.025191,0.012389,0.0093566,0.0083785,0.0198,0.0212,0.038849,0.066086,0.022662,0.035473,0.016173,0.03863,0.013079,0.026695,0.070672,0.0039301,0.062327,0.05032,0.030216,0.027182,0.045848,0.013889,0.016799,0.024199
0.01474,0.014544,0.037366,0.00018886,0.042381,0.015541,0.0047814,0.0057669,0.036647,0.0057159,0.018392,0.018232,0.00059685,0.020726,0.015484,0.0017696,0.0062088,NaN,0.013073,0.012905,0.023049,0.0081652,0.00042042,0.030975,0.0014348,0.02898,0.037776,0.022644,0.015089,0.013666,0.022462,0.060498,0.017917,0.086471,0.00048673,0.0020947,0.016891,0.0025956,0.033559,0.0070694,0.0298,0.043564,0
0.35782,0.65593,0.40124,0.012117,0.41952,0.26981,0.25923,0.41655,0.31263,0.13501,0.57576,0.66034,0.75699,0.40212,0.14619,0.50233,0.046166,NaN,0.25056,0.18724,0.15412,0.11675,0.30913,0.71857,0.25203,0.40324,0.33007,0.14315,0.22341,0.083892,0.46683,0.51166,0.11008,0.30672,0.20691,0.10053,0.068905,0.26763,0.098592,0.095997,0.50783,0.16495,0.29739
0.3521,0.24846,0.32584,0.6671,0.25274,0.46291,0.40325,0.41704,0.38572,0.46499,0.71484,0.29596,0.10474,0.43441,0.54155,0.47981,0.69473,NaN,0.44168,0.71307,0.61981,0.73634,0.54225,0.25212,0.5038,0.39628,0.36003,0.59225,0.53732,0.61263,0.22137,0.42354,0.68253,0.45927,0.59103,0.5625,0.69756,0.5638,0.68747,0.51151,0.32227,0.50088,0.51615
0.14228,0.1713,0.076927,0.12449,0.096438,0.16727,0.13517,0.20253,0.14933,0.22289,0.047528,0.18432,0.14852,0.15449,0.094911,0.14342,0.030487,NaN,0.093963,0.11059,0.1174,0.10482,0.091626,0.091712,0.068294,0.20358,0.15621,0.050564,0.15814,0.067363,0.078157,0.17076,0.098337,0.092178,0.12725,0.15516,0.062646,0.15318,0.1092,0.10345,0.11407,0.093982,0.10486
0.077308,0.097232,0.09353,0.024542,0.050555,0.064184,0.030924,0.046882,0.057169,0.045251,0.045213,0.11644,0.082302,0.095271,0.037702,0.10576,0.055241,NaN,0.047195,0.050956,0.073792,0.036595,0.028309,0.087686,0.088809,0.14111,0.074703,0.065249,0.047708,0.049086,0.072511,0.067985,0.016092,0.059469,0.052968,0.018431,0.042422,0.071049,0.04687,0.06822,0.088058,0.092874,0.095705
0.050494,0.10022,0.042118,0.0047004,0.04761,0.041749,0.028396,0.049592,0.062803,0.035387,0.0053168,0.098569,0.08295,0.040144,0.026118,0.047517,0.00099967,NaN,0.050497,0.022072,0.013452,0.0079792,0.033549,0.071931,0.032549,0.03656,0.0641,0.024733,0.024273,0.033205,0.038702,0.078537,0.042981,0.06289,0.031971,0.031106,0.011304,0.031828,0.0046712,0.015854,0.063316,0.0020003,0.018798
0.053914,0.047124,0.015314,0.084821,0.029219,0.042015,0.039092,0.021498,0.045841,0.017907,0.031674,0.052587,0.037736,0.018023,0.037041,0.042495,0.017741,NaN,0.035442,0.0098272,0.010626,0.023871,0.017875,0.043498,0.027929,0.03743,0.0197,0.044822,0.016494,0.023519,0.048592,0.028943,0.0075451,0.052152,0.019754,0.024704,0.00099508,0.0062167,0.0048104,0.020956,0.035625,0.049941,0.02871
0.02804,0.05707,0.039141,0.0067654,0.038518,0.024375,0.026205,0.02987,0.024514,0.011305,0.0097479,0.015752,0.03603,0.017523,0.02994,0.024083,0.0054376,NaN,0.015286,0.0066615,0.018223,0,0.010325,0.042515,0.013941,0.017932,0.01753,0.016474,0.0091043,0.023004,0.045343,0.027656,0.0067579,0.042277,0.020655,0.0013706,0.022713,0.0064328,0.006773,0.0070686,0.04111,0.034223,0.0042887
0.017082,0.017651,0.022576,0.025219,0.015435,0.019142,0.016136,0.044961,0.01995,0.012975,0.0088189,0.024213,0.019768,0.034977,0.022685,0.021348,0.013787,NaN,0.030566,0.0077523,0.012441,0.0081553,0.0057661,0.037403,0.031896,0.017006,0.0438,0.014586,0.0058962,0.032348,0.065986,0.010669,0.019531,0.022965,0.018912,0.012409,0.003053,0.013155,0.0013381,0.019429,0.024664,0.010994,0.021032
0.029898,0.021791,0.025289,0.020438,0.021946,0.02186,0.014335,0.015014,0.027489,0.014877,0.00798,0.027806,0.049578,0.010031,0.023256,0.010697,0.0062862,NaN,0.014626,0.0057214,0.0009419,0.011901,0.012688,0.012487,0.0024242,0.013141,0.0064732,0.016231,0.0010659,0.0085784,0.016259,0.0052399,0.0033912,0.0096819,0.0014977,0.025127,0.0080154,0.0042081,0.0028701,0.0049005,0.012608,0.0057512,0.016298
0.0099211,0.024086,0.017213,0.0092429,0.021364,0.010017,0.022372,0.026203,0.027194,0.017955,0.0058019,0.014083,0.0091168,0.024464,0.00016102,0.012345,0.00035198,NaN,0.015812,0.0054991,0.0017577,0.00029162,0.010047,0.037879,0.024258,0.010249,0.013269,0.0069451,0.0037897,0.0037357,0.022339,0.0074432,0.01019,0.0028277,0.014662,0.033156,0.0026367,0.01222,0.0084658,0.017889,0.019348,0.018928,0.0070069
0.23897,0.21508,0.34205,0.032688,0.42618,0.14648,0.28412,0.1464,0.19998,0.15646,0.12308,0.17026,0.42926,0.17067,0.18664,0.11253,0.17494,NaN,0.25493,0.067846,0.13156,0.070046,0.24756,0.32277,0.2061,0.12671,0.24419,0.16815,0.19621,0.14653,0.39074,0.17924,0.11265,0.19629,0.1213,0.13604,0.14865,0.13791,0.12754,0.23073,0.27893,0.19042,0.18715
0.33554,0.35109,0.52227,0.14585,0.32077,0.58437,0.66616,0.53973,0.37104,0.20194,0.67121,0.50659,0.03228,0.69153,0.17129,0.62741,0.23065,NaN,0.30651,0.61655,0.36732,0.70411,0.35981,0.049598,0.31683,0.25385,0.21045,0.14015,0.15585,0.23999,0.094833,0.17941,0.27333,0.051243,0.21564,0.18021,0.34162,0.34365,0.30214,0.049281,0.30191,0.24035,0.41191
0.31457,0.37597,0.34209,0.20938,0.38739,0.24581,0.22564,0.29446,0.34744,0.31532,0.27587,0.36374,0.031555,0.29998,0.33411,0.28411,0.28284,NaN,0.1477,0.20377,0.31429,0.10113,0.22408,0.15579,0.26519,0.34739,0.2871,0.15215,0.23265,0.32333,0.20179,0.2402,0.22269,0.21589,0.30749,0.20813,0.23903,0.35852,0.22631,0.22831,0.26806,0.26515,0.24832
0.28508,0.23815,0.12185,0.5947,0.20916,0.16235,0.099149,0.13271,0.24447,0.47042,0.05283,0.12019,0.58022,0.0081277,0.43096,0.085698,0.43249,NaN,0.18175,0.14562,0.318,0.188,0.21229,0.29422,0.2794,0.33834,0.26602,0.59449,0.50198,0.41822,0.36535,0.56847,0.48948,0.56657,0.36583,0.52442,0.41455,0.24717,0.40668,0.64511,0.26835,0.47695,0.30665
0.05271,0.0060592,0.013782,0.050077,0.080082,0.0074698,0.0090574,0.033097,0.037056,0.012323,9.1341e-05,0.009477,0.19418,0.00036502,0.063648,0.0027733,0.011985,NaN,0.011953,0.034056,0.00038528,0.0067636,0.022461,0.40061,0.03638,0.060417,0.0013997,0.0080908,0.020181,0.018461,0.087947,0.011919,0.014497,0.051282,0.091938,0.087232,0.004803,0.050661,0.048685,0.020978,0.097815,0.017547,0.033124
0.0086334,0.0029771,0,0,0.0026044,0,0,0,0,0,0,0,0.013753,0,0,0,0.0014405,NaN,0.0067364,0,0,0,0.011922,0.076302,0.017374,0,0.018512,0.0023607,0.0067298,0,0.020082,0,0,0.04209,0.0041186,0,0,0,0.016193,0.024771,0.063872,0,0
0.00068034,0.0038411,0,0,0,0,0,0,0,0,0,0,0.057159,0,0,0,0.0011077,NaN,0.069725,0,0,0,0.013515,0.013799,0.084825,0,0.079932,0.032172,0.010898,0,0.046433,0,0,0.064803,0.014983,0,0,0,0,0.029388,0,0,0
0.0027823,0.015959,0,0,0,0,0,0,0,0,0,0,0.090854,0,0,0,0.014409,NaN,0.27562,0,0,0,0.028465,0.0034708,0,0,0.13316,0.040774,0.020334,0,0.17107,0,0,0.0081308,0,0,0,0,0,0.0021672,0,0,0
0,0.0059534,0,0,0,0,0,0,0,0,0,0,0,0,0,0,0.02508,NaN,0,0,0,0,0.04979,0.0039841,0,0,0.0034284,0.02981,0.045329,0,0.012492,0,0,0,0,0,0,0,0,0,0,0,0
0,0,0,0,0,0,0,0,0,0,0,0,0,0,0,0,0,NaN,0,0,0,0,0.070403,0.002228,0,0,0,0,0.0060441,0,0,0,0,0,0,0,0,0,0,0,0,0,0
0,0,0,0,0,0,0,0,0,0,0,0,0,0,0,0,0,NaN,0,0,0,0,0.0072692,0,0,0,0,0,0,0,0,0,0,0,0,0,0,0,0,0,0,0,0
0.029558,0.15736,0.094965,0.0016064,0.049842,0.012871,0.059703,0.0076724,0.061395,0.02599,0.0077208,0.051014,0.16572,0.018188,0.012708,0.061523,0.037023,NaN,0.31446,0.00060689,0.0017132,0.00051831,0.20442,0.41324,0.116,0.02143,0.29543,0.11379,0.082605,0.020562,0.19305,0.0056237,0.00025592,0.11192,0.0067788,0,0.0030159,0.0084553,0.0081296,0.016813,0.17261,0,0.01322
0.047228,0.21493,0.19245,0.0049002,0.14962,0.13278,0.13677,0.048891,0.075122,0.051526,0.076813,0.10129,0.26128,0.047709,0.063284,0.097967,0.0024659,NaN,0.046334,0.013226,0.016888,0.017648,0.11651,0.14385,0.0020417,0.069277,0.00050866,0.0016456,0.016346,0.040332,0.032781,0.002504,0.00077404,0.012964,0.016064,0.00017546,0.0025566,0.027489,0.0064312,0.017811,0.33104,0.020418,0.033047
0.08177,0.1446,0.21657,0.0052435,0.2071,0.14028,0.12996,0.14187,0.16057,0.10077,0.15035,0.36443,0.45039,0.1759,0.057487,0.2195,0.00073913,NaN,0.053424,0.065579,0.064485,0.019743,0.068287,0.21088,0.0048235,0.23208,0.016159,0.0026675,0.038495,0.05166,0.054993,0.028838,0.0023841,0.0088145,0.082351,0.00053658,0.0043598,0.095435,0.0045086,0.028309,0.19283,0.048766,0.091979
0.22628,0.13003,0.1451,0.00045572,0.16503,0.17294,0.14994,0.1652,0.092403,0.10144,0.17731,0.18259,0.068878,0.18588,0.042147,0.11471,0.00053661,NaN,0.086323,0.15602,0.083905,0.017927,0.092963,0.079882,0.040735,0.29698,0.06777,0.018575,0.02939,0.045829,0.056842,0.45164,0.087499,0.0084345,0.058362,0.0048042,0.011528,0.14075,0.0011431,0.011199,0.064921,0.10172,0.10365
0.27381,0.057783,0.060511,0.0078969,0.12266,0.13062,0.076231,0.11748,0.15958,0.1317,0.0833,0.085743,0.024955,0.10237,0.066559,0.085248,0.10249,NaN,0.16809,0.13193,0.060501,0.02985,0.12837,0.029858,0.14292,0.18387,0.10239,0.029309,0.11663,0.14954,0.22202,0.23146,0.20203,0.36118,0.044965,0.072555,0.309,0.23696,0.16183,0.018311,0.088876,0.43417,0.078792
0.24283,0.064433,0.085263,0.12987,0.13942,0.12346,0.1223,0.13307,0.1859,0.15378,0.065873,0.03597,0.0026259,0.065867,0.35939,0.046402,0.39506,NaN,0.07846,0.15164,0.22523,0.13884,0.16948,0.035556,0.34808,0.11795,0.24516,0.25883,0.40322,0.3879,0.21334,0.14047,0.17737,0.36185,0.28713,0.36895,0.19862,0.1921,0.33491,0.52852,0.051369,0.20566,0.30325
0.056339,0.096571,0.10508,0.54966,0.10492,0.21385,0.10246,0.14897,0.15326,0.30143,0.080708,0.049437,0.010577,0.11099,0.24094,0.074448,0.23953,NaN,0.023256,0.30984,0.23104,0.15656,0.1631,0.050703,0.28212,0.042668,0.14651,0.39831,0.1481,0.19333,0.11512,0.09314,0.3342,0.10083,0.24845,0.31626,0.23842,0.12359,0.18955,0.3105,0.03826,0.13937,0.14655
0.042183,0.075438,0.052934,0.17639,0.054201,0.048241,0.1993,0.15883,0.091653,0.12427,0.10258,0.055602,0.0052594,0.13974,0.11017,0.067508,0.20888,NaN,0.049426,0.095666,0.1848,0.31877,0.051821,0.027268,0.049574,0.022629,0.066327,0.10373,0.11954,0.087522,0.054263,0.04175,0.11404,0.034006,0.14526,0.13541,0.22567,0.092211,0.29258,0.043416,0.025697,0.049905,0.16676
0,0.055427,0.047124,0.12398,0.0072155,0.0054663,0.023329,0.066422,0.014164,0.0090956,0.095003,0.050517,0.010317,0.033435,0.044703,0.053168,0.013279,NaN,0.18023,0.01723,0.1257,0.30014,0.0032672,0.0087661,0.013183,0.0071356,0.059746,0.073139,0.037281,0.023319,0.056455,0.004567,0.075558,0,0.10657,0.099562,0.0068166,0.074166,0.00092007,0.025118,0.012188,0,0.060748
0,0.0034227,0,0,0,0.019497,0,0.011594,0.0059554,0,0.16034,0.023408,0,0.11992,0.0026152,0.17953,0,NaN,0,0.058265,0.0057435,0,0.0017888,0,0.00053116,0.005988,0,0,0.0084011,0,0.0011399,0,0.0058949,0,0.0040679,0.0017563,0,0.0088387,0,0,0.022206,0,0.0020032
0,0.024109,0,0.031185,0,0.022171,0,0.020291,0.0097027,0.049795,0.21944,0.055519,0,0.14121,0.0035483,0.18085,0,NaN,0,0.066639,0.0066645,0,0.013364,0.01006,0.012893,0.0083356,0,0,0.087643,0.037239,0.036333,0.030195,0.082276,0,0.16671,0.061012,0,0.017791,0,0,0.03272,0,0.0042521
0,0.071506,0.10258,0.94765,0.20942,0.021183,0.26028,0.20261,0.05319,0.47916,0.091873,0.05105,0.013575,0.10092,0.707,0.069973,0.15579,NaN,0.20222,0.028133,0.6136,0.803,0.3101,0.12601,0.39966,0.02214,0.379,0.76956,0.12975,0.077736,0.20486,0.056632,0.41102,0.0065719,0.56761,0.73387,0.037707,0.10918,0.17287,0.82367,0.012103,0,0.4954
0.22691,0.13188,0.084924,0.0041072,0.091177,0.10071,0.098389,0.25818,0.37528,0.051197,0.090491,0.049323,0.018658,0.12565,0.075679,0.10004,0.83282,NaN,0.26684,0.16356,0.17879,0.089313,0.11576,0.0082364,0.139,0.085074,0.067191,0.10132,0.67169,0.56657,0.54712,0.10119,0.02293,0.7901,0.043593,0.14888,0.93074,0.47152,0.80416,0.10556,0.068507,0.51761,0.16258
0.3222,0.074076,0.064079,0.0033931,0.1166,0.32603,0.090664,0.071146,0.16068,0.027846,0.057937,0.05602,0.11639,0.07028,0.032854,0.060505,0.011388,NaN,0.35467,0.53143,0.006288,0.046892,0.12954,0.021924,0.15292,0.37401,0.27884,0.085833,0.025621,0.11161,0.16429,0.31918,0.4746,0.12048,0.050339,0.053611,0.012999,0.060668,0.0099241,0.042869,0.079823,0.33595,0.064352
0.27237,0.081055,0.10644,0.0031965,0.11628,0.16357,0.080515,0.093549,0.064857,0.15919,0.13441,0.049185,0.45422,0.11809,0.028853,0.10965,1.0669e-05,NaN,0.10314,0.081234,0.037788,0.013266,0.12019,0.24454,0.24116,0.15114,0.15877,0.017116,0.02582,0.059913,0.017092,0.46999,0.0050986,0.039422,0.040128,0.001139,0.0073225,0.089675,0.010758,0.020785,0.15616,0.076644,0.014239
0.071876,0.18525,0.2105,0.0053016,0.12592,0.12655,0.13315,0.22811,0.088458,0.13127,0.27737,0.39799,0.39047,0.26067,0.065599,0.2645,0,NaN,0.039515,0.10423,0.060307,0.013676,0.14719,0.19516,0.038078,0.21236,0.028512,0.013382,0.034574,0.057786,0.018186,0.0069025,0.00085573,0.030615,0.10542,0.001294,0.0027239,0.19663,0.0022919,0.0050569,0.15885,0.016978,0.15273
0.062613,0.36044,0.2096,0.00073501,0.18633,0.14881,0.1559,0.076956,0.15018,0.061049,0.09844,0.25136,0.0038002,0.12318,0.043047,0.09661,0,NaN,0.032003,0.015854,0.079461,0.011232,0.054882,0.38212,0.013125,0.082653,0.016722,0.0025559,0.024896,0.038365,0.01213,0.0067674,0.0006855,0.0051906,0.026107,9.1219e-05,0.0047155,0.045116,0,0.0020537,0.34963,0.048312,0.063711
0.028248,0.04678,0.1712,0.0019242,0.094728,0.076434,0.10013,0.049159,0.072892,0.021228,0.02654,0.069302,0.0028862,0.049563,0.041637,0.038494,0,NaN,0.0016171,0.0088596,0.012449,0.022168,0.055813,0.011952,0.0018344,0.059722,0.046505,0.005117,0,0.036184,0,0.0027934,0.0022705,0.0054802,6.4485e-05,0.00010347,0.00070974,0.007823,0,0,0.12382,0.0045036,0.040749
0.015627,0.022567,0.047709,0.002508,0.049143,0.013923,0.080968,0,0.019982,0.014629,0.0034952,0.020254,0,0.0034499,0.0017815,0.065685,0,NaN,0,6.0262e-05,0.0046496,0.00044811,0.051567,0,0.00033762,0.0045677,0.0021899,0.0051165,0,0.014376,0,0.0063281,3.0224e-05,0.0020478,3.3606e-05,0,0.0030857,0.0015931,0,0,0.017693,0,0.0019876
0.00015408,0.0023326,0.0029623,0,0.010406,0.00061529,0,0,0.0047786,0.0046331,1.1629e-06,0,0,0.006985,0,0.0137,0,NaN,0,0,0,0,0.0015913,0,0.00099694,0,0.022277,0,0,0.00022399,0,1.8361e-05,0.00022493,9.0699e-05,0,0,0,0,0,0,0.00070797,0,0
0.3339,0.092113,0.015199,0.43981,0.17742,0.1239,0.077925,0.20191,0.2976,0.14637,0.013567,0.091153,0.41468,0.19731,0.24363,0.00070663,0.73441,NaN,0.27262,0.31919,0.39342,0.40428,0.54115,0.14339,0.48798,0.24497,0.041978,0.033198,0.37215,0.46216,0.28076,0.34193,0.35003,0.49542,0.33989,0.3303,0.41865,0.31593,0.7292,0.47474,0.14673,0.37059,0.30972
0.0027384,0.026332,0.018992,0.00015405,0.030418,0.073371,0.018568,0.022387,0.039278,0.01086,0.031984,0.063208,0.0060341,0.064155,0.00034652,0.055276,0,NaN,0,0.0033767,0.0095883,0.0022668,0.0076847,0.0061873,0.03788,0.012707,0,0,0.0041632,0.00014365,0.0017842,0.00056129,0,0.00607,0.0091936,0,0.00050138,0.001653,0.0025237,0,0.053285,0.013548,0.020143
0.014593,0.050823,0.024414,0,0.020932,0.02351,0.035994,0.043046,0.058632,0.0025447,0.033578,0.066653,0.00090354,0.084124,7.5016e-05,0.038388,0.0039393,NaN,0.00076505,0.024813,0.039412,0.01368,0.0029178,0.012893,0.00017087,0.0075424,0,0,0.011965,0.0041098,0.010081,1.1156e-05,0,2.9516e-05,0.012135,0.0011224,0,0.010216,0.0013991,9.6578e-05,0.042892,0.0086908,0.031749
0.0061429,0.061686,0.12576,0.00052501,0.036602,0.017214,0.02053,0.067748,0.031839,0.020446,0.017894,0.053791,0.00078432,0.068899,0.016256,0.078676,0.00068574,NaN,0.0032706,0.022447,0.08132,0.0034536,0.020062,0.020032,0.00044134,0.013501,0,0.00012545,0.0085909,0.005425,0.0059085,0,1.1177e-05,0,0.013121,0.016615,1.1239e-05,0.027247,0.00091051,0,0.06149,0.010057,0.022152
0.26142,0.24777,0.50602,0.01236,0.25314,0.41346,0.27034,0.33078,0.21128,0.25038,0.32453,0.29093,0.078244,0.43224,0.28678,0.37799,0.01782,NaN,0.47375,0.32227,0.13455,0.0038431,0.064194,0.2397,0.084037,0.27488,0.21747,0.061373,0.10911,0.19527,0.18035,0.096555,0.095321,0.10102,0.20044,0.1031,0.16675,0.19796,0.027334,0.058091,0.26989,0.2477,0.25284
0.20667,0.29073,0.27565,0.017098,0.21495,0.23323,0.40088,0.18696,0.14956,0.1643,0.43434,0.28854,0.085347,0.13426,0.28778,0.36185,0.0064604,NaN,0.22541,0.24823,0.11914,0.0036054,0.17215,0.3322,0.063463,0.24434,0.055696,0.052863,0.11259,0.13768,0.18271,0.064416,0.10462,0.066078,0.15444,0.1114,0.14429,0.19999,0.025454,0.086743,0.18227,0.17699,0.14273
0.015647,0.07214,0.0087636,0.00054714,0.0015955,0.0053747,0.028372,0.0065125,0.051363,0.0059714,0.073682,0.047052,0.00018187,0.0070155,0.0036206,0.039294,0.0058546,NaN,0.0035919,0.0027236,0.070044,0.0013894,0.060386,0.061989,0.0011541,0.0085865,0.0016147,5.1205e-05,0.018662,0.0082705,0.009833,0.0019685,2.3726e-05,0.00021983,0.00010319,0.027767,4.7628e-05,0.0063128,0,0.00011306,0.051115,0.0034329,0.0096479
0.0096115,0.027403,0.022276,0.00058632,0.032446,0.0041323,0.016836,0.051377,0.0066926,0.0095024,0.055781,0.022212,0.002964,0.011997,0.0011658,0.030847,0.0087976,NaN,0.0048388,0.0013479,0.020305,0.0040967,0.010758,0.017069,0,0.0012241,0,0,0.013305,0.0011184,0.0074034,0.0013211,7.2122e-05,3.8253e-05,1.2309e-05,0.00093821,0,0.0059097,6.6987e-06,0,0.082181,0.01129,0.030545
0.0027061,0.014995,0.00035768,0.00085821,0.021075,0.063179,0.020237,0.0044822,0.028045,0.023299,0.011115,0.038276,0.010854,0,0.015278,0.016965,0,NaN,0.011631,0.0040742,0.0020994,0.0014909,0.0078762,0.0039287,0.012174,0.0049254,0,0,0.008004,0.0042721,0.010565,0.00052732,1.6945e-05,0.0043839,3.3986e-05,0.00011702,0.00065163,0.0027197,0.0029972,0.00019372,0.058513,0.0037364,0.0052058
0.14656,0.11601,0.0025734,0.52806,0.21142,0.042624,0.11032,0.084796,0.1257,0.36633,0.0035229,0.038189,0.40001,0,0.14506,0,0.22203,NaN,0.0041286,0.051518,0.13012,0.56189,0.11282,0.16261,0.3127,0.18733,0.68324,0.85239,0.34146,0.18156,0.31061,0.49271,0.44991,0.32674,0.27064,0.40865,0.2691,0.23205,0.21018,0.38002,0.051636,0.15396,0.17527
0.25785,0.11593,0.32179,0.021589,0.19517,0.12462,0.11617,0.17976,0.058333,0.083106,0.16663,0.24079,0.16266,0.12515,0.36569,0.23086,0.00065525,NaN,0.36742,0.14066,0.076095,0,0.01891,0.31525,0.13594,0.33188,0.27317,0.11058,0.090264,0.069062,0.21485,0.04508,0.033675,0.13898,0.10377,0.048977,0.12713,0.1485,0.035748,0.10837,0.18531,0.26006,0.11784
0.040866,0.11329,0.14433,0.0017263,0.16299,0.061777,0.079996,0.091411,0.072182,0.038484,0.14536,0.08283,0.00082859,0.11844,0.067664,0.08464,0.00010331,NaN,0.019487,0.07334,0.091858,0,0.1891,0.011538,0.0037679,0.07956,0,0.003653,0.020608,0.031536,0.033285,0.018446,0.014467,0.0051113,0.030122,0.045857,0.049105,0.078431,0.0018521,0.0042502,0.098995,0.059585,0.095633
0.021284,0.069573,0.04881,0.0018748,0.02375,0.043804,0.046841,0.038207,0.057015,0.024559,0.049239,0.034574,6.7637e-05,0.034292,0.030301,0.065789,2.115e-05,NaN,0.0040099,0.049883,0.088692,0,0.048756,0.0057748,0.0012193,0.022003,0,0,0.012831,0.02639,0.00769,0.0061504,0.0069308,0.00098669,0.019614,0.01559,0.018122,0.035436,0.00049511,0.00045175,0.023322,0.036466,0.019686
0.009704,0.017465,0.027306,0.0013327,0.028093,0.029415,0.037889,0.035798,0.02091,0.029298,0.022183,0.033193,0.0002284,0.038569,0.0030521,0.040135,4.9707e-05,NaN,0.0041278,0.030448,0.0089621,0,0.029519,0.063839,0.0014866,0.0075744,0,0.00012545,0.013562,0.0065402,0.019852,0.0084178,0.010599,0.00050763,0.0074654,0.0090194,0.011932,0.015295,1.1184e-05,0.00070792,0.022288,0.015532,0.014223
0.015769,0.023711,0.044427,0.00074559,0.02783,0.042644,0.043824,0.03258,0.0015701,0.0097261,0.066097,0.041844,4.7026e-05,0.055869,0.034786,0.03802,0.042228,NaN,0,0.031776,0.028067,0.00019405,0.0027263,0.024385,0.00039015,0.010806,0,5.1205e-05,0.016892,0.012941,0.0086035,0.0092769,0.0068459,0.00036881,0.0067712,0.012884,0.0057392,0.016276,0,0.00012587,0.018271,0.0093563,0.017021
0.013316,0.014493,0.05085,0.00012704,0.021987,0.021823,0.04007,0.032063,0.044588,0.021648,0.03412,0.021966,4.4338e-05,0.034839,0.013688,0.057961,0.00032201,NaN,0.0037031,0.018366,0.026343,0.0013789,0.00043675,0.013263,0.002166,0.0095154,0.0016147,0,0.013194,0.0081344,0.0098588,0.0032271,0.0065711,0.00028885,0.0029532,0.0067749,0.0065972,0.0099304,0.0003294,0.00055504,0.017869,0.0059716,0.019587
0.026754,0.029658,0.040404,0,0.030535,0.0366,0.029345,0.015432,0.027719,0.031393,0.050205,0.037427,0.00043568,0.026282,0.010893,0.044867,0.00017168,NaN,0.003286,0.026395,0.014349,0.0015848,0.01547,0.013521,0.00088983,0.016163,0,0,0.010773,0.027712,0.014064,0.006021,0.0080763,0.00021908,0.003045,0.014238,0.014956,0.018645,0.00057616,0.0015894,0.012555,0.017384,0.022776
0.018676,0.053835,0.058605,0.0010232,0.040655,0.058659,0.11762,0.029596,0.039334,0.041256,0.068008,0.05659,0.00058308,0.061138,0.0041566,0.049918,0,NaN,0.021545,0.042228,0.02595,0.011486,0.0052284,0.021577,0.00018234,0.028421,0,0,0.006323,0.030268,0.007791,0.0029679,0.015432,0.0018505,0.00231,0.02609,0.0096285,0.019794,0.012526,0.0013637,0.023586,0.011148,0.028626
0.071502,0.11361,0.064713,0.00083009,0.064196,0.099912,0.13822,0.093134,0.081229,0.049732,0.096875,0.081325,0.0043992,0.090219,0.068903,0.12575,0,NaN,0.02978,0.052131,0.067668,0.018727,0.014579,0.039922,0.069495,0.032642,0.012037,0,0.024848,0.038756,0.023831,0.013558,0.014761,0.011798,0.018431,0.027058,0.019104,0.052576,0.011699,0.018728,0.033262,0.024129,0.042928
0.52428,0.44844,0.19876,0.97075,0.40479,0.48075,0.35003,0.45202,0.59712,0.6708,0.30128,0.36946,0.8307,0.4152,0.40087,0.26207,0.95645,NaN,0.54665,0.53478,0.57201,0.96663,0.67528,0.49093,0.78446,0.46144,0.71318,0.88559,0.7907,0.74866,0.66018,0.88686,0.88264,0.83989,0.80552,0.79351,0.73769,0.60512,0.93676,0.86386,0.56455,0.56036,0.62168
0.0051219,0.027194,0.004536,0,0.0046058,0.0063683,0.0057458,0,0.026446,0,0.0025607,0,0,0.014377,0.0011052,0.01938,0,NaN,0.00016152,0.0034513,0.006141,0.25453,0.0087892,0.0065517,0.0015278,0.00080082,0.01118,0.0073597,0.0095401,0,0.00049285,0.00065265,0.033084,0.0089763,0.031607,0.00074793,0,0.0084134,0.0012987,0,0.026149,0,0
0,0.0012565,0.035064,0.022853,0.17605,0.00011274,0,0,0.015582,0,0,0,0,0,0.00080006,0,1.4889e-05,NaN,0,0,0,0,0.00066851,0.00035279,0,0.002957,0,0,0,0,0.00060158,0,0,0,0,1.1843e-05,0,0.0019323,0,0,0,0,0
0,0,0.027576,0.0068793,0,0,0,0,0.0025593,0,0,0,0,0,0,0,0,NaN,0,0,0,0,0.017764,0,0,0.00028381,0,0,0.00053199,0,0.015389,0.0024325,0,0.0082241,0,0.00064514,0,0,0,0.004391,0.00351,0,0
0,0.045462,0,0,0,0,0.15768,0,0.0066987,0,0,0,0.0095911,0,0,0,0,NaN,0,0,0,0,0.0017836,0.0041537,0.0064534,0.0044779,0,0,0,0,0,0,0,0,0.00737,0.0027486,0,0,0.0037158,0.0080399,0,0,0
0,0,0,0,0,0,0,0,0.0087248,0,0,0,0,0,0,0,0,NaN,0,0,0,0,0,0.013924,0,0,0,0,0,0,0,0,0,0,0,0,0,0,0,0,0,0,0
0,0,0,0,0,0,0,0,0,0,0,0,0,0,0,0,0,NaN,0,0,0,0,0,0,0,0,0,0,0,0,0,0,0,0,0,0,0,0,0,0,0,0,0
0,0,0,0,0,0,0,0,0,0,0,0,0,0,0,0,0,NaN,0,0,0,0,0,0,0,0,0,0,0,0,0,0,0,0,0,0,0,0,0,0,0,0,0
0,0,0,0,0,0,0,0,0,0,0,0,0,0,0,0,0,NaN,0,0,0,0,0,0,0,0,0,0,0,0,0,0,0,0,0,0,0,0,0,0,0,0,0
0,0,0,0,0,0,0,0,0,0,0,0,0,0,0,0,0,NaN,0,0,0,0,0,0,0,0,0,0,0,0,0,0,0,0,0,0,0,0,0,0,0,0,0
0.026311,0.013297,0.00020065,0.29732,0.02212,0.011176,0.00013307,0.033096,0.020642,0.29007,0.007575,0.0021718,0.035604,0,0.016441,0.0038151,0.041289,NaN,1.6433e-05,0.0085037,0.089377,0.33893,0.048248,0.070123,0.18367,0.060999,0.1996,0.23633,0.22959,0.092966,0.11317,0.19544,0.080309,0.17566,0.15855,0.20117,0.098602,0.10288,0.080299,0.14081,0.084712,0.034509,0.067008
0.013132,0.0042015,0,0,0,0.00014732,0,0,0,0,0.00057155,0,0,0,0,2.5368e-06,0,NaN,0,0,0,0,0,0,0,0,0,0,0,0,0.0029663,0.0072915,0.0094102,0.001638,0.0029969,0,0,0,0,0,0,0,0.0024338
0,0,0,0,0,0.00021934,0,0,0,0,0,0,0,0,0,0,0,NaN,0,0,0,0,0,1.4458e-05,0,0,0,0,0,0,0,0,0,0,0,0,0,0,0,0,0,0,0.001469
0,0,0,0,0,0,0,0,0,0,0.0021027,0,0,0,0,0,0,NaN,0,0,0,0,0,0,0,0,0,0,0,0,0.00057425,0,0,0,0,0,0,0,0,0,0,0,0
0,0,0,0,0,0,0,0,0,0,0,0,1.3559e-05,0,0,0,0.00069769,NaN,0,0,0,0,0,0,0,0,0,0,0,0,0,0,0,0,0,0,0,0,0,0,0,0,0
0,0,0,0,0,0,0,0,0,0,0,0,0,0,0,0,0,NaN,0,0,0,0,0,0,0,0,0,0,0,0,0,0,0,0,0,0,0,0,0.00081456,0,0,0,0
0,0,0,0,0,0,0,0,0,0,0,0,0,0,0,0,0,NaN,0,0,0,0,0.0010163,0,0,0,0,0,0,0,0,0,0,0,0,0,0,0,0,0,0,0,0
0,0,0,0,0,0,0,0,0,0,0,0,0,0,0,0,0,NaN,0,0,0,0,0,0,0,0,0,0,0,0,0,0,0,0,0,0,0,0,0,0,0,0,0
0,0,0,0,0,0,0,0,0,0,0,0,0,0,0,0,0,NaN,0,0,0,0,0,0,0,0,0,0,0,0,0,0,0,0,0,0,0,0,0,0,0,0,0
0,0,0,0,0,0,0,0,0,0,0,0,0,0,0,0,0,NaN,0,0,0,0,0,0,0,0,0,0,0,0,0,0,0,0,0,0,0,0,0,0,0,0,0
0.01497,0.0048038,0,0,0,0,0,0,0,0,0,0.0012853,0,0,0,0.00023976,7.5205e-06,NaN,1.7265e-05,0,5.2046e-05,0,0,0,0,0.0035106,0,0.0040315,0,0.001108,0.0059907,0,0,0.0005013,0,0.0018397,0,0.0041707,0.0063265,0.020126,0,0,0
0,0.00053697,0,0,1.5964e-05,0.00085503,0,0,0.0029669,0,0.0003001,0.0018055,0,0,0,0,0,NaN,0,0,0.0010487,0,0.003607,0,0,0,0,0,0.0019891,0,0.0014298,0,0,0.0014868,0.00024447,0,0,0,1.0901e-05,0,0.0028325,0,0
0,0,0,0,0,0,0,0,0,0,0,0,0,0,0,0,0,NaN,0,0,0,0,0,0,0,0,0,0,0,0,0,0,0,0,0,0,0,0,0,0,0,0,0
0,0,0,0,0,0,0,0,0,0,0,0,0,0,0,0,0,NaN,0,0,0,0,0,0.0016703,0,0,0,0.00030533,0,0,0,0,0,0.0026968,0,0,0,0,0,0,0,0,0
0,0,0,0,0,0,0,0,0,0,0,0,0.0040012,0,0,0,0,NaN,0,0,0,0,0.00024726,0,0,0,0,0,0,0,0,0,0,9.3247e-05,0,0,0,0,0,0,0,0,0
0,0,0,0,0,0,0,0,0,0,0,0,0,0,0,0,0,NaN,0,0,0,0,0.00011087,0,0,0,0,0,0,0,0,0,0,0,0,0,0,0,0.00028938,0,0,0,0
0,0,0,0,0,0,0,0,0,0,0,0,0,0,0,0,0,NaN,0,0,0,0,0,0.003151,0,0,0,0,0,0,0,0,0,0,0,0,0,0,0,0,0,0,0
0,0,0,0,0,0,0,0,0,0,0,0,0,0,0,0,0,NaN,0,0,0,0,0,0,0,0,0,0,0,0,0,0,0,0,0,0,0,0,0,0,0,0,0
0,0,0,0,0,0,0,0,0,0,0,0,0,0,0,0,0,NaN,0,0,0,0,0,0,0,0,0,0,0,0,0,0,0,0,0,0,0,0,0,0,0,0,0
0,0,0,0,0,0,0,0,0,0,0,0,0,0,0,0,0,NaN,0,0,0,0,0,0,0,0,0,0,0,0,0,0,0,0,0,0,0,0,0,0,0,0,0
0.010157,0.00031568,0,0,0,0.00035888,0,0,0.0026271,0,0.0026312,0.005684,0,0,0,0,0.0077168,NaN,2.0454e-05,0.00025421,1.1764e-05,0,0.0049422,0.0071191,9.3477e-05,0.00043813,0.002143,0.00048382,0.0080279,0,0,0.0031343,0,0,0,0,0,0,0.001485,0,0.0015091,0,0
0.00037381,0.0049252,0,0,0,0,0,0,0.0045803,0,0,0,0,0,0,0,0,NaN,0,0,0,0,0.0017136,0,0,0,0,0,0,0,0,0,0,0.0011435,0.0012821,2.7994e-05,0,0,0,0,0,0,0.0009187
0,0,0,0,0,0,0,0,0,0,0,0,0,0,0,0,0,NaN,0,0,0,0,0,0,0,0,0,0,0,0,0,0,0,0,0,0,0,0,0,0,0,0,0
0,0,0,0,0,0,0,0,0,0,0,0,0,0,0,0,0,NaN,0,0,0,0,0,0,0,0,0,0,0,0,0,0,0,0,0,0,0,0,0,0,0,0,0
0,0,0,0,0,0,0,0,0,0,0,0,0,0,0,0,0,NaN,0,0,0,0,0,0,0,0,0,0,0,0,0,0,0,0,0,0,0,0,0,0,0,0,0
0,0.0028499,0,0,0,0,0,0,0,0,0,0,0,0,0,0,0,NaN,0,0,0,0,0.00048772,0,0,0,0,0,0,0,0,0,0,0,0,0,0,0,0,0,0,0,0
0,0,0,0,0,0,0,0,0,0,0,0,0,0,0,0,0,NaN,0,0,0.078048,0,0,0,0,0.011558,0,0,0,0,0,0,0,0,0,0,0,0,0,0,0,0,0
0,0,0,0,0,0,0,0,0,0,0,0,0,0,0,0,0,NaN,0,0,0,0,0,0,0,0,0,0,0,0,0,0,0,0,0,0,0,0,0,0,0,0,0
0,0,0,0,0,0,0,0,0,0,0,0,0,0,0,0,0,NaN,0,0,0,0,0,0,0,0,0,0,0,0,0,0,0,0,0,0,0,0,0,0,0,0,0
0,0,0,0,0,0,0,0,0,0,0,0,1.1434e-05,0,0,0,0,NaN,0,0,0,0,0,0,0,0,0,0,0,0,0,0,0,0,0,0,0,0,0,0,0,0,0
0.012414,0.0095567,0,0,0.0019888,0,0,0.0037562,0,0,0.021375,0.0080068,0,0,0,0.00048464,0.014419,NaN,6.2019e-06,0,0.0021847,0,0.0076511,1.2044e-05,0.000203,0.0042411,0,0.015191,0.017218,0.0012821,0.0023668,0,0.0017436,0.0058595,0,0.0065591,0,0,0.0041113,0.002339,0,0,0.00098601
0.006254,0.0014658,0,0,0,0,0,0,0,0,0,0,0,0,0,0,0,NaN,0,0,0,0,0.0025842,0.0019339,0,0,0,0,0.0078557,0,0,0,0,2.5574e-05,0.00040113,0.0012438,0,1.4348e-05,0,0.00080575,0.0015106,0,0
0,0,0,0,0,0,0,0,0,0,0,0,0,0,0,0,0,NaN,0,0,0,0,3.0914e-05,0,0,0,0,0,0,0,0,0,0,0,0,0,0,0,0,0,0,0,0
0.0052169,0,0,0,0,0,0,0,0,0.006861,0,0,0.0060823,0,0,0,0,NaN,0,0,0,0,0,0,0,0,0,0,0.0034676,0,0,0,0,0,0,0,0,0,0,0,0,0,0
0,0.00062961,0,0,0.0028574,0,0,0,0,0,0,0,0,0,0,0,0,NaN,0,0,0,0,0,0,0,0,0,0,0,0,0,0,0,0,0,0,0,0,0,0,0,0,0
0,0,0,0,0,0,0,0,0,0,0,0,0,0,0,0,0,NaN,0,0,0,0,0,0,0,0,0,0,9.7628e-06,0,0,0,0,0,0,0,0,0,0,0,0,0,0
0,0,0,0,0,0,0,0,0,0,0,0,0,0,0,0,0,NaN,0,0,0.025399,0,0,0,0,0,0,0,0,0,0,0,0,0,0,0,0,0,0,0,0,0,0.015708
0,0,0,0,0,0,0,0,0,0,0,0,0,0,0,0,0,NaN,0,0,0.0039685,0,0,0,0,0,0,0,0.00091813,0,0,0,0,0,0,0,0,0,0,0.00020531,0,0,0
0,0,0,0,0,0,0,0,0,0,0,0,0.0045587,0,0,0,0,NaN,0,0,0.033197,0,0,0,0,0,0,0,0,0,0,0,0,0,0,0.0044657,0,0,0,0,0,0,0
0,0,0,0,0,0,0,0,0,0,0,0,0,0,0,0,0,NaN,0,0,0.0051487,0,0,0,0,0,0,0,0,0,0,0,0,0,0,0,0,0,0,0,0,0,0
0.012561,0.061579,0,0,0.0032808,0.0043336,0,0,0,0.039534,3.7483e-05,0,0,4.139e-06,0,0,0.0041419,NaN,5.8885e-06,0,0.019164,0,0.09086,0.023377,0.00012943,0.014169,0,0,0.043234,0.047687,0.048407,0.00088957,0.0059214,0.0085016,0.0014824,0.04562,0,2.0459e-05,0,0.025206,0,0,0.00050884
0.0010734,0.031261,0,0,0,2.3031e-05,0,0.018068,0.015186,0,2.1555e-05,0,1.7223e-05,0.0073431,0.0024774,0.023949,0,NaN,0.0011788,0,0.0019272,0.0013789,0.0027449,0.022483,0.0070057,0.013094,0,0,0.0018094,0.0042223,0,0.0007057,0,0.0046514,0.062437,1.3643e-05,0,2.3536e-05,0.0047986,0.0054401,0.0059092,0,0
0,0,0,0,0,0,0.51924,0,0,0.00031264,0,0,0,0.0013962,0,0.0013772,0,NaN,0.00063706,0,0,0.00079496,0.00090644,0.0013285,0.0015787,0.0011634,0,0.0029276,3.4063e-05,0.00020924,0,1.3842e-05,0.0008628,0,0.0024661,0,0,0.0099992,0,0,0.0092362,0,0
0.044422,0.029517,0.012801,0.00017222,0.00027349,3.1463e-05,0,0,0.032831,0.052258,0,0,0.038036,8.8154e-06,0.0003502,0.021472,0,NaN,0,0,0.0030822,0,0.00071882,0.00062171,0.0009984,0.0011704,0,0,0.00031605,0.0018893,0,0.00086487,0.00043897,0,4.9023e-05,0.00064839,0,0,0,0,0.060723,0,0
0,0.0045631,0,0,0.21751,0.030172,0.019587,0,0.068376,0.037562,0.00031678,0.26923,0,0.56209,0.029841,0,0,NaN,0.16179,0,0,0,0,0.00034252,0.029607,0.026588,0,0,0.0056759,0.0051968,0.050104,0.006414,0,0.0047528,0,0,0,0,0,0,0.069187,0,0
0.23527,0.041245,0,0,0,0.42587,0,0,0,0,0.0038662,0,0,0,0.015252,0,0,NaN,0,0,0.0016794,0,0.0074655,0.0030957,0.0040315,0.0038875,0,8.8257e-06,0.012982,0.0038522,0.1576,0.00024336,0,0,0,0,0,0.1768,0,0,0.13753,0,0
0,0,0,0,0,0,0.012581,0.25842,0,0.0028597,0,0,0,0,0.23488,0,0,NaN,0,0.3793,0.054836,0.0014565,0.0010311,0,0.010182,0.18641,0.00044469,0,0,0.035353,0,0.0014503,0,0,0.023473,0,0,0,0,0.00013188,0.020583,0,0.20149
0,0,0,0.0055464,0,0,0,0,0.11581,0,0,0,0,0,0,0,0,NaN,0.031602,0,0,0,0,0.028215,0,0,0,0,0,0.017728,0,0.094835,0.00010725,0.016817,0,0,0.21377,0,0,0.0052806,0,0,0
0,0,0,0.016738,0,0,0,0.031766,0,0,0,0,0.038598,0,0.0033573,0.0048226,0.00038013,NaN,0.11511,0,0.04674,0,0,0,0,0,0,0,0,0,0,0,0,0,0,0.13194,0,0,0.022987,0.0012961,0,0,0
0,1.3483e-05,0,0,0,0,0,0,0,0,0,0,0,0,0,0,0,NaN,0,0,0.0034655,0,0,0,0,0,0,0,0,0,9.0254e-06,0,0.042233,0,0,0,0,0,0,0,0,0.30986,0.013323
0.20945,0.47461,0.82754,0.23805,0.33948,0.23353,0.11874,0.37862,0.2467,0.37611,0.82171,0.4207,0.3863,0.074849,0.42807,0.79255,0.19162,NaN,0.28571,0.23748,0.15505,0.078441,0.24759,0.61427,0.25457,0.35485,0.40026,0.24951,0.30933,0.34707,0.24138,0.31721,0.3015,0.32805,0.29642,0.22652,0.20192,0.3844,0.14066,0.31034,0.27935,0.26138,0.30279
0.00025185,0.0016578,0,0,0,0,0,0,0,0,0,0,0,0,9.635e-06,0,0,NaN,0,0,0,0,0.00014929,0,0,0.0050313,0,0,0,0,0,0,0,0.0014521,0.0010272,0,0,0,0,0,0,0,0
0.0093375,0,0,0,0,0,0,0,0,0,0,0,0,0,0,0,0,NaN,0,0,0,0.03612,0,0,0,0,0,0,0,0,0,0,0,0,0,0,0,0,0,0,0,0,0
0,0,0,0,0,0,0,0,0,0,0,0,0,0,0,0,0,NaN,0,0,0,0,0,0,0,0,0,0,0,0,0,0,0,0,0,0,0,0,0,0,0,0,0
1.0541e-05,0,0,0,0,0,0,0,0,0,0,0,0,0,0,0,0,NaN,0,0,0,0,0.0042745,0,0,0,0,0,0,0,0.00072388,0,0,0,0,0,0,0,0,0,0,0,0
0,0,0,0,0,0,0,0,0,0,0,0,0,0,0,0,0,NaN,0,0,0,0,0,0,0,0,0,0,0,0,0,0,0,0,0,0,0,0,0,0,0,0,0
0,0,0,0,0,0,0,0,0,0,0,0,0,0,0,0,0,NaN,0,0,0,0,0,0,0,0,0,0,0,0,0,0,0,0,0,0,0,0,0,0,0,0,0
0,0,0,0,0,0,0,0,0,0,0,0,0,0,0,0,0,NaN,0,0,0,0,0,0,0,0,0,0,0,0,0,0,0,0,0,0,0,0,0,0,0,0,0
0,0,0,0,0,0,0,0,0,0,0,0,0,0,0,0,0,NaN,0,0,0,0,0,0,0,0,0,0,0,0,0,0,0,0,0,0,0,0,0,0,0,0,0
0,0,0,0,0,0,0,0,0,0,0,0,0,0,0,0,0,NaN,0,0,0.00012206,0,0,0,0,0,0,0,0,0,0,0,0,0,0,0,0,0,0,0,0,0,0
0.01033,0.010278,0,0,7.182e-05,0,0,0,0,0,0.00045019,0.010539,0.0032267,0.0018152,0,0.0001847,0.0040857,NaN,0.0004273,0,0.025197,0,0.0078646,0.00056371,0.0062924,0.00064341,0,0,1.4286e-05,0.0028612,0,0.00043429,0,0,0.0014545,0.030663,0.00063976,0.00011475,0.016323,0.015321,0,0,0
0.0090612,0.0043762,0,0,7.4321e-06,0,0,0.0043972,0.0025603,0,0,0,0,0,0,0,0,NaN,0,0,1.3761e-05,0,2.7485e-05,0,0,0,0,0,0,0,0.0001871,3.6738e-06,0,0,0.00082188,0,0,0,0,0,0,0,0
0,0,0,0,0,0,0,0,0,0,0,0,0,0,0,0,0,NaN,0,0,0,0,0,0,0,0,0,0,0,0,0,0,0,0,0,0,0,0,0,0,0,0,0
0,0,0,0,0,0,0,0,0,0,0,0,0,0,0,0,0,NaN,0,0,0,0,0,0,0,0,0,0,0,0,0,0,0,0,0,0,0,0,0,0,0,0,0
0,0,0,0,0,0,0,0,0,0,0,0,0,0,0,0,0,NaN,0,0,0,0,0,0,0,0,0,0,0,0,0,0,0,0,0,0,0,0,0,0,0,0,0
0,0,0,0,0,0,0,0,0,0,0,0,0,0,0,0,0,NaN,0,0,0,0,0,0,0,0,0,0,0,0,0,0,0,0,0,0,0,0,0,0,0,0,0
0,0,0,0,0,0,0,0,0,0,0,0,0,0,0,0,0,NaN,0,0,0,0,0,0,0,0,0,0,0,0,0,0,0,0,0,0,0,0,0,0,0,0,0
0,0,0,0,0,0,0,0,0,0,0,0,0,0,0,0,0,NaN,0,0,0,0,0,0,0,0,0,0,0,0,0,0,0,0,0,0,0,0,0,0,0,0,0
0,0,0,0,0,0,0,0,0,0,0,0,0,0,0,0,0,NaN,0,0,0,0,0,0,0,0,0,0,0,0,0,0,0,0,0,0,0,0,0,0,0,0,0
0,0,0,0,0,0,0,0,0,0,0,0,0,0,0,0,0,NaN,0,0,0,0,0,0,0,0,0,0,0,0,0,0,0,0,0,0,0,0,0,0,0,0,0
0.0041939,0.0095746,0,0,4.0058e-05,0.0030774,0,0,0.0046458,0,0.0060471,0,0.099034,0,0,0,0.0003379,NaN,0,0.00011136,0.0010979,0,0.0022035,0.006317,0,0.0090376,2.8836e-05,0.00057271,0.0040374,0.0033698,0.0038564,0,0.0006636,0.00086752,0,3.8577e-05,0.015304,0,0.018796,3.5675e-05,0,0,0
0.0044533,0.0030506,0,0,0,0,0,0.0029691,0,0,0.00063663,0,0,0,2.0148e-05,0,0.00017929,NaN,0.00036835,0,8.1299e-06,0,0,0,0,0,0,0,0,0,0,0.022935,0,0.0014508,0.00063353,0.00078551,0,0,0,0,0,0,0.0020758
0,0,0,0,0,9.7262e-06,0,0,0,0,0,0,0,0,0,0,0,NaN,0,0,0,0,0,0,0,0,0,0,0,0,0,0,0,0,0,0,0,0,0,0,0,0,0
0,0,0,0,0,0,0,0,0,0,0,0,0,0,0,0,0,NaN,0,0,0,0,0,0,0,0,0,0,0,0,0,0,0,0,0,0,0,0,0,0,0,0,0
0,0,0,0,0,0,0,0,0,0,0,0,0,0,0,0,0,NaN,0,0,0,0,0,0,0,0,0,0,0,0,0,0,0,0,0,0,0,0,0,0,0,0,0
0,0,0,0,0,0,0,0,0,0,0,0,0,0,0,0,0,NaN,0,0,0,0,0,0,0,0,0,0,0,0,0,0,0,0,0,0,0,0,0,0,0,0,0
0,0,0,0,0,0,0,0,0,0,0,0,0,0,0,0,0,NaN,0,0,0,0,0,0,0,0,0,0,0,0,0,0,0,0,0,0,0,0,0,0,0,0,0
0,0,0,0,0,0,0,0,0,0,0,0,0,0,0,0,0,NaN,0,0,0,0,0,0,0,0,0,0,0,0,0,0,0,0,0,0,0,0,0,0,0,0,0
0,0,0,0,0,0,0,0,0,0,0,0,0,0,0,0,0,NaN,0,0,0,0,0,0,0,0,0,0,0,0,0,0,0,0,0,0,0,0,0,0,0,0,0
0,0,0,0,0,0,0,0,0,0,0,0,0,0,0,0,0,NaN,0,0,0,0,0,0,0,0,0,0,0,0,0,0,0,0,0,0,0,0,0,0,0,0,0
0.021812,0.013839,0,0,0,0.00014482,0,0,0,0,0.0010488,0.014807,0,1.834e-06,0,0,0.00056577,NaN,0.0010491,5.3778e-06,0.012198,0,0.00049114,0,0,0.012861,0,0,1.1195e-05,0.012737,0,0.0056168,0,0.01148,0,0.0048,0.015116,0,0.016339,8.6059e-05,1.7432e-05,0,0
0.0091313,0.036313,0,0,0.0084867,0.0088191,0.00098263,0.0074892,0.034351,0.0028452,0.0020495,0.016744,0.031182,0.003148,0,0.021819,0,NaN,6.195e-05,0.0033227,0.0045827,0.26038,0.0089224,0.0045003,0.0049359,0.0082594,0.018009,0.0055553,0.0075038,0,0.0010402,0.00046082,0.20838,0.001528,0.03409,0,0,0.0071153,0.0006226,0,0.039194,0,0.00047755
0,0.0054717,0.037475,0.0089047,0.14665,7.0837e-05,0,0,0.0040083,0,0,0,0,0,0,0,0,NaN,0,0,0,0,0.0049017,0,0,0,0,0,0,2.4171e-05,0.0015044,0,0,0,0,0.00057478,0,0,0,0,0,0,0
0,0,0.0010647,0,0,0,0,0,5.2091e-06,0,0,0,0,0,0,0,0,NaN,0,0,0,0,0.00051806,0,0,0.00080488,0.0071611,0,0,0,0.0022894,0,0,0.00029773,6.0089e-06,0,0,0,0,0.0072676,0.0026353,0,0
0,0.0024761,0,0,0,0,0.14117,0,0.0037332,0,0,0.0025438,0,0,0,0,0,NaN,0,0,0,0.024839,7.9196e-05,0.00075746,0.00013764,0.014215,0,0,0,0,0,0,0,0,2.2323e-06,0,0,0,0,0,0,0,0
0,0,0,0,0,0,0,0,0.0018448,0,0,0,0,0,0.0089054,0,0,NaN,0,0,0,0.001325,0,0.0064128,0,0,0,0,0,0,0,0,0,0,0,0,0,0,0,0,0,0,0
0,0,0,0,0,0,0,0,0,0,0,0,0,0,0,0,0,NaN,0,0,0,0.001191,0,0,0,0,0,0,0,0,0,0,0,0,0,0,0,0,0,0,0,0,0
0,0,0,0,0,0,0,0,0,0,0,0,0,0,0,0,0,NaN,0,0,0,0,0,0,0,0,0,0,0,0,0,0,0,0,0,0,0,0,0,0,0,0,0
0,0,0,0,0,0,0,0,0,0,0,0,0,0,0,0,0,NaN,0,0,0,0,0,0,0,0,0,0,0,0,0,0,0,0,0,0,0,0,0,0,0,0,0
0,0,0,0,0,0,0,0,0,0,0,0,0,0,0,0,0,NaN,0,0,0,0,0,0,0,0,0,0,0,0,0,0,0,0,0,0,0,0,0,0,0,0,0
0.33469,0.15368,0.053741,0.40354,0.076565,0.27467,0.024153,0.26142,0.37912,0.19159,0.1267,0.24649,0.34375,0.33496,0.25849,0.10991,0.73455,NaN,0.40184,0.36757,0.42626,0.00061158,0.5196,0.17871,0.48858,0.25855,0.36117,0.47771,0.33591,0.42245,0.34992,0.33897,0.31535,0.41384,0.37319,0.33894,0.45465,0.30412,0.68112,0.45288,0.25541,0.39425,0.39081
0,0,0,0.0097544,0,0.00013844,0,0,0.00058885,0.001171,0,0,0,0,0,0,0,NaN,7.0049e-05,0,0,0,0,0,0,0,2.2005e-05,0,0,0,0,0,0,0,0,0,0,0.0002697,0,0,0,0,0
0,0,0,0,0,0.00018262,0,0,0,0,0,0,0,0,0,0,0,NaN,0,0.0155,0.00084656,0,0,0,0.0015136,0,0,0,0.0016324,0,2.6482e-05,0,0,0,0,0,0,0,0,0,0,0,0.0055696
0,0,0,0,0,0,0,0,0,0,0,0.00036052,0.00098172,0,0,0,2.4648e-05,NaN,0,0.014432,0,0,0,0,0.00037014,0,0,0,0,0,0,0,0.0067973,0.0044158,0,0,0,0,0,0,0.0045571,0,0
0,0,0,0,8.2427e-05,0,0,0.02369,0,0,0,0.0014436,0,0,0.0041093,0,0.0001988,NaN,0,0.0021327,0,0,0,0,0,0,0,0,0,0,0,0,0.00062777,0,0.0004893,0,0,0,0,0,0.00069424,0.0013601,0
0,0,0,0,0.0016986,0,0,0,0,0,0,0,0,0,0,0,0,NaN,0,0,0,0,0.0043706,0,0,0,0,0,0,0,0,0,0.0039643,0,0,0,0.11473,0,0.028497,0,0.0027404,0,0
0,0,0,0,0.00041005,0,0,0,0,0,0,0,0,0,0,0,0,NaN,0,0,0,0,0,0,0,0,0,0,0,0,0,0,0,0,0,0,0.16667,0,0.031576,0,0,0,0
0,0,0,0,0,0,0,0,0,0,0,0,0,0,0,0,0,NaN,0,0,0,0.077935,0,0,0,0,0,0,0,0,0,0,0,0,0,0,0,0,0,0,0,0,0
0,0,0,0,0,0,0,0,0,0,0,0,0,0,0,0,0,NaN,0,0,0,0.15464,0,0,0,0,0,0,0,0,0,0,0,0,0,0,0,0,0,0,0,0,0
0,0,0,0,0,0,0,0,0,0,0,0,0,0,0,0,0,NaN,0,0,0,0.0012271,0,0,0,0,0,0,0,0,0,0,0,0,0,0,0,0,0,0,0,0,0
0,0,0,0,0,0,0,0,0,0,0,0,0,0,0,0,0,NaN,0,0,0,0,0,0,0,0,0,0,0,0,0,0,0,0,0,0,0,0,0,0,0,0,0
5.0908e-05,0,0,0.016301,0,0.0010342,0,0,0,0,0,0,0,0,0,0,0,NaN,5.1873e-05,0.013862,0,0,0,0,0,0,0.00011162,0,0,0,0,0.00095097,0,0,0,0,0,0.00066527,0,0,0,0,0
0,0,0,0,0,0.0075338,0,0.0075077,0.0030613,0,5.0194e-06,0,0,0,0.00035109,0,0,NaN,0,0.032193,0.009042,0,0,0,0.0021546,0,0,0,0.0086322,0,0.00022617,0,0,0,0,0,0,0.00012491,0,0.032911,0,0,0.023711
0,0,0,0,0.0023847,0.016498,0,0.010142,0,0,0.0018183,0,0.0035144,0,0.0010663,0,0,NaN,0,0.0084166,0,0,0,0,0.00058754,0,0,0,0,0,0,0,0.020284,0.14214,0.00013729,0,0,0,0,0,0.000416,0,0
0,0,0,0,0.0058177,0.0074553,0,0.21106,0,0,0.0035731,0.01116,0.0031491,0,0.015991,0,0.0031191,NaN,0,0.038963,0,0,0,0,0,0,0,0,0,0,0,0,0.024231,0,0.046432,0,0,0,0,0,0.016186,0.0098353,0
0,0,0,0,0.0021928,0,0,0.0030368,0,0,0,0,0,0,0.0062237,0,0,NaN,0,0,0,0,0.0015061,0,0,0,0,0,0,0,0,0,0.15508,0,0,0,0,0,0,0,0.017309,0.0041247,0
0,0,0,0,0.012192,0,0,0,0,0,0,0,0,0,0,0,0,NaN,0,0,0,0,0.046033,0,0,0,0,0,0,0,0,0,0,0,0,0,0.33957,0,0.52418,0,0,0,0
0,0,0,0,0,0,0,0,0,0,0,0,0,0,0,0,0,NaN,0,0,0,0.04652,3.4871e-05,0,0,0,0,0,0,0,0,0,0,0,0,0,0.021216,0,0.033375,0,0,0,0
0,0,0,0,0,0,0,0,0,0,0,0,0,0,0,0,0,NaN,0,0,0,0.44281,0.00012082,0,0,0,0,0,0,0,0,0,0,0,0,0,0,0,0,0,0,0,0
0,0,0,0,0,0,0,0,0,0,0,0,0,0,0,0,0,NaN,0,0,0,0.2191,0,0,0,0,0,0,0,0,0,0,0,0,0,0,0,0,0,0,0,0,0
0,0,0,0,0,0,0,0,0,0,0,0,0,0,0,0,0,NaN,0,0,0,0.011127,0,0,0,0,0,0,0,0,0,0,0,0,0,0,0,0,0,0,0,0,0
0.0011765,0.00034457,0,0,0,0.00083404,0,0,7.4543e-06,0.0073095,0,0,0,0,0,0,0,NaN,0.00068585,0.021969,0,0,0,3.3194e-05,0,0,0.00042977,0,0,0,0,0.0018088,0,0,0,0,0,0,0,0,0,0,0
0.00069216,0,0,0.080157,9.663e-05,0.0065323,0,0.022886,0.0075041,0,0.0021335,0,0,0,0.0016575,0,0,NaN,0,0.0064584,0.012138,0,0,0,0.0019249,0.0017885,0.00098282,0,0.041736,0,0.0015497,6.365e-06,0,0,0.0056047,0.00017155,0,0.0046635,0,0.090342,0,0,0.038503
0,0,0,0,0.01136,0.036813,0,0.047129,0.00065969,0,0.0080324,0,0,0,0.0036428,0,0,NaN,0,0.0059296,0.060943,0,0,0,0.027114,0,0,0,0.046497,0,0,0,0.10013,0.12876,0.019688,0.0043157,0,0,0,0.15388,0,0,0.055075
0,0,0,0,0.0041905,0.032006,0,0.061057,0.011247,0,0.0097263,0.019832,0.23833,0,0.00015032,0,0.0030856,NaN,0,0.042781,0,0,0,0,0.006689,0,0,0,0,0,0,0,0.104,0.1133,0.05893,0,0,0,0,0,0.019049,0,0
0,0,0,0,9.5007e-06,0.0052845,0,0.074523,0.026392,0,0.0017104,0.15152,0.081504,0,0.037776,0,0.10726,NaN,0,0.074718,0,0,0,0,0,0,0,0,0,0,0,0,0.11405,0,0.25445,0,0,0,0,0,0.10658,0.016443,0
0,0,0,0,0.0026112,0,0,0.0078601,0,0,0,0.068152,0,0,0.038077,0,0.0062937,NaN,0,0.00036868,0,0,0.019725,0,0,0,0,0,0,0,0,0,0.12604,0,0.048733,0,3.9028e-05,0,0,0,0.080094,0.26807,0
0,0,0,0,0.017115,0,0,0,0,0,0,0.0018293,0,0,0,0,0,NaN,0,0,0,0,0.11751,0,0,0,0,0,0,0,0,0,0.0038725,0,0,0,0.049618,0,0.23276,0,0.026879,0.0011368,0
0,0,0,0,0.012536,0,0,0,0,0,0,0,0,0,0,0,0,NaN,0,0,0,0.00023682,0.24014,0,0,0,0,0,0,0,0,0,0,0,0,0,0.0054781,0,0.070124,0,0,0,0
0,0,0,0,0.0022427,0,0,0,0,0,0,0,0,0,0,0,0,NaN,0,0,0,0.041223,0.0037286,0,0,0,0,0,0,0,0,0,0,0,0,0,0.00016541,0,0.0067611,0,0,0,0
0,0,0,0,0,0,0,0,0,0,0,0,0,0,0,0,0,NaN,0,0,0,0.005179,0.0021053,0,0,0,0,0,0,0,0,0,0,0,0,0,0,0,0,0,0,0,0
0.0035893,0.0051702,0,0,0,0.0034451,0,0.003643,0.0011676,0,1.1793e-05,0,0,0,0,0,0,NaN,3.041e-05,0.0076,0,0,0,8.5922e-05,0,0,0,0.00059722,0,1.4623e-05,0,0.0054604,0,0,0,0,0,0,0,0,0,0,0
0.00012659,0,3.6374e-05,0.27035,0.0088466,0.0046647,0,0.018555,0.013726,0.12457,0.0024946,0,0,0,0.0052925,0,0,NaN,0.0069114,0.004094,0,0,0,0.00034462,0,0,0.030016,0.045083,0,0,0.00082442,0.027315,0,0,0.037043,0.0010421,0,0.0097269,0,0,0,0,0.00012805
1.6888e-05,0,7.6776e-05,0.27876,0.018423,0.00064745,0,0.059288,0.098771,0,0.0067356,0,0,0,0.0024977,0,0,NaN,0,0.0083336,0.15251,0,0,0,0.039786,0.020324,0.046752,0,0.27328,0,0.020996,0.024782,0,0,0.050981,0.0026615,0,0.089234,0,0.10788,0,0,0.23677
0,0,0,0,0.00029194,0.016896,0,0.036703,0.077317,0,0.0065506,0.004835,0.12676,0,0,0,0,NaN,0,0.0012274,0.1554,0,0,0,0.16024,0.12105,0,0,0.10687,0,0.011383,0,0.054814,0.037876,0.016516,0.10812,0,0.078266,0,0.17432,0.00617,0,0.088403
0,0,0,0,1.0997e-05,0.038046,0,0.0070878,0.027679,0,0.0032082,0.037944,0.22759,0,0,0,0,NaN,0,0.02826,0.078991,0,0,0,0.25905,0.083465,0,0,0.034319,0,0,0,0.044594,0.075254,0.0047759,0.44829,0.0015005,0,0,0.10531,0.042982,0,0.031827
0,0,0,0,0,0.046355,0.049214,0.014019,0.049581,0,0.11593,0.065574,0.10418,0,0.022916,0,0.46977,NaN,0,0.081641,0,0,0,0,0.099161,0.012266,0,0,0,0,0,0,0.01903,0.070997,0.099496,0.081454,0.091892,0,0,0.0016551,0.10392,0.0024007,0
0,0,0,0,0.011688,0.011108,0.044342,0.0075228,0.029773,0,0.028826,0.049733,0.03532,0,0.092444,0,0.23004,NaN,0,0.065061,0,0,0.017368,0,0.0041421,0,0,0,0,0,0,0,0.018607,0.09324,0.08578,0,0.063671,0,0,0,0.083361,0.11986,0
0,0,0,0,0.010873,0.0027037,0.0020532,0.0022631,0.0056689,0,0.0056428,0.015675,0.0080493,0,0.07642,0,0.11107,NaN,0,0.031972,0,0,0.034642,0,0,0,0,0,0,0,0,0,0.0011593,0.018395,0.010821,0,1.1957e-05,0,0.0019536,0,0.074116,0.06019,0
0,0,0,0,0.019705,0.00024645,0.0026069,0.00027498,0,0,6.1443e-06,0.004775,0.0014027,0,0.099499,0,0.021776,NaN,0,0.0025252,0,0,0.1381,0,0,0,0,0,0,0,0,0,0.00029841,0,0.00053807,0,0,0,0.0070815,0,0.0072702,0.06538,0
0,0,0,0,0.011498,0,0.00036502,0,0,0,0,0.00090648,0,0,0.028878,0,0.0035938,NaN,0,0,0,0,0.00024594,0,0,0,0,0,0,0,0,0,0,0,2.313e-05,0,0,0,0.0017203,0,0,0.032667,0
0.001353,0.0070984,0,0,0,0.0017149,0,0.0053934,0.0023282,0,0,0,0,0,0,0,0,NaN,0,0.015042,0,0,0,0,0,0,0,0,0,0.00032466,0,0.0006064,0,0,0,0,0,0,0,0,0,0,0
0.028563,0.02055,0,0,0.0070878,0.0078531,0,0.025685,0.0082554,0.032895,0.005145,0,0,0,0.0037388,0,0,NaN,0.0025578,0.011182,0,0,0,0.0078304,0,0,0.00034111,0.044635,0,0.0208,0,0.045619,0,0,0,0.0020575,0,0,0,0,0,0,0.019743
0.054299,0.017506,0.00015945,0.010992,0.0037175,0.0014426,0,0.051062,0.013284,0.16234,0.01061,0.0004223,0,0.0030569,0.003158,0,0,NaN,0.039551,0.0047148,0.0039192,0,0,0.047447,0,0,0.16396,0.10987,0,0.0094767,0,0.10626,1.7792e-05,0,0.025379,0.0013134,0,0.053053,0,0,0,0,0.050175
0.12441,0.018661,0.0014892,0.10972,4.4517e-05,0.00011834,0,0.014611,0.035544,0.12793,0.0037521,0.014539,0,0.0079027,0.00040019,0,0,NaN,0.077034,0.0012499,0.001983,0,0,0.035252,0.0052068,0.027005,0.090295,0.13933,0.026819,0.057608,0.13711,0.13849,0.0054857,0,0.024332,0.00018298,0,0.19575,0,0,0.015774,0,0.014049
0.18206,0.0071849,0.0010944,0.051406,0,6.9586e-06,0,0.0062712,0.070483,0.056046,0.073481,0.080645,0,0.0045201,0.0015119,0,0,NaN,0.088762,0.021539,0.023767,0,0,0.014207,0.054461,0.070366,0.031734,0.1247,0.11037,0.061188,0.34563,0.20984,0.0027402,0,0.019035,0.00058623,0,0.11089,0,0.022518,0.018892,0,0.03782
0.035548,0.0023368,0.00041227,0.027411,0,0.022391,0.084759,0.0023874,0.046846,0.03293,0.11814,0.043983,0,8.4842e-06,0.0006076,0,0,NaN,0.070199,0.036748,0.16125,0,0.0053433,0.010212,0.15707,0.081012,0.15189,0.21757,0.12263,0.029813,0.074036,0.16172,0.0022358,0,0.047086,0.040369,0.094644,0.025814,0,0.096377,0.016697,0,0.025962
0.010438,0.00019391,0,0.0069938,0.029913,0.058164,0.0015496,0.00041626,0.045643,0.0019606,0.043716,0.021095,0.0018469,0,0.0001959,8.6654e-05,0.00010276,NaN,0.017529,0.026438,0.024152,0,0.11406,0.00096748,0.013504,0.056404,0.20274,0.14414,0.017425,0.027145,0.025761,0.095178,0.0034248,0.040392,0.044465,0.029622,0.0024153,0.0067483,0.0075491,0.038543,0.0011366,0,0.0048741
0.00013658,0,0,0,0.07229,0.10143,0.051411,1.5545e-05,0.0010276,0.00048652,0.00019771,0.0071337,0.012825,0,5.1818e-05,0.025187,0.00066131,NaN,0.00080077,0.065561,0.015005,0,0.06965,0,0.0036332,0.027313,0.0068061,0.050359,0.0026492,0.0029027,0.0031401,0.018381,0.0039636,0.080325,0.00029615,0.016718,0,0.0012301,0.016427,0.00089661,0.082472,0.00055596,0.00015797
2.1996e-05,0,0,0,0.13525,0.023932,0.18739,0.01107,0,0.0001592,7.0091e-05,0.0028619,0.0023458,0,0.21121,0.0066192,0,NaN,0,0.041394,0.0011837,0,0.0025485,0,0.00019228,0.00073606,0.00072903,0.0090422,0,0.0029261,0.00064954,0.0047137,0.0054464,0.045953,2.7695e-05,0.0063068,0,0.00020277,0,0,0.0037473,0.17226,0.00025661
0,0,0,0,0.014131,3.0043e-05,0.00066203,0,0,0,0,0,0,0,0,0,0.00021892,NaN,0,0,0,0,0,0,0,0,4.9216e-05,0.00043214,9.9697e-05,2.6292e-05,3.598e-05,2.288e-05,0,0.0016678,0,0.0017946,0,0,0,0,0,0.072838,0
0.0041367,0.013564,0,0,0,0.00022382,0,0.0033784,0,0,0,0,0,0.01352,0,0,0,NaN,0,0.0036273,0,0,0,0,0,0,0,0,0,0.0075004,0,0.002881,0,0,0,0,0,0,0,0,0,0,0
0.013041,0.04729,0,0,0.00087758,0.0071904,0,0.036896,0.020091,0,0.005077,0,0,0.044804,0.0047092,0,0,NaN,0,0.0047257,0,0,0,0.00029071,0,0,0,0,0,0.026363,0,0.0041223,0,0,0,0.0029925,0,0,0,0,0,0,0.015159
0.0060148,0.059753,0,0,0.0049866,0.00038839,0,0.045327,0.10152,0.00067779,0.0033566,0.00086829,0,0.10952,0.0017881,0,0,NaN,0.0004643,0.0045775,0.023189,0,0,0.004492,0.00063443,6.5921e-05,0,0.022812,0,0.09041,0.00060908,0.0013023,0.0024042,0,0.0050405,0.0095671,0,0.0085519,0,0,0,0,0.06091
0,0.037793,0.0024824,0,5.2115e-05,0,0,0.020377,0.027105,0.0033136,0.0025602,0.018242,0,0.12535,0.0024446,0,0,NaN,0.0094392,0.00079015,0.015767,0,0,0,0.016904,0.028795,0,0,0.016999,0.070737,0.0010591,0.0052989,0.024359,0,0,0.0043154,0,0.0071713,0,0,0.0096122,0,0.026186
0.00047607,0.010482,0.007255,0.011581,0,0.0010234,0,0.0098792,0.0091211,0.030575,0.085412,0.079211,0,0.069375,0.0054734,0,0,NaN,0.047805,0.011503,0,0,0,0,0.0011739,0.051822,0.0024188,7.9076e-06,0.013102,0.11505,0.00074821,0.013603,0.01051,0,0,0.0032391,0,0.034961,0,0,0.013716,0,0.012195
0.09388,0.0091394,0.0081278,0.010496,0,0.0023583,0.063102,0.0050488,0.0032283,0.060767,0.10141,0.049203,0,0.0070887,0.0087469,0,0,NaN,0.069926,0.016012,0,0,0,0,0.0002343,0.0051446,4.3845e-06,0,0.055718,0.096313,0.025181,0.012532,0.0054915,0,0.047738,0.00068753,0.047961,0.061684,0,0,0.013538,0,0.0065916
0.033058,0.00012646,0,0.0015437,0.041632,0.019486,0.0019715,0.0016475,0.10638,0.0041787,0.056983,0.018292,0,1.7047e-05,0.0083236,0.00028907,0.00030455,NaN,0.20252,0.0042872,0,0,0,0,6.6673e-06,0.0014963,0.14132,0,0.0017011,0.10491,0.097857,0.0046276,0.0044025,0.036624,0.020682,7.3825e-05,0.00042231,0.0054776,0.0061247,0.044083,0.0069354,0,0.00027954
0.015299,0,0,0,0.11142,0.16266,0,0.00014241,0.004819,0.0010079,0.00076968,0.0039057,0.024674,0,0.0010682,0.23899,0.0096792,NaN,0.037463,0.024374,0,0,0.10188,0,0.01554,0.058686,0,0,0.00018372,0.020792,8.7275e-06,0.00036626,0.020289,0.010213,0.0016784,0.0061095,0,0.0011098,0.027455,0.040223,0.061872,0.00012201,0.0003583
0.0070824,0,0,0,0.26705,0.17663,0.14939,0.021381,0,0.0074179,0.00040473,0.00094793,0.039655,0,0.095908,0.025097,0.012804,NaN,0,0.020602,0.0077985,0,0.0040095,0,0.0017894,0.014602,5.046e-05,0.015891,0,0.011345,0,0.015114,0.029198,0.042434,0.00013014,0.062673,0,0.00015715,0.001381,0.0028835,0.00033268,0.066961,0.021406
0.00093269,0,0,0,0.019166,0.00042479,0.00088123,0,0,0,0,0,0,0,0,0,0,NaN,0,1.6577e-05,0.01055,0,0,0,0,0,5.8032e-05,0.0097591,0.0017139,0.0020867,0,0.018924,0.00031147,0,0,0.014364,0,0,0,0.00090565,0,0.049037,0
0.0076337,0.011711,0,0,0,0.00091234,0,0.0060314,0.00087778,0,0,0,0,0.0022191,0,0,0,NaN,0,0.010727,0,0,0,0,0,0,0,0,0,0.00061341,0,0.0022905,0,0,0,0,0,0,0,0,0,0,0
0,0.030923,0,0,0.0045301,0.004423,0,0.027593,0.0086226,0.00025109,0.0034917,0,0,0,0.0015117,0,0,NaN,0,0.0029477,0,0,0,0.00014282,0,0,0,0,0,0,0,0.0047956,0,0,0,0.00268,0,0,0,0,0,0,0.0081453
0.0019076,0,0,0,0.015811,0.0007716,0,0.040937,0,0.0037389,0.00608,0.00020493,0,0,0.0017417,0,0,NaN,0,0.0020592,0.029433,0,0,0.014518,0,0,0,0.020919,0,0.001747,0.0071814,0.00086634,0,0,0.017939,0.014076,0,0.0093497,0,0,0,0,0.099279
0.00060954,0.015068,0.00021869,0,4.9086e-05,8.2793e-05,0,0.0022724,0,0.033449,0.0076629,0.0064196,0,0.016208,0.0015843,0,0,NaN,0,0.00013909,0.032543,0,0,0,0.031338,0.0082724,0,0.010426,0.017498,0.017607,0.0084468,0.003914,0.028538,0,0.0057362,0.012786,0,0.015754,0,0,0.0047759,0,0.023558
0.0037384,0.019686,0.10157,0.014039,5.427e-06,0.00034884,0,0,0,0.066532,0.00057684,0.026733,0,0.18674,0.0026018,0,0,NaN,0,0.00019352,0,0,0,0,0.00026286,0.050582,0.013283,0.0028413,0.05043,0.02447,0.0024809,0.00047608,0.027719,0,0,0.0035772,0,0.026947,0,0,0.0088646,0,0.0088699
0.10012,0.01246,0.11839,0.043273,0,0.0029301,0.063421,0.004612,0.002144,0.05201,0.17473,0.044926,0,0.065391,0.0019665,0,0,NaN,0,0,0,0,0,0,0,0.028336,6.5622e-05,0,0.012952,0.032686,8.2058e-05,0,0.0079329,0,0,0.00015216,0,0.07751,0,0,0.0062836,0,0.0045504
0.096653,0.0083375,0.026751,0.016997,0.0068872,0.0082728,0.10402,0.007414,0.020343,0,0.070255,0.035806,0,0.0026012,0,0.00012019,0,NaN,0.0097971,0,0,0,0.012732,0,0,0.0023107,0.059344,0,0.034459,0.031209,0.079603,0,0.00099742,0.018133,0,0,0,0.016758,0,0,0.0049628,0,0.0037417
0,6.7732e-05,0,0.014183,0.035818,0.018067,0.061787,0,0.021607,0,0,0.015997,0,0.00046795,0,0.15631,0.00068591,NaN,0.12989,0,0,0,0.0019695,0,0.00067415,0.0091887,0.050849,0,0.00025185,0.056955,0.058145,0,0.00088382,0.028119,0,0.0014397,0,0.0026023,0.0030351,0.069927,0.023789,0,0
0,0.00034092,0,0.00067672,0.041996,0.087485,0.12083,0.012139,0.0032591,0.0011066,0.00015763,0.0027874,0.056308,1.1998e-05,0.066191,0.46401,0.012113,NaN,0.052192,0.036134,0,0,0.027367,0,0.0077271,0.046815,0,0,0,0.028236,0,0,0,0.011762,0,0.034905,0,0.0011209,0,0.0056337,0.039337,0.010798,0.0095169
0,0,0,0,0,0.00078443,0.010238,0.0026112,0,0.0017402,0,0.0002058,0.031567,0,0.094652,0.067674,0.0072068,NaN,0,0.012463,0.01738,0,0.03067,0,0.00047849,0.01282,0.00016224,0,0.00090327,0.0077007,0,0,0,0,0,0.075561,0,7.903e-05,0,0.0051366,0.010598,0.045962,0.001414
0,0.016443,0,0,0,0,0,0,0.00338,0,0,0,0,0,0,0,0,NaN,0,0.0023511,0,0,0,0,0,0,0,0,0,0,0,0.0023898,0,0,0,0,0,0,0,0,0,0,0
0,0.024253,0,0,0.00070789,0.0028364,0,0.013162,0,0.0024956,0.0011227,0,0,0,0.00058725,0,0,NaN,0,0.0021893,0,0,0,0,0,0,0,0,0,0,0,0.0095299,0,0,0,0,0,0,0,0,0,0,0
0.0040332,0.043401,0,0,0.013722,0.0047682,0,0,0,0.029512,0.010498,0,0,0,0.0099522,0,0,NaN,0,0.0016176,0.02495,0,0,0.0047248,0,0,0,0,0,0.00050876,0,0.0012528,0,0,0,0.0038246,0,0.0022207,0,0,0,0,0.039238
0.012662,0.047882,0,0,0.0073811,5.0091e-05,0,0,0,0.054447,0.0060532,0.0012057,0,0.0016982,0.0025172,0,0,NaN,0,0.0023317,0.068576,0,0,0.102,0.0080719,0.0022546,0,0.03158,0,0.019368,0.0060592,8.0131e-05,0.012235,0,0,0.0019678,0,0.02199,0,0,0.00038465,0,0.024173
0.00010214,0.025742,0.058838,0,6.8663e-06,7.9422e-06,0,0,0.003998,0.044385,0.0031044,0.0093421,0,0.041539,0.00014134,0,0,NaN,0,0.0025379,0.029066,0,0,0.033739,0.023433,0.0093425,7.2322e-05,0,0,0.019187,0,0,0.0038375,0,0,0,0,0.014656,0,0,0.0039073,0,0
0.010007,0.010943,0.17951,0,0,0,0,0,0.011315,0.0012891,0,0.064085,0,0.15991,0.00030922,0,0,NaN,0,0.0014785,0,0,0,0,0.0055602,0.046094,0.0055222,0,0.0011395,0.0019727,0.0009649,0,0,0,0,0,0,0.012594,0,0,0.018844,0,0
0.05433,0.0082362,0.19799,0.018358,0,0,0,0.003999,0.0044487,0,0,0.017201,0,0.12915,0,0,0,NaN,0,0,0,0,0.0012346,0,0.00035557,0.07481,0,0,0,9.6836e-06,0.0088319,0,0,0,0,0,0,0.04354,0,0.0018976,0.036664,0,0.0014003
0.082805,0.0094943,0.12726,0.006839,0,0,0,0,0.002389,0,0,0,0,0.0027012,0,0,0,NaN,0,0,0,0,0.0025434,0.0080562,0.022471,0.015889,0,0,0,0,0.070433,0,0,0,0,0,0,0.039791,0,0.0046768,5.6057e-05,0,0
0.0089969,0.0029695,0.016995,0.00017222,0,0,0,0,0.032988,0,0,0,0,5.5287e-05,0,0.00070663,0,NaN,0.050247,0,0,0,0.00035605,0.038029,0,0.000751,0,0,0,0,0,0,0,0,0,0,0,0.0017587,0,0,0.00097274,0,0
0,0.00021548,0,0,0,0,0,0,0.035805,0,0,0,0,0,0,0.014913,0,NaN,0.086068,0,0,0,0,0.087162,0,0.003061,0,0,0,0,0,0,0,0,0,0,0,4.6309e-05,0,0,0,0,0
0,0.014502,0,0,0,0.00011542,0,0,0,0,0,0,0,0,0,0,0,NaN,0,0.0060447,0,0,0,0,0,0,0,0,0,0,0,0.0072369,0,0,0,0,0,0,0,0,0,0,0
0,0,0,0,0,0.0041885,0,0,0,0,0,0,0,0,0,0,0,NaN,0,0.0064676,0,0,0,0,0,0,0,0,0,0,0,0.010309,0,0,0,0,0,0,0,0,0,0,0
0,0.035847,0,0,0.0071535,0.0098739,0,0,0,0.015986,0.0017988,0,0,0,0.00093469,0,0,NaN,0,0.0017078,0.0045432,0,0,0.0018972,0,0,0,0,0,0,0,0.013253,0,0,0,0,0,0,0,0,0,0,0
0,0.030324,0,0,0.001875,0.0083505,0,0,0,0.037311,0.0069156,0,0,0,0.0089572,0,0,NaN,0,0.006983,0.016431,0,0,0.027398,0,0,0,0,0,0,0,0,0,0,0,0,0,0,0,0,0,0,0
0,0.032142,0,0,0,0,0,0,0,0,0,0,0,0,0.012281,0,0,NaN,0,0.017728,0.016517,0,0,0.10477,0,0.00081787,0,0,0,0,0.00057425,0,0,0,0,0,0,0.010885,0,0,0,0,0
0,0.092547,0,0,0,0,0,0,0,0,0,0,0,0.0047936,0.0036205,0,0,NaN,0,0.00072506,0.0021278,0,0,0.032808,0.017619,0.010984,0,0,0,0,0.01037,0,0,0,0,0,0,0.006655,0,0,0.0014191,0,0
0,0.11985,0.0352,0,0,0,0,0,0,0,0,0,0,0.0013462,0,0,0,NaN,0,0,0,0,0,0.065737,0.0089237,0.013047,0,0,0,0,0,0,0,0,0,0,0,0,0,0,0.0020914,0,0
0,0.01287,0.11615,0,0,0,0,0,0,0,0,0,0,0,0,0,0,NaN,0,0,0,0,0,0.28466,0,0.0022816,0,0,0,0,0,0,0,0,0,0,0,0,0,0,0,0,0
0,0,0,0,0,0,0,0,0,0,0,0,0,0,0,0,0,NaN,0,0,0,0,0,0.041291,0,0,0,0,0,0,0,0,0,0,0,0,0,0,0,0,0,0,0
0,0,0,0,0,0,0,0,0,0,0,0,0,0,0,0,0,NaN,0,0,0,0,0,0.0015721,0,0,0,0,0,0,0,0,0,0,0,0,0,0,0,0,0,0,0
0,0,0,0,0,3.358e-05,0,0,0,0,0,0,0,0,0,0,0,NaN,0,0,0,0,0,0,0,0,0,0,0,0,0,0.0019795,0,0,0,0,0,0,0,0,0,0,0
0,0,0,0,0,0.005845,0,0,0,0,0,0,0,0,0,0,0,NaN,0,0.0025848,0,0,0,0,0,0,0,0,0,0,0,0.0075766,0,0,0,0,0,0,0,0,0,0,0
0,0,0,0,0.00016251,0.011748,0,0,0,0,6.3373e-05,0,0,0,0,0,0,NaN,0,0.008996,0,0,0,0.00027018,0,0,0,0,0,0,0,0.014124,0,0,0,0,0,0,0,0,0,0,0
0,0,0,0,0,0.0022013,0,0,0,0,0,0,0,0,0.00076932,0,0,NaN,0,0.022776,0,0,0,0.00014053,0,0,0,0,0,0,0,0,0,0,0,0,0,0,0,0,0,0,0
0,0.013535,0,0,0,0,0,0,0,0,0,0,0,0,0.0024057,0,0,NaN,0,0.025994,0,0,0,3.1837e-05,0,0,0,0,0,0,0,0,0,0,0,0,0,0,0,0,0,0,0
0,0.051364,0,0,0,0,0,0,0,0,0,0,0,0,0.00094256,0,0,NaN,0,0,0,0,0,0.00014965,0,0,0,0,0,0,0,0,0,0,0,0,0,0,0,0,0,0,0
0,0.051653,0,0,0,0,0,0,0,0,0,0,0,0,0,0,0,NaN,0,0,0,0,0,0.0072347,0,0,0,0,0,0,0,0,0,0,0,0,0,0,0,0,0,0,0
0,0,0,0,0,0,0,0,0,0,0,0,0,0,0,0,0,NaN,0,0,0,0,0,0.022503,0,0,0,0,0,0,0,0,0,0,0,0,0,0,0,0,0,0,0
0,0,0,0,0,0,0,0,0,0,0,0,0,0,0,0,0,NaN,0,0,0,0,0,0,0,0,0,0,0,0,0,0,0,0,0,0,0,0,0,0,0,0,0
0,0,0,0,0,0,0,0,0,0,0,0,0,0,0,0,0,NaN,0,0,0,0,0,0,0,0,0,0,0,0,0,0,0,0,0,0,0,0,0,0,0,0,0
0.0011765,0,0,0,0,0,0,0,0,0,0,0,0,0,0,0,0,NaN,0,0,0,0,0,0,0,0,8.6942e-05,0,0.00040812,0.00080902,0,0.0007568,0,0,0,0,0,0,0,0.00029431,0,0,0
0,0,0,0,0,3.0818e-06,0.004656,0,0,0,0,0,0,0,0,0,0,NaN,0,0.0021146,0,0,0,0,0.00063976,0,0,0,0,0,7.1119e-05,0,0,0,8.9086e-05,0,0,0,0,0,0,0.00040109,0
0,0,0,0,0,6.035e-05,0,0,0,0,0,0,0,0,0,0,0,NaN,0,0.016881,0,0,0,0,0,0,0,0,0,0,0,0,0,0,0,3.5844e-05,0,0.0012822,0,0,0,0,0.00021828
0,0,0,0,0,0,0,0,0,0,0,0,0,0,0,0,0,NaN,0.0011375,0.024394,0,0,0,0.0011634,0,0,0,0,0,0,0,0,0,0,0,0,0,0,0,0,0,0,0
0,0,5.5488e-06,0,0,0,0,0,0.0023064,0,0,0,0,0,0.0077393,0,0,NaN,0,0.0096681,0,0.016422,0,0,0,0,0,0,0,0,0,0,0,0,0,0,0,0,0,0,0,0,0
0,0,0,0,0,0,0,0,0.0094004,0,0,0,0,0,0,0,0,NaN,0,0.012207,0,0.0052272,0,0,0,0,0,0,0,0,0,0,0,0,0,0,0,0,0,0,0,0,0
0,0,0,0,0,0,0,0,0,0,0,0.0016077,0,0.10363,0,0,0,NaN,0,0,0,0,0,0,0,0,0,0,0,0,0,0,0,0,0,0,0,0,0,0,0,0,0
0,0,0,0,0,0,0,0,0.32379,0,0,0.075529,0,0.37664,0,0,0,NaN,0,0,0,0,0,0,0,0,0,0,0,0,0,0,0,0,0,0,0,0,0,0,0,0,0
0,0,0,0,0,0,0,0,0.19789,0,0,0.098531,0,0.01244,0,0,0,NaN,0,0,0,0,0,0,0,0,0,0,0,0,0,0,0,0,0,0,0,0,0,0,0,0,0
0,0,0,0,0,0,0,0,0.007078,0,0,0,1,0,0,0,0,NaN,0,0,0,0,0,0,0,0,0,0,0,0,0,0,0,0,0,0,0,0,0,0,0,0,0
2.2354e-05,0,0,0,0,0,0,0,0,0,0,0,0,0,0,0,0.00019302,NaN,0,0.0001072,0,0,0,0,0,0,0.0012442,0.0025489,0.00067093,0.0024201,0,0,0,0.00095926,0,0,0,0,0.00047669,0.0018504,0,0,0
0.00073866,0,0,0,0,0.00047996,0.020054,0,0,0.0013066,0,0,0,0,0,0,0,NaN,0,0.0030901,0,0,0,0,0.0017597,0,0,0,0,0.0021882,0.00015655,0,0,0,0.0024807,1.0195e-05,0.00033896,0,0,0,0,0.0019235,0
0,0,0,0,0,0.00059816,0,0,0,0,0,0,0,0,0,0,0,NaN,0,0.013087,0,0,0,0.00028194,0,0,0,0,0,0,0,0,0,0,0.000764,0.0035921,0,0.0010012,0,0,0,0,0.0081029
0,0.0002509,0,0.00012349,0,0.0034283,0,0,0,0,0,0,0,0,0,0,0,NaN,0.0037328,0.040593,0,6.609e-05,0,0.023116,0,0,0,0,0,0,0,0,0,0,0,0,0,0.0057689,0,0,0,0,0.0036189
0,0.0010339,8.1474e-06,0,0,0.02221,0,0,0.029825,0,9.4777e-05,0.033462,0,0,0.0056537,0,0,NaN,0.0087707,0.047472,0,0.023323,0,0.00061707,0,0,0,0,0,0,0,0,0,0,0,0,0,0,0,0,0.0088481,0,0
0,0,0.00053931,0,0,0.018984,0,0,0.024049,0,0.0081597,0.068309,0,0.24556,0.18275,0,0,NaN,0,0.09333,0,0.13837,0,0,0,0,0,0,0,0,0,0,0,0,0,0,0,0,0,0,0.040118,0,0
0,0,0,0,0,0,0,0,0.06515,0,0,0.20711,0,0.18899,0,0.038452,0,NaN,0,0.071015,0,0.0011895,0,0,0,0,0,0,0,0,0,0,0,0,0,0,0,0,0,0,0.051949,0,0
0,0,0,0,0,0,0,0,0.19525,0,0,0.12531,0,0.069077,0,0.40695,0,NaN,0,0,0,0,0,0,0,0,0,0,0,0,0,0,0,0,0,0,0,0,0,0,0.11002,0,0
0,0,0,0,0,0,0,0,0.0755,0,0,0.19852,0,0.0034114,0,0.1257,0,NaN,0,0,0,0,0,0,0,0,0,0,0,0,0,0,0,0,0,0,0,0,0,0,0.0013856,0,0
0,0,0,0,0,0,0,0,0.017239,0,0,0.018349,0,0,0,0.029345,0,NaN,0,0,0,0,0,0,0,0,0,0,0,0,0,0,0,0,0,0,0,0,0,0,0,0,0
0.0041339,0,0,0,0,0.00021618,0,0,0,0,0,0,0,0,0,0,0.00057567,NaN,0,0.00065615,0,0,0.00060983,0,0,0,0.0034581,4.646e-05,0.004144,0,0,0.0033782,0,0.0012653,0,0,0,0,0.0029493,0.0015006,0,0,0
0.00012609,0,0,0,0,0.00063434,0.095197,0,0,0.038577,0,0,0,0,0,0,0,NaN,0,0.0014752,0,0,0,5.6082e-06,0.0007697,0,0,0,0.00091084,0.0095612,0.0011219,0,0,0,0.00078496,0,0.0010135,0,0,0.0016287,0,0.0026854,0
0,0,0,0,0,0.0018194,0.005802,0,0,0.061757,0,0,0,0,0,0,0,NaN,0,0.0086593,0,0,0,0.0062536,0.00050892,0.0014371,0,0,0,0,0,0,0.0012053,0,0.030287,0.022478,0.003659,0.0050321,0,0,0.00050384,0.011192,0.00024004
0,0.054786,0,0.002694,0,0.02013,0.0021933,0,0,0,0.0078612,0,0,0,0.00052533,0,0,NaN,0,0.040317,0,0,0,0.009119,0,0.0091119,0,0,0,0,0,0,0.0036611,0,0,0.057664,0,0.02696,0,0,0.026254,0,0.17216
0,0.089781,0,0.020523,0,0.033304,0,0,0.031448,0,0.051775,0.10291,0,0,0,0,0,NaN,0.04019,0.029149,0,0.088747,0,0.043366,0,0.0042209,0,0,0,0,0,0,0,0,0,0,0,0.24617,0,0,0.038418,0,0.08437
0,0.017246,0.0054342,0,0,0.057533,0,0,0.0036035,0,0.14659,0.040482,0,0,0.06547,0,0,NaN,0.081329,0.025323,0,0.21283,0,0.0080548,0,0,0,0,0,0,0,0,0,0,0,0,0,0.014246,0,0,0.020678,0,0
0,0,0.0024645,0,0,0.045116,0,0,0.0087197,0,0.073459,0.021836,0,0.00024473,0.16321,0.3485,0,NaN,0.0015792,0.070728,0,0.16917,0,0,0,0,0,0,0,0,0,0,0,0,0,0,0,0,0,0,0.0083483,0,0
0,0,0,0,0,0.010871,0,0,0.0087441,0,0.00036292,0.0052248,0,0,0.025075,0.05105,0,NaN,0,0.092831,0,0.075014,0,0,0,0,0,0,0,0,0,0,0,0,0,0,0,0,0,0,0.12139,0,0
0,0,0,0,0,0,0,0,0,0,0,0.0016739,0,0,0,0,0,NaN,0,0.045031,0,0.0069904,0,0,0,0,0,0,0,0,0,0,0,0,0,0,0,0,0,0,0.21945,0,0
0,0,0,0,0,0,0,0,0,0,0,0,0,0,0,0,0,NaN,0,0.0024733,0,0,0,0,0,0,0,0,0,0,0,0,0,0,0,0,0,0,0,0,0.15028,0,0
0.0085014,0,0,0,0,0,0,0,0,0,0,0,0,0,0,0,0.0009237,NaN,0,0.00031113,0,0,0.0015959,0,0,0,0.0082357,0.029798,0.0049148,0,0,0.005543,0,0.030294,0,0,0,0,0.0084857,0,0,0,0
0.022404,0,0,0,0,0.0012359,0.050801,0,0,0,0,0,0,0,0,0,0.00069268,NaN,0,0.0018156,0,0,0,0.0024559,0,0,0.039954,0.0050695,0.037039,0.011179,0.00067609,0.0054734,0,0.058305,0,0,0,0,0.00323,0.11826,0,0,0.0054215
0.013934,0.046084,0,0,0,0.0076511,0.092479,0,0,0.11004,0.00031229,0,0,0,0.0073964,0,0,NaN,0,0.0046612,0,0,0.00013849,0.0096899,0.0153,4.6878e-05,0,0,0.019566,0.070684,0.0085446,0.014351,0.004472,0,0.024096,0.0010946,0.010497,0.009671,0,0.13382,0,0.0016917,0.0031097
0.0067756,0.077259,0,0,0,0.0080012,0.0044543,0,0,0.18432,0.0191,0,0,0,0.0042832,0,0,NaN,0,0.00021261,0,0,0.00057603,0,0.0067805,0.063853,0,0,0,0.0099539,0.018496,0,0.16803,0,0.19957,0.31257,0.053578,0.0033809,0,0,0.013965,0.20094,0.006233
0.0021147,0.01352,0.053736,0.010286,0,0.00079161,0,0,0,0.030969,0.20119,0,0,0,0.015276,0,0,NaN,0.0062355,0.014397,0,0,0,0,0.0028111,0.16599,0,0,0,0,0,0,0.20902,0,0.15235,0.23049,0.13176,0.066907,0,0,0.0045337,0.17517,0.13008
0,0.027937,0.0098985,0.14294,0,0.0035015,0,0,0,0,0.081825,0.00068628,0,0,0.19277,0,0,NaN,0.042751,0.01798,0,0,0,0.012196,0,0.06936,0,0,0,0,0,0,0.012321,0,0.0067436,0.074127,0.047869,0.17633,0,0,0,0.010261,0.10502
0,0.068217,0,0.55912,0,0.051485,0,0,0,0,0.00056186,0.00045331,0,0,0,0,0,NaN,0.1321,0.020122,0,0.17458,0,0.010101,0,0.072728,0,0,0,0,0,0,0.0013283,0,0,0.0028499,0,0.028373,0,0,0,0,0.054427
0,0.035971,0,0.1014,0,0.09575,0,0,0,0,0.00023806,0,0,0,9.635e-06,0,0,NaN,0.11028,0.012101,0,0.079358,0,0.0084812,0,0.0090692,0,0,0,0,0,0,0,0,0,0,0,0.0061657,0,0,0.044123,0,0.0083972
0,0.018855,0,0.01826,0.00021174,0.051174,0,0,0,0,0.00024548,0,0,0,0,0,0,NaN,0.021821,0.090346,0,0.0086991,0,0.00016558,0,0,0,0,0,0,0,0,0,0,0,0,0,0.0012223,0,0,0.10605,0,0.00037563
0,0.0022351,0,0.00024884,0.99979,0.0011869,0,0,0,0,1.086e-05,0,0,0,0,0,0,NaN,0.00080077,0.010082,0,0,0,0,0,0,0,0,0,0,0,0,0,0,0,0,0,0.00011829,0,0,0.0038301,0,0
0.003269,0,0,0,0,0.00025938,0,0,0,0,0,0,0,0,0,0,0,NaN,0,0.0012946,0,0,0.0017424,0,0,0,0,0.036371,0,0,0,0,0,0.017338,0,0,0,0,0,0,0,0,0
0.011154,1.4367e-05,0,0,0,0.0064633,0.036754,0,0,0,0,0,0,0,0,0,0.025191,NaN,0,0.0048115,0,0,0.039285,0.0036496,0,1.2936e-05,0.073518,0.12634,0.031414,4.2913e-05,0,0.023637,0,0.18806,0.0006652,0,0,0.0059824,0.070999,0,0,0,0.0083553
0.039801,0.074739,0,0,0,0.011145,0.032676,0,0,0,0.0057762,0,0,0,0.0085829,0,0.17312,NaN,0,0.0038867,0,0,0.079815,0.011497,0.023261,0.0072873,0.11631,0.11433,0.22841,0.0050649,0,0.19233,0,0.14459,0.0044223,0.0033555,9.486e-06,0.011494,0.21184,0.091886,0,0,0.0092165
0.097263,0.02591,0.04433,0,0,0.0022867,0,0,0,0.00056609,0.06508,0,0,0,0.006003,0,0.42162,NaN,0,0,0,0,0.16597,0,0.10309,0.036037,0.10907,0.14925,0.13369,0.12966,0.037224,0.36512,0.083654,0.078129,7.8077e-05,0.0034346,2.9858e-05,0.0049663,0.41203,0.15225,0,0,0.024633
0.19409,0,0.23418,0.011292,0,0.0019819,0,0,0,0.076019,0.14931,0,0,0,0.036775,0,0.20802,NaN,0,0,0,0,0.24037,0,0.25944,0.026232,0.19774,0.20132,0.18252,0.16743,0.3714,0.13719,0.020534,0.11356,0.01162,0.0007002,0.072806,0.0091132,0.15335,0.1204,0,0,0.020646
0.082481,0,0,0.0089597,0,0.014517,0,0,0,0.088014,0,0,0,0,0.028034,0,0.095176,NaN,0,0,0,0,0.055921,0,0.29463,0.0018139,0.12796,0.13086,0.064857,0.14004,0.13846,0.055907,0.038315,0.11845,0.061865,0.0025288,0.27829,0.086941,0.053935,0.071233,0,0.062403,0.14525
0.045416,0,0,0.0019785,0,0.030374,0,0,0,0.013702,0,0,0,0,1.0579e-05,0,0.02522,NaN,0.0011478,0,0,0,0.00056249,0,0.068361,0.021402,0.015926,0.058059,0.045231,0.095855,0.038629,0.025753,0.0028337,0.052614,0.063777,0.011475,0.062828,0.010587,0.015204,0.087034,0,0.10286,0.030579
0.015659,0,0,0,0,0.17331,0,0,0,0.0012582,0.00014834,0,0,0,1.4589e-05,0,0.0051328,NaN,0.14039,0.026025,0,0,0,0,0.039086,0.043504,0.0038663,0.024201,0.00022644,0.02545,0.0054928,0.0073587,0.00072293,0.0022857,0.02438,0.016127,0.03645,0.0063911,0.0025265,0.041645,0.029857,0.10642,0.022139
0.0071044,0.011735,0,0,0,0.1395,0,0,0,0.0012469,0.0010836,0,0,0,0,0,0.0005774,NaN,0.088461,0.013203,0,0,0,0,0.013368,0.03333,0.0007162,0.0040944,0,0.0068132,0.0010825,0.0018979,0.00010891,7.3306e-05,0.018018,0.0039448,0.0059194,0.00046046,0,0,0,0.00039095,0.002391
0.00093269,0.0059723,0,0.0062393,0,0,0,0,0,1.6296e-05,0,0,0,0,0,0,0,NaN,3.7606e-05,0,0,0,0,0,0.0001016,0.00068781,4.508e-05,0.00037841,8.542e-06,0.0010476,0.00017471,0.00016578,0,0,0.0058844,0.0018198,0.00031435,0.00010987,0,0,0,0,0.00040417
0,0,0,0,0,0,0.0050531,0,0,0.00042742,0,0,0,0,0,0,0,NaN,0,0.0024307,0,0,0,0,0,0,0,0.00076293,0,0,0,0,0.0094827,0,0,0,0,0,0,0,0,0,0
0.00014644,0.00011664,0,0,0,0.0028616,0.030177,0,0,0.0017496,6.3373e-05,0,0,0,0,0,0,NaN,0,0.0039961,0,0,0,0.0051047,0,0.000154,0,0.0021568,0,0.00080183,0,0,0.017802,0,0.0019471,0,0,0.0064854,0,0,0,0,0.0070165
0.00017544,0.038482,0,0,0,0.017515,0.041212,0,0,0.0051587,0.011221,0,0,0,0.0058165,0,0,NaN,0,0.0039894,0,0,0,0.051562,0,0.002736,0,0,0,0.0073085,0.00063932,0.0020979,0.046798,0,0.047847,0.0058649,0.00069007,0.0090783,0,0,0,0,0.018656
0,0.0084402,0,0.0021944,0,0.001847,0,0,0,0.013257,0.083732,0,0,0,0.0019182,0,0,NaN,0,0,0,0,0.0033287,0,0,0.056136,0,0,0.0056496,0.011182,0.0010289,0.0013345,0.1176,0,0.027266,0.0162,0.001264,0.0072778,0,0,0,0,0.012401
0.0030951,0,0.2223,0.012361,0,0.00078578,0,0,0,0.045852,0.091566,0,0,0,0.065822,0,0,NaN,0,0,0.10063,0,0.017184,0,0.0016791,0.026396,0.057415,0,0.0047445,0.017974,0.00088318,0.00084509,0.046992,0.0042306,0.027596,0.0066785,0.00031594,0.013798,0,0,0,0,0.010836
0.099319,0,0,0.015413,0,0.0064856,0,0,0,0.050632,0,0,0,0,0.036436,0,0,NaN,0,0,0.11667,0,0.017451,0,0.012112,0.0019215,0.07036,0,0.0023639,0.018276,0.00027482,0.041831,0.011222,0.005805,0.028544,0.0021411,0,0.067234,0,0,0,0,0.066027
0,0,0,0.0042082,0,0.019319,0,0,0,0.00051522,0,0,0,0,0.00044616,0,0,NaN,0,0,0.03984,0,0,0,0.01791,0.0010509,0,0,0.08019,0.073597,0.13307,0.0015872,0.0065028,0.039088,0.015441,0.00038762,0.0015361,0.017508,0.00016491,2.5204e-05,0,0.019791,0.013255
0,0,0,0.00070888,0,0.092036,0,0,0,0,6.9984e-05,0,0,0,4.8882e-05,0,0.00016717,NaN,0.0087273,0.037423,0.0092575,0,0,0,0.00047467,0.0054991,0.0051177,0.00011942,0.00045696,0.029013,8.7275e-06,0.015938,0.0002274,0.0024005,0.0049324,0.0021478,0.073323,0.0020187,0.0033793,0.053904,0,0.1594,0.003155
0,0.011208,0,0.013613,0,0.039678,0,0,0,0.0033572,0.00016898,0,0,0,0,0,0,NaN,0.15763,0.010581,0.0024228,0,0,0,0,0.079982,0,0.0074578,5.9442e-05,0.022635,0,0,0.014647,0.00012834,0.037186,0.070417,0.035556,0.00042141,0,0.021534,0,0.020706,0.0027379
0,0.0021818,0,0.0066032,0,0,0,0,0,0.0066816,0,0,0,0,0,0,0,NaN,0,0,0,0,0,0,0,0,0,0.0016141,0.00059166,0.012434,0,0,0.00050285,0,0.001232,0.011117,0,6.9991e-06,0,0,0,0,0.0026994
0,0,0,0,0,0.00076374,0,0,0,0.00033755,0,0,0,0,0,0,0,NaN,0,0.0018771,0,0,0,0,0,0,0,0,0,0,0,0,0,0,0,0,0,0,0,0,0,0,0
0,0.00011199,0,6.0853e-05,0,0.0024574,0.038321,0,0,0.013557,0,0,0,0,0,0,0,NaN,0,0.00618,0,0,0,0.0060031,0,9.2696e-05,0,0.0052489,0,0.00017806,0,0,0,0,0.0013349,0,0,0,0,0,0,0,0.0058506
0.0061228,0.019247,0,0.0051813,0,0,0.025061,0,0,0.02235,0,0,0,0,0,0,0,NaN,0,0.012276,0.071784,0,0,0.087984,0,0.0023153,0,0,0,0.010019,0.0080363,0.014942,0.0010472,0,0.053013,0,0.0037281,0.013897,0,0,0,0,0.0018773
0.0035102,0.071679,0,0.0064243,0,0,0.016987,0,0,0.049484,0,0,0,0,0,0,0,NaN,0,0,0.14799,0,0,0.0014729,0,0.015179,0,7.9076e-06,0.016744,0.016564,0.0060108,0.011099,0.0026274,0,0.027413,0.01517,0.0095872,0.0063471,0,0,0,0,0
0.0060599,0.00072404,0.21133,7.3256e-05,0,0,0,0,0,0.04169,0,0,0,0,0.019358,0,0,NaN,0,0,0.054506,0,0.043987,0,0.00023358,0.048261,4.3845e-06,0,0.01738,0.021453,0.001519,0.0025022,0.0042007,0,0.0053764,0.009748,0.0051232,0.0054699,0,0,0,0,0.0039768
0.10661,0,0.086445,0.010566,0,0,0,0,0,0.022071,0,0,0,0,0.12028,0,0,NaN,0,0,0,0,0.13314,0,4.4562e-05,0.003382,0.062812,0,0.021818,0.015092,8.2058e-05,0.018151,0.0031792,0.035443,0.00013503,0.0004489,0.00023361,0.026059,0,0,0,0,0.006128
0.092476,0,0,0.0078133,0,0,0,0,0,0.006763,0,0,0,0,0.00029936,0,0,NaN,0,0,0,0,0.045777,0,0.049929,0.00080937,0.0011445,0,0.013403,0.023076,0.03621,0.024586,0.0028866,0.01056,3.2066e-05,0,0,0.047302,0,0.001482,0,0.00017543,0
0,0,0,0.0028328,0,0,0,0,0,0,0,0,0,0,0,0,0.0074248,NaN,0,0,0.00018242,0,0.0090183,0,0.012618,0.00044624,0.0045638,0.00017747,0.034853,0.017423,0.0964,0.010277,0.00071449,0.038665,0,0,0.020153,0.0093935,0.020742,0.0059095,0,0.029911,0
0,0,0,0,0,0,0,0,0,0,0,0,0,0,0,0,0.016347,NaN,0.046424,0,0.19403,0,0,0,0.0015295,0.018348,0.011616,0.007633,0.00030801,0.0078613,0.014506,0.0071214,0.013321,0.011486,0.00097631,0.030054,0.068807,0.0016679,0.009593,0.085318,0,0.082477,0
0,0.0024592,0,0.0028068,0,0,0,0,0,0,0,0,0,0,0,0,0.00082649,NaN,0.10646,0,5.1524e-06,0,0,0,0,0.022908,0.00035276,0.014518,0.0020572,0.0011095,0,0,0.029532,0.01297,0.024435,0.081327,0.049551,7.2031e-05,0,0.0075149,0,0.010064,0
0,0,0,0,0,0.00024735,0,0,0,0,0,0,0,0,0,0,0,NaN,0,0.0051341,0,0,0,0,0,0,0,0,0,0,0,0,0,0,0,0,0,0,0,0,0,0,0
0,0,0,0.0084725,0,0,0.027807,0,0,0.014203,0,0,0,0,0,0,0,NaN,0,0.014019,1.6794e-05,0,0,0,0,0,0,0.012732,0,0,0,0,0,0,0,0,0,0,0,0,0,0,0
0.0076764,0.0019062,0,0,0,0,0.06798,0,0,0.032233,0,0,0,0,0,0,0,NaN,0,0.0059128,0.053231,0,0,0.077307,0,0.0016791,0,0.00022543,0,0.011634,0.0050626,0.0088182,0.0019053,0,0.0053838,0,0,0.012526,0,0,0,0,0
0.0017511,0.17242,0,0.00027488,0,0,0.096808,0,0,0.025412,0,0,0,0,0,0,0,NaN,0,0,0.063293,0,0,0.041958,0,0.0030191,0,0.00048854,0.0044097,0.0041692,0.0035248,0,0.016703,0,0.030198,0,0.016764,0.00774,0,0,0,0,0
0,0.096744,0.036704,0.0013657,0,0,0.0079914,0,0,0,0,0,0,0,0,0,0,NaN,0,0,0.00054845,0,0,0.0012339,0,0.029855,0,0.0023527,0.037666,0,0,0,0.015636,0,0.0076958,0,0,0.00089968,0,0,0,0,0
0.0074833,1.3636e-05,0.092626,0.0040325,0,0,0,0,0,0,0,0,0,0,0,0,0,NaN,0,0,0,0,7.4241e-05,0,0,0.086499,0.00095482,0,0.0031858,0,0.0001855,0,0.014668,0.00052909,0.0035925,0,0,0.0011788,0,0,0,0,0
0.047022,0,0,0,0,0,0,0,0,0,0,0,0,0,0,0,0,NaN,0,0,0,0,0.05136,0.047662,0,0.014806,0.087528,0,0.00011392,0,0.0059887,0,0.011001,0.032561,0.00010016,0,0,0.01041,0,0,0,0,0
0.061449,0,0,0,0,0,0,0,0,0,0,0,0,0,0,0,0,NaN,0,0,0,0,0.03366,0.11772,0.026281,1.388e-05,0,0,0,0,0.045977,0,0.0013582,0.00021686,0,0,0,0,0,0.0023236,0,0,0
0,0,0,0,0,0,0,0,0,0,0,0,0,0,0,0,0.0022075,NaN,0,0,0.024273,0,0.02909,0.027009,0.038299,2.0824e-05,0,0,0,0,0.0073359,0,0,0,0,0,0.004822,0,0.0047374,0.00019046,0,0.0011404,0
0,0,0,0,0,0,0,0,0,0,0,0,0,0,0,0,0.016585,NaN,0,0,0.045176,0,0.025938,0.086407,0.00081183,0,0,0,0,0,0,0,0,0,0,0,0.0031831,0,0.026364,0,0,0,0
0,0,0,0,0,0,0,0,0,0,0,0,0,0,0,0,0,NaN,0,0,0,0,0,0,0,0,0,0,0,0,0,0,0,0,0,0,0,0,0,0,0,0,0
0,0,0,0.0087449,0,0,0.0048182,0,0,0.0072065,0,0,0,0,0,0,0,NaN,0,0.020066,0,0,0,0,0,0,0,0.0044864,0,0,0,0,0,0,0,0,0,0,0,0,0,0,0
0,0,0,0,0,0,0.056992,0,0,0.029267,0,0,0,0,0,0,0,NaN,0,0,0.033775,0,0,9.1242e-05,0,0.00047617,0,0.022943,0,0,0,0,0,0,0.00085304,0,0,0,0,0,0,0,0
0,0.0027283,0,0,0,0,0.1821,0,0,0,0,0,0,0,0,0,0,NaN,0,0,0.0018785,0,0,0.010606,0,0.001569,0,0.0081359,0,0,0,0,0.0093603,0,0.0069162,0,0,0.0045381,0,0,0,0,0
0,0,0,0.00020348,0,0,0.0060088,0,0,0,0,0,0,0,0,0,0,NaN,0,0,0.0069022,0,0,0.014975,0,0.0081528,0,0,0,0,0.001423,0,0.027639,0,0.029063,0,0,0,0,0,0,0,0
0,0,0,0,0,0,0,0,0,0,0,0,0,0,0,0,0,NaN,0,0,0.014337,0,0,0.083983,0,0.0021443,0,0,0,0,0.010301,0,0.026235,0,0.0036069,0,0,0,0,0,0,0,0
0,0,0,0,0,0,0,0,0,0,0,0,0,0,0,0,0,NaN,0,0,0.013593,0,0,0.14354,0,0,0,0,0,0,0,0,0,0,0,0,0,0,0,0,0,0,0
0,0,0,0,0,0,0,0.058268,0,0,0,0,0,0,0,0,0,NaN,0,0,7.1853e-06,0,0,0.025423,0.0070459,0,0,0,0,0,0,0,0,0,0,0,0,0,0,0,0,0,0
0,0,0,0,0,0,0,0.030635,0,0,0,0,0,0,0,0,0,NaN,0,0,0,0,0.0034099,0,0.0011163,0,0,0,0,0,0,0,0,0,0,0,0,0,0,0,0,0,0
0,0,0,0,0,0,0,0.016146,0,0,0,0,0,0,0,0,0,NaN,0,0,0,0,0,0,0,0,0,0,0,0,0,0,0,0,0,0,0,0,0,0,0,0,0
0,0,0,0,0,0,0,0,0,0,0,0,0,0,0,0,0,NaN,0,0,0,0,0,0,0,0,0,0,0,0,0,0,0,0,0,0,0,0,0,0,0,0,0
0,0,0,0.0019763,0,0,0,0,0,0,0,0,0,0,0,0,0,NaN,0,0.004263,0,0,0,0,0,0,0,0,0,0,0,0,0,0,0,0,0,0,0,0,0,0,0
0,0,0,0,0,0,0.037588,0,0,0,0,0,0,0,0,0,0,NaN,0,0,0.0053323,0,0,0,0,0,0,0,0,0,0,0,0,0,0,0,0,0,0,0,0,0,0
0,0,0,0,0,0,0.010025,0,0,0,0,0,0,0,0,0,0,NaN,0,0,0,0,0,0,0,0,0,0.026272,0,0,0,0,0,0,0,0,0,0,0,0,0,0,0
0,0,0,0,0,0,0,0,0,0,0,0,0,0,0,0,0,NaN,0,0,0,0,0,0.00011781,0,2.267e-05,0,0,0,0,0,0,0,0,0,0,0,0,0,0,0,0,0
0,0,0,0,0,0,0,0,0,0,0,0,0,0,0,0,0,NaN,0,0,0,0,0,0.0015606,0,0,0,0,0,0,0,0,0,0,0,0,0,0,0,0,0,0,0
0,0,0,0,0,0,0,0.052284,0,0,0,0,0,0,0,0,0,NaN,0,0,0.00032606,0,0,0.01806,0,0,0,0,0,0,0,0,0,0,0,0,0,0,0,0,0,0,0
0,0,0,0,0,0,0,0.47417,0,0,0,0,0,0,0,0,0,NaN,0,0,0,0,0,0,0,0,0,0,0,0,0,0,0,0,0,0,0,0,0,0,0,0,0
0,0,0,0,0,0,0,0.35049,0,0,0,0,0,0,0,0,0,NaN,0,0,0,0,0,0,0,0,0,0,0,0,0,0,0,0,0,0,0,0,0,0,0,0,0
0,0,0,0,0,0,0,0.018002,0,0,0,0,0,0,0,0,0,NaN,0,0,0,0,0,0,0,0,0,0,0,0,0,0,0,0,0,0,0,0,0,0,0,0,0
