0.43418,0.41423,0.36624,0.33096,0.36127,0.36986,0.39669,0.47231,0.41432,0.20737,0.37417,0.38959,0.163,0.50586,0.34969,0.49303,0.11796,0.48288,0.50934,0.40283,0.29873,0.49271,0.057988,0.084318,0.37701,0.38559,0.43786,0.50812,0.19894,0.25593,0.31474,0.28307,0.33209,0.33743,0.36573,0.34538,0.39604,0.3634,0.28661,0.27315,0.39094,0.50497,0.41016
0.0044676,0.0015529,8.092e-07,1.7455e-06,1.7085e-08,5.5729e-05,8.9692e-05,2.8672e-05,6.4703e-12,0.039207,0.00036692,4.5079e-08,0.03444,0.00080518,0.0019924,0.0010226,0.036713,0.00098918,0.00018389,1.3491e-09,0.059543,0.00070823,0.029679,0.095141,0.011801,0.027835,0.013388,0.0091682,0.051959,0.035198,0.00024592,0.020558,0.0029288,0.037529,0.0080966,0.022623,0.0060761,0.006458,0.018174,0.04121,0,0,0
0.008119,0.00043587,0,0.0035495,1.8759e-08,0.00032727,0,8.2087e-07,0,0.037842,0.00032742,0.026235,0.0055073,0.0010752,0.00052968,0.0019154,0.047897,0.00011129,5.4777e-05,2.9497e-05,0.066512,0.019448,0.038492,0.029342,0.0053472,0.002106,0.0044203,0.0039157,0.043983,0.031686,0.012073,0.0073994,0.0064298,0.018661,0.00095607,0.023786,0.01122,9.1777e-06,0.10556,0.050731,4.4564e-06,0,0
0.014077,0.00087071,0,1.1912e-06,3.4927e-05,7.9959e-06,0.0002077,3.5136e-07,0,0.033217,0.00075856,3.6281e-06,0.057252,0.0016312,0.0017751,0.003065,0.051258,0.0012447,2.1462e-05,1.16e-09,0.25407,0.0031096,0.13512,0.037438,0.015783,0.012854,0.015296,0.0080999,0.039757,0.02133,0.0050554,0.020567,0.00050322,0.016497,0.002741,0.0097781,0.011197,3.1853e-06,0.019294,0.0241,2.3365e-11,0,1.4268e-05
0.0050126,0.0028676,1.0067e-05,0.0013373,0.0014342,0.0021573,0,0.00084038,3.921e-06,0.038418,0.0065721,0.0012955,0.058462,0.0038754,0.00094955,0.0010261,0.040517,0.0028544,3.5443e-05,5.9632e-05,0.0037317,0.019431,0.071721,0.083971,0.0028621,0.0043302,0.023298,0.013172,0.035633,0.024853,0.0043287,0.021177,0.00094306,0.028121,0.0019461,0.0067424,0.00047352,0.0019807,0.010272,0.023819,0,0,1.9645e-10
0.014656,0.017192,9.8136e-06,0.0010409,0.00078192,0.0011484,3.826e-07,0.00082749,3.0202e-06,0.036233,0.0040524,0.0015722,0.055059,0.0036182,0.0023095,0.00095107,0.062158,0.0024394,5.0598e-06,8.1325e-05,0.0086993,0.014207,0.07198,0.090346,0.0079448,0.0031994,0.016539,0.015799,0.030597,0.02965,0.0033925,0.022441,0.00087876,0.026343,0.00067946,0.0045821,0.00041299,0.0042538,0.0070219,0.025412,0,0,0
0.008305,0.0019992,0,1.4376e-05,6.5777e-05,9.335e-06,0.00042808,0,6.4571e-12,0.028989,0.00073107,3.4215e-08,0.061285,0.0016988,0.001126,0.0029096,0.14454,0.0019968,5.6772e-05,5.7792e-10,0.074569,0.0070444,0.1866,0.060112,0.0099547,0.038923,0.016658,0.011133,0.02872,0.022847,0.0046243,0.012157,0.00078363,0.011165,0.0073641,0.02543,0.013257,4.1893e-05,0.029499,0.021542,0,0,1.7465e-05
0.017794,0.0006536,0,0.0040073,7.9162e-10,0.00015405,0,1.409e-06,9.3416e-12,0.03009,0.00020948,0.026472,0.018216,0.0011592,0.001704,0.002325,0.1089,1.5352e-05,0.00012273,1.8543e-05,0.02295,0.022671,0.10461,0.040743,0.004288,0.0074901,0.0056603,0.0051657,0.029868,0.028409,0.011885,0.010242,0.0059147,0.014153,0.00041582,0.01424,0.0040576,4.0364e-06,0.021793,0.034846,1.212e-05,0,0
0.0037557,0.0013342,1.8516e-06,2.3147e-05,0.00075455,6.4646e-05,0.00018486,8.6163e-05,0,0.026381,0.00022499,2.2994e-06,0.043471,0.0010269,0.0024337,0.0021895,0.13746,0.0030632,0.00075406,4.8497e-09,0.02307,0.0094404,0.12529,0.13203,0.0245,0.12382,0.015853,0.010164,0.040426,0.028106,0.00126,0.015892,0.0032724,0.019523,0.0051798,0.03602,0.015504,0.0040384,0.015463,0.030103,0,0,0
0.48268,0.55516,0.62951,0.65546,0.63163,0.62308,0.59944,0.52029,0.57901,0.51936,0.60972,0.5519,0.48824,0.47551,0.6332,0.48797,0.24271,0.50188,0.46187,0.5924,0.18215,0.40795,0.16911,0.34312,0.53552,0.39052,0.44785,0.41344,0.49641,0.51977,0.63848,0.58363,0.64293,0.4874,0.60218,0.50648,0.53743,0.61636,0.47955,0.47019,0.60448,0.49046,0.58532
0.0030028,0.00068107,0.0019148,0.00088601,0.00049063,0.00049567,0.00045573,0.0019733,0.001491,0.0010289,0.0006556,0.00029945,0.012285,0.00058298,0.0011155,0.00050892,0.0081805,0.00034295,0.014636,0.00077032,0.0025729,0.00018561,0.0017502,0.00113,0.0033453,0.00074343,0.0034301,0.0020194,0.0081956,0.0017257,0.0005152,0.0025091,0.00165,0.0016407,0.0012686,0.0022041,0.0022368,0.001061,0.0013904,0.0030005,0.00081489,0.0026966,0.0017567
0.0017787,0.00058816,0.0015065,0.00094701,0.00094947,0.000523,0.00013655,0.0019597,0.0015034,0.0003122,0.00065415,0.00040313,0.0061569,0.00034353,0.00072448,0.00037669,0.0014559,0.00016555,0.016265,0.00075633,0.0019382,0.00012371,0.00034571,2.5584e-05,0.0024519,0.00053141,0.0023623,0.0025515,0.0022013,0.0021782,0.0025784,0.0015502,0.0017001,0.0012758,0.00095262,0.001812,0.0018469,0.00066505,0.0010597,0.002269,0.00072125,0.0023415,0.0013931
7.5528e-05,0.00012772,0.00023869,0.00012819,8.3421e-05,9.8189e-05,1.7935e-05,0.00021578,0.00021029,3.1814e-05,0.0001309,6.864e-05,0.00060666,6.2222e-05,0.00022115,7.9092e-05,0.00057944,5.7553e-05,0.0034353,0.0001234,0.00076898,8.3783e-06,0.00018356,1.9288e-06,0.00062014,0.00027652,0.0030985,8.6457e-05,0.00039531,4.8878e-06,0.00074658,0.00010448,0.0003981,0.0021736,0.00026299,0.00012183,0.00030768,8.3281e-05,0.0001452,0.00029989,0.00048327,0.00086388,0.00012445
1.7394e-05,5.366e-06,2.1599e-05,1.4577e-05,2.3213e-05,3.2398e-05,3.3097e-06,2.7303e-06,3.8219e-05,0,7.232e-05,3.0161e-05,6.8434e-05,7.3781e-06,0.00016516,2.4546e-05,0.0013214,1.2724e-07,0.00064034,6.1216e-06,0.00011206,3.1598e-06,4.6199e-05,0,4.1163e-05,0.00014354,0,0,0,0,6.1756e-07,0,2.8208e-05,0,0.00056907,8.6516e-05,0.00044602,5.114e-05,0.0006506,0.0004249,0.00038493,0.00033297,1.0119e-05
0,1.6121e-06,9.6461e-07,0,4.6073e-08,0,1.6045e-06,5.5158e-08,7.4245e-07,0,0,3.7784e-07,1.2463e-05,0,1.0229e-05,0,0,0,1.8254e-05,0,0,1.8522e-05,2.7363e-05,4.6797e-06,0,3.063e-06,0,0,0,0,0,0,0,0,0,0,0,0,6.0015e-06,0,5.6663e-05,0,0
0,0,0,0,0,0,0,0,0,0,0,0,0,0,0,0,0,0,0,0,0,2.4867e-06,0,4.642e-05,0,0,0,0,0,0,0,0,0,0,0,0,0,0,0,0,0,0,0
0,0,0,0,0,0,0,0,0,0,0,0,0,0,0,0,0,0,0,0,0,0,0,0,0,0,0,0,0,0,0,0,0,0,0,0,0,0,0,0,0,0,0
0,0,0,0,0,0,0,0,0,0,0,0,0,0,0,0,0,0,0,0,0,0,0,0,0,0,0,0,0,0,0,0,0,0,0,0,0,0,0,0,0,0,0
0,0,0,0,0,0,0,0,0,0,0,0,0,0,0,0,0,0,0,0,0,0,0,0,0,0,0,0,0,0,0,0,0,0,0,0,0,0,0,0,0,0,0
0,0,0,0,0,0,0,0,0,0,0,0,0,0,0,0,0,0,0,0,0,0,0,0,0,0,0,0,0,0,0,0,0,0,0,0,0,0,0,0,0,0,0
0.0057373,0.0013151,0.003143,0.0014966,0.0010371,0.00076029,0.0010359,0.0030127,0.0032972,0.0016474,0.00098508,0.00054367,0.016393,0.00066537,0.0017749,0.00093619,0.011173,0.00057539,0.037346,0.00098471,0.0048613,0.00047069,0.0058951,0.0026544,0.0037482,0.0013851,0.0051471,0.0027707,0.010414,0.0027029,0.0011041,0.0037141,0.0028343,0.0031778,0.0014615,0.003273,0.0039341,0.0011775,0.0033527,0.0055943,0.0013218,0.0053157,0.0025174
0.0025464,0.00093993,0.0019439,0.0012433,0.0019668,0.0010065,0.00020418,0.0028833,0.0027332,0.0010065,0.0012485,0.00083082,0.0024808,0.00080547,0.0013562,0.00079075,0.0011463,0.00044867,0.0017767,0.0012601,0.0033468,0.00027921,0.0023856,4.891e-05,0.0034407,0.00086803,0.0012471,0.0050981,0.0014167,0.0054727,0.0031982,0.00292,0.002597,0.0015691,0.0019181,0.0029023,0.0026479,0.0010751,0.001614,0.0028228,0.001339,0.0035107,0.0017909
0.0001616,0.00016959,0.00054477,0.00016851,0.00015612,0.00016654,2.6915e-05,0.00027398,0.00025047,0.00026608,0.00021039,0.00012043,8.9179e-06,0.00029098,0.00053579,0.00027521,0.00063218,0.00014493,2.6504e-05,0.0002212,0.00092191,1.5753e-05,0.0013566,3.547e-06,0.00085928,0.00044528,0.013831,0.0028227,0.00087745,9.3215e-05,0.0025135,0.00059884,0.0017117,0.0088021,0.00057406,0.0002083,0.00094016,0.0001513,0.00021078,0.00032264,0.00088934,0.0010496,0.00014673
0.00019392,1.1086e-05,0.00011775,5.9295e-05,9.2707e-05,6.0248e-05,5.3114e-06,9.7386e-06,8.4743e-05,0,0.00013934,5.5001e-05,0.00047822,1.3483e-05,0.00028539,5.4662e-05,0.0072465,5.359e-07,0.00085951,1.5293e-05,0.00082172,3.9768e-06,0.00023155,1.1582e-07,0.00027331,0.00051002,0,0,0,0,0.00093882,0,3.7412e-05,0,0.0025257,0.00014496,0.0016463,0.0002109,0.0035581,0.00081232,0.00085812,0.0023656,2.1903e-05
0,6.4997e-06,7.4369e-05,0,1.1238e-06,0,6.2842e-06,2.1069e-06,8.7768e-06,0,0,2.4043e-06,0.00085916,9.5058e-08,0.0001006,3.6532e-07,2.5858e-06,0,0.00057946,1.3748e-06,4.0983e-06,7.4606e-05,5.815e-05,3.8345e-05,7.902e-06,3.2337e-05,0,0,0,0,0,0,0,0,0,0,0,0,0.00081632,0,0.00026988,0,0
0,0,0,0,0,0,0,0,9.1621e-08,0,0,0,0,0,0,0,0,0,0,9.3269e-08,0,6.978e-06,1.212e-05,0.00017737,0,0,0,0,0,0,0,0,0,0,0,0,0,0,0,0,5.1418e-08,0,0
0,0,0,0,0,0,0,0,0,0,0,0,0,0,0,0,0,0,0,0,0,0,0,0,0,0,0,0,0,0,0,0,0,0,0,0,0,0,0,0,0,0,0
0,0,0,0,0,0,0,0,0,0,0,0,0,0,0,0,0,0,0,0,0,0,0,0,0,0,0,0,0,0,0,0,0,0,0,0,0,0,0,0,0,0,0
0,0,0,0,0,0,0,0,0,0,0,0,0,0,0,0,0,0,0,0,0,0,0,0,0,0,0,0,0,0,0,0,0,0,0,0,0,0,0,0,0,0,0
0,0,0,0,0,0,0,0,0,0,0,0,0,0,0,0,0,0,0,0,0,0,0,0,0,0,0,0,0,0,0,0,0,0,0,0,0,0,0,0,0,0,0
0.0057345,0.0015247,0.003804,0.0019952,0.001426,0.0010963,0.0016178,0.0037783,0.004342,0.002438,0.0010845,0.00064632,0.018807,0.00090886,0.0032677,0.001246,0.0087979,0.00076885,0.016662,0.0014419,0.0078873,0.00072472,0.0034265,0.0049481,0.0052188,0.0024972,0.0033568,0.0020294,0.0057346,0.0035496,0.0010106,0.0042858,0.0033764,0.003398,0.001988,0.0042746,0.0054221,0.001646,0.0038062,0.0067125,0.0020689,0.0057698,0.0028223
0.0038708,0.0013681,0.0024489,0.0022223,0.0028397,0.0013007,0.00025308,0.0050293,0.0029897,0.0023129,0.0015834,0.0011502,2.8916e-07,0.0011273,0.0016271,0.0010862,0.00034146,0.00084645,3.7659e-06,0.0016383,0.004702,0.00042524,0.0022147,6.8196e-05,0.0042623,0.0008438,0.0010437,0.0062883,0.0025998,0.0086782,0.0035041,0.0046271,0.002891,0.0019101,0.0026412,0.0040734,0.0043295,0.0016921,0.001998,0.0022992,0.0020984,0.0034021,0.004237
0.00083766,0.00028812,0.00091721,0.00021044,0.00022339,0.00030488,4.2262e-05,0.00048848,0.0003384,0.00081601,0.00041692,0.00020531,2.2692e-05,0.00090404,0.00081389,0.00096339,0.00096479,0.00037155,9.645e-05,0.00038413,0.0010874,1.574e-05,0.002138,2.3841e-06,0.0014497,0.00071551,0.027253,0.0083147,0.0059707,0.0023035,0.0021834,0.0047929,0.0066681,0.021527,0.0011822,0.00052907,0.0031194,0.00030791,0.00032355,0.00029043,0.0013425,0.0013332,0.0002151
0.002061,3.2001e-05,0.00022844,0.00037897,0.00017448,0.00024114,9.6704e-06,2.918e-05,0.00087489,0,0.00051853,7.2351e-05,0.0013903,2.9237e-05,0.00049252,9.6893e-05,0.014904,1.3238e-06,0.0042511,6.9651e-05,0.0037163,2.5705e-06,0.00048762,3.5343e-06,0.00082149,0.0012938,0,0,1.1807e-05,0,0.0074648,0,0.0004083,0,0.005793,0.0014674,0.0041781,0.00069901,0.002868,0.0040837,0.0018238,0.0074258,0.00027558
0,9.8795e-05,0.00057619,2.0615e-05,2.8248e-06,0,1.5541e-05,7.4865e-05,0.00014548,0,0,3.3209e-05,0.0085956,1.1017e-06,0.00031772,3.346e-06,0.0040633,0,0.0060879,1.7689e-05,0.00036424,8.4986e-05,0.00023245,1.674e-05,0.00033989,0.00027567,0,0,0,0,0,0,0,0,0,0,2.0862e-05,0,0.0076414,0,0.0010387,0.0012459,0
0,0,2.3222e-05,0,2.4035e-06,0,2.5008e-07,0,1.8903e-06,0,0,0,0,0,7.2805e-05,0,0,0,0,2.2774e-05,0,0.00010959,4.3913e-05,0.00016285,0,0,0,0,0,0,0,0,0,0,0,0,0,0,0,0,8.9845e-06,0,0
0,0,0,0,0,0,0,0,0,0,0,0,0,0,0,0,0,0,0,0,0,0,0,8.252e-06,0,0,0,0,0,0,0,0,0,0,0,0,0,0,0,0,0,0,0
0,0,0,0,0,0,0,0,0,0,0,0,0,0,0,0,0,0,0,0,0,0,0,0,0,0,0,0,0,0,0,0,0,0,0,0,0,0,0,0,0,0,0
0,0,0,0,0,0,0,0,0,0,0,0,0,0,0,0,0,0,0,0,0,0,0,0,0,0,0,0,0,0,0,0,0,0,0,0,0,0,0,0,0,0,0
0,0,0,0,0,0,0,0,0,0,0,0,0,0,0,0,0,0,0,0,0,0,0,0,0,0,0,0,0,0,0,0,0,0,0,0,0,0,0,0,0,0,0
0.006762,0.0021066,0.0048953,0.0019367,0.0020056,0.0013809,0.0021226,0.004479,0.0057011,0.0031299,0.001411,0.00089675,0.014138,0.0013819,0.0044316,0.0014872,0.010523,0.0013105,0.01262,0.0018028,0.012708,0.0010823,0.0055366,0.0069527,0.0070027,0.0034809,0.003725,0.0017619,0.0052567,0.0041692,0.001245,0.0047117,0.0031389,0.0033508,0.0020403,0.0048864,0.0056229,0.0024794,0.0050282,0.0073441,0.0018638,0.0062277,0.0027257
0.0055792,0.0018848,0.0031947,0.0043937,0.0042046,0.0017643,0.00035766,0.0070592,0.0041335,0.0044665,0.0020937,0.0016639,4.6169e-07,0.001842,0.0022264,0.0018652,0.0012735,0.0013224,8.2929e-06,0.0024602,0.0049335,0.000566,0.0028513,0.00015139,0.0055405,0.00099082,0.0010853,0.0053215,0.0027536,0.010312,0.0041537,0.006956,0.0041409,0.0023888,0.0042058,0.0044975,0.0074213,0.0027022,0.0025525,0.0021213,0.0029752,0.0043051,0.0081783
0.0030714,0.00055206,0.0014242,0.0003386,0.00043378,0.00052991,7.0679e-05,0.0048077,0.00057844,0.0044532,0.00071939,0.00037119,5.0961e-05,0.0014993,0.0015696,0.0017057,0.0018869,0.0013893,0.00029901,0.00055316,0.0013372,3.871e-05,0.0015852,4.519e-05,0.0024065,0.0011892,0.038916,0.018084,0.017036,0.0090982,0.0015867,0.013457,0.015648,0.03052,0.0020537,0.0013583,0.005903,0.00056977,0.0003062,0.0005717,0.0015764,0.0015991,0.00051486
0.012184,8.1337e-05,0.00019645,0.00072712,0.00025119,0.0018228,2.1311e-05,0.00011611,0.0019446,6.9225e-06,0.0029406,7.1611e-05,0.0015979,0.00097395,0.00053094,0.0012783,0.017559,2.0399e-05,0.01176,0.00045353,0.0077061,4.2219e-06,0.0021733,1.0018e-05,0.00097275,0.0019702,0.0020727,0,0.0045662,0,0.017904,0,0.001099,0.0059962,0.010526,0.0073276,0.005082,0.0012487,0.00057477,0.020165,0.0031253,0.0038635,0.0015673
1.9127e-06,0.00052839,0.0014938,0.00074824,3.4322e-05,3.0854e-05,1.8129e-05,0.00044806,0.0017417,0,5.3696e-05,0.0001232,0.027446,1.9919e-05,0.0003182,7.2511e-05,0.018959,0,0.017795,5.6899e-05,0.0025818,2.0746e-05,0.00071917,3.0665e-05,0.0015608,0.0017981,0,0,0,0,0,0,1.6214e-05,0,3.0742e-05,2.8082e-05,0.00422,0.00083026,0.01632,0,0.0028049,0.015348,4.6598e-05
0,9.2545e-05,0.00017185,0,7.8109e-06,0,1.2045e-05,0.00017687,0.00029186,0,0,0,0.00061675,0,0.00068799,0,0,0,0.0015785,0.00027001,0.00063506,0.00030132,0.0020527,0.00023102,1.4142e-07,8.5e-07,0,0,0,0,0,0,0,0,0,0,0,0,0,0,0.00099716,0,0
0,0,0,0,0,0,0,0,0,0,0,0,0,0,0,0,0,0,0,3.5124e-06,0,3.1507e-06,2.1733e-07,0.00012019,0,0,0,0,0,0,0,0,0,0,0,0,0,0,0,0,0,0,0
0,0,0,0,0,0,0,0,0,0,0,0,0,0,0,0,0,0,0,0,0,0,0,0,0,0,0,0,0,0,0,0,0,0,0,0,0,0,0,0,0,0,0
0,0,0,0,0,0,0,0,0,0,0,0,0,0,0,0,0,0,0,0,0,0,0,0,0,0,0,0,0,0,0,0,0,0,0,0,0,0,0,0,0,0,0
0,0,0,0,0,0,0,0,0,0,0,0,0,0,0,0,0,0,0,0,0,0,0,0,0,0,0,0,0,0,0,0,0,0,0,0,0,0,0,0,0,0,0
0.0065902,0.002365,0.006235,0.0027531,0.0022837,0.0016247,0.0038031,0.0050333,0.0062344,0.0039822,0.0018382,0.0013099,0.0092347,0.0019217,0.0057975,0.0019407,0.029402,0.0021039,0.011645,0.0020051,0.012721,0.0012796,0.0042976,0.0095993,0.0077224,0.0051626,0.0030698,0.0012753,0.0052339,0.0049232,0.0017584,0.0047424,0.0033441,0.0041497,0.0020679,0.0066287,0.0064245,0.0029203,0.0069185,0.0070533,0.0023826,0.0063712,0.0041807
0.0068887,0.0027969,0.0047056,0.0103,0.0029609,0.002544,0.00064475,0.0076728,0.006743,0.0056878,0.0029247,0.0025471,6.3063e-07,0.0028544,0.0026939,0.0028952,0.012435,0.0019166,2.9653e-05,0.0036001,0.0054599,0.00082581,0.0042025,0.00070023,0.0084017,0.0015148,0.0010833,0.0029988,0.0035985,0.01279,0.0043138,0.010043,0.0057282,0.0026319,0.0058748,0.0051858,0.0097548,0.003857,0.003172,0.0022352,0.0045469,0.005764,0.014635
0.011065,0.0010205,0.0020958,0.00066639,0.0023142,0.00071911,0.00016584,0.014997,0.0011331,0.010635,0.00096245,0.00066333,7.4856e-05,0.00078745,0.0026298,0.0010537,0.0034387,0.0039264,0.00062034,0.00065783,0.0017711,9.4377e-05,0.0012423,0.00062619,0.0033329,0.0018145,0.014014,0.029284,0.02628,0.019991,0.0028343,0.024804,0.0081326,0.0069282,0.0046686,0.0032311,0.0089847,0.0012588,0.00020538,0.000958,0.0016964,0.0020279,0.0018282
0.013606,0.00022063,0.00036367,0.0003619,0.00019671,0.0046315,4.3678e-05,0.00055141,0.0011229,0.00028127,0.0071149,0.00014425,0.0011876,0.0055328,0.00071273,0.0067828,0.0095977,0.00039589,0.0052565,0.0013695,0.0046305,1.3365e-05,0.003655,8.5641e-06,0.0014308,0.0017136,0.037324,0,0.018239,0,0.022049,0.00024211,0.022659,0.04585,0.0047789,0.0084134,0.003587,0.0010663,0.00033293,0.015735,0.0042252,0.0031596,0.00090575
0.0033989,0.00028802,0.0015402,0.0047577,0.00029683,0.00038698,1.4708e-05,0.00019126,0.0077376,0,0.00054958,0.00021254,0.019782,8.5722e-05,0.00035158,0.00019204,0.047098,1.3536e-06,0.021894,0.00018818,0.010161,8.8343e-06,0.0011483,9.8752e-06,0.0031859,0.0056914,0,0,0,0,0.0024816,0,0.00033036,0,0.012624,0.0085785,0.013064,0.003992,0.011795,0.018266,0.0040983,0.026205,0.0025314
0,0.00099309,0.0013883,5.1927e-05,8.6174e-06,0,3.2098e-05,0.00086813,0.00061273,0,0,5.1376e-05,0.029684,2.8158e-06,0.001179,5.7619e-06,0.00814,0,0.016983,0.00016148,0.0042613,0.00016413,0.0034832,8.7283e-05,0.00042709,0.00090775,0,0,0,0,0,0,0,0,0,0,3.193e-05,9.8614e-07,0.0098817,0,0.0049383,0.0029457,0
0,5.6004e-06,9.0196e-05,0,4.3905e-06,0,4.5354e-06,2.1765e-06,1.5846e-05,0,0,0,0,0,0.00030794,0,0,0,0.00022153,0.00027728,2.7104e-05,0.00028071,0.00060959,0.00018196,0,0,0,0,0,0,0,0,0,0,0,0,0,0,0,0,5.196e-05,0,0
0,0,0,0,0,0,0,0,0,0,0,0,0,0,0,0,0,0,0,1.8919e-08,0,2.258e-06,4.6384e-08,1.6409e-05,0,0,0,0,0,0,0,0,0,0,0,0,0,0,0,0,0,0,0
0,0,0,0,0,0,0,0,0,0,0,0,0,0,0,0,0,0,0,0,0,0,0,0,0,0,0,0,0,0,0,0,0,0,0,0,0,0,0,0,0,0,0
0,0,0,0,0,0,0,0,0,0,0,0,0,0,0,0,0,0,0,0,0,0,0,0,0,0,0,0,0,0,0,0,0,0,0,0,0,0,0,0,0,0,0
0.0071999,0.0034386,0.0081635,0.0043259,0.0041109,0.0024863,0.0054691,0.0060047,0.0072156,0.0066592,0.0027378,0.0021508,0.022713,0.0033184,0.009734,0.002256,0.014479,0.0035571,0.010669,0.0036277,0.013884,0.0023674,0.0032476,0.012328,0.0099453,0.0067265,0.0028413,0.0011134,0.005106,0.0050026,0.0026628,0.0041068,0.0044368,0.0057303,0.0026739,0.01,0.008478,0.0037095,0.0090934,0.0091139,0.0033202,0.0062309,0.0043324
0.0081854,0.0039925,0.0063286,0.014049,0.0022753,0.0031405,0.0010688,0.0066422,0.0092695,0.0072676,0.0036944,0.003386,6.9609e-07,0.0038648,0.0034723,0.0043821,0.0017235,0.0025042,0.00018302,0.0046872,0.0066678,0.00075564,0.0055637,0.0032964,0.012415,0.0023448,0.00084173,0.0015863,0.0050628,0.0097946,0.0025712,0.013654,0.0075208,0.0029391,0.0077293,0.0046635,0.0079058,0.005354,0.0032504,0.0023317,0.006987,0.0081722,0.023605
0.014142,0.0020957,0.0030026,0.0033983,0.0040963,0.0017829,0.00045834,0.031,0.0030847,0.0096129,0.0023102,0.0015733,5.5244e-05,0.0019164,0.0040674,0.0018799,0.0029001,0.0016168,0.00082272,0.0015438,0.0022426,0.00070461,0.0032653,0.0022444,0.0043403,0.0021365,0.0058571,0.034824,0.026576,0.039077,0.0068582,0.02421,0.004387,0.0031174,0.0088775,0.0059988,0.012348,0.0032185,8.9594e-05,0.00070522,0.0024386,0.0024608,0.0037372
0.0068727,0.00073236,0.0014116,0.0015763,0.00043076,0.0018446,0.00010687,0.0028041,0.0017879,0.0037493,0.0026443,0.00055197,0.00066719,0.006995,0.0017767,0.0085147,0.0040476,0.010671,0.0019165,0.0012301,0.0014084,5.0013e-05,0.002257,0.00012771,0.0020661,0.0038965,0.056922,0.016038,0.043191,0.0060669,0.0031607,0.016628,0.041689,0.047608,0.0023021,0.0039323,0.0064733,0.0013209,0.00011659,0.0027115,0.0032837,0.0020864,0.0025069
0.012469,0.00015057,0.00024226,0.0030437,0.00028214,0.0082631,2.7409e-05,0.00073058,0.0029923,5.104e-05,0.012309,0.00012817,0.0043451,0.0055528,0.00039673,0.0073587,0.029854,0.00066314,0.011301,0.0026788,0.0044228,8.4492e-06,0.0061915,4.2303e-05,0.0022389,0.0044432,0.0093715,0,0.0099972,0,0.030675,0,0.0044878,0.011813,0.015717,0.019431,0.0078793,0.0027611,0.0005991,0.04196,0.0075896,0.0066045,0.0043266
0.00036829,0.00070486,0.0025285,0.010452,8.3092e-05,0.00043367,1.37e-05,0.00026954,0.0079952,0,0.00053368,0.00027771,0.049551,5.0422e-05,0.00017542,0.00012795,0.051706,8.2758e-08,0.03653,0.00017891,0.0025487,8.9253e-06,0.0010158,1.0005e-05,0.0043487,0.0073532,0,0,0,0,3.2471e-05,0,0.00012806,0,0.0078574,0.0069705,0.015708,0.0036168,0.017288,0.0131,0.0066947,0.036365,0.0034552
0,0.0012208,0.0010276,0.00017217,7.3945e-06,0,1.6914e-05,0.000955,0.0013503,0,0,3.1123e-05,0.031879,1.9223e-06,0.00095284,4.6523e-06,0.0074525,0,0.017299,0.00020001,0.004725,0.0001356,0.0034758,9.4702e-05,0.00016434,0.00085795,0,0,0,0,0,0,0,0,0,0,6.7622e-05,2.0596e-06,0.0096956,0,0.0053522,0.0034117,0
0,4.5545e-05,8.0243e-05,0,4.5528e-06,0,1.7704e-06,0.00012645,0.00011745,0,0,0,6.0168e-06,0,0.0002317,0,0,0,0.00070427,0.00011781,0.00037307,0.00014762,0.00039582,0.00030765,0,5.8353e-07,0,0,0,0,0,0,0,0,0,0,0,0,0,0,0.00037513,0,0
0,0,0,0,0,0,0,0,1.0055e-07,0,0,0,0,0,0,0,0,0,0,3.2986e-07,0,8.4103e-06,6.2314e-07,0.00022867,0,0,0,0,0,0,0,0,0,0,0,0,0,0,0,0,9.1003e-08,0,0
0,0,0,0,0,0,0,0,0,0,0,0,0,0,0,0,0,0,0,0,0,0,0,3.3106e-05,0,0,0,0,0,0,0,0,0,0,0,0,0,0,0,0,0,0,0
0.011765,0.0049386,0.012078,0.0074406,0.0063088,0.0045048,0.0066565,0.0099979,0.014466,0.010084,0.0041235,0.0033413,0.011089,0.0046158,0.017547,0.0037486,0.0050506,0.0047145,0.00047198,0.0053779,0.0205,0.0033915,0.0054531,0.013564,0.014828,0.0090303,0.0030262,0.00080185,0.0060023,0.0073017,0.0038548,0.0051099,0.0058099,0.0075899,0.0041141,0.015929,0.01076,0.0067711,0.016433,0.010747,0.004212,0.0068138,0.0060387
0.0098427,0.0056472,0.0079584,0.0066057,0.0031033,0.0026162,0.0070267,0.0062211,0.0091317,0.0072882,0.0031173,0.0027959,4.8799e-07,0.0041259,0.0045953,0.0056204,0.0020859,0.0026076,0.0006525,0.0038099,0.0087993,0.0005564,0.005012,0.015616,0.01504,0.0072888,0.0012306,0.0012926,0.0063143,0.0093303,0.00074625,0.01548,0.0072628,0.0028689,0.0097952,0.0065263,0.005959,0.0079052,0.0028908,0.0021522,0.0074886,0.0099119,0.01352
0.0085918,0.0051781,0.0069741,0.020447,0.0047681,0.0052697,0.0010881,0.019546,0.0091853,0.0079465,0.0064104,0.005832,1.7776e-05,0.0057126,0.005698,0.0048285,0.0022116,0.0039992,0.00045832,0.0062681,0.0036282,0.002225,0.015461,0.006272,0.0062636,0.0024073,0.003483,0.010232,0.008071,0.02952,0.010135,0.015823,0.0098605,0.0017983,0.010643,0.0086932,0.012355,0.0064854,5.7563e-06,0.00052472,0.0082378,0.0034501,0.041859
0.027337,0.0022183,0.0017276,0.0016156,0.0023773,0.0014911,0.00038601,0.036652,0.0023048,0.0094758,0.002013,0.0013022,0.0022943,0.001599,0.0067505,0.0020051,0.0015571,0.0095746,0.0012191,0.0008483,0.001157,0.00022979,0.0015309,0.0018957,0.00078467,0.0052729,0.013623,0.05872,0.059194,0.045691,0.0060725,0.04201,0.0079816,0.0046069,0.011491,0.0084608,0.016229,0.0021378,3.1516e-05,0.0013674,0.0025703,0.0020052,0.0042867
0.003772,0.00044568,8.9251e-05,0.0026175,0.00079028,0.0029236,0.00012147,0.0036464,0.0021961,0.0028033,0.0044154,0.00056338,0.0013269,0.008618,0.0013634,0.010542,0.0048695,0.017762,0.0068472,0.0018788,0.00037545,3.4862e-05,0.0073802,0.00040756,0.0020216,0.0073925,0.070561,0.010132,0.037041,0.0021737,0.0066621,0.0097037,0.037013,0.056711,0.001958,0.0071215,0.0071568,0.0013675,0.00017258,0.0058613,0.00447,0.0026885,0.0029642
0.0029841,0.0004599,0.0001373,0.0042193,0.00021144,0.005848,2.2821e-05,0.0011625,0.0041315,0.00011943,0.0086747,0.00010333,0.0053832,0.0047735,0.00034426,0.0058808,0.028231,0.0021457,0.028739,0.0031584,0.0010011,9.626e-06,0.010619,1.8677e-05,0.0016627,0.00484,0.017048,0,0.0087647,0,0.018771,0,0.0082764,0.023068,0.014226,0.021947,0.0091996,0.0015509,0.00064547,0.052531,0.010376,0.0074551,0.0061092
0.002174,0.00054636,0.0011352,0.0088077,0.00025573,0.0010416,1.9429e-05,0.0004457,0.0062828,0,0.0015955,0.00015016,0.037436,0.00023029,0.00016835,0.00032541,0.06066,1.2954e-05,0.042033,0.00036187,0.013175,4.7542e-06,0.0010744,3.6024e-08,0.0011883,0.005498,0,0,7.8991e-08,0,0.0035616,0,0.00025451,0,0.015345,0.015222,0.017185,0.001074,0.013579,0.030609,0.0071846,0.033688,0.0059812
7.9509e-05,0.00046918,0.00073175,0.0023732,0.00010399,5.6378e-05,5.9004e-06,0.00056453,0.00058049,0,9.0293e-05,9.2362e-05,0.044586,2.292e-05,0.00028271,7.9853e-05,0.032857,0,0.02203,5.9836e-05,0.00397,9.6904e-06,0.00030738,1.3308e-06,0.00059469,0.0015923,0,0,0,0,0,0,3.5941e-05,0,0.00018299,0.00079014,0.0035379,0.00010509,0.018849,3.7397e-05,0.0024201,0.025361,0.0004702
0,5.1709e-05,2.2518e-05,2.6811e-06,4.3256e-07,0,2.0319e-06,3.3226e-05,1.5385e-05,0,0,1.3027e-05,0.0074086,7.3907e-07,5.3568e-05,1.8519e-06,0.0019698,0,0.002105,4.715e-06,5.2634e-05,1.4457e-05,7.1544e-06,3.5968e-05,0.00034826,0.00011958,0,0,0,0,0,0,0,0,0,0,1.3842e-06,0,0.0040827,0,0.00018604,0.00011455,0
0,4.5897e-06,9.0347e-09,0,0,0,2.5756e-07,0,0,0,0,0,0,0,1.8842e-06,0,0,0,1.1268e-06,0,1.0508e-07,0,0,3.9316e-05,0,2.6921e-07,0,0,0,0,0,0,0,0,0,0,0,0,0,0,5.8189e-06,0,0
0.017242,0.0072598,0.020932,0.011272,0.012164,0.0078298,0.010045,0.013014,0.019567,0.01667,0.007297,0.0061795,0.017507,0.0088657,0.021007,0.0072733,0.0022668,0.0058366,0.00475,0.011318,0.025359,0.0065265,0.0082359,0.015348,0.024645,0.0092304,0.0036427,0.0011047,0.0062696,0.010221,0.0075423,0.0073662,0.010203,0.010724,0.0075493,0.020251,0.014995,0.011164,0.034869,0.015861,0.0082423,0.014815,0.010321
0.0077553,0.0094296,0.013027,0.0042611,0.0062781,0.0028631,0.021709,0.005479,0.0094466,0.0075451,0.0039532,0.0022684,3.5711e-06,0.0054295,0.027058,0.0059611,0.0029328,0.0060511,0.0016495,0.0032264,0.014015,0.0024948,0.0064651,0.047576,0.01905,0.021304,0.0021511,0.0017045,0.0077938,0.01395,0.0012743,0.012359,0.0056273,0.002618,0.0072345,0.020587,0.008233,0.013518,0.0056392,0.0023675,0.0072802,0.00821,0.0036509
0.01065,0.009092,0.014918,0.02172,0.0049521,0.0067791,0.0033705,0.0092307,0.019777,0.011903,0.0076291,0.0079195,9.8018e-05,0.0069451,0.0078818,0.0092863,0.0079321,0.0063636,0.00097071,0.0093803,0.0068709,0.0012957,0.014936,0.023924,0.009185,0.0052335,0.0029111,0.0029519,0.010747,0.013126,0.0031018,0.035252,0.014214,0.0013497,0.013193,0.010654,0.0073575,0.01421,2.0877e-06,0.00035312,0.016599,0.0097063,0.042634
0.01412,0.0073177,0.002384,0.027735,0.0077392,0.0076536,0.0014789,0.015173,0.014546,0.0074129,0.0090336,0.0068494,0.0071488,0.0039334,0.0082613,0.0036652,0.00084883,0.0045137,0.0033417,0.0042379,0.0015577,0.003044,0.035886,0.013291,0.00082154,0.0029115,0.0041042,0.015333,0.012055,0.032808,0.015787,0.020038,0.010788,0.0026149,0.011608,0.018315,0.017829,0.0031547,8.1141e-06,0.00038652,0.0069022,0.0027288,0.029401
0.012501,0.0010007,1.8845e-05,0.0032235,0.0064499,0.001774,0.00059561,0.029577,0.0024541,0.0096501,0.0025,0.0023569,0.00030281,0.0019211,0.010281,0.002056,0.0016903,0.0076441,0.013662,0.00022006,4.4525e-05,0.00064609,0.0066855,0.0020521,0.00031789,0.0058959,0.010101,0.051377,0.035814,0.049857,0.0081328,0.040303,0.0064145,0.0046331,0.017272,0.014645,0.018672,0.0018363,2.8982e-05,0.0017837,0.0019755,0.0010001,0.005303
0.00098498,0.0011369,0.0010136,0.0014402,0.00078673,0.0011054,0.00020098,0.015717,0.0018273,0.0050514,0.0015515,0.00098519,0.00087395,0.0016714,0.0054651,0.0019012,0.0031549,0.010565,0.0042461,0.00064976,0.0010927,8.9223e-05,0.0037134,0.00076178,0.0013154,0.0093427,0.047091,0.027702,0.03457,0.032203,0.0034577,0.036738,0.025529,0.041263,0.0062316,0.007309,0.012893,0.0011679,0.0001079,0.0030916,0.0022435,0.0015112,0.0033286
0.014966,0.0013393,0.00051592,0.00081114,0.0002218,0.0024687,0.00013448,0.0023463,0.00047871,0.0010081,0.0037656,0.00050049,0.0024425,0.00072456,0.0017639,0.00080201,0.01135,0.0020193,0.0076818,0.0016105,0.0049262,5.6454e-05,0.0098269,0,0.0017979,0.0046018,0.049553,0.0050177,0.025186,0.00052871,0.011565,0.0058052,0.026583,0.058288,0.0029927,0.013568,0.012371,0.00042056,0.00034323,0.015874,0.0045124,0.0047051,0.0023886
0.0073039,0.00096553,0.00012302,0.0021482,0.00029713,0.00061436,2.9066e-05,0.00085077,0.00077819,0.00012673,0.0010271,0.00012928,0.0033741,8.6811e-05,0.00095504,0.00014582,0.028535,0.00014655,0.012198,0.00036403,0.010482,7.952e-06,0.0049869,0,7.9909e-05,0.0020214,0.028826,0,0.01078,0,0.010786,1.4262e-05,0.013159,0.019984,0.010125,0.015603,0.0050055,0.00033433,0.00082396,0.029717,0.0023707,0.0089619,0.0040929
6.362e-05,0.00035405,3.824e-05,0.001634,0.00016523,0.00021122,2.427e-05,0.00013352,0.00013799,0,0.00044475,6.94e-05,0.0025767,3.5358e-05,0.00018137,0.00010181,0.013388,3.0621e-05,0.010393,4.4735e-05,0.0019932,0,0.00050598,0,0.00036159,0.00098046,0.00013898,0,0.0010108,0,0.0027166,0,0.00013553,0.0012918,0.0041879,0.0014672,0.0024343,0.0002123,0.0049448,0.004759,0.00048163,0.010359,0.00053478
0,4.4862e-06,0,0.00027782,1.6492e-06,1.5885e-05,2.3108e-07,4.1549e-06,0,0,4.7196e-05,3.4945e-06,0.00017607,3.4808e-06,1.266e-07,1.1336e-05,0.00094233,1.1232e-06,6.422e-05,9.9515e-08,1.5886e-05,0,0,0,3.0773e-05,2.4332e-05,0,0,0,0,0.0001342,0,4.2012e-05,0,0.00011483,0.00014204,0.00010428,5.4562e-05,0.0010174,0.00031257,6.6935e-06,0.00025541,3.3768e-05
0.03068,0.013812,0.035578,0.0203,0.01637,0.011964,0.012031,0.022148,0.022163,0.026533,0.010818,0.010476,0.0086918,0.0088174,0.02212,0.0091923,0.0044326,0.0069473,0.0040776,0.013741,0.03227,0.012298,0.017338,0.019947,0.043548,0.0096317,0.0031275,0.0016489,0.0085871,0.015848,0.019075,0.010826,0.014891,0.021829,0.011597,0.022995,0.019858,0.012956,0.082477,0.025713,0.011418,0.022933,0.018432
0.015431,0.019408,0.049031,0.022304,0.032408,0.022823,0.051286,0.016373,0.025979,0.028066,0.020424,0.016183,0.0020082,0.030591,0.088894,0.025604,0.0040093,0.021717,0.00073657,0.028595,0.036561,0.018233,0.010144,0.040073,0.061465,0.037791,0.0055487,0.004367,0.010285,0.022649,0.0035298,0.015433,0.013691,0.0043867,0.016251,0.032133,0.022686,0.038651,0.027891,0.0081552,0.020539,0.014356,0.014269
0.0077146,0.021132,0.031175,0.0064157,0.014247,0.0065601,0.031241,0.0092616,0.011027,0.011464,0.0092741,0.0062315,0.0024938,0.011324,0.057868,0.010372,0.027723,0.013854,0.0044154,0.0070048,0.013568,0.0080945,0.010938,0.080745,0.01174,0.048446,0.0049971,0.0025844,0.022563,0.024679,0.0030305,0.021826,0.0096478,0.0017342,0.0090663,0.024573,0.010742,0.031343,1.1554e-06,0.00033569,0.014776,0.0098261,0.0052997
0.0060924,0.016399,0.0034592,0.015533,0.012385,0.0082178,0.0091425,0.006893,0.025599,0.012897,0.010298,0.0085573,0.015893,0.0051655,0.0047695,0.0066079,7.9791e-05,0.0068031,0.019074,0.0054753,0.0034835,0.002103,0.011568,0.03697,0.0016337,0.018989,0.0016131,0.003353,0.020132,0.013987,0.0053924,0.032281,0.01295,0.0029633,0.0033047,0.011391,0.0077718,0.025501,2.0658e-06,8.4692e-05,0.017176,0.0076268,0.014992
0.048454,0.0042375,2.3665e-05,0.030396,0.011921,0.0091294,0.002869,0.0034043,0.027781,0.01352,0.0095057,0.0092113,2.781e-05,0.0062205,0.0033385,0.0065796,0.00029793,0.0092454,0.0059549,0.00017505,0.00018704,0.0022139,0.052049,0.025057,0.0013949,0.0020011,0.0025327,0.0049848,0.015397,0.019712,0.0087274,0.033953,0.01478,0.001576,0.0024716,0.015381,0.0054295,0.013483,4.3086e-06,0.00027129,0.0032418,0.00041344,0.016631
0.0087596,0.0025772,0.012516,0.029697,0.010711,0.0098858,0.0021243,0.026098,0.023772,0.012353,0.01144,0.0099234,7.9525e-05,0.0089999,0.013974,0.0081733,0.0010442,0.0072461,0.0015859,0.0077263,0.0003508,0.001749,0.043287,0.0032534,0.0090988,0.0046591,0.0061247,0.011021,0.012479,0.029392,0.01245,0.033011,0.013102,0.0025228,0.013905,0.018148,0.017191,0.0092806,1.1099e-05,0.00039459,0.019038,0.00038348,0.019818
0.00133,0.0019892,0.0021397,0.019676,0.0096033,0.0057163,0.0013018,0.065715,0.019878,0.010801,0.0068363,0.0047715,0.00019302,0.0055103,0.010507,0.0054583,0.0016022,0.0055118,0.001529,0.0066478,0.00055282,0.0012985,0.022987,0,0.0045329,0.0044075,0.0097847,0.03167,0.018155,0.034417,0.0083172,0.029605,0.0098684,0.0080633,0.01096,0.016683,0.040391,0.0090344,2.5423e-05,0.015276,0.016661,0.00072467,0.052053
0.00040375,0.0019867,0.002707,0.0080673,0.010133,0.0023471,0.00065088,0.047693,0.017573,0.0050414,0.0042601,0.0019656,0.00023271,0.0021007,0.0056246,0.0023767,0.0021647,0.0024676,0.019584,0.0047823,0.004074,1.8853e-05,0.0043886,0,1.4596e-05,0.0042119,0.013245,0.04091,0.015238,0.012748,0.0028047,0.017358,0.011825,0.0084423,0.0047054,0.015212,0.019675,0.0045485,0.0013031,0.0035494,0.015009,0.00057793,0.028127
1.7949e-06,0.00067912,0.00010065,0.0028432,0.0020561,0.00091199,0.00014209,0.0068649,0.00051792,0.0014077,0.0013589,0.00016094,0.0075949,0.00068985,0.00026219,0.00085235,0.013061,0.0016386,0.017311,0.0007157,0.014899,0,0.0003032,0,8.9136e-06,0.0013228,0.0063073,0.015014,0.0049051,0.0040702,0.00087375,0.012569,0.0068452,0.014842,0.00023152,0.012657,0.00073078,0.0014556,0.0033737,0.0017636,0.0012775,0.01771,0.0037705
0,0,0,8.9319e-06,4.1502e-07,5.4717e-07,0,2.4828e-05,0,3.4342e-05,1.8554e-06,1.467e-08,0.00031906,3.9817e-08,0,9.8428e-08,1.3056e-05,7.8317e-05,0,0,3.6636e-05,0,0,0,0,1.4678e-06,0,0.00022328,0.00041322,0,0.00030868,0.00076612,0.00059704,0.00014001,0,0.00026725,1.7441e-06,1.2075e-06,0,4.3478e-05,7.6835e-07,0.0010837,0.00023807
0.062779,0.10381,0.0611,0.041291,0.045289,0.053885,0.031461,0.042567,0.045999,0.046866,0.05168,0.055645,0.022277,0.07796,0.058986,0.075079,0.012853,0.049836,0.0091325,0.08746,0.043681,0.067247,0.0875,0.035902,0.10051,0.052937,0.030717,0.045134,0.026902,0.045918,0.056424,0.028864,0.034767,0.066623,0.11033,0.026894,0.031161,0.059376,0.10323,0.070236,0.074303,0.05287,0.043172
0.088276,0.2424,0.17932,0.10091,0.10744,0.13271,0.096503,0.073281,0.075821,0.099834,0.12239,0.13774,0.0052776,0.15175,0.13447,0.15182,0.023529,0.11208,0.0031178,0.18766,0.07763,0.18366,0.097977,0.052482,0.18492,0.11787,0.083477,0.10019,0.04959,0.059209,0.10841,0.060647,0.068561,0.073649,0.19141,0.021689,0.05541,0.13267,0.10111,0.056119,0.17168,0.07298,0.073848
0.062203,0.26142,0.20308,0.097745,0.13868,0.1561,0.17308,0.053992,0.063292,0.11574,0.15057,0.13894,0.062918,0.10966,0.16306,0.10829,0.083735,0.10415,0.0031913,0.17558,0.05975,0.22855,0.078939,0.10461,0.13633,0.12817,0.092934,0.087982,0.059848,0.049576,0.11236,0.051149,0.078774,0.041425,0.10345,0.046542,0.052566,0.085121,0.014608,0.014339,0.17286,0.057511,0.056337
0.014787,0.15432,0.01874,0.067395,0.11791,0.11919,0.16118,0.024626,0.032661,0.093076,0.1212,0.12543,0.097778,0.028821,0.02408,0.029718,0.01896,0.084776,0.10791,0.055333,0.013108,0.18765,0.057925,0.10241,0.038912,0.07641,0.056364,0.085102,0.04769,0.047417,0.11007,0.02312,0.06099,0.030034,0.0050833,0.049001,0.037708,0.018584,0.00090862,0.0045488,0.084465,0.030132,0.029594
0.29057,0.017832,0.0058137,0.054221,0.10128,0.079658,0.11666,0.0062898,0.0070369,0.094845,0.07936,0.11326,0.0026183,0.05929,0.00034775,0.061009,0.011373,0.069,0.029738,0.00023223,3.4188e-06,0.12462,0.10745,0.099875,0.035359,0.01265,0.040467,0.086717,0.067353,0.04278,0.10388,0.020028,0.054324,0.015837,0.0012219,0.003642,0.010916,0.053488,0.00056881,0.002913,0.0082191,0.0017832,0.0097509
0.058502,0.012058,0.098735,0.050221,0.083433,0.1001,0.11928,0.0068524,0.0094303,0.10061,0.098231,0.14391,0.00071489,0.13475,0.07703,0.13203,0.005809,0.096624,0.0019189,0.084425,1.6713e-05,0.090064,0.081275,0.11672,0.12355,0.08736,0.076948,0.064024,0.072548,0.039763,0.10568,0.024111,0.051601,0.0083645,0.064268,0.0037401,0.0038504,0.1069,0.00033339,0.010013,0.046905,0.00084012,0.010545
0.00012202,0.012851,0.054238,0.064422,0.089271,0.087919,0.066661,0.0084027,0.049363,0.077536,0.078815,0.097396,9.3306e-05,0.14991,0.065311,0.14673,0.001866,0.13783,0.00054098,0.10265,4.7298e-05,0.035895,0.062655,0.090884,0.037276,0.088642,0.038722,0.048253,0.013781,0.056174,0.064412,0.13087,0.052525,0.17933,0.099851,0.0055617,0.099354,0.15326,0.00014854,0.26539,0.055656,0.00026949,0.031553
0.0002487,0.016783,0.085739,0.085756,0.088739,0.079195,0.046811,0.063591,0.31974,0.05542,0.075568,0.052734,0.030014,0.090845,0.086008,0.090773,0.1007,0.10672,0.14793,0.12605,0.15596,0.00095874,0.025979,1.6167e-07,5.9788e-07,0.10741,0.026217,0.026674,0.025147,0.077822,0.023011,0.054256,0.04994,0.055647,0.083594,0.022417,0.20894,0.08966,0.2593,0.10699,0.063897,5.7591e-05,0.055228
0.00014737,0.0022671,0.00036892,0.076712,0.011359,0.01602,0.0033959,0.22585,0.0082798,0.023,0.014875,0.0024621,0.30047,0.010192,0.0022706,0.011262,0.13104,0.04139,0.14835,0.012508,0.28052,0,0,9.3062e-11,1.3027e-07,0.024206,0.0022984,0.0076127,0.012833,0.0069694,0.0029828,0.0017844,0.094373,0.0015006,0.00015018,0.30973,0.0089707,0.028042,0.1668,0.056663,0.013709,0.36064,0.23013
1.4173e-06,0,0,8.9953e-08,0,5.0471e-09,0,2.3439e-07,0,0.0011312,2.69e-08,2.7892e-11,0,5.5757e-12,0,8.5685e-11,0,0.00043299,0,0,0,0,0,0,0,7.6407e-12,1.6341e-05,7.9867e-05,0.012117,0,3.3898e-06,9.7742e-06,0.0022501,0,6.0706e-08,0.0069479,2.511e-08,7.1321e-09,5.0761e-09,0.00066915,0,0.0081707,0.0044256
